0.756053825436001,3.62884601798056,2.36949203635886,-0.372234074038042,-1.12189432164344,2.16530292979091,0.191162550761883,0.38624326239437,-2.84091060552306,-0.717036479845286,0.959698068863083,2.51592628611149
1.595013473675,-1.81300513308911,3.99486941295465,0.254006895206884,-0.163158159155808,-1.89764094187317,-0.737305521688633,1.29703052856328,-1.07546228027193,-0.484365498209904,0.623489131422709,-1.44443563855247
3.55800993494181,-3.60746189643313,5.89335397036713,0.783211253438279,-0.294321680635715,-1.11804086555184,-0.262620477867062,0.780540051055168,-2.65790589360861,-0.429701666506933,-0.210464421986251,-3.51385353699932
0.106742799525011,-3.41848136899999,7.14781741291049,-0.938793491909571,1.0518959288116,-1.95637365729528,-0.10180580591207,0.399192206559673,-2.22990111901541,-1.53077370559373,-1.2090658069921,-1.39801814235079
-2.34240012106526,2.86516386431586,-5.34309112879234,0.625077300410939,0.367753336689935,1.41028808555741,0.633951370868267,-0.4168888975744,2.63520241619365,-0.036726923200788,-0.896271185329827,1.84024930282394
-1.86701793332948,5.17055851977661,3.68184282490719,-0.865984182671647,-1.61271443816113,-3.04968473875363,0.16467489728325,-0.0660579305880812,-0.0336517297761882,0.414899638053809,-1.12384979895292,-1.23276180357409
0.635446426995991,0.678984681957766,-2.47009459702667,0.1687987628393,-0.335595594970485,1.25611789132156,1.30642212516649,0.165853865878272,0.74476551983089,0.186877491604485,0.439244531607815,0.136660364379106
2.30851436224572,-2.30481828921537,0.788285114621325,-0.54359239030095,-0.302723099734919,0.0777754424107728,-0.670666544524086,1.27212227889423,-2.26023835559161,-0.308817190484682,-0.0811152748002677,-1.19108360404095
2.62774908642392,-0.931619930718833,3.05946744286564,0.0658096368832139,-0.360778565909866,-2.65981536013482,0.0283552273321221,0.344109135328395,1.28495860460273,0.204263867053021,-0.0204575266967509,-0.259354984687896
0.969193209503354,2.56309768107036,-6.16379170423498,-0.0890714079883439,-1.23914769647014,3.26546499443339,-0.0212443628258124,0.403870845667286,1.75241872011779,-0.0229767638345004,0.114068166332956,1.42239942487355
0.0337399237342997,-1.17753927152551,-7.61637051176571,-1.09408729440307,0.286064158646447,4.22336894390048,0.952410915087098,-0.135810635868697,0.953227352594414,0.498696728758417,0.116828559371535,2.39975058860045
1.65304205838627,1.17901706802524,-5.52029194855587,0.101643523654779,-0.0505147857084524,0.100444320215838,0.010733913703,0.0996813595407026,1.89015354636013,-0.0366324251849078,-0.188912259322314,2.70142748998953
-0.573774077535644,1.79227588649109,3.31835538638767,-0.153468767613585,-0.14058962349949,-0.0917679936256921,-0.143049750877707,-0.52359409333598,-2.56652836563464,-0.0904417846154156,0.0140130930658065,-1.63432945836399
0.818193926463084,2.14020406487956,4.2440184299295,-0.403391991537408,-0.229482218075529,1.01066131434329,0.269403826673355,0.183106817608773,-2.20593100674159,0.222057075443551,-1.53845273454855,-3.48421233894231
0.434144437604459,5.20261083212147,9.10955152369973,0.0237015455975534,0.36355761214624,-1.99979905208861,-0.293991842959811,0.846291959263245,-3.54294824135777,-0.270750741172701,0.08830810698791,-2.44416551955488
-1.6121687140982,2.43400333608149,1.60198330361531,0.320697264102478,0.0208534562404791,1.72364165002517,-0.223728258842336,0.0478473123319461,-0.6690257619265,0.717677247588551,0.419769462941861,-2.9567874156455
2.28346043094165,-0.179220661223872,2.48334078764403,-1.37393129163624,0.948738977026637,-1.5428407599075,-0.0205741344196471,0.242150082701308,-0.0293476280974114,0.223731413663401,1.29263557854382,-1.317800258188
-1.20365504787666,-1.78338542975845,-4.1631344204736,-0.0450115720763366,0.0725201176300237,-0.0302748324524347,-0.876062970735713,-0.496232985461732,1.87827389427753,0.608716744796953,2.44006833500742,2.45275326515271
-0.215388436558733,-0.227118688464821,8.12912249526012,-0.944269649800022,0.453467302359658,-3.85646163102122,0.105404213563419,0.254159674271728,-3.33081721500739,0.0463770710028461,-0.220389484463371,-0.114753185359678
-3.11799577314039,1.3125833355822,-4.68866973535178,0.131327333682394,0.0697967959298649,0.148601271438479,0.123750134798863,0.274984896299025,1.99551674333324,0.218484604469124,-0.518861584761736,2.66748354211191
-0.279794732552902,1.3984047773696,-3.88166536771255,-0.09566931328031,-0.125720277875035,0.353688376457059,-0.0590904921293612,0.195355395790186,1.68622236258955,0.507960307944148,0.73306090062227,1.65965148814552
-0.807552642980708,1.72129111713923,-3.14300009075941,-0.203052441340019,-0.0907016075635983,-0.333540409462098,0.390267529559816,-0.589950016922415,0.174171893270849,-0.456960768483204,-0.436600358090082,2.77879632865811
1.51309033318298,-4.39848547864633,-5.5279140811556,0.291086196571291,0.110454202415864,-0.763698463147966,-0.54666896498158,-0.0299568493361108,1.86893689327361,-0.108435203206976,-0.149070865609226,3.83277798120287
2.6038651949348,-0.686586880630085,5.57939649513272,-1.22811863015741,0.370480396009082,-3.11741464475464,0.147334302810313,-0.115481220873217,-0.639032982734097,0.531265837146116,0.357576183205628,-3.61662264226039
5.5181545409532,-7.5102352228597,1.81005198768925,-0.0321668240643546,0.617564314300831,-1.02352711348833,-0.254913232837239,0.0593469573812638,0.346547936927461,0.0593828720107013,0.348901441131287,-2.56037209728804
3.16250846969169,-1.69163715035093,6.7638043813669,-0.0322204328558021,-0.828446170039105,-3.26806220322576,0.493515013385496,0.0288206463278311,-0.161471332961033,-0.339315794390004,0.861494091172667,-3.75456183975683
0.832419091535447,0.789551276488844,5.73100960963673,0.217352219393968,-1.21204972827919,-3.67595448826472,-0.0702732998134371,-0.477667826197778,-0.102054454962537,0.705304257126509,0.780480374060914,-0.803127479862781
-5.32277123516165,3.1716741852038,-1.75828938850286,-0.278394920139642,-0.0840093719158217,2.12988180756215,-0.358955957754537,0.10025380038794,-1.02092119090778,1.717204520256,0.653938045125555,2.49769381697524
0.642570299758252,0.570585955927673,-2.74036548769167,-1.43665643181293,-0.263056042983426,2.03588529998966,0.0345123092763782,-0.0122760187136622,-0.100034337317461,0.163094472125614,-0.142999439594967,2.77084175367363
0.185429502191781,2.60796931690743,9.50804795236408,-0.824805276505276,0.0634427224027556,-2.60799348478035,0.046515416731908,0.0158393805312738,-0.868730635210783,0.140974174758355,-0.00191875617339815,-3.68496355764995
0.73542384760326,-1.2164470457014,-6.63653835602187,-0.0351393235491696,-0.682691099732149,3.98965932557984,0.389989115892252,-0.0724378328006027,0.815555152126184,-0.984214905692634,0.0865029283904439,1.75926137948323
-0.0524340442046183,1.56863847916901,-1.81173029395054,0.274811333801695,-0.29219325082332,2.74678402895875,-1.09203564417551,0.404381663703166,3.42131936354126,-0.301257382683188,-0.0666557499314521,-3.24092261340737
-1.09673810362755,-1.48987369904151,4.89721250694996,-0.260797552676918,0.0852432335596275,-2.60690940166671,0.3213608913002,0.296352342914023,-2.50814872091052,-0.283003003161272,0.0126244627858021,-0.912496853607645
-0.0272896150492379,2.02425163281371,-3.88373667250214,0.286310019359921,0.205497946940431,-0.964621397949097,-0.0548246414054591,0.0246400185243119,1.7986854044854,1.15184648426263,-1.03569359228963,2.51523290203035
0.890083102447273,0.302740730318266,-6.03427660536646,0.290905087280918,-0.128841935781672,0.853248499193701,-0.590286583649916,-0.560788895971553,2.03351288134112,-0.469112083862986,0.00129108631870913,3.55655875851867
-0.28619601039709,-1.79844559281761,1.40096135218242,-0.309812079980849,0.0634950931364289,-2.45626899549788,-0.109566977191377,0.19323279702805,-0.846366060363007,0.496343350787054,0.333610567334299,-2.6020735195558
0.83445364343555,2.38197527088987,2.64268512814378,0.635955061191692,-0.188630667226852,-2.48627895651771,0.0498489251889986,-0.147948740113636,1.43954401394212,-0.23825354986231,0.225846789032517,-1.91689006670083
-0.106662217993881,-1.78101483268562,-9.06902938525424,-1.2039361415593,-0.438962103850313,2.90641949195556,-0.347891909043242,-0.151086577557992,2.31530036967401,-0.0972817848866463,-0.204910039700389,1.18891850179878
1.34793835842247,-2.83760588528503,2.91108560663989,-0.265614513654157,-0.0112514538807511,0.996818395327136,0.00607023400517479,-0.196915540686479,-2.01788946593568,-0.443046289521415,0.488641505052171,-1.59232668875082
4.75750997314831,0.81467240803908,4.28452045666675,-0.046987361961896,-0.21305331014079,-1.80720018477724,-0.654643386060941,0.235284044328663,-0.582526837349912,-1.26002265961938,-0.159184210753308,-1.18785932801799
4.56086618983284,-1.00844223177386,-5.36528248841728,-0.0698662069308402,-0.0928826603008999,-0.809394907541821,-1.93645455750066,0.29598847403883,2.9398681004038,0.406391344554698,-0.163039695048402,3.03398698337787
0.725415712631271,-0.0732476625960374,-4.2822820320128,0.168381570885711,0.304373453062563,1.84101435920617,-0.1211285298926,0.0905639002662887,3.11726631694092,0.182023469162447,0.528612573870345,-0.0732586805965784
-1.48670871809789,0.194234128843544,3.03068789494613,0.376055116737238,0.200204973225506,-1.91986842711097,0.0328569146609486,0.501134483045522,-2.42406173943443,-0.338221116010217,-0.610878465582529,1.2625506523494
0.836478459351167,2.51926745708912,2.74237861589236,0.174791153719112,-0.537329657532232,-0.806633182506381,-0.497189052960738,-1.79705528468175,-0.491539387707906,-0.341286370776037,-0.248480898673945,-0.271892116979304
0.127537118045742,3.27361415190639,-5.15848052160578,0.119429729427551,0.0583510230714235,1.96081892743558,-0.0878631353378594,-0.592739151133313,2.32665755738717,-0.377104144439179,-1.07959132672584,0.659838219013736
1.00962959650536,-1.15429013919086,4.17815466318912,-0.0443981958020423,0.18286771168407,-3.32751996710564,0.41242344437445,0.246941108929676,-1.76660260304146,-0.602685570497328,-0.0318175637332557,-0.726682452944583
1.10377452290687,-0.459639080400702,-4.09162826022237,-0.450659796613738,-0.756120105708742,4.25848928691214,1.16542541034029,0.0784806336994005,-1.93733051802016,-1.54906764961887,-0.0566626539957312,1.9000968509153
2.53958517221929,0.101609630521525,4.81736460245684,0.0706277718026996,0.215981836637507,-1.26434955287549,-1.65851531875657,0.94589885317981,-1.83458444812814,-0.243384133364675,0.300316933473178,-3.70575106633635
-0.413020802017522,3.0250210492941,-6.2801550943442,1.1189201372857,0.135098034484368,1.78544614589393,-0.0204636832221894,-0.599835213815556,2.87437036003844,-0.0932871773273308,-0.368121601203746,1.74108049673615
1.02045049625908,-0.456109605836823,-3.45531059261722,0.585802654870852,0.341517306596127,0.580565719913534,0.334648686462734,0.667863809476085,0.00115321971480547,-2.04374909291576,-0.554038991387091,1.68208929209766
-2.60265759475406,-0.20769921361044,-1.4496218669632,0.0172555538399448,0.435122236958312,-1.44906054272102,0.576291346951029,1.42947602181603,0.783031473802509,0.652648466483896,-1.45731152949181,2.03751883340928
-1.91812122435565,1.85069857950893,-2.94314312606295,0.283600111594034,0.140444060367495,2.08897551183335,-0.880530077354034,-1.29990200426315,0.300876754916894,0.0548390820723941,-0.0576269885610289,-1.59947095846706
0.545953955577453,2.31168893307631,-5.96334334567263,-0.395580220487606,0.0175721601205892,1.76756296250528,0.226161787937741,-0.063644919750206,2.3123140177222,-0.313124311459102,-0.253197375728564,2.13195146126379
-1.66020851443167,-3.2909646736738,-6.10594093713667,-0.384387256444229,0.435123477153554,-0.727949108012423,-0.562308150118871,0.167323588995867,3.25544972072679,0.30273969126311,0.189505228445153,3.14197992186774
0.946277397896683,-0.931800073949212,6.54862247583909,-0.649605017561133,0.462993249809661,-2.43990573919295,0.184695742008393,-0.231860458993795,-1.55445686716421,1.34042946247687,0.00409256473991859,-3.77136780872121
0.719271502476448,-0.418036502599027,-5.57380329947984,-0.74357503658111,-0.0167719110999275,3.54483974966225,0.711647584372271,1.23302188021759,1.33690970762119,-0.105931971830268,0.307460133611941,0.129580186638996
-0.96800691495794,-0.789955365608994,-2.52503102345767,0.229473193759473,0.323078808098501,1.75078999441836,0.706338949063436,-0.393284616455594,1.64955839726684,0.0865796181895431,1.60975638897696,1.94154285505405
0.23301154323108,1.68799555235115,-3.79939238755395,0.311037402511871,-1.11538498864538,0.747593195641598,0.177084921387864,0.371820495794054,0.0975904484804767,-0.0214335770766903,-0.0609052207285584,0.710996120655564
-0.840098870747019,-1.64071058761334,6.77660315133356,-0.0547299907933587,-0.0716662234862512,-3.13672820557218,0.0391178835840662,-0.0336053885898959,-0.529466710880439,0.377537253110775,0.743837617481808,-3.06984854307761
-0.448946966088279,0.331065883615439,7.44623830340226,0.111306427403048,-0.178929882305946,0.691155140684756,0.098677267408476,0.0184516040243138,-2.68953769802972,0.142983762287581,-0.0985107281700279,-3.52791872425617
0.681679121586148,-1.02371793771241,-2.77041431633519,-0.136382366491725,-0.567673667188663,2.37759977878386,0.362566536473234,-0.357074771859542,-1.26241254500126,-0.442453103312436,0.851978187622211,2.08655400045071
2.68793568867607,-2.59865681517281,-1.05567762135868,-0.636605697531933,0.745911342294225,0.890453027432771,-0.965872401684878,0.173591489960879,-0.0507186090172685,0.531426264533292,0.0788037653648333,-0.390125740303693
-1.3671443627522,2.14578618978147,-1.15597809675226,-0.41962827976441,-1.66387938688403,0.826575176847116,-0.151073423302544,-0.198628925666375,1.78717035711286,0.162455592136551,0.252350356779851,1.37671073139026
-0.991939731402779,-1.85982250340034,-2.19218631283455,0.209394699538742,0.0704030288962436,0.796258035477664,0.299011022754133,-0.111947885359707,-0.653713062392456,0.321323969254953,0.190500827360681,1.66042147924358
4.48369019294061,2.65817329900541,-1.78108963780217,-0.795006919075035,1.02811110534385,1.96577720310354,-0.306457741074598,-0.00388380628617384,2.01883336206887,-0.176507474989034,-0.200031675849784,-2.07851569572996
-2.33634988558829,-0.870531011086139,6.30572773849573,0.179160600531068,-0.140915557566658,-3.6416474547953,1.11883954645447,0.191768298401387,-3.3054285052617,0.250803983039365,-0.257303026446741,-0.250034252416135
-1.12882754195519,1.60689738462696,1.25276755348519,0.300989419558577,0.0332785928986159,2.47712480771939,0.13256554164961,-0.0640405843244922,-1.73875613178731,-0.504328404562374,-0.0724648972480981,-2.05280151031046
1.17851407367136,1.26215684337962,-5.98659618473827,0.0671895243044861,-0.0321849389829732,0.645926026262773,0.312235616494584,-0.406223903751896,1.70167114931017,-1.00631781232242,-1.43203189233845,1.85145200891785
2.63933416255832,0.23652412466066,0.881032757273339,-0.377840518673048,-0.619528453275205,-1.71202820430125,0.126044560564424,-0.182084351069807,-1.20162983331625,-0.266690916621809,0.209644097582182,1.39953904514161
1.17570187820239,0.547274864904446,-8.59330638734228,0.000347505331706168,0.507439473213164,2.33259717799998,-0.482752101188365,0.389568492256541,1.32062749639345,-1.21359017609083,0.218125951168234,3.75272141729278
0.105903339511946,2.35153570388388,-2.33844890019285,-0.16140353714649,0.20789329520439,2.30182444479653,0.203085120454282,-0.141514555042151,-0.325579005704875,0.39621392194203,0.295469270808014,1.60026876779727
-1.69770341309096,-1.76831480037853,-1.00719708356681,0.129717398129627,0.393366279141555,-1.66401650771072,0.474325586573385,-0.803451831131008,-0.285354863925266,-0.0925646111200034,0.0164007525963805,0.88221757867712
-4.77097048983666,3.87036441263522,-7.08231238087439,-0.157604249941805,0.848799547060628,2.71242094976385,-0.023649870372417,0.249494875862396,-0.820627136060494,0.439545084670879,-1.32093966711035,3.04869201003617
1.64611358601426,0.764706401361346,3.74652246538175,-0.380425737538105,-0.187784538541942,-2.74819528992383,-0.0919534446781101,0.0935807166410255,0.337446048077267,0.200949451521959,0.801276179932692,-2.18735244880986
3.48334543987664,1.8498170904063,7.53097604976534,0.121756602367923,0.637904985040818,0.269926456670133,0.617001485921215,-0.241085971426472,-2.67200147198774,-1.2450458491754,0.784731040177895,-2.89532438342052
1.28867625679077,1.49370775304183,-2.8018690769359,-0.224524692890781,0.194883267321899,-1.10621933474035,0.20692880784657,0.85861551129155,1.95482075487975,-0.846105919271913,-2.48072026888684,2.11819403741328
1.00614558081179,-1.43572689289096,-2.20325714370134,-0.341773451768796,0.186420806037251,2.10411244469542,-0.733659453746873,0.598251899732584,1.41052098481235,-0.122110952538502,-0.0689993628349168,0.141352374040632
-4.43809345961447,1.04007865472753,6.55318480562712,0.826510574852064,1.03666020930969,-2.05409281676313,0.237123983648693,-0.114492973132945,-2.21120285839483,0.140081237226214,0.0814709666430392,-3.39546825124476
1.60829757409304,-2.77141896236806,-5.27293109853951,-0.78463066999245,0.140118032078158,3.21459924831457,-0.289669102982686,-0.457008321824652,-0.437480673376352,-0.18978446768659,2.24544869572216,1.02643172953234
-0.209457719078848,0.642671316544533,2.5146596395373,1.45214841056626,0.383084233367246,-1.1879873929868,-0.192309983415313,-0.844214984301691,-1.29588172083191,-1.11983445007028,0.178438822093785,-0.577913004448972
-1.33102094939016,-2.68586887521724,-1.26769991146707,-0.28782402174639,1.31543266204554,0.489055709125374,0.135696031856294,0.399307140574924,0.421139493045491,-0.164480871435924,0.195272895989843,0.520083931266017
-1.8859606164966,-0.106627656907029,-6.34778189927859,-0.770636605520436,1.35481816422895,2.5176700462859,0.6130575994084,-0.342769370054544,2.5670147559705,0.031675730272539,-0.127415886009256,0.730270834760309
-0.157300563178319,-0.784836790503832,4.43891997977608,-0.602589592249446,-0.285045202151271,-2.01303658201156,0.240500639740196,-0.0281532435624831,-1.59239305819351,0.367925271179295,-0.135969290413298,-0.0134788152876591
-1.36447491751051,-1.5991694827757,3.45338827743437,-0.182825717679167,-0.0395028891776727,-1.72356962820302,-0.456776516675388,0.209167700090638,0.686684973170433,0.0800608082731735,-0.210783711115711,-3.01538775185186
1.34411880981706,-1.51955459675388,-7.21451016073193,-0.964339438630271,0.193076692531895,2.76878653879962,-0.0594436289708316,0.120655650956514,1.63199160738264,0.923883555132717,-1.3211381248678,3.58046584413472
-3.81937532237426,2.26032638969684,-3.11014597300351,-0.00848614619152029,0.0772653149251466,2.10932436332739,-0.220449934954308,-0.118092626832654,-0.718934699723095,1.60938129020363,-1.35594790100544,3.12896913959421
3.84431311342621,-0.662309328900141,2.92617483350528,-0.681523331164644,0.550649207323591,-2.39351978403492,0.0274871823387897,0.00568287855684048,-0.415335995676899,-0.548335397160783,-0.749520065214811,-0.0337959899513707
-0.599612436364617,-0.609328048077297,-3.13879660996949,-0.222446295823018,0.199623794643737,-0.0943728028865217,0.331258417615877,0.752724557863792,0.97852716775351,0.728712635289266,-0.235185821496348,2.47139336051476
-2.27109705751122,-1.0908080169849,8.31901209501364,0.14916490737418,0.630102847588594,-2.31849573011374,0.0754849003852335,0.0707835249966575,-0.972927208999482,-0.0563521971175631,0.36997460657621,-3.54403338636447
-1.20679683265185,-1.20058108239398,-9.11440609833283,1.32882841462974,-0.566196321315129,3.46982146928255,-0.734234294593879,0.189705842304401,0.983900425931867,-0.383006870755408,-0.16646830026089,2.71610838157617
-0.445955546412313,-1.8720630292246,2.11603545893205,0.554716332334065,0.736647880428225,-1.98991170908542,-0.425377232440386,0.445997695349452,0.993107292378112,-0.728431163812083,-0.454927198833011,-3.91022350414373
0.836939514096512,-0.999279407781687,5.39065913860211,0.282775653824356,-0.0941407322145137,-3.66656857796413,0.0896450002125145,-0.103262840372166,-0.796341981991285,-0.129267373120765,-0.321129048901791,-2.41625447358249
1.35985730563233,1.83797653317756,2.76053668478996,-0.384951720562988,-0.181367934137827,0.204810778827205,-0.182082358079328,0.211668862797136,-2.33889805501494,-0.960504139561452,-1.71204463520156,-1.23460236831982
0.548683205081926,3.18709894003828,-6.38844618959937,-0.774712380208183,0.696537628319489,3.41901295177451,0.0609452555683741,-0.203701234737172,-0.02875216319692,0.599170150518137,-0.445082693300856,2.13029493057191
-2.94008893943942,1.27758287578117,2.9956670547955,1.21754289444602,0.220602385251261,-2.45704503690087,-0.192282814417313,0.0294997000481966,2.3697500220044,-0.0309667352214496,0.111964074981513,-2.51274606626714
3.08775937401555,-0.834584339929432,-2.66640233607094,-0.742215239799628,-0.234748938585782,-0.124611126869542,-0.28524198114207,-0.686611648225984,2.47397204556986,0.24502579060262,0.275706921589252,2.41380472521051
0.349775247525578,-0.278343824624162,-7.47045182775536,0.443518459586209,0.0768192825623218,1.21480705922781,0.127845845521186,0.390982873789444,2.99172286133171,0.278407919925274,-0.149486316876356,-0.399413942734145
-1.23431082595922,1.27550109575695,2.74919972399133,0.101786912953979,0.549759366303802,-1.06020676711769,0.253461983803871,0.0623095107344168,-0.47412846708729,-0.153850010353064,-0.0844080067016054,-2.31674288182693
-2.81147195388935,0.469282277528039,1.97523693141484,-0.222890243309315,-0.575604667197116,-0.584805883518133,-0.0141419400660645,-0.0782234879706596,1.10507854375434,1.19184182664643,-0.0317200496299843,-1.02199993299222
-3.59860187887575,-2.88003950821642,-5.24990350986115,-0.186543419925688,0.115582817668462,-0.303510260128477,-0.232597870231641,-0.00228373478499987,2.0075327551806,1.18996656436146,1.11645132563971,3.02021060116238
0.928119689375755,-2.02114029875609,-1.82732347455792,0.208730638530586,0.314334571813841,-1.93460412980804,0.342450685529822,0.967747965553994,1.91151319054264,-0.263109729591949,0.304671803616163,3.18755204180511
-0.147114214275347,2.47876615427815,-2.77473304359609,-0.27222073723798,-1.13347818370377,-0.0187485140235303,0.354833493142956,-0.0475725788898654,0.611408078785872,-0.250531307053124,0.287555872645835,1.88965316363065
-2.57715955871556,-0.462945201116107,-8.53194887959704,0.206458816190589,-0.40967347596841,0.491966732832478,0.306266411417216,-0.15097638394396,3.82935249728459,1.27606366001734,1.34705306724254,2.68005730957813
0.0265588820718765,-1.33623273471152,-6.1293801256872,-0.435179528884502,0.179839149904122,2.45386888257132,-0.312300971474995,0.460722123697095,1.78196398611622,0.726531815741477,0.0664282140121912,1.9850785764516
-2.19602990645158,-0.73526193674352,-3.97349151908911,0.399372754179171,-0.0483345599338435,2.16398827667215,0.0487019245039039,-0.0166023401863418,-0.920045164093149,0.556341198758002,0.411227197593,3.49416484043414
1.72843939402384,0.823089924947119,5.15399186065694,-1.17856010299091,0.518037020052748,-1.59679071558657,-0.667704273888054,-0.0338456719188186,-2.37087242974996,0.0329598072024256,-0.0997914773821074,-1.17209472449395
-1.61044522871238,-2.45297739363766,-3.32898018712865,0.134778305443429,-0.249066797716235,-1.06670062995473,0.435796504003069,-0.603592679283755,3.17680182048744,-0.239324441723464,0.982880990039872,0.346961031681585
-3.22800698352081,0.740531338078993,7.41781451198883,0.929312134514286,0.237610536201109,-3.98884778224367,0.722479876430042,-0.0300526261085702,-0.599277323791241,1.71687628869732,0.15308344142723,-2.20386274662137
0.334751909674083,2.4697784239846,-9.60323643417188,0.207821231137799,-0.191728571255975,-0.598604296263692,0.573596477401428,0.697175659103614,3.78726363288554,0.114850624729884,-0.755559053849401,2.63616771862858
0.485344367678716,-1.61100435207661,-8.5433381156134,0.0471051454921867,0.194339014132968,0.476159482755303,0.861149086769844,0.680609365292672,3.85947846531471,-1.51331009920483,-0.278700580882964,2.1488963052825
-3.32912851262341,-2.93317232727267,0.284425718540114,0.603531553122696,0.41845100866152,-2.69699900673212,0.694943851429425,-0.335026181828846,-1.31462764693443,0.666975717910882,1.01652272020903,2.61093269199457
2.87447890008045,0.432894620780255,7.24943796100324,0.00584233544012998,-0.841978466577108,-1.705781755347,-0.473051558563176,0.567049671698194,-1.37529207456666,-0.951453345236059,-0.628663540037206,-3.46930658802951
0.633837735264716,0.706679758423148,6.32400649220114,-0.879128873012003,0.794784108337641,-3.7742178733274,-0.279262803511637,-0.383790036274124,-0.983612050887788,-0.109166862254387,0.239107919481774,-1.59416405413615
-0.440560270307553,-1.44718889893506,0.494423166240731,-1.20163465816106,0.189586420349105,-2.53970252073554,0.116657189980298,0.0294259843027707,2.528795490389,0.947912944105721,1.26022058781631,-1.99110745714222
2.91165364877571,1.74781918186857,-1.78109390493103,0.0467315415789016,-0.0732649477749794,0.647964278720814,-0.552618388388597,-0.0616703890932334,0.624943578635136,-0.708476521987846,-0.256035865905466,1.74664543904216
3.77807764105289,0.935051559084739,1.04005171298728,0.622421853719696,-0.762240857634782,-2.01977942439447,0.327949495977583,0.361061866252466,-1.25218935932991,-0.000450194814613105,-0.133269778714903,1.2063996528251
-3.00381434644001,-3.49705561569274,4.00820296637789,-0.245612487777734,0.470828700385649,-2.30349434515354,0.11048353002349,0.0448353060868895,1.00069591731285,0.900485503990083,0.236001288820643,-3.00252359482814
0.744682971483459,-0.402871764515673,-3.93137184641742,0.274530002959053,-0.376702334386745,2.44046012954504,0.0836358999299589,-0.0591518682678376,-1.32692966816882,-0.93838926021122,0.28674737860667,2.69434741116398
-0.197367180266678,-0.345519360147423,-2.34067407284457,0.198991181974728,-0.370956845717854,2.00573675932184,-0.731286881363994,-0.153618971344121,2.80660551763232,-0.417480347150785,0.409227269990383,0.102830245660247
-0.548194273871767,0.55433580895094,-4.85360984335983,0.890725178130393,-0.297740773797076,0.788780865006354,-0.647325283401771,-0.329037324090825,2.94790391562205,0.0518816620545937,-0.0430573405772789,2.49176382373146
-0.614104181178116,1.51232384593623,3.88246532837006,0.968336521621202,-0.932803465374954,-3.71540996041916,0.113817239060352,-0.0149032407881924,1.29474770502082,-0.092119220256217,-0.477460497053921,-2.05888622310884
0.522710854760207,0.0969520679298599,-2.40912883763916,-0.0525134813413714,-0.110604201276286,0.73339866046568,0.220880273964486,0.217926044956703,2.26140493348034,-0.178132872939835,-0.23402238985513,-1.25183835437512
2.59489349908421,0.504590854475143,-1.53589312956136,-0.129332653845003,-0.234400799915986,-1.34115116296492,-0.323431331244006,0.107275388158792,2.49506608087493,-0.395916129875634,0.208667336292452,1.40676768072443
0.76518342387931,-2.86648129104981,4.50723273802858,-0.10413416900722,0.194665991973988,-2.61550559923583,-0.0861940691293479,0.252234431911542,0.875588405605646,0.0291356563450583,1.18315275078879,-2.39052468183887
-0.883949594284901,1.33240911980671,6.63163361788408,0.057233091837192,-0.0252528639376011,-1.18767127276407,0.0309281353556268,0.426965649148902,-2.57672191143709,0.938842798425057,-0.114034094221672,-3.42725052931712
-0.996253515766576,-0.0720607724032721,-4.06875890084008,-0.398559850707626,0.196036493070693,0.83190774907047,0.129942020316516,-0.571956074483622,2.24579183203321,2.08144409352385,-0.277498205002986,1.94147837446777
0.599576036046633,-0.586784659025541,-1.16140061302665,0.205074302475028,-0.157637663753917,-0.651354819134777,0.238717734496611,0.232473167390182,2.85870735986147,-0.76700343975334,-0.0837644593403296,1.434727416865
0.464009813760111,-0.622265561951908,-1.67098955623555,0.134780377308988,0.0270775016801988,-1.22808502231247,-0.0581420796487314,-0.472825079498677,-1.4444933309502,-0.0321251953964378,0.254505867129364,1.51845125585359
-0.297891169386486,-0.266679047075829,0.489513591119373,-0.411589037243071,0.159136154196088,-1.37225360610093,0.0247638798567162,0.305995776913625,0.0424200281463401,0.189598426883962,1.25956064639707,-0.382015518216258
3.84858460860564,-0.632587332551848,5.84347088823535,0.917645550758966,-0.21436261645283,-0.329371891081638,-0.372135598383712,1.79399471092419,-1.08782581159138,-1.12276233891137,0.295775926540303,-3.52000944815945
1.9628343822242,-3.94066333498298,-3.31524657395814,-0.472953253273106,-0.568401822746671,-1.06540600725221,-0.885591583292118,1.12977552077325,1.00672835188427,-1.14806582584169,0.966928053793796,3.58763509966645
0.451543410974198,3.08195472697979,5.04936406207064,0.218965868785343,-0.312320673409311,-0.306633574799642,1.24188404988321,0.231428669522396,-1.72987904633051,-1.1909938448605,-1.27668531846168,-2.13296075488268
-1.27756670082464,-0.984428145316275,4.12050192442865,0.0821559673955756,-0.333525655871342,-2.74398359986104,1.7945097833086,0.970670437336247,-2.32307991786577,-0.0759557125886338,-0.116401438782607,-0.0629947168227516
-3.76283652662945,3.00933749123395,-5.19922162670809,-0.504551712667874,-0.463150208047569,2.1163267107429,0.223789916903775,0.464366958212934,2.14341338145192,0.997630253765646,-0.407809944743191,1.81406051985528
0.384409447047733,-0.061880743209121,7.84317923354961,0.213464940743695,0.259397119119408,-0.589344884323786,0.00242101797184225,-1.01165156480024,-2.82969121935548,0.461835441419116,0.413209399595332,-3.3928419121867
2.64991319101489,-0.593063931711142,0.956820892637385,-1.70230952596083,0.444838820784087,-1.05431729430968,-0.318983716522839,-0.0988311371372289,1.02808929074712,-0.00451845104485604,0.232578534412994,-1.01877914897205
-0.433122481260368,1.63132039474488,2.47106825437764,-0.0596508464064834,0.360019791654737,-1.49763947272548,-0.486785267392038,0.816218808040895,-3.01918181046191,0.101833870703849,-0.274748689258945,0.888117599211339
-1.31288983633014,2.3071112905337,7.24153212449482,-0.177067082635264,-0.126583836998393,-0.860673835252047,-1.10326277832129,-0.605926544408088,-3.16077714534647,0.0210182637833201,0.0070787465750168,-0.509681566621278
2.29389681039248,-0.215876477708662,-0.198938739765854,-0.176597796504747,1.17489555420776,-2.02766830147202,0.142442769504384,0.172986136197321,0.333823263377524,0.036312954936111,0.0372947651576063,-1.77614267482048
-1.48350319862518,0.89664791111809,-5.19770185771202,-0.188159275446612,-0.0622386913188366,0.484577871619622,0.208964624301665,0.318443120294724,2.75629455935997,-1.28940604327613,-0.573778011740506,1.40822123437585
0.0716008892263311,3.62630681401754,-5.455549198871,-0.000226573866478519,0.233466948986046,2.22311098011882,0.20512140711576,-0.434855192356439,3.15527310302162,0.751814444266903,-0.561971010723104,0.678988809246754
-0.392844679159773,-0.103537131212195,-5.60259237500152,-0.24526939601672,0.0914157472967767,-0.540281047598896,0.472462756111374,0.534042586888512,2.86126372238144,-0.627318578761318,-0.0493846111938142,4.24586285077521
0.678205322710437,3.11570802597339,9.35090764948922,0.0503721869915641,-0.0111766629757689,0.041995373010607,0.241470807032643,-0.391363096943367,-1.48520634794078,0.0284867506479469,-1.07130573816819,-4.00054603137042
-1.8342369695758,0.116816647229925,-6.22048406022534,-0.212783188723092,-0.762439491767933,2.59694513610284,0.427115115667991,0.735230905054522,0.808602134832241,-0.0228422216349415,-0.299426629644046,1.54312235042995
0.929355712435213,0.118432806144295,4.02598615119156,-0.149437054660982,-0.329720315286321,-2.42524245912752,-0.200015741472832,0.0892933782785635,-1.67616302381113,0.0420380345447725,-0.00373225337016967,0.368656364262409
1.84525412874891,2.37478761855073,-4.29580097161141,0.0874416004200327,-0.17075601422698,-0.469591042574535,-0.629944576904972,-0.536948703146146,1.83121626123611,-0.458986888193845,0.487686314921751,4.60523101033481
-1.4799559152221,-2.1093161026537,-4.69973135493432,-0.813369504995557,-0.0693286864476245,1.43219652529996,0.12261585944863,0.114043917767944,-2.02513272583531,-1.25465457754129,1.85804486518398,3.00272869349548
-0.0875530004194811,-1.99401762693625,-5.98623415468893,-0.0405412088965924,-0.0157586330766403,-0.506762491341753,0.194323671392038,0.233957412843196,3.21905816926656,-1.06970133252981,0.476665997037022,2.12075581603428
0.0608734469637061,2.41986585864156,7.42769727692046,-0.233613090073755,-0.238997646968363,0.732920340541855,-0.0366917565555932,-1.00277864257726,-3.5082886712356,0.0561773752701461,0.300996215521198,-2.40319831647384
-2.12393654766224,0.143810313575229,6.55322449165044,0.118662088965323,0.0244569579159621,-2.74661125606879,1.09166048390354,0.0589261489213472,-2.45504918413448,-0.00756096346770558,-0.173677160558557,-1.51217706596644
1.16091108787847,1.12235139889763,6.66391056326415,0.0487838698943965,-0.059699785328284,-0.502507176022425,0.420576909309185,0.424083965080278,-2.56894137898643,-0.773698028981724,-1.17534601973476,-2.81505880970884
-1.55647581015392,-0.975961184753971,5.24602989654364,0.35579500701135,-0.171470397458121,-2.4938607647727,-0.445107047067629,0.0868015586107808,0.0368902604216572,0.766527785963511,0.583704282239552,-2.35140406116525
-3.05491986458942,-3.15125103633083,3.55426866812915,-0.332064659040485,0.802316127968575,0.371675535215569,0.331981802170132,0.277438940832677,-1.43209015041074,2.32384896723527,1.20631298140146,-1.88671883389875
-0.469756939249537,-1.53255600752076,3.403480686548,0.408519509287963,-0.78575434850257,-0.573329736102732,-0.0528113389426892,0.0101829790295966,0.106440744211595,-0.280268571376027,0.32100450091765,-2.55512440131278
0.896943701029033,1.34635230644046,5.22693251541266,0.0856962921880807,-0.457595599553886,-1.87728358796358,-0.058043745373428,-0.448091432786723,0.298473038706069,-0.00875467847749916,-1.80240449945296,-3.63149996845162
-0.246591818971128,0.285362751260174,-1.38494081982239,-0.669742221264263,0.39612519318745,2.15464430957415,-0.134417660043589,0.478230546919493,-2.05430537205828,-0.202353820447381,-0.83394632069027,2.40295377753259
-2.07382664424271,2.47619634972617,3.62524277230091,0.0682940621224835,-0.201780987068084,-0.647651818575067,0.084436894201165,0.00407191136375102,-2.47682254109206,0.591564638165861,-0.7083505526662,-0.265268760722208
-0.917984830583734,1.41954353995906,-5.7269337453564,-0.0190445360553613,-0.173868464395458,3.36213385188463,-0.290519579650056,0.13055460418741,2.65825552208393,0.161189289837126,-0.362423998434298,0.471246561364335
-0.796456989043206,1.79215954507802,4.25150980118013,-0.269025302932418,0.0118591740799653,0.108260139131457,-0.450778362391345,0.2025051870563,-0.438260699525425,-0.236695428364999,-1.54982875725475,-3.5193802802604
-3.1195279947745,0.444934208702874,0.746313957593666,-0.186937667676136,-0.0814653789463439,-2.01100464829182,-0.293855957211303,-0.332056680863087,0.735333301237727,1.00009070769508,0.335557196680749,-1.67184559777651
1.00995294085494,-0.260717694727608,0.0990135999868627,-0.161622533129881,0.883520498803402,-0.757992769337897,0.928575927861144,-0.392137210326038,1.73060546860427,-0.627164201483807,0.318230377312113,0.57678893508033
-1.45471650411715,0.040273261636475,-1.35883295826593,0.0118001489431652,0.121379325702527,2.18550704069713,-0.320324964161227,-0.0607454779924208,-0.75839297881276,-0.505615350657343,0.110050190680688,-2.17392213882177
0.290933004736161,0.387450784160507,6.4005265089546,0.302813819621378,0.354009969084069,-2.79029698308912,-0.0909215564860145,-0.0964843329667171,0.393002525361155,-0.542906199967609,-0.74438129370945,-3.66172708213645
3.19696523771335,-0.480538835735602,-8.20827801408849,-0.0383381667844791,0.0212907336672342,2.47414899483303,-0.255980880226458,-0.0451955971946061,2.59491860567766,-1.76731481450387,-1.49332494446987,3.17579390391322
-2.93342584070134,0.203264438076148,-6.3243092048024,0.564187490259057,-0.434717470696158,1.02489478208129,-0.417984847674427,0.352075193588653,1.97559176855789,0.0760734949433506,0.186652901947832,2.30711955377326
1.90077303648496,2.96697009935872,-6.74198177818384,-0.432424028143493,-0.306441145035233,2.88409061241191,0.0453364130961518,-0.0763688363953862,3.41222210910888,-0.404007276204188,-0.157905360594399,-1.42771655156806
0.330738689604884,-1.28353095806314,1.00291065165586,-0.391493506783628,0.619055512349294,-1.76585820043359,-0.584912000934713,-0.105628188131994,-2.19559568875218,0.123248733984021,0.344798058494899,0.0952656652421138
-2.20829479655877,-1.30476873077668,4.86800006443823,-0.252980033440161,-0.0744422473708587,-0.614968707306084,-0.170836939399162,-0.119133275335069,-2.39600634962207,-0.138203924984388,0.0587968441081794,-2.97767718030648
3.15478211844291,-0.224670606898025,1.75036194893111,0.121038004781958,0.0691898103608475,2.49393298470197,-0.323096051440167,-0.13925662208773,-2.81736850150714,-1.7703851236728,0.0879941179609941,-0.611131105894491
0.677228420365804,-2.14788496661617,-5.06974125123738,-0.244084708120845,0.0804920498842002,1.75918479193152,0.459167638957055,-0.0533335520137928,-1.23034899454713,-0.557583468051966,1.37615253809263,2.74431911533829
2.53006976471179,-0.68503240408823,-0.955885621974518,-1.72099845738065,-0.223402880378882,0.64303610326884,0.0690198563974597,-0.0711257708453459,-0.477188501171715,-0.552274887039173,0.566380549903147,1.4506094676513
1.28758328117576,0.258281725015178,-3.44866144172581,0.272992889104427,0.104298591404142,-0.308731501730234,-0.691061766925478,0.895566701764234,2.54577962368753,0.211154832442255,-0.0117893384073663,3.43566097867631
0.874230730006385,-5.34674188566024,-1.04553352132063,0.632290625257418,0.705188310636065,-2.67947048565192,-0.000991676832056313,0.0901341926506018,1.44229874124919,-1.29215754537317,-1.34942546690004,-1.66663545858619
-1.05494343631409,1.3972978415175,-2.26771426986511,0.407242937677483,0.393525232409688,-1.11894744779074,1.55190040641103,-1.45404411454834,0.385396949539617,-0.302870234219206,0.424925203493497,2.77360027750639
-0.0886644166740034,-0.950850392841714,3.18869864451713,0.15096396772269,-0.178267731643942,-2.48683234803071,-0.0166647353064979,0.177411857305176,-0.376618090350379,-1.16038037269983,-0.0169773231886696,-3.26445652474208
2.79648499288407,1.14172165367652,-2.06669642900218,0.362305966269283,-0.284550648892245,0.661979344449902,0.420589084282462,-0.0587981156831924,2.08583131385026,-1.38133748663211,0.522800287039136,1.87538648867373
-2.47515350874836,3.89850775148852,5.19545990512442,0.398492048577455,-0.337826935600376,-0.736131267596165,0.206951465893454,0.0785324881224861,-2.67488885256685,0.379245565739809,-1.67336681123796,-1.62247403385713
-4.61739654428631,-4.33406106995482,-4.30824969870081,0.664473152392519,0.929348665813898,1.01185624057998,0.340434494986973,0.0425375041147688,0.358081927094517,0.423320835656964,-1.78891836782497,1.46947211933178
1.37719217013766,1.75528086138678,-3.90297017083239,-0.199194630087724,-0.0939695569288197,3.67676286132774,-0.200652963091945,-0.109831327413067,0.452714816188646,0.477088361608449,-0.123012271758507,2.45821696647303
0.964599500995613,2.25987151394071,7.63200671358945,-0.0907284865212003,0.28422918555682,-0.267868356015963,0.143505098989089,0.0284379271979056,-1.90194361862131,0.247932484064411,-0.427145316803913,-1.57128489858374
0.118102551945658,-0.194281906095883,4.96094218400411,0.488184684108647,0.538399747249534,-3.56587783409898,-0.0502616142914496,-0.132927456650043,-0.473459022760173,0.0225602807494733,0.176940974995667,-2.80233524763379
2.96419719065414,-0.709376727609547,-5.1250599368753,0.183315692237174,0.0426001476183996,2.3173744762881,-0.531446145037884,0.273029510304903,-0.567804838553385,-0.109301482209037,0.16986064441737,3.17942726793402
-0.349934181718176,1.09319137705599,-8.33955622581366,0.432898177599736,-0.575105318882697,2.41886824911916,0.690721511302591,0.658757937803174,2.67860984544316,-0.206544583385941,-0.285430573568058,1.96890211743856
-1.33022187565374,0.0854387181138363,-4.73792210310354,0.0162347430898343,0.0907155100945784,-0.295956868929122,-0.123720029663076,2.79294181991239,1.70518979266559,0.454525481348276,0.000510262064620355,2.26603052215402
-0.376008457416475,2.2748820249923,-2.50664945464136,-0.465717551907675,0.712626143551497,3.41113047786927,0.517985709964305,-0.339762621081081,-1.02746871686726,0.48353363451376,-1.39388875470016,1.24531662506639
-1.34790087960137,-0.882099135939785,-5.83231564903049,0.188027229759634,0.482641869979192,0.333094820292872,-1.23519487107553,0.970252537866265,1.51509707416456,1.73594630746743,0.272676474929453,2.99146109287175
1.86126445227962,-1.93725716345531,-0.638598509429246,0.175788118687032,0.0758865823300885,1.9207016574324,0.350597908528814,-0.509962872958629,-0.634967096152811,0.0827062971784459,0.306566029675186,-0.645636804185538
-0.751358393118745,-2.19689138912923,2.25780068620404,-0.477739953695371,0.812115641172752,-1.89344826319746,0.344687834676307,-0.0806509602805084,-2.30719903578052,0.197186936218158,0.0178907682241951,0.824285943861365
0.137724765636892,-3.07932372914634,-0.350436805390813,0.166778554917432,0.289633027644345,-0.174390145606757,-0.175413065881744,1.00928387768583,0.576193415363209,0.127396498131695,-0.267517881549953,-0.698230669903586
1.98020267403819,0.624416620439777,-4.62342046976897,-0.516568480541034,-0.122613826831536,2.81644490273387,-0.0935292763862264,-0.126586865708742,2.18582754016422,-0.0297931853961774,0.0869710195280781,-1.22753483764488
0.153417752258511,0.409719719452753,-5.69593533894408,-0.00704694277583162,-0.562083654703681,3.33944240629339,-0.0129036782867174,-0.00480958160741697,-0.184786524988964,-0.103736759897004,0.535517138398631,2.54500772683342
-1.40453705895922,0.369957234305246,-3.72110458516749,-0.412289590380645,0.0773191345918239,2.50905340756187,0.432303946548209,0.288253316804347,3.49722554412325,0.266003202788042,-0.570791841848282,-0.128316675667648
0.0159889337607473,0.645085962198409,-5.73625117895616,0.321503346012861,0.908879604491338,1.3975123041005,0.386402028571136,-0.198168308080158,2.45073326662884,0.472855464023424,-2.10402785877385,0.835900930276535
-1.25866580815745,2.67727897162374,4.41581947691461,0.0749640512084489,0.426567573477056,0.552919781506869,-0.692730181967054,-0.380201777409755,-0.732219531336433,1.25767236113838,-1.65558910301484,-2.75686315121821
0.727626453619824,0.84469126205043,-8.68251419834855,0.066865052974335,-0.013857493049908,-0.732423297719797,-0.353259278958474,-0.0384928362096237,3.10543711461593,0.18281756385643,0.0735591893769348,2.08718430536534
-0.910430122175731,-0.557051459736121,4.85314426923379,0.310766858324716,-0.0245379093053949,-2.20768619369287,0.326004924753866,0.604823203409215,-3.73570415938833,0.0971338068506034,0.299696371876214,0.610184071200427
3.15551958802563,2.68462581467334,-2.83195619746809,-0.00903251127374681,0.894963271697498,2.4921628938826,-0.500816400080383,-0.191476767371842,2.25213461374866,0.0814187241510473,-0.294677997174667,-0.304319358484755
2.03718596476211,1.04637412062484,-6.7900606321207,0.400120360996272,-0.980100548581254,2.42935139354565,0.06677991120652,-0.337566048208999,0.790222937244011,-1.98117543111398,0.072995488511166,2.90246459870495
-2.05782955039857,1.11907289159085,-7.48340215340665,0.15317254791363,-0.0670319096584415,1.93633469135394,0.510157856148183,0.515388143064582,2.8263523938927,-0.177103088514422,-0.280191040817092,2.94418020801863
0.435252200611724,2.73928789785254,-5.13007567642384,-0.109873994721345,0.298568692566566,-0.461060112995321,0.327324570802723,-0.285890020181683,2.47980860586165,0.461979871704986,0.0841226563729458,1.81918186219853
1.10208748245351,2.16993645397759,-1.84211557145027,-0.21275804450543,0.261056583220875,1.7475295910839,-0.183594001972275,-0.0231012578487227,-1.65020241972606,-0.630536064949982,-1.00889008211485,1.83831366390887
-0.14014852346621,-1.38802937885516,-6.61768544626929,0.018113520338225,0.0826002574426109,1.82252447642339,-0.0412904705179638,-0.091679897926712,0.238618552021276,0.107179478561842,-0.224435490375301,2.78235198094404
2.80148981099618,3.44169136934526,4.62967782423161,0.124742476377095,0.334657533878005,-2.54696316703779,-1.36883710272399,-1.75142859385359,-3.00821704339288,0.00250127284236358,0.206745212681374,0.310135406908576
-1.12742306401704,-0.125179091523549,-3.42338743815225,-0.437692240067182,0.217766697647319,2.04877965902346,-0.0218071182049656,-0.00422928323539174,-0.038499598285415,0.289227630062782,-0.327690528754007,0.939429707655037
0.0391149434101546,-4.89479424477848,-8.58806194846659,-0.284490444779358,0.0721535489830813,2.77104846288543,0.00904529265611291,0.107707032890702,-1.33716481970218,-0.305148651772155,-1.44102774657197,2.58425623793077
-0.474170005261043,0.630556924355963,-4.61422694168526,0.31327983976662,-0.17276901577348,2.90575798379926,0.799752577812881,0.42584280551522,2.66105132748337,0.125200590494996,0.00728731089641306,-0.0933571553460136
-3.39794719555464,1.11229716668096,-2.78219322096687,1.10318760334689,0.108281654707837,2.52843377263133,-0.0764753063278902,-0.305595318826284,1.32384224334853,0.0470315518753725,0.0413610672522849,-2.0436206546578
5.98622153275967,6.29661802631392,9.27599622822343,-0.825985180162996,-0.384390262582695,-1.86639582559825,0.155282359883463,-0.410480465680431,1.68775318433374,0.284161453103799,-1.14028586064273,-4.30920061357055
0.645699509547416,-2.26476157326042,-4.77552428062708,0.0192151528941113,1.90744926778659,1.15389041745781,-0.134026692429645,0.261765100150712,3.05320474512277,0.239509682537642,0.56461622989785,2.34655897668873
-0.791237651241829,0.727493123467315,6.30804651577147,0.260083498497863,0.912475615226374,-1.70124025580583,0.0542605868714732,0.574951754596594,-3.70872415816225,0.133241172805997,-0.153992908025926,-2.42556634405037
0.229888274203457,1.42396715498508,0.0511887425985775,-0.329711297554271,-0.866398929431062,3.61270011163215,-0.329707750589736,0.042666805383566,1.59485902595697,0.169558151098317,-0.11003654724628,-1.82336546446518
4.47772045691697,4.75619604416758,6.70645809127208,-0.390768462644358,-0.136281922806592,-0.636578334445126,1.12533640615934,-0.541392949454616,-1.71392462777505,0.249075580296748,-0.235078474081244,-1.55667771252987
-2.63039552643107,-3.25598540727358,-2.12680909146942,0.187177646784124,0.143187764791166,-0.630797238915163,1.12609415719578,-0.495228135240881,0.249192654911567,0.736447752041156,0.173428084005384,-1.06582399752021
-2.36880659954608,3.26553864960744,-3.75773732479557,-0.0292246412343806,0.0131693806427455,2.33128048886429,0.480252635325257,-0.295910839810973,2.20558601731019,-0.486803180469494,-0.344595344834068,-0.811258360139882
-1.04347758269795,2.45693537178624,1.80708117966634,0.125691496789964,0.207767818657071,-1.54304590267139,-0.828951166493677,-1.61808685937455,-1.01527663943523,0.284958123227192,0.856298571701344,0.732941451637615
1.45862091946181,1.39072743195463,3.68439193128776,0.360061044128853,-0.370782867305348,0.618453106967492,-0.841830072290124,0.143690340785358,-1.13540181271032,0.680702536703075,0.107562644259112,-2.78067158811497
1.88754113273501,1.29344225931312,4.98526294792504,-0.243785417126183,-0.212392163478111,0.239296247212581,-1.10413274291827,-0.215338522405491,-2.90926122797561,-0.0907126997548189,-0.535690292619093,-1.95776060728919
-0.11256712515508,0.341889173445595,4.22182035564861,0.205177447862066,-0.377459522661605,-0.0852762238063869,-0.0349962434201359,0.144989131696739,-1.1883238026983,-0.00234748959861005,-0.00280141686618086,-2.62880140428038
-4.36908133229441,2.09295814545508,-5.58150648975951,-0.196853963127615,0.229635761552062,1.14857654630222,0.0916206393108709,0.274618822187391,0.0439420705577906,0.145214842923856,-0.0783570343177289,1.97548643715266
1.38513187669842,-0.765492994345422,-1.11897405288707,0.303637145307092,-0.125772277327978,2.89168944919871,0.457022830126559,0.0411221477714956,-0.88213287982747,-0.910363194404988,0.515034435577976,1.34007383915071
-2.46063789495932,1.81850855006051,-4.99283272004605,0.46428836774264,-0.272352834417872,0.309199300460627,0.00553990577204158,0.157287810380053,2.30853219456573,-0.744513727408021,-2.50937604113634,1.34012653086557
-0.341515982075025,1.78136154698408,6.12135040970893,-0.036573597261564,0.436480489503274,0.451027189390483,-0.118979677265812,-0.100713258970535,-1.87989552245335,0.00699499956826326,0.724602283804143,-3.13789897290578
-1.36872866954182,-0.0976309312609965,-5.38546665776163,-0.0801054297497968,0.093567590611251,1.58823482764772,0.71474433247208,0.455325474393807,1.7283983521214,-0.427403481077908,0.467272021913347,-0.0821412039273412
-0.012695008162646,0.565160952225852,-6.51686627817784,-0.518178582674404,-0.0782730194792334,2.77572162198081,0.567189664971183,-0.526502252759016,0.505807005881845,0.0497651049627612,0.0307707641122155,1.71885029940275
0.881925562402188,0.289806144766846,-2.31446044624372,0.136975989148944,-1.06076240160661,0.748093001102684,-0.111772670460749,-0.233761328031204,-0.701632028526359,0.55900165660086,0.399049802822569,3.15071252850648
0.924720588605243,-5.22860005530408,3.13943867461088,0.389327982627724,0.497220709116649,-0.653164164470813,-0.899435094454917,0.145362124902183,-1.62047670054287,-0.317985473846159,-0.113057199347655,-2.16333076631188
0.466113581352134,0.254729340112319,-6.52308614998054,-0.238982022160826,0.134342052520632,2.66567917632812,0.0125298953422972,-0.179693911957175,0.134631756326745,0.361845537250483,0.441880413631526,3.1838003384755
5.41007555937942,0.42713238390422,4.91091029534521,-0.323897366117969,0.157477358329741,-2.21930405832068,0.0145236814720965,0.0919059191023684,-1.09134204165461,-0.567001634768391,-0.2561858807305,-2.85948107539662
0.170031167496519,1.68877737626846,-0.315277500910243,-0.0390444032033806,-0.497390798083079,-1.84602026171578,-0.0618772441572327,-0.158698252134633,-3.17149643021641,-0.249970747516723,0.294692329741392,1.63795622367513
1.51283490903065,1.79084229029906,-5.48347145026119,0.746848956205358,0.54999734443247,-0.990360843586025,0.566483561479839,0.127695536928603,2.76847399684379,-0.139814864524453,0.170412216800711,1.72282035612694
0.245914864031132,1.803383600884,-5.59140054078698,0.156764582786001,0.564438956079142,3.29972273557452,-0.531228048192918,0.0324964977217206,2.5263308361836,-0.115963677914223,-0.814599102059678,-0.59799976921834
1.02271128757281,1.70474275065621,-4.78906741169351,1.07168786858875,0.358365918649224,1.93299804938534,-0.0786761158346542,0.060726052704293,-0.225712039650452,-0.43021854581496,-0.263254594902309,2.7851148837452
0.115135282575911,-0.988613219094894,4.14993319583354,-0.299038257075826,-0.0477144517185058,-1.76729871790666,1.05759114852898,0.86295202729026,-2.85614162160204,0.164014265316885,0.0365849630385361,0.467450329911599
-1.94104966536991,3.53556349941006,5.00245752639125,0.54628116432915,0.0552985921848412,0.73043378714807,-0.501147665215847,0.44781566424518,-3.65413012336122,-0.280354107755741,-0.412762080607261,-2.18379184680524
-0.600210669635155,-2.157174257324,-0.312956416128156,0.175335155119933,0.713314570643899,1.10777373645816,-0.224480951409783,0.396712960814756,-0.0129888579647371,-0.189300182237919,1.3220044223063,2.46351649422557
0.964546724168202,-0.50394486635053,1.16147358047359,0.0726945818515628,0.193889365867576,0.55390744740612,0.136403857552159,0.0934140118475949,-2.40483798856716,-0.372830565917614,0.861498453686959,0.287350295442832
-3.16080055091529,0.557452294296352,-1.79350440591453,0.703232095374366,-0.510318661027564,2.70166731161971,0.518011063387557,0.949222036891114,1.38018691265996,-0.0267496431350392,-0.100247757876969,-0.126967929697126
-2.95212949022562,3.01519149188124,-5.28874730514691,0.245879921826529,-0.142818257152764,1.53920535888017,-0.0952651943006547,-0.774125634512455,0.597138641078092,1.91489866014222,0.0561829737355508,2.31569297005133
2.80201444874872,-1.03625489602015,4.73671886887566,-0.848184768993077,-0.713553472299231,-1.65204855558603,-0.453172156981096,0.509772852734307,1.57675038255251,0.530040323804917,-0.0687228849390542,-3.45431320147616
-1.0796922484902,0.660824445612901,5.1126596328461,-0.331357566874539,-0.923260722622877,-3.13210919439161,-0.180898374390218,0.301720175666979,-3.05288626621369,-0.58482047602392,0.491828914274306,0.174375538512138
-2.82077731021846,-1.34221905506131,2.96325185872971,0.200670980333142,-0.528840034690898,-1.87330691680953,-0.373578658259236,0.141166225062741,-2.0978690380863,0.246102745467688,-0.935566445345929,-0.256053086211576
-0.403936890204289,-0.117934479907424,-2.72216373447295,0.0616626315661509,0.0019726708610376,2.10817776871946,-0.113535941213331,0.484749058822409,1.07624558429441,-0.234440134472373,0.0855231224687574,-1.4176880419487
1.39780737546221,-0.166534307945466,-3.91869961433301,-1.47184792249619,2.18867537346895,1.8672996558562,0.0493639443942059,0.20560321881894,2.39510768068537,0.041836613615107,-0.0624001320589033,-0.151399809476301
-1.22465606498238,1.35231836790048,4.30657968049889,-0.0628206955769524,-0.0758605539895073,-0.921456698592741,0.821123230899863,0.280672812561519,-0.641187766378614,-1.12889428506345,-1.21201170703415,-1.9167002494726
0.811573405783666,0.503547659811219,4.08074904398034,-0.504967474841503,0.0974639726587855,-3.37685315692143,-0.514399401947864,-1.38424609159342,-3.0526172702644,-0.150606249985806,-0.0848199215259043,1.2243619095119
0.252194214629941,0.851571397609917,-5.49544966434655,-0.317526748431561,-1.10495204543686,2.30736764607691,-0.162978473418288,0.382498208273123,2.71282910127946,0.123826583423619,0.217337165759977,0.816744588829626
-2.40286113106649,-3.01411512045321,0.445351514327132,-0.262200748336413,-0.185488984565436,1.73381225711207,-0.412202306459377,0.0997206005384472,-2.86668653000453,1.16915881811289,1.28151828786253,-0.184051839957927
-1.34865429349886,-0.602349450683049,4.71730154579236,0.216505483540239,-0.729976276779058,-0.470409191793383,2.08973538097302,1.79013511672442,-2.99093831549563,-0.036065800490213,-0.557124176947257,-2.17009082618455
0.409920294684948,-0.0554189033648952,4.28645392494243,0.107304045297997,0.581470948975856,-2.90722051417069,0.0328738538349809,-0.239970158667966,0.0704725697512428,-0.163461096261627,0.0205097212250645,-2.14539159946678
-1.10288602424032,-0.924363375794376,4.24097888932329,0.533592152373027,0.304931861455338,-1.37021656128844,0.00811883988501793,0.499179337237074,-2.18042822786903,-0.169427537020935,-0.0455273740769787,-0.938093167844919
-2.01448973190901,-1.46448386728022,-1.38588681755547,-1.55616887318784,0.0195582705807697,2.69754996398909,0.0282604764008547,0.284751641390456,-1.61111016711895,2.11259740437658,1.01428861721125,3.27708788864144
-0.634012910113118,-2.28216379427759,-2.12756569752174,0.402836486304105,0.341474600769641,-0.202627486652768,-0.539545061007113,0.29841806371788,2.18249019307012,0.102820139133739,-0.298291879562011,1.6776258222207
0.962248880070889,-2.42088379766474,-3.77322450231533,-0.267808708859062,2.24224750771257,1.73372858527473,-0.204174984277864,0.103499124293946,1.42801723562827,0.154796476209636,-0.087294374492229,2.83252001515794
2.00349173416781,2.04668637315504,6.45252026297432,0.370036671287884,-0.316697489815218,-2.50666750410473,-0.265697583070654,-0.513929836938137,-3.38539056957313,-0.16968195190935,0.189735657034276,-1.53384462847601
-1.98556052205506,1.94508958148828,2.77604547961557,-0.0166971778106528,0.0297160666671057,-0.308767871245305,0.529945575338134,-0.747905979263676,0.37103606860056,0.0300534961841351,-0.0152806434416866,-1.06582845292201
0.543295688241696,3.76281871553143,-6.32547699123672,-0.796550291392927,-1.14321777999848,2.70243266713103,0.635300759747221,-0.0388926411487288,0.852415400553463,0.0689183629095763,-0.432036908555388,1.83778523340284
1.65412552415669,0.354076434325629,4.05146010240984,-0.280421141900405,0.392256876233796,-0.223400238855391,0.986702390643969,-0.43155717484714,-2.37159409833707,-2.40506117598599,0.640899166639759,-1.91945565132476
-4.56281497351132,4.89335897552732,5.4755920649291,-0.15153306520571,-0.232273618912163,-0.341573658614037,-0.129003688842744,0.335108490627094,-2.49259070962311,-0.207865051278705,-1.41463624752248,-1.92720659586065
-3.25095185794792,0.885091238674837,-4.18441580277568,-0.179653395263557,0.928938508232632,2.66801434956434,0.0663993119594846,-0.15908241361544,2.64762860136171,0.094882144082192,0.0959019160075129,-0.928064165297511
0.508174768648271,-2.28499502353375,3.22175793857833,0.235625500246791,-0.0212452845182395,1.01936795902047,-0.387504804595525,0.472418233259821,-1.01848752743608,0.27372473561702,0.80194020780567,-0.1137858958946
1.50295881263673,-0.394903458490936,2.4930452484247,-0.954343997435143,0.24143157886943,-0.34654386664288,0.193514100504733,-0.91811259300521,-1.66588592438755,0.116188782827645,0.355793107088577,-2.00127407959546
0.347767361914202,1.04577338509193,5.94073970755723,-0.00101338702735026,0.07415259649079,-2.47501022348921,-0.105909242831779,-0.1218391075818,-1.14074450566822,-0.12968074691367,0.652996282458146,0.273695865638775
1.60749892958966,-1.51440529499523,-9.17312744537307,-0.990988531915075,0.354617659439817,3.2331346303458,-0.16565742256639,-0.0145411343817239,3.42679330528968,0.230325135838473,0.218907274556975,1.87650812993801
1.08665137469774,-1.11217678166008,4.52144824957921,0.111746539119851,0.926295288674024,-4.22882180734243,-0.0387237666934541,-0.313114829543555,1.11455693408194,-0.212275871364949,0.0505107665632647,-0.884610296139224
-0.789436869008069,-1.80768973819165,4.79240790292939,-0.287810309644896,0.408776429029515,0.385355354190538,-0.0940577103717337,0.732191323089114,-2.80252535909366,-0.605104605271721,-0.044542890975016,-1.53959474168685
-0.776951489968963,0.800186664738178,1.15136885040745,-0.551889182400744,-0.781936579812755,-1.06441924482246,0.583460236874587,0.0581667471272245,0.0416570851605615,-0.222443976273217,-0.139923642239214,-2.28863670560105
-1.82054475240469,1.45244691052027,5.57831492855772,0.125001744383702,-0.145702663605024,-2.45074131174568,-0.621649060811256,0.312212644876853,0.0257920044851016,-0.00928756938133644,-1.31821344664844,-3.23880795527812
-0.317608129284138,0.00113580291582827,2.85338259488305,0.107572000533502,-0.139237654952849,-2.05891360576561,0.0201332257598831,0.115292624286498,0.0256940249035898,-1.17537903534711,0.973863985177922,-0.234576745608066
1.25858220159025,0.385916832121791,3.17249380122071,0.255166971892314,0.656889624900426,0.433788406309455,-0.129712834761517,-0.639764274935777,-1.27048242582482,-0.0571376861521089,0.284799641165349,-4.40033586454172
0.0318976045501318,4.7992840597466,3.27873615630009,0.293289760071499,-0.344889929458342,-3.232419565197,0.150644041594985,-0.671629171951312,-2.21453013529868,0.109949380921241,-0.296882747650882,1.0537587270745
1.9420190612874,0.542358379342258,-5.00713517610465,-0.305401882065989,0.0372628408262727,0.856582743914459,0.00687510401442281,-0.000240714595628217,2.36477801645335,0.423732301464288,0.729935851790403,3.196250428432
3.76860036517725,-1.07095980626068,5.10020705318011,0.394648140697971,0.704809399302464,-1.56060969241514,0.884479285359361,0.465986970803847,-0.0521246241262941,-2.34695258926303,0.0818976991734874,-2.8967463460518
-0.0410402455579062,-1.11639677916879,-6.79974951342605,-0.140315920594328,0.444129947310265,3.65433394599163,0.096612715203361,-0.328078352787574,1.73356094251562,-0.142214964009759,0.0422182522482495,0.154637217194534
-0.920111729261619,0.619696517855869,-2.58922582538683,0.782282330122769,-0.350712061239714,3.79791008821508,-0.488099661384719,-0.829122260658334,0.915823930236917,0.508436748506176,-0.0105156484317812,-0.360084173372545
0.516336681081259,0.870700485395488,4.74293541024349,0.0754347871907263,0.111625570398406,-1.96427920388095,-0.105735391834704,0.375332960965116,-0.760484374478832,-0.276849827358372,-0.744785937991323,-0.835867744143739
-0.744683782215645,1.91029520430576,-3.57432387553961,1.23425893066543,-0.602657641309605,4.50566038628702,-0.0704185901610992,-1.09257384005054,1.32048641568971,0.0482442810383681,0.0136005273949466,-2.15486914143512
1.09325173579124,2.24439472201239,-5.27665092527936,-0.0655258713423175,0.369079535255521,2.10400734456784,-1.95742466155947,-0.857525477152595,-0.706003191935146,0.160127252846301,-0.481746582156818,3.87992102508649
-2.08707236595524,1.57436201913463,9.22539573426935,1.01060365165925,-1.19397175578183,-1.21181141304828,0.453024538922165,0.92432199201787,-1.08252174564217,-0.17371443450202,-1.27583289716964,-3.85403785879696
2.40527698943544,3.44911143228963,-9.27462918238721,0.0369447398197715,0.272727117693389,0.44406154468236,-0.162282296627186,0.0864090363266861,2.92337207026665,0.530801866065841,0.84855151351732,2.79076831413483
1.14097364337517,0.610426617076755,-3.67364933532112,-0.123622231904166,-0.226661028110721,2.43035238349875,0.234961349490583,0.263425936944098,-0.923673658204649,-1.8581636019828,-0.38565037173531,1.56144256334327
-0.141179097926962,-2.46907456860492,3.6944063132095,0.0881415413829478,0.277103478168143,-0.774616285457768,-0.382777276186395,-0.187805361334487,-0.959786789518741,0.521581330941592,0.141775839107601,-0.34039956852858
-0.256585945171112,-3.03281610688106,-1.26324201266105,-0.224626556171352,0.11394853652381,0.848053403764032,-0.735131550497889,0.965772818536249,-0.0714483876768504,0.586099345557151,0.0292703550786609,1.24514242521358
-2.97845826212064,-1.06534487578746,2.44822788289042,0.325533881631212,-0.000383579079359666,1.23988452895345,-0.0398088266038939,-0.652664793222662,-1.2747211444779,0.304533298654811,0.523129430657704,-1.95876853943297
0.650049665241729,-0.268531236229403,-5.07084122749148,0.300424293478721,0.189364929050003,3.08664955350747,-0.0291155579038466,0.181060246291228,1.19004315384697,-0.991195967233907,2.30297298463391,2.15676813208824
4.57259856620737,-1.11975814025536,-6.14034091250716,-0.381924926008381,0.149964871864977,0.0927220446951015,-1.85543442380531,-0.0977995538845752,2.83569766889515,0.28209205553039,0.684032395388281,2.65765279365462
-1.70311906825709,1.80955716924997,4.70288038875425,0.284783572202913,-0.0190864245299729,-1.95270768799359,0.0225255276754368,0.0806684876537155,1.29076653748231,0.239820454247431,-1.10035638163296,-0.970208462324836
1.29771467403807,-1.837949426944,-6.6636512611854,-0.693964346615879,-0.735966608853746,2.72063103632937,-0.24836690255637,0.300306814320974,2.18098859778735,0.417301675158239,0.680617241419429,2.83446644112641
-0.838738831866417,-0.31154875239887,3.47546025525607,-0.0682575476385182,0.0845136069512227,1.5354307268592,-0.0261454037827394,-0.137785937301801,-0.656766753660675,0.106035795094627,0.602125032322035,-4.12962348969572
0.355956386525424,-0.393516485999893,4.1080794443594,-0.242979597452568,-0.429659129969144,-1.79886935712199,-0.0295967879424387,-0.00210530320554847,0.569053525265699,-0.4802273315717,0.581236349401987,-2.21838372973827
-0.353253448274168,0.183342452606072,6.98477170565015,-0.352723880127741,0.24700694388986,-2.34416631631528,0.0510896585563173,0.0579642979090852,-1.52106343646725,0.420068356480372,0.115222645650808,-2.946703380369
1.24407088242234,-0.34183818122122,5.76817089001825,-0.916631923485757,-0.925130108746351,-1.96242594847561,0.00488352450920414,0.450856330860461,-0.866877360897048,-0.119863331449506,0.127023182092888,-1.02541387661121
-0.0356020195919997,-1.99091892877937,-6.71487032547753,-0.258348375099682,0.269569914174984,2.41193321011015,0.253073913477221,-0.0430429738293525,-0.34887518030541,0.181479322784057,1.52030811705236,2.7696198181729
4.29534830124906,1.01939958327684,-7.75177635696586,-0.262001611961096,-0.0873711656615176,3.29566331678437,-0.0873658812037847,-0.169716874405419,-0.362859416167863,0.181457689242684,0.446398836196652,2.01060574676132
-2.43076315520377,-0.0243315204707695,3.61280115799802,2.20134975879219,1.13926197532135,-1.14788745090533,-0.174091895318845,0.0629301077268275,-2.70535481283983,-0.118398125264344,0.253428523267734,1.20088285999771
1.07066741692274,0.631963708074057,-0.10977383874501,0.0182547199011595,0.0100707735446629,-2.51626196449451,-0.0234037705779762,0.107130930340164,1.29933080469137,-1.04343365347263,0.0175080388969375,0.9904450667618
-0.466194173486152,0.125147480400062,5.49115444977519,0.0781196031650535,-0.146493496843516,1.36881701208667,-0.961750197678176,-1.39004735404595,-1.84630366043527,0.710529126576979,1.05445279245507,-3.40102210900773
-1.5416693111118,0.956877727332785,2.15283015998702,-0.503890549090251,0.309961421814518,2.73154729963269,-0.0132808811290719,-0.30053423066667,-1.63829802721761,0.514646236082033,-0.109927943585335,-3.3658972099009
-0.544611203582394,1.92487435261991,-6.39421473336795,-0.129667445962865,0.204614791802441,2.06684097518773,-0.098018301413215,-1.49064937919529,3.28021323247139,0.577149664776066,0.17507527737561,0.0124268258190443
1.97230521109076,0.704402608511809,1.2788015802523,-0.109611248534451,0.00168836042678572,1.86879952763004,-0.513033171862338,-0.0257517402647477,-2.539074775695,1.06863840794237,-0.579572854811629,-2.15876592431047
-2.05976724899116,-0.859873036134334,3.16313798813459,0.109070217895629,-0.0411370684036228,-1.84573211491291,0.0777388178915846,-0.209491312549923,0.316716064389041,-0.59172543985186,-0.237239675329485,-2.68445234930131
2.39413866382812,2.18999188904775,5.65066354647952,0.320525362418122,0.171957164917584,-2.48352491066218,0.0136315311907952,0.102733699780909,0.747729001403884,-0.194105682184683,-0.449246610216256,-4.00130682362796
0.000506436925060583,0.0884005357512071,-4.77403053813979,0.0896018650155937,-0.0597172119902405,2.79700267205986,-0.570569928725419,-0.0780922072846352,0.143807666483311,0.185870281203863,-0.492197871260976,1.04150161498391
-0.471865345709139,-0.543421967239996,-1.22854467324475,0.823614285302855,0.626784575613361,3.2052353673295,0.0648610290523837,-0.210024997476712,-0.257247721407404,-0.274363705075763,0.0398868124429907,3.59063872961697
-0.664277271779121,1.65846164176847,-0.249575847584979,0.0574963648737241,0.355453195555276,1.59575189721156,-0.953951001899034,-0.341430677013188,-0.329994322877995,1.39965583729852,-0.595412701006574,-1.04012641607385
2.28195522149465,-1.12940054746106,-3.67028792133253,0.783323783969424,-0.233769236856249,3.24927506609543,-0.254719739606698,-0.350175124593785,2.85301206045091,0.114399750667951,0.0207342439585713,-1.48983197231749
-0.738400041956566,-0.916082797136648,2.67202126637687,-0.761745811680356,-0.09794711764805,1.77488519437046,0.896699122924689,0.128401955255766,-2.05258645921311,0.48702549810437,-0.0679968352722046,-4.32077099594785
0.220047929062019,0.481862749241362,-4.30856107013444,0.0197934260022613,0.327550132180875,2.07812288174277,0.2892259291651,-0.239404490924467,1.87941216847009,0.246843718476178,-0.813341889358537,0.738228490997632
-1.96989937578615,1.14995314375618,5.29635840122698,0.429711124898682,-0.814213967561797,-3.64770982821771,-0.223446500262341,-0.742172408945501,0.807925167797411,0.11229599748004,-0.228767079858716,-1.96213588156896
-2.42334275840606,0.698407428528466,4.14549680045493,-0.384617530775539,0.623707688048829,-4.0101597867526,0.385043047857849,0.278831906543962,0.89693877563785,0.656024926845615,-0.666310291632312,-0.481281004201062
-1.0835664368189,-1.64548602197669,-0.307459396054135,-0.341844396147801,-0.170659289312589,1.42612481929966,0.0569610059065749,-0.122255561464406,-2.10870900137614,-0.151144744340776,0.51422627810964,0.759799352190531
2.72119443114713,1.29140398448856,-5.93557833457566,-0.386723331605077,0.252346907491306,0.778851855784628,-0.10078396264686,0.220724170234013,2.08551178449647,-0.936819503202642,-1.67228653174951,3.10135891648731
-0.633366268722967,-0.0206607792408627,1.21085976816843,-0.331101531651497,0.060134698753086,-0.904839989216174,-0.17365637383464,-0.402345552924909,0.848182208959629,0.320086412024324,-0.204792778691332,-1.81236801566295
1.53533533084067,0.647107567477547,7.44859685730741,0.0427296212039376,0.739730260787883,-2.95832643340866,-0.371352013376713,0.112001428427707,-0.347196897716774,-0.39408525211357,-0.146389019909248,-3.41592188527159
2.6877369960944,0.699469218656688,1.82292522280741,-1.04433533133881,-0.521465709538337,-2.79969339118575,-0.0148061839455909,-0.560895244734604,-1.77833103061171,-0.36491140460327,0.141349872810725,-0.229720177878193
2.07275001062356,-0.846936989303172,1.36876262938649,-0.869778395729382,-1.14707517111128,-1.96150894724345,-1.0106169423472,0.687800710693987,1.34593961531184,-0.128899573180449,-0.071876729149794,-0.996486743058465
-0.768564399735136,-0.293992442973621,-11.9940910163136,0.140820938207248,0.79580995980178,1.82767483328996,0.286529438974313,0.285667405043361,2.31757596894108,-0.348513515546384,-0.0695700731041721,3.35731563900658
0.411646252325473,1.07650596488535,-4.86763170213304,0.103013612594729,-0.28131629742877,-0.790147107690038,-0.301635211963916,-0.067131583166815,3.19381308135952,0.439519911757704,-0.138054637305586,2.53945683758454
0.25608513656225,-3.84504987191885,4.18451454032486,-0.230810351141764,0.0888454327512849,-0.344044267312607,-0.0987827982102388,-0.527458362171563,-2.26038269079412,0.896490264580452,2.3834712715928,-3.28415884924906
-0.481624830571191,-0.729780025982325,4.45872347057365,-0.58791171679111,-0.915957147324326,-2.28576360179888,0.597043483911356,0.37342801831392,-2.50963205319508,0.326955949985703,0.195138691137013,1.85532204358485
3.84011970536548,1.04185275822158,3.56795789999132,0.069435444082504,-0.518252901258607,1.39410570088929,0.133022639529647,0.0877002561017697,-1.90477927209413,-0.413978945770006,0.399126251097404,-1.75561797677024
-1.18119295386108,-1.32241171332961,3.42123176283221,-0.404513352295067,-0.195319222878324,0.258177152303858,-0.598956126020023,0.274737416890476,-1.84037701933447,1.04184480101422,1.17335287941756,-2.51988765128129
-2.79384283811259,-0.345158898402063,-4.21177808265538,-0.0771570033973202,0.227163892016768,2.77198591279353,0.0979426521116561,0.215280674835634,-1.40806690741728,0.889768703771581,-0.690898468189273,2.45064587590805
1.30048722693942,-0.4465351000872,-6.33329922088803,-0.0446753092841853,0.0609038659262967,2.5168140134754,0.565687765336278,-0.857655272798526,2.16925342355238,-0.0119764289688914,-0.231162406632692,1.00551577363624
0.0579294711128613,0.0641288066004639,3.91894637282646,-0.0784303382878441,-0.13935388812008,0.177490663520778,-0.520980953004657,0.330655712421067,-0.448418736580445,-0.513799860318439,0.570667142549772,-1.93555875518039
-2.70942509461105,4.01713481514448,6.40986328255375,0.41258246837382,-0.157370619809314,-2.62474634849412,-0.154910773779145,-0.0834280505345499,-2.47876258245695,0.761349317093816,-0.998645049744257,-2.94457685754541
-1.50305145926384,-1.04489365406128,-4.12954260057077,0.645848354760881,-0.231224212120412,2.74472406509677,0.0354763380775175,-0.138688135751596,-1.56703261025248,0.436912282259333,0.871339763331301,1.32943230175449
5.44179310729999,2.53799226308996,1.12566407504903,0.361359942282504,-0.10832250513378,0.251307966461072,0.0287729292713963,-0.111198956958665,1.7575960145574,-0.00533980361861642,0.563622005813004,1.42736584460254
0.291178540848775,-0.363642641894523,6.16088226431634,0.015666272420041,-0.715434420635285,-1.20764947400471,-0.0018070977674345,0.010663489843029,-0.315293473373055,0.138613586003936,0.921880935751241,-2.50377318259835
0.652193801328658,2.38411519830693,0.276711151658859,-0.260859343969152,0.534777692097875,0.495781593645742,0.798603552226493,-0.915016027373743,0.931717968832889,-0.282501805698843,0.106651962691974,1.23983234469855
1.08190798787089,1.055657782937,-3.75858050183043,0.0283658298209892,-0.0289545965915123,-0.389922328659125,-0.829303941519711,0.0189211612446361,3.37925690496559,0.397857391180255,0.00131821692015313,1.90403260076447
-0.650803369994866,-0.395495960053378,3.83866660971791,-0.0797977529682441,-0.377574184493818,-1.75704110103604,0.330318256656755,-0.361341859202673,2.04051922896894,0.129141524667023,0.246375149759834,-2.1168669462725
1.2243450373474,0.680001696879035,7.34015669781748,0.262431134594088,0.308140755724906,-1.75845802336448,0.31020112789713,-0.145429884950209,-3.53765716370926,-0.413303564547476,-0.328800159512373,-1.2786317418792
-0.17863090651555,0.871923242376635,6.79886166832084,-0.0333841841027684,0.0417019551142904,-0.151875224917277,-0.0709001130154567,0.915903187939682,-2.91604395903004,0.475374803441259,-0.423338955969138,-2.96623630182664
-3.36449850487177,0.648292633033817,-7.03566277831901,-0.237978291124664,0.23664362370533,3.05244439159514,1.30128784032963,1.49260551569905,4.00429041770759,-0.0911000812375766,-0.366453140631697,-0.332967005575192
-0.0214860761163665,-0.884874743734468,6.16024319333841,-0.0884450637560841,0.0852934862248017,0.318065637251328,0.538507791815358,0.503014966889939,-3.26485959923265,-0.79859356929161,-0.582506969264925,-2.68370255332341
1.08630354744887,0.042306007689671,5.44513941589163,-0.201124162907391,0.397381340645936,2.49605123817847,-0.789273917676348,-0.632025617851463,-1.98812358352211,-1.04208823675578,0.560519150230834,-4.20354567231932
0.0423592341235225,0.588190536806106,-2.50476002926765,-0.126602388739292,-0.526466759781553,2.17877028598153,0.201779988654169,0.128741250756787,1.37969226344905,0.235037627316763,-0.0237618163477612,-1.84532309533734
-1.08609941391214,3.10226896263518,-6.82229652403557,0.645762848475203,-0.35821236730097,2.49370881653515,0.433904417159352,-0.3443225441815,0.51347378039169,-0.661048893544158,-2.33707197432543,3.02276981911491
1.25594383932855,-2.94987836520636,4.99053072232099,0.0862532623924979,1.17428066704731,-1.84540653974378,-0.14675243632893,0.251835273650291,1.54491523445451,-0.278790760804702,-0.154341435103334,-1.56490977350671
1.21549650430452,0.562646781361582,5.54524450994136,-2.09203681389786,1.10833543692111,-1.92997112893885,0.471080838326027,-0.570641176078622,-1.9542965609292,0.251505791223964,-0.0131396044926388,-1.32680315904129
-1.32488838545468,-0.216048465859536,-1.98044601633624,0.572368848679654,-0.718606196848759,-0.646583496812836,0.11866251266995,-0.16708788461152,2.12491295552417,0.78443720253883,0.881987963495273,-0.394043577349793
-0.750449503001006,3.08974136107319,2.85794116750676,0.461672347826991,0.0229618537106591,-1.30350998625818,0.254298255240773,0.583978354342059,-4.06672948342869,0.321802871276904,-0.230703466993328,0.566805074352052
3.74888296710287,1.687359861954,1.53161237379995,-0.320415597537497,-0.451445633205236,-2.9137022128006,0.328073691933293,0.309141628068997,-1.53280398583991,0.127009460745567,0.713723640091514,0.0413122534912387
-0.285945603423915,-1.72092639696474,-3.57619595586954,-0.230450394353,-0.0431248578060046,0.42974026373347,-0.810340009244261,0.731669298126151,2.99368204233098,1.25073293114212,1.21119780266416,1.93201181690559
4.52875294580904,0.111319769303185,1.33021601204942,-1.51519939607108,-0.03989545491977,1.44477143893561,0.285344162803697,0.995176384929278,1.96286171126739,-0.265067775767691,-0.0182297171772497,-0.257912169872067
-0.902320793959662,0.672052058229221,-2.35778180335743,0.334905157376249,0.185943266664488,0.41789435233683,0.0825991220036479,-0.11297600702241,-1.84090623131372,0.354064688355495,-0.454145048409884,0.321890150305525
5.03700619222585,-3.77836924623462,-3.73472171327702,0.30509138198035,0.204315223051287,2.65677885346815,-0.303934242883015,0.0535906669753466,-0.0683263101934632,-1.23465852265564,-0.108387937386891,2.6333117336637
0.289179301659644,0.332723919094149,3.53804780842167,0.058055074608798,-0.559324629995176,-1.12567100528456,0.245562107721445,-0.339707100397956,-2.47667373103127,-0.0152651936660893,-0.225406461365258,0.385919590620568
0.834771298417911,0.695696670684897,5.64758943933592,0.168807406325677,0.231105438957788,0.131126024208508,-0.0644161434934958,-0.560713452258902,-2.68986107853525,-0.849656739038769,-0.564243465006696,-3.51274519492613
0.439729857651747,-0.332256188120086,-2.06747090232798,-0.15758223322537,-0.0454658485865216,-0.313965761905594,0.562263807877514,0.489254701748535,3.68815912635402,-0.949135358109327,-1.05760047029359,1.69844068146683
-2.41305919055738,-0.285505360008262,0.574322178404636,0.0469045677833205,0.0452865696018493,0.0386028564301459,-0.685626141607188,-0.440175403441193,0.0582187120570972,1.17150774300928,0.0245873521066442,2.7577832910559
-3.05950254621946,-0.0264919463597355,-4.04277007501621,-0.000652604929322498,-0.461556534990266,2.34161550030751,0.335926929676825,0.15623048458163,0.967084503770717,1.03498737279704,-0.126619911352686,0.889554246108493
0.483969598351974,0.0781638353768586,5.77489478890891,-0.385135151256273,-0.159562587890534,-2.15416007855574,0.0839382852873635,0.156095217693333,-0.143860282960881,-0.809870367099466,0.218710415280217,-3.99523642105579
-0.793063848425196,-1.21604826687345,-5.00111268863567,0.182149766602905,-0.601279832348994,-1.18106908507854,-0.661487222278737,0.75504999985406,2.40980490852012,0.494572086595098,0.436254846151655,4.17922209844199
0.0894515264263514,2.08083697058938,4.99559306397319,0.177915410230856,0.0300306164534672,-3.04501159891869,0.160216692798404,0.203177275343197,-2.09068132873161,-0.320510667561901,0.263928493859091,-0.442331255206129
-0.521909049702817,2.93830635749345,5.09038893172431,0.0135252313766352,-0.0541833268050955,1.36489634773118,-0.307754799607466,-0.242126430712347,-2.71796929454731,-0.0282837240056795,-0.0944655502354781,-3.32208332342776
1.13119561326808,-3.14932721862211,5.60751450367858,-0.235534056631907,-0.697072803575848,-2.73792005266888,0.185690638757658,0.541000111937821,0.103493931363454,0.0132090280910992,0.263901901421735,-3.11044625450393
0.0377961645823923,0.539699806931993,-3.10138425938817,0.766205825860061,1.22116364921517,0.272144858833133,-0.0539752145112389,0.497538589889463,-1.12145977732028,-0.445771277203476,-0.322938356511777,2.42255207168187
0.865459089719654,-0.999782071363257,-5.53349845067667,-0.603840276748435,0.211578284392231,2.19321118529006,0.0775599414364702,0.308887469748768,0.431777626610623,0.0175569838194649,-0.00371490588026499,1.77129382557519
-3.09286616357895,-0.130741953030507,-5.64815156445245,-0.288231479253506,0.44286150668424,3.57248271411577,-0.200388128508934,0.307089214303015,0.144587350191935,0.381839581706065,0.889899183501064,0.314529643856165
0.298100470715772,-1.41350609422646,-5.05087841643615,-0.338677547185553,-0.175850133836663,2.10907338073573,0.674825395783385,0.919400878402029,2.34271309728117,0.0292534356098865,-0.171524093981627,1.10714140899808
0.71282987078545,-1.60244014567521,2.89735041209126,0.0901532467812345,-0.0527012014088784,-2.75533742374854,-0.195248152895476,0.470413751899,0.0669465843446391,-0.244706372807867,-0.335647099212315,-0.704893306720257
-1.53989301550526,-2.38002267667316,-4.86454716476527,-0.505208509506341,0.0266335126015962,1.98971278577296,0.464394290884683,0.241232745427149,1.17682271125493,1.0966087669571,0.162308001897846,1.79278397245711
0.635692988028079,2.42217818509775,6.36120795394358,-1.19630770489243,-0.944468274609846,-1.98052934749256,0.507783776844843,-0.533235636244251,-0.148319323533304,0.325386962061356,0.347301491376306,-2.71384676775532
1.61177669826365,-0.00744108247922498,-3.34583664465227,-0.403789966099248,0.589488064370691,3.21260739326817,-0.269121289984885,-0.675295923183892,1.60408996133724,0.0670483558369793,-0.247113770064325,-1.94056105547293
1.45673481206008,-0.0579436075391968,2.42903685175984,-0.591545996925731,-1.35933516560387,-1.07558570030124,0.147506714482089,0.373382122016046,-2.80467470228582,0.00214613463720688,0.0166813923202769,1.57689094974273
3.5711930728599,-0.568445029254786,-2.39576821853643,-0.00858584443482604,-0.121370731229545,2.27328414312317,-0.0841517335732123,-0.269280725010051,-0.0969258201756876,-1.01427994399668,1.06906014676131,0.424130529056126
0.719515767296718,-1.97771319782638,4.32351858471929,-0.397835617144892,0.516620612726263,-2.89830613477307,0.170333037406973,0.316127024679855,0.651928388393838,0.916553112968123,1.27125197140065,-1.12601540659275
2.71178202620117,-2.38150701076528,6.94253420702813,-0.193336247309289,-0.14065270242022,-0.818372137443444,0.0291256406503771,0.364879510768991,-2.68463185781927,-1.75780177582018,0.657611051654502,-2.74333400298292
-2.02243743919093,-0.226748966671167,6.86507735814951,2.23809398277251,0.496374703191931,-2.88848922116262,-0.0637228648620917,0.0716844414162924,0.316091542896464,-0.385284920104177,0.523269478521805,-4.3427181743264
6.92043158978396,-2.9073721619782,3.69050087054722,1.97270669255954,-1.45938751062586,-1.89679373237006,0.161784896706981,0.0741672366187208,-1.06705955544014,-0.497627624648246,-0.345038652039524,-1.38594026995544
-1.16255153594473,-0.391621126372485,-3.9652953032756,0.223297120233701,0.481250731812316,-1.1859301895044,0.820540057767773,0.242997347873204,1.54285030423388,-0.0933367403938073,0.305915723316992,2.11265289428039
-1.05394083369795,0.560550744925601,3.75914402685301,-0.0140544936634407,-1.21031759267837,-2.31182002018783,0.067708399121698,-0.166151918783625,2.41091332874055,0.271883211847619,-0.203738734108993,-1.62833961028914
0.0690342948031129,0.295830026843459,6.87734224648281,0.51498396300709,0.351043294757123,-1.81363033126315,-0.149984710522618,-0.0635248058982358,-3.31408034967416,0.577568366734991,-1.69221969033835,-0.408529374234689
-0.0990586958317583,-2.26675630369656,5.12105386296082,-0.0114621850588715,-0.330649481932125,0.0696994911335841,0.145645516712502,-0.0123646966340308,-2.85734958894589,-1.33347681637597,0.588143051922328,-3.0800268150252
2.71002472101311,-1.26989165105504,-3.88974692325168,-2.09117528663977,1.4430489996697,1.50933692258141,-0.191217194421619,-0.271832946933763,1.9334149143283,0.0487959255617098,0.401901744325668,-0.329346147249075
-1.674609108958,0.00539613925716573,-4.64136679187583,-0.27639382723176,0.188483061110296,-0.253516647320857,0.0203250065322185,1.20280778679646,2.37951255209382,-0.14676846608567,-1.25690739233154,3.60398211905612
-2.01282459611484,0.860701640230757,-4.54618664591993,0.248523226817005,0.05240078005027,-0.520681467007418,-0.472120598134782,0.190775688859117,2.25610061465281,0.0102259351174136,-0.0726250713204424,3.0397494017494
0.619763579985043,0.297781195323956,-4.48822631961711,0.262985908211136,0.474937500036851,2.9589927963067,0.0633570460022155,0.2880049036172,0.00497325906805568,-0.675184959067787,-0.693471833079956,1.51449262240337
1.49488701880767,2.86684581840243,8.48470889791001,-1.11675352159436,0.374594901771422,-2.64182537175081,0.470047531114768,-0.00155397532662317,-3.48752469914734,0.525520409552182,0.65182809326673,2.62194897360543
0.0828561269394056,1.22166442433398,2.81004173617448,0.127092993837953,-0.0300566607812411,0.0397835529573783,-0.622767697923361,0.275393844738097,-1.54116317077116,0.150368148173871,0.0432407691078597,-1.04908174328585
2.24476477324397,0.577754351691043,7.69160521156641,0.093641200791165,-0.192695491403532,-1.96199746326413,-1.0331469575352,-0.514713958453273,-3.7275926099471,0.540135607430149,0.349610068644262,1.11883058446388
-0.387298445209712,1.35834667890278,4.42389029245352,0.704036244126139,0.281918037068901,-1.12815284864316,-0.0100392733666913,-0.0193528539213026,-0.784554821087206,-0.175435299117598,-0.583737280319886,-1.91688909700416
0.0798507275333067,2.22890813146006,-4.94462240071045,0.038149098193776,0.00131623068675763,2.8352109831782,-0.077692960095271,0.158748848351887,1.64929758246521,0.226714742772699,-2.25812339247226,0.887680945569718
-0.295106871085541,-0.975180040531744,-3.59060989628581,-0.00185223669188332,0.853727927546292,-0.233857928059998,-0.199901625871278,-0.457049177278658,2.04849414332307,-0.0973996337269805,0.293707984361282,1.16571668897031
0.343223594899834,-3.5674089072571,2.70445032404768,-0.0657042938953366,0.0747714026597587,-0.503648206435918,0.333831073828512,0.194358184037855,0.269893062501659,-1.06399970049543,0.586857818303488,-2.72992769203243
2.32435809139371,-0.121411936721754,-4.5395192968303,0.17611030750947,0.349063761212627,0.828321446418014,0.32032572311705,0.625970252113707,2.2322288776861,-1.04059023400714,0.287690316433353,2.39612544866867
1.4684871611381,0.331744023857988,4.58382216648506,-0.00412202187613307,-0.0438065245598419,-2.71867006100197,0.181372540447971,-0.202920523048705,-2.06866181504163,-0.598496374635371,0.0538279995027053,-1.34077827877716
-4.34578191947274,7.26084541095037,5.34723273635633,0.823163711625229,0.019357088784622,-3.25143850943028,0.027758775992088,-0.0888069248381884,1.03559037095025,-0.271108388421289,-0.401669365758892,-2.15477854301264
0.053080965155645,2.4696119591034,1.79831892891757,0.10779361894185,0.281804284627432,-0.72535779805865,-0.325128221385429,-0.612939564467004,-0.738294787703029,-0.0131546604805087,0.331716056424775,-1.54827499165239
1.49914088378437,-2.30367235792813,-3.95087048266066,-0.359238464747149,0.225865913705417,1.93159405835573,0.00791016524725143,0.292991512164223,2.90710590678759,0.0808377006970452,-0.197219217150092,-0.229065484129135
0.057840142091454,-0.586159802014887,-0.466195275166915,0.529596292775564,-0.00135121475791072,-2.76312457989071,-1.00633991922863,1.01092493556933,2.45700103258624,-0.0387801740218922,-0.219967159558824,3.17513542491713
-3.53285611400914,4.60518058170795,3.3133194840279,0.679673909382364,-0.662946551993861,-1.7589950359296,0.0280557117373048,-0.0830840581659286,-0.96001743231882,-1.34483422090929,-0.0856962548197625,-0.994342676784624
2.6107848072611,-0.300487487898467,2.87813767679261,0.0152199369487788,-0.0081979894644758,0.129699606977744,-1.19392213377446,0.636464640868124,-3.09645866066507,1.46921875023289,-1.34409852795087,-1.24855002711171
-1.4070570571727,-2.88363031735396,3.5197257557045,-0.103816034869439,0.409962034375067,0.0661961854298738,-0.189456273298591,2.29265646835274,-1.67859463735947,-0.213151177049365,-0.0112868241330669,-2.83779816242451
-0.499232314715914,-1.25185515663491,-2.87105341754477,0.0690744391694439,-0.0433692734928279,3.57963170944158,0.087170309447056,-0.200937225817374,-0.438447019224166,0.050506638701734,-0.00892747378005643,1.81758969717282
1.89195648362141,-2.1497388825253,3.95410708410021,0.738475155390701,0.302422186881457,-3.5291549587203,-0.191724865239744,0.0578028147049139,1.56981015144923,-0.886671502215238,0.762034450707296,-1.83097062022434
1.84076553800832,0.911583550476801,-1.64509935518711,0.200833771158678,0.210346770851476,-0.353968766103502,-1.00975759630951,1.01660209359218,1.19917270610109,-0.821185053997618,-1.13192211981553,0.879320283505485
-1.12168475073764,0.332123630241233,6.61384244691898,-0.0596934023619746,-0.0621892055948497,-0.763723262810326,-0.316339322298583,0.2634773532448,-2.12917926900164,0.135103931359664,-0.809520579133827,-3.3610010692802
1.21416486552463,-0.88731080117396,4.10579536101911,-0.0631570052782879,-0.0991081798314608,0.135075727508155,-0.782667052471583,-0.0574249941729501,-1.92235804582678,-0.459132814012115,-0.273140285815517,-2.6026589204732
2.25087457242862,1.13399642533646,-3.97784720776478,-0.705954795407921,0.384902968413427,1.86180463842483,-1.60648094658866,-0.0747020667067145,0.848746633455664,1.33619361584248,-0.452338207718484,0.278519512393203
-0.893000714134593,1.57036300251979,-2.20256519853229,-0.0506287814562064,0.901720634786533,0.0963431779122697,-0.0346491166442815,0.0207244071019939,0.759685174156891,-0.455981690565249,0.252506721619567,0.753809918549155
1.886122604857,0.486599676147664,4.79936181872275,-0.116612218706479,-0.0299251466769318,-0.10681461446527,-0.531026452819458,0.389347576101311,-1.35296875709587,-0.557525811924475,-0.60365733890082,-0.931091104601618
-2.09487474144872,1.15140978780333,6.20295761648593,0.068153360246109,0.00622546513489932,1.38808897928743,0.900413648166376,0.0526046990588221,-3.39230305859902,-0.324677746719855,0.395754049926038,-2.12763157446985
-0.657197372865666,-2.39821260079998,5.38992095746748,-0.303635500539672,0.0865072920417403,-2.8059126468061,0.104561824188089,-0.151481899196174,-0.624858580304433,1.42505464156885,1.99208567491234,-1.53695688390545
0.714747059982603,0.763858924253832,-0.962153352217187,0.10409428696758,0.0947818258765424,-1.27776458500446,1.50164887260146,0.280524715882873,1.53347895630596,-0.308452907640877,0.0466658758974795,1.11216317117155
-1.45690052179356,0.536604015914576,-2.26679626581239,-0.499772278809934,-0.232583834713861,2.80114358593099,0.63514681486537,-0.615371734097297,1.64124315013304,0.355041114951865,0.0535312419779027,-1.84732472741801
0.152719161297192,-1.99298671160286,9.77704322290321,-0.528497913766439,0.355793126332301,-2.73107919940523,0.0105295502554184,0.21430496060909,-3.06099240456247,-0.0554191208031809,0.155376521684464,0.475067981268561
0.60825151322431,1.8580091299276,-5.13171057991044,-0.0679946982527947,-0.111393039399765,0.278102645100415,0.516676838463736,-0.0390976624829985,2.08153827474708,-0.00998062110169703,-0.107139478914117,3.73056355809328
-3.50926783730812,0.668640277984593,6.5082119829156,-0.265853396198147,0.0271593300210968,-1.75878564143775,0.860751672657137,0.338521447244683,-2.85088153658491,0.0821241146614228,-0.889069456610706,-3.50749690166084
0.105384494213992,0.0258761842107429,0.36872339380708,-0.545405145297431,-0.138792706344346,-3.42697005776149,-0.493078652183502,-1.29771580719873,-3.71428079517169,0.0160536896227013,-0.0638600495063502,1.33801825368909
0.119882774909211,1.35227175088751,-4.67723413477342,0.00552216721034382,0.166306643118795,0.0827700561800811,0.285828545807943,-0.363416509416691,1.80694605830655,0.132164572020861,0.576907264357711,2.27508902386756
2.38345782393575,-1.02437967422676,-4.62324226192566,-0.41732446444272,1.1095733149216,1.61920122730027,-1.06415318167378,1.03634793474703,2.58008499203552,-0.0522409637582113,-0.0168792810562512,-1.519219941877
0.187088145419841,-0.677062637244093,2.86319119913768,0.905389505423056,-0.297756256169013,-2.45350305174106,-0.13957781824202,-0.0485317108628541,2.23885723918966,0.436559880357372,1.34610638736879,-1.59923143598726
0.0710255988702468,-1.52565501573,-5.50169666676558,0.171308153888825,0.0388994010124673,0.110025262371388,0.576620851187722,-0.286263145892484,2.36753292381113,-0.0219646131075127,0.170870107417652,2.23190444766467
-0.936847912326042,2.30244557794936,-5.32684821739911,-0.666417724642827,0.609881559652791,2.02370697425262,0.00857465449641019,-0.0940708346883075,-0.080914494936451,0.70086136536942,-1.44396508961711,1.51440196686476
3.22698951782295,2.05271193473018,-4.75988632192377,-0.235690199185865,0.572487395751864,2.08162831777427,-0.38808765724692,0.135366898547733,-1.0377235208429,-0.167908658224277,-2.58968867863467,2.45068501954026
-0.0232603596285208,1.1325322921392,6.79964670936834,0.792369606087564,0.0209467147307289,-2.89774607458095,0.442035496886882,0.436743358921844,-0.104010000396318,-1.23293227177181,-1.01851955089823,-2.92576403360277
-1.43820331521353,-2.92418945714179,-5.21678172996392,0.529634666911535,0.0600547179686996,0.229286911198583,-0.0161968962997253,0.0242213783269669,2.25812066999191,0.203538632954868,-0.222053516281065,3.05727073179904
-0.315458480797094,3.16750865664862,-6.03240701942577,0.221223182493923,-0.147032533697725,0.666994782937017,0.104070695294466,-0.0824991972654712,2.04459613056781,-0.222216447015126,-0.678015075150651,4.14894180194374
1.62112583660646,-0.239659762364776,-6.93864521617963,-0.060678919420936,0.0983684679386536,2.39808886088819,-0.380433770144815,-0.613402358652625,-1.78019515706569,-0.310628399307276,0.471462833114482,3.83952778521673
0.112783401304529,1.9251525802035,-2.64893227529788,0.111152950725526,0.152250764834311,0.445248373490572,0.556242135548512,0.0835123382567915,3.02359185479924,0.548690860420278,0.11169050203973,1.94248636177555
-0.361755082735551,-1.03244740627131,-2.72415075967686,-0.0588991421857645,0.0642428747847426,2.41688780459333,1.24909006874773,0.138811697482136,1.90727808001943,0.109344913607479,-0.066370671106364,-0.602136961727578
0.463566986968625,0.985420989531164,4.38459536908362,-0.0965801050352745,-0.864151922210684,-2.10192780830037,0.213129846761103,-0.0748384435841807,-2.93765942670731,-0.538387199955371,0.36072018820759,-0.296048893641988
0.928658205090767,0.988421460762936,-1.57786836563398,0.266017912296888,0.3446733297231,-0.924824114341534,-0.74942686199846,0.307239508509577,-0.221179613737078,-0.185103902657123,-0.257294237929588,1.75314724224352
1.9881623462472,1.28823783974631,4.04351770812269,-1.39898154070789,-0.266452632495273,-1.50678262595337,-0.155719277752459,-0.536208859320185,-2.50667892906663,-0.0451843416186148,-0.113783199457222,-0.050561286728387
0.403627072210061,2.98358090868463,-10.464138866177,0.0688535732089334,-0.166628695249129,0.43971722672696,0.195690158042843,0.252423355008538,4.26557466913745,-0.141498244713164,0.0645027024955524,2.28325550550787
-0.6736577207093,1.07199594927554,-1.14837434501321,-0.0634810844486109,-0.122482471973425,-1.41276437453262,0.142214306986152,-2.02028296849774,1.61359999939538,-0.946132815154163,0.856948155750435,1.40075046044614
-0.57974153128557,0.734747655484603,-0.226884395490816,-0.140290465324894,0.633037159238942,1.41651370563398,-1.1526441420343,-0.889786995193926,0.342842192024103,0.0453097040568659,0.23650013497321,0.78059153453322
0.842525084553801,-2.43970035510001,3.70482730458708,0.188306018511472,1.0581233505054,0.389140854831661,0.458616353652028,0.000300471703660982,-2.82312893945513,0.127320647352383,0.435005875646217,-1.56164506282769
3.00506751351534,-0.33801802134013,-10.4998605321791,0.692338266657937,0.0131422190584926,2.57933940065288,0.946491372210356,-1.35107402168197,3.04464882297748,-0.0589262699297196,0.0298067138953744,-0.459449687853409
0.404932333961544,1.22772619306482,-3.9122815690868,0.323170598268641,0.202583572670414,2.88533267258491,0.138804068140574,-0.0226041811566107,0.629914200846148,-1.14989888673149,-0.543813596816247,2.08736491582794
0.576557571843546,-0.775507725903367,-7.63091328185938,0.694421037687875,1.06004118309188,1.38101139611291,0.139943348538003,-0.0324595360493535,2.29378118187588,0.0450716076494785,-0.543626524453585,3.00099116597044
0.0142873718922534,-0.235150064217217,1.78116616540299,-0.212748700210221,-0.677187456209984,-0.98334851676925,0.463993487987776,-0.235240152947588,-1.74841429276022,-0.000184321070045285,0.0241943862170205,0.0257539142259288
-1.71891903011888,-0.0821445190788439,-0.928148405771275,0.115108581574055,-0.0109372314133626,-0.718378683325062,0.45546463227079,0.251951215284199,1.17371542973314,1.06081223443162,-0.133527754657967,1.07172063426323
-4.53204488503607,-2.67011624002087,-5.51628063471641,0.113929712143509,0.0953429484992328,-0.748134303958196,1.01435643327674,0.473513471742099,0.581589101307665,0.602236188398505,0.92642085491071,2.89096104427312
1.73600952485387,1.73786418910412,-5.43460688546948,0.0562714887052903,0.12838771235374,1.28545069267479,-0.231626285276238,-0.0621731977716385,2.14960694828569,0.164985228479024,-0.395572349672511,2.30143298818384
-0.429342073553233,0.211868970328864,-1.98959688636716,0.245625205646026,-0.164756381218568,0.574308480261539,-0.599113717558564,-1.01349699169105,-0.788816009883065,1.29227270977533,-0.487889015138823,0.0676849796939132
-0.57371212373052,-2.48012276578907,3.67421407730721,-0.179947347768579,-0.0961270080478928,-1.25851900425114,0.0768784325772335,-0.375924864755877,-0.324876188961287,-0.238359999955556,0.135793055665926,-2.66868724448855
1.82055747786498,0.104352246071999,5.90091684404853,-0.217621174016742,0.0652616987057623,-1.05222932272406,-0.736611946409745,0.865651295363452,-3.62489455093351,-1.32054889662739,-0.664039630333442,-0.788584605151904
2.3135934821451,-1.20077200368358,-2.47225655534088,-0.28091313732059,-0.375507005897999,1.75261486467196,-0.13166197427192,0.403494070543972,-0.668597423973883,0.411789299392467,0.41633903746435,2.93839109045035
0.107376680235847,-3.22568921577948,7.99540408161329,-0.507017530881838,0.434882176188047,-2.87308105268953,0.625524746379749,2.50959028119398,-4.11067373564333,0.287194960158187,-0.0735689780192716,-1.28764249095414
2.55803418567114,0.708108827156277,4.70092027464383,-0.0806915977627,-0.344256844683082,0.939040907497429,-1.08430943405448,-0.0739860846101106,-4.26760285150798,0.812839057900121,0.322239566154271,-2.45844645270931
-1.55887643694827,4.76197746603058,-5.81851034265235,-0.0238953673236245,-0.0635785347689422,-0.296990236664691,0.142915400823177,0.672635759940261,2.99883287681839,1.41593709226486,-0.976194478820122,1.90935074516671
1.89424279768947,0.517545270318136,-4.7682516932164,0.314235438703676,-0.320381587715041,3.23847916196053,-0.602219639184068,0.658321217367077,1.77603400435306,-2.00905726301726,-0.67006700611281,0.93542153650853
-0.644076684263249,-0.381525930047559,-3.18999459363697,0.18752599454223,-0.438603041622566,2.06990801332561,0.404298653844587,0.0461286904551743,0.156430213531538,-0.0779857144945799,0.224679636204534,1.77449716542301
-0.0569136672734442,2.57103176737403,-4.14478212376786,0.35465939269187,-0.318851711791767,2.26128435771274,0.100085274771235,0.419180957463704,-0.556052277472611,-0.12823174360384,-0.413522722440349,1.38813927214764
1.32678172260519,-1.77857794357086,5.77446464736112,0.147231447085633,0.24265214243356,-0.771089321215416,0.12259750492244,0.121351769597614,-2.31119600110748,-0.707702146492358,0.76532251728485,-1.38783734577908
-3.13317935968418,2.74953459003143,-5.70442095441727,0.217421738763441,0.266235003241539,2.11642817479782,0.0474443022700871,0.0193982945619442,0.555661618968102,0.570942051813774,-0.323934953061036,3.80810268069128
2.18038552735007,-4.29650462044485,-3.91502404764719,0.262589896194134,1.75632490166157,-1.58107859603085,-0.12953890563245,0.763463528955202,1.02408627989263,-0.597407365041559,0.000923587008851509,2.62439951065092
0.346034476554586,-2.1978264199502,5.54619971980965,0.215491055153612,0.869600881755488,-2.98739065135843,-0.226787623091227,-0.040267548030149,-2.4640229870538,0.0469529744337092,0.133105087380544,-0.871096167522358
-0.138689111622658,-1.16919866786484,4.13460246153532,0.254807030592335,-0.144118161092923,-2.42431387659519,-0.204889185672615,0.210114225798336,-0.949870552559011,-0.197969062329498,0.0840915493357376,-1.19567554449374
0.495378214291299,1.30548208098621,-6.23047697145735,-0.462121375757374,0.945700182749553,4.17269689847659,-0.211228864470238,-0.396201677122043,0.250987674470041,-0.688096662771124,-0.608370071490876,2.75095403281393
2.43651040838156,-2.88264570163631,-4.64695152632851,0.291282817754251,0.419598717244377,3.34809507214339,0.0511131356899815,-0.322024165128477,0.289374235761388,0.545521733742834,-1.07740625710938,1.25426387559112
-2.3419265042555,2.63558362868525,-7.15207160537599,0.147003921062774,-0.0869929858705632,0.658967574649911,0.102071350162678,0.0572897078408033,2.93371799824917,0.52289568290321,-0.345071108563848,2.02482827306265
0.441256451782248,2.24174441816151,-8.48252115009172,-0.656176558709033,0.217001675164836,3.26484431248207,-0.257224864720339,-0.34086855891418,0.551750098229707,0.155231845222473,-0.201998570240445,2.79903248856115
-1.71032510242798,-0.153068474814399,4.50848363661644,0.426796393081069,-0.234943859755082,-0.0571979141617428,0.634665556626936,0.105853444797548,-2.09227298171272,-0.315938210325983,-0.131984315726959,-3.5584818736021
0.715359320236687,1.99867809557724,-5.77514391932694,-0.0604718957425793,-0.318374401223184,2.58412158578433,-0.389563400990582,0.21277554081597,3.58736532987681,-0.962874742788682,0.214018159860779,0.140239776214683
-1.94492027278058,-0.085231620645288,-2.07698673931497,0.298317347044814,0.337302728292754,1.30389080789377,0.232492547808279,0.246564121735758,-0.102078552710748,1.02065403889691,-1.25873221167948,1.2678046285367
-2.75726322913944,2.76639102801078,-3.98312656150505,-0.383369655047957,-0.155524873112882,3.24032198254327,0.313257698722515,-0.443529937105028,1.20612923148886,0.238966990741078,0.305962974792613,1.94450226806235
1.5311728031251,0.479806424460886,-3.31945979748813,0.114789723148062,-0.172985812413826,2.74295652237237,-0.224781618840095,0.120621600965605,-0.923639223225515,-1.55856796579413,-0.658741694021638,-0.00108294975767194
-0.516840173033927,-6.14634326567433,1.40229449385192,0.248680418260871,0.506614399982835,0.699052358800728,2.38803365920148,0.255953248626218,-2.16025155103992,0.524298245480368,0.743565286313043,-1.02118563055139
-0.229344369168335,0.602428439043145,-5.7902676252173,0.310973972784072,-0.190212703327218,1.60656048517114,0.204859259057215,0.0433076068253174,2.87103317602187,-0.643174887425413,0.170599479005296,0.347601557870284
-0.28200064259293,1.44901344071786,5.53352939941093,-0.267422302224164,-0.932224925162504,-2.47341676386426,-0.133304607820727,0.0117087698821909,-0.0759360182149322,-0.33283006770649,0.500165008801055,-3.37013507464211
2.48754447726035,4.09961397690242,-0.527713096805241,-0.0138288180096053,0.101930936829172,-2.11056748869921,0.7148363279744,-1.21160820536413,2.31058734863282,-0.494696362916516,0.183790364327399,2.35343627067447
-2.31268715986368,-0.941462041784634,1.93409380855926,0.357265693273291,0.266670922312397,-1.44647543659653,0.858404534245293,0.448931410783687,-1.07034614675977,0.40808685388698,-0.633062593160336,-1.17304059567947
-2.00042207588635,1.2784421307756,-7.10277695954374,-0.303074508326487,-0.23931893669615,2.38682407912852,0.259038520992124,0.0150831994609824,-0.589554088784438,0.830045756858873,0.0222022753662048,4.40752300771753
1.57809186964847,0.557012281539957,-1.52507841085121,-0.13055060674877,-0.169901015404753,0.316846544143113,-0.332408145102706,0.453519895561807,0.893252592542259,-0.994232118986458,0.34633736642189,1.28498404283965
-1.61968776004542,0.502560050253176,2.33208912055996,0.231617724434312,0.340340112788304,0.361942510842936,-0.408994808757266,-0.556649382862668,-1.72964239913488,-0.387746844381792,0.259140082637148,-1.38991555738287
1.83189873593822,3.27215667756507,3.44393212110346,0.707920377111465,-1.65082636852811,-1.943544122784,0.0565284275924296,-0.183547472969691,-0.339080036102896,-0.828299148149666,-0.535416046842004,-0.81105626969346
-1.35869407940875,1.03768363605775,-1.57216995244064,-0.369082450089179,-1.19033702458053,2.77598268913078,1.10218007626528,0.489223318886837,1.97347032985958,0.159615925861811,0.138268948956015,-2.517688752239
-1.06273072169633,-1.21155304619758,0.0641551707273176,-0.893249101953081,0.788976521719199,-1.20104229917911,-0.0205702370123564,0.128540691237125,1.66917243808932,0.860168430240637,-1.20882483177485,-1.89655168950632
-2.4499427836409,-0.118895465274239,4.66875501229939,0.0825268491130681,0.0838292584485715,-0.73575626822001,0.797002337480012,0.064060135674616,-1.65396049909021,0.886379664950662,-0.565502873622008,-0.0316480629046028
-0.165162981557284,-1.15440840478582,-3.49294469246398,0.168588043286991,0.973485011787188,2.62526117171459,0.965199206445585,0.377691276931739,2.71510494127757,0.0600480613916085,-0.12999696309548,-0.279665545121838
-0.504523899325938,-1.23756271973162,1.56064105490353,1.20241534064902,-0.607577519391126,-1.67999734675529,-0.327083270471288,0.073230935238857,-0.483884811012472,0.512325307685742,0.964114637891215,-0.676598500247301
-1.11870590573567,0.309427033585815,7.68654961393364,0.635407370374859,-0.662722703587642,-2.37618622163461,0.0488301005150271,0.363125499615886,-2.41431614259773,0.32697569272913,0.10699256783666,-1.46430437135846
-2.5966776254737,0.697386276167776,7.81220105761417,0.872992533217428,-1.0733634219536,-0.869234433044852,-0.122371073372405,-0.19127840645124,-2.23153096211164,0.0892085684148307,0.0488192832452787,-3.58275494263149
-0.825510878451818,-3.52271284833212,6.1501522428846,1.21739081788766,0.54453736404849,-1.28293604783983,-0.120605089373851,-0.422931694688421,-1.44882953838041,-0.890657229972619,1.04895562681586,-2.0155388892229
0.917528850471395,2.39531521966593,-1.84972592328217,0.239233416378708,-0.0342543593936004,1.32206732009294,0.13254061333708,0.179400480826876,-0.264966676707298,0.0148100070968023,0.615542440535728,1.37001894443744
1.39813838053471,1.90674943574562,-5.5970663235921,-0.282162526382008,-0.188972925472985,1.37900188816992,-0.353531517063717,-0.546529296716113,0.772814770607576,-0.865608343836172,0.649857090171056,1.72832885769923
-0.951187499370584,-0.429518761465218,5.99712192964502,0.13407935937048,0.127760963965686,-2.59760227084289,0.0851355472484945,0.121033702461935,-0.940338212935811,-0.292439471431094,0.464469932185845,-2.5646280968537
0.975975834091288,-0.955456784477744,-0.961484294396842,0.369578561542485,0.525832626010519,1.34256510130295,0.150825457419885,0.390932685647918,0.206695865833801,-0.80838317194359,0.467691750700967,0.0124284513174834
-1.17015328095823,0.741110193428185,5.37210568159385,1.4754736154064,0.176062526580548,-1.27382460228004,0.156221160905537,-0.599106492295856,0.254344729496138,-0.832617832936397,-1.46065950426362,-3.33567219840836
-1.13187212136657,0.0804967304933489,1.24884360933137,-0.0431299789686452,-0.294632361303932,-0.644949248107248,-0.30907888215964,0.410720355204782,-2.1830737542666,0.467301479011402,0.541519856784093,-0.186266990397265
-3.43765683154107,0.110389038158379,-3.97526048913643,-0.0168012935062261,0.643938192785483,2.20371953432791,0.328088780956652,-0.126820512246189,2.44474330931855,0.368070881763384,-0.409265768623526,-1.00154220795168
2.0938844370907,2.71719192838297,2.18529740883459,-0.847314213967142,-1.57310347912995,-1.25216264287598,-0.443695400516249,0.110588098254778,1.75823393033577,0.834852683239925,-0.308229378960066,-3.01232101403581
-0.430984085475496,5.58895524268236,6.5731033526372,1.63955548624322,-1.44274182983761,-2.57116634380383,0.306705501145399,-0.409100894027401,0.237443706271743,-0.139530281160752,-0.0804388562881039,-2.56632530269784
-0.587954656481663,1.91896802125808,-1.38963269217977,-0.0408913724311471,0.156248488262187,-1.33126293886869,0.072599124228885,-0.328583057452742,0.41223233869177,0.462534905024086,-0.172948188619975,2.16112872243109
-1.11527513835276,-1.87497292915376,-4.73770129178207,0.525455994384951,0.457780549879882,1.36985193518766,-0.244594138218956,0.721274449354717,-0.338203674112571,-0.104652996220541,0.0704851932651946,3.48190304473753
-0.45290292168316,-0.92658714427968,6.36388096014351,0.512013593142953,0.460731140635904,-2.67855066570943,-0.466593649740929,0.0936317847700463,-3.99997546794795,0.174755833833595,0.0875612945626139,0.128346822049639
-0.47553490306734,-0.472357524968967,-3.06553746843663,-0.0495953178060958,0.359286774008294,-0.417576062868108,-0.23006358073511,-0.329917206912836,1.374511938533,-0.629341264309703,0.283017776236411,2.39474340384908
0.189474523812698,0.553341129363263,1.6584278636707,0.00496805601646699,-0.328351204849344,-2.80964680033261,-0.412662636277167,-0.0324539298074568,1.04122278068211,-0.895727509206504,-0.75599411325864,-0.927093372791925
-1.88556229238879,-0.675007885862404,-5.85981035718938,0.376562662784402,0.368530110767361,-0.713840945624751,-0.755017222829525,0.914341196648123,2.40047458539536,0.323068482187103,-0.378854062227146,2.96464385867219
0.224524245499595,0.349751238859195,7.72398439434827,0.351161432851451,0.0465482313982864,-1.66488250382218,-1.00414678703277,0.631621231392193,-0.893199265374172,-0.182057155320679,-0.186343112595821,-2.34092295780694
1.62691198313232,-0.74205061662465,-3.57393832014545,0.11542518426161,-0.0376372010503869,-2.64182386168264,0.0407940364910859,0.323784851213858,2.2607059779846,-0.940540536723309,1.07085947920682,3.30667525921579
-0.774895026157037,1.98524893033317,-1.26996100752125,0.421407801333999,0.0190677861508121,1.81975321972969,-0.0614559460088283,0.0277461992582139,0.282895963007661,0.273761021726458,-0.612647473022229,-0.471889543171797
1.49024020040094,2.13563450065735,5.62339647698432,-0.616893903777426,-0.849551123286176,-1.92283954036754,0.0279920916398361,0.0228793201065561,0.584136246232896,-0.0479964251893136,0.262281705986576,-2.10485096586966
-0.76295455435182,0.7855900000642,8.00369951923223,0.898571466848199,0.256639786818165,-3.17743266867312,-0.31217008634191,-0.198610191044634,-2.39070521975975,-0.329056111924027,0.221150282345948,0.44223242542871
1.12574739979179,-3.03723804881587,-6.21567526503786,-0.284755601170268,0.358079227792976,0.880028581112855,-0.0760427576293704,0.0396237809086748,2.97355218859896,-0.231146272454486,1.54254736021384,0.661270087898761
-1.8196784891256,-1.40888238017679,4.8667513074875,0.272648214353368,-0.305665659429455,-0.95855926924269,-0.0470962615688332,0.0269957302774961,-2.79824247921177,-0.0461254963651565,0.562510121172808,-1.13009753807574
-1.78622961189541,0.567704298409889,1.67316511840494,0.181371565228837,0.403419624105441,-1.81536517667789,-1.04160873501739,0.826540001878515,-0.170056460000824,-0.184832568327755,-0.37343476283561,-2.37839216318693
1.16315493303067,-0.506724155430811,-4.93798765023781,-2.43647641378123,0.587902483788766,3.38781033864516,0.556813843023603,0.422547133307488,-0.202137564239843,0.0350765855024923,-0.607044774560996,3.42007890467765
-0.123800181417065,-2.18407985939473,7.26325045336998,-0.134921976402062,0.00138558586469912,-0.841130422612678,0.170311054174434,0.280519713957226,-3.15019886073106,0.708958424403813,0.488758563898153,-1.19008868518012
0.587623982772957,-0.42550568825732,2.84201180196438,-1.10614862856883,1.05229740956924,-3.12722832834835,0.245613170305045,0.336536756568299,0.659203286096942,0.399908774843153,0.0807384826169998,-1.80637979768318
1.2782231869162,1.03658738762986,6.81185209036045,-0.310568004777095,-0.35193611634532,-2.35375062962971,0.246330273151282,-0.971034933213622,-0.126802033997948,0.0361724725567999,-0.0339948439880425,-3.47814098796404
0.278632922507358,-0.712524295281313,5.92925436667156,-0.178349593863895,-0.161985801955828,-0.166520500545894,1.27778478091269,0.737337719071597,-3.35223459839997,-0.538190540028899,1.60199518534055,-1.18484123185274
-5.70846308928189,2.26144938329036,-6.44955220076503,0.761301132043828,0.842653935113617,1.51012650646953,0.0881792542733729,-0.204968986797678,-0.547945587162206,1.72906418094667,-1.69904941794449,2.71207541211404
-1.71958177675952,0.454221259278847,4.87929522020743,0.367884035109361,-0.182789031898405,-2.51354779973674,0.0636821530671183,0.303491549968665,0.373591853772275,-0.0867369444876189,-0.245110101193911,-2.9344238831563
-1.53318503777719,-1.17156615333112,-0.282481615189067,1.19370296775457,-0.0319917900958227,-1.48449481339196,-0.00272525387568825,0.338086876774967,-1.20420134573912,-0.326541472620801,0.311949618700462,1.07199932367392
-1.91956545937747,3.54069036233247,10.3957609516962,0.214018108616233,-0.402445528785969,-2.02491001010479,0.0794585359074244,0.251919519254131,-0.727057203986676,0.0306339036721379,0.201595947265014,-2.50520880222432
-0.663626716448805,-3.89833033107395,-3.26517949586406,-0.931552781462318,1.47307915393222,1.43977939921832,0.521590810913294,0.252562586912572,1.75209356283084,0.688097181615152,0.465265831410519,-0.147827744617072
-2.61741017219003,0.270954980870822,2.0688839598991,0.812658405070283,0.0263631320307177,-2.55941375980327,-0.0201649523044393,-0.327204655137509,-2.79336628589107,-0.02210977033413,0.45922189235901,2.53688566514233
-1.4886042511624,0.163967728882695,3.80904588432208,-0.0695103948719732,-0.433174439547743,-1.54727545809589,-0.276067208941535,0.158014777047957,-0.834861317175503,1.46210127115137,-0.251279865221243,-0.773168254944535
0.401612877300465,1.28950708905321,6.44680026723024,0.383059386324961,-0.982763919119374,-2.23666229649863,0.112065923871109,-0.0306848000039067,-0.260562169032495,-0.050604387458478,-0.0475826144361429,-4.30343557633535
1.20427832145343,-1.60509463082351,-8.41893184221392,-0.307019425349868,-0.0273035733771092,2.68027128586445,0.616326891998621,-0.225270544770156,2.19768782349971,-0.692286652004938,0.836402526714747,1.65939791729914
-3.40905303800992,-0.264667285339372,-7.07186466748395,1.34273895214701,0.319710434011207,4.27159804208901,0.306906912532458,0.979877909704392,2.17947876921183,0.000597154074774575,0.154699606517357,0.868414742610896
-0.344769737409725,3.29457868081699,2.41884707653219,-0.328103495685461,-0.219967582636982,0.415556371664327,0.390385567952142,-0.138259160446054,-1.77881860711342,-0.462511162994495,-0.38381717874732,-1.31624646596535
4.53867850934958,-3.00360936787461,-6.4560826429629,-0.704974187042257,-0.500683634884635,2.6450115595902,-0.372023122580698,-0.0868476855978884,0.38608911718714,-1.13108978142021,0.521920203228499,3.72643609677559
0.82554986197223,-0.370000937026655,-3.59939937793093,-0.350013269965552,0.278939992087126,1.87005446431135,-0.10204761014915,0.0415008606177977,-1.74385450784207,0.211507905299855,-0.107444686426888,3.0224179859218
-1.25208041724531,2.7583993169294,-5.90057700925099,-0.109298039176722,-0.00428340174275977,-0.670637762211971,0.247742150069023,-2.54168595899272,3.31788041957816,0.294800574689759,-0.318346963742708,2.30427687698315
1.48633733021904,0.0179332970541545,-4.9709443305453,-0.117750957769982,-0.0974931242639322,0.48560246748835,-0.128639123189858,-0.383606509016683,3.61918906796595,-1.18895621976916,0.0560245169298224,3.28012683078126
-1.56250780358258,-2.02076875195899,9.32624227119031,-0.113915270386111,-0.334998728313015,-2.34508067834789,0.152902409171118,-0.304163394871219,-2.50940215196807,-0.0699951241426198,0.415401644720954,-3.12034870524716
-0.521992130377273,-0.723990680888834,-5.71423466313699,-0.260628768867486,0.164304170316555,2.4056231956435,-1.42470727230733,-0.286137168620755,2.36140655365625,0.147549719317706,0.187765689646514,-0.447990847220888
0.655997768672507,-1.09309209823785,5.873250549892,-0.139812424356797,-0.746610774847598,-1.72061306394399,-0.172200193527423,-0.0651250757552626,-2.67922058435415,-0.00231909759076415,-0.293241569833781,-0.440352660941705
-1.9030551918052,-1.14780605555107,5.94887489798149,-0.0509894141918431,-0.199535320695833,-1.57008907997435,-0.107927892592464,0.220002998381297,-2.01745892130594,2.06713033558629,1.10487654283204,-1.15904325691681
-1.88672202166309,-2.59729868807429,-3.14643305826915,-0.18953535273031,0.55867206634441,-1.51607876688595,-0.467571305816959,-0.704008003424638,1.25568058736173,-0.0651964442801505,0.62368149524665,3.25670853190709
0.691216756655399,-2.80816311392641,-2.87919991241941,0.131919985480403,0.0674330964037439,2.80896082473286,-0.00406881214758947,0.657706648655134,2.1640301851391,0.0116484578327545,-0.00380498531239472,-0.585303964871854
-0.121311107232438,1.91925083887109,4.31372575993789,0.168060447495218,-0.137098627549873,-1.73781407007539,0.388934959648289,-0.244791228229658,-0.9246498852405,-0.0820448835013726,0.622224658229278,-1.46590669072926
-0.804316776506364,-1.05807876118034,-6.55573632505972,1.63956218335326,0.0181086432862599,3.39056958422597,-0.174148716738924,0.404912181986868,-0.135936746582556,-0.340860697988788,0.770754846279101,3.51674368893664
1.80681476212218,-1.97330768633058,1.78420715211227,-0.393358826842682,0.463385367409857,-0.456285168453182,0.0135470390344011,-0.00347054081441578,0.152720634986588,-0.923564082180189,0.0905869246483934,-0.809545464562638
0.401211356103282,2.3988503178691,5.63946029749686,1.93454677393527,-0.672303821355735,-1.49496785776586,-0.242440498494347,0.96519831023272,-1.51536493343055,0.0898611984850925,0.000143117408249792,-0.106700617265102
-5.89445388040221,3.34189701096803,-2.43629074400488,0.360232408152616,-0.543481218295077,0.53370276875725,0.547607928540343,0.389457138596906,2.92665451929607,-0.1358716619575,-0.276619661252826,2.83473719627416
-1.05072845836508,-1.22295695021026,-1.3543142248495,-1.12833826121704,0.92238606128392,1.29494008164892,0.194504286742301,-0.111842144874137,-0.678417471044673,1.96346727119729,0.698819949433971,1.99606370575999
0.18804402036513,-1.63504866764009,-1.0761147127468,0.156654923265541,0.183822248344033,-2.00519947388708,0.332935845643491,-0.331597590891281,1.57423708554852,1.21255574212979,0.409938319058841,2.0260095619695
-2.28966433158912,1.85337571384736,-4.76174632515872,1.17743691385891,-1.62879057945831,3.16186187979762,-0.154293506911555,0.248098192226417,2.39835347182154,0.243471303709149,0.11870685911557,0.470888497571886
-2.12997712263401,-0.0403733072763139,6.24640349599548,0.279329317896117,0.546990325573541,-0.248564150645826,1.49941980583465,-2.1727773834662,-2.3380300587317,-0.256639681727698,-0.21111026668626,-2.74421623786421
-1.41163262779604,-1.03971273915807,-1.67288909579246,-0.0174778281219544,0.442678607087087,-1.16942885705914,-0.129251499566813,-0.235355521755571,2.70983672520332,0.868439449307971,-0.492540396079479,-0.070309129521417
3.54112056067313,-1.42015717315688,-6.98492660706542,0.0479672430116756,0.782264090888386,0.902291732557837,-0.744788625329663,-0.365468438894695,1.11948237334332,0.116664431818462,-0.107971706604448,2.86424535818117
-0.762967364295315,-2.77804157829344,-4.06610067464964,-0.33597983749513,0.0725208709376272,2.93045979005024,0.117965857136539,0.255591357058898,0.224298788518026,1.51295365166891,-0.724778273137106,2.240554527209
0.760513978938471,1.27529956362109,3.35637415671976,-1.16960437618449,0.528470095656296,-2.22843541866798,-0.0803708798229628,-0.414091998019478,-3.51873377466818,0.497454257708703,0.00709604565949533,-0.241105537955772
-1.74422619956835,-0.00281616925770617,3.69161603426376,-0.113248855513892,0.426304334459934,-0.493188732946107,-0.11414504211272,-0.822604056687641,-1.33177524977129,1.18822551139517,0.660744440359039,-1.93037430611584
3.30503948099535,0.0578791843229138,0.74327880995195,0.0973210785253239,0.189761745982164,-1.84341877565298,0.2654532667235,-0.0939954478197342,0.637255810620914,0.394626506349614,0.101339809319451,-0.173307038511288
-1.10285268855655,2.35916218433956,2.72210776127011,-0.14975839663634,-0.00799188098770937,-2.78524087013356,0.251809044310269,-0.11318748194577,0.902605722997801,1.42777297503662,-0.054174262935471,-2.79447851582614
-1.70259670974613,1.82594490296613,-1.00712194015329,-0.0690160748083128,0.313902572279464,0.624019477433597,-0.343241357682189,-0.0629225932105908,-2.40885528878144,1.34656839957871,-1.84046594823588,1.98626371583157
0.970292356453577,-0.437543259964668,2.66727752984963,-1.43181950372299,1.56575673506772,-2.03824329043331,0.241895898920554,-0.242935995197464,-0.247298477588288,0.286834122552517,0.378315240415552,-1.48866865591298
3.13764377168449,-0.389614779838011,-0.133450225111437,-0.735590518439118,-0.412087468142133,0.744649493686716,-0.0562331110569014,0.0879488591869611,2.43074761643803,0.41088883909458,0.721578038825372,-1.17323166447548
0.553609190809681,-0.00943194379558732,2.88654140867664,-0.443813468487354,0.402533227495749,-1.27619087972681,-0.118565352097292,0.190969154388488,0.127953021616829,-0.0875235317383923,0.310546662641564,-1.46958087770471
0.67001618974197,-1.83121248186155,-1.92855425958884,0.272047889412332,-0.398209891849772,-1.82868865660409,-1.01345842666325,0.965232775089602,-0.391757399129448,0.0713141246459507,0.362000132092903,2.02808883541269
0.0256577129062662,-1.37589573479155,4.09530963596104,-0.268326983419552,-0.32741970444963,-0.633174082309858,-0.383973016063488,0.463598322447381,-2.02844210391061,-0.288645298150571,0.265634797214519,-2.89536205750227
-0.153787717971921,-0.962806668667905,0.755435919090237,0.433478228416376,0.397998132875956,1.25571076699994,-0.207893711615838,0.434020918857697,-2.07685094115986,0.228390362212136,0.0593523137182463,-2.31572704985994
-0.494539730233867,-0.725146435016946,-4.51041962114006,-0.218485939511369,0.266450814743815,2.43567761542198,-0.0590643315367312,-0.304583133952484,2.03124365037476,0.907196136949383,-0.208741083522881,0.396389029380737
-1.59687010081196,-0.523109797941745,6.09725447600435,1.16719937911262,-0.0567278771028139,-2.87888921495323,0.0353122801912342,0.125259887586332,-3.06613404414597,-0.0195131176894826,-0.300241229511221,0.90595243822299
2.47317117360248,2.05779871679186,-1.03137222515505,-0.510987906176737,-0.122937086038114,1.42675498528628,-0.154163166610327,0.0911324227378256,-0.0348690036712193,-1.22048987646235,1.99491293484317,2.76131770684705
-3.03015200419579,1.62543808037017,-2.80130013384082,-0.116910574349358,-0.810380495116398,-0.171643877820332,-0.232011383548079,-0.420036736484171,1.09915351336701,2.43830990396744,-0.153188942496786,2.11768504989828
1.24291814965759,-0.00963246389315453,-5.45277880985294,-0.32371716460861,0.2430389829854,2.22580122922641,0.248986628454128,0.208932350827251,1.98720624431987,-0.127032147762064,0.0895976781715455,0.291323623035312
-3.80239909562563,1.19638068964452,-3.44194475280761,-0.0255642774831646,0.360275360911939,0.794490521051622,0.731976229182515,-0.288447526876188,2.17893221221243,-0.741999657043352,0.0352026769364333,-2.09405745462217
3.31474987940966,4.37274015632498,1.18310669299354,0.180696770384247,-0.846471184195587,-1.36809308183536,-0.0627542350338353,0.0906663044130253,1.33785109730906,0.217371150775382,0.0124588692790567,-1.69829352160222
3.48220464114632,3.34613310713671,1.85275189216799,-0.117328700796392,0.0575335203110488,-2.32111743661881,-0.102313178105792,0.0960656384878398,0.943656725922212,0.45159428725047,0.599776359233103,-3.20924229003273
-0.146086100640176,3.75991213502839,-5.66729478566992,0.725022805323033,1.43026297430694,1.61162061618602,0.53561496169817,0.398702441297694,1.71011999105926,-0.854743648412334,-0.22976877483335,1.34203821399077
1.70539743956159,2.44687018269838,-7.22512524037964,0.485010006354677,-0.201722858191636,1.56638207047305,0.249117589944801,-0.342972143643375,2.42871832304575,-0.669329919678046,0.0594916639345664,2.05505728753198
-5.33248335311715,-1.53351458532743,1.54414441089882,0.221259510152551,0.393354666959719,1.88185815362635,0.620203141088629,0.308287331591223,-1.3802818479593,1.39019954646588,0.547903264041817,-3.11253780372626
0.851663982318367,-0.822476030345876,-2.27256850757346,1.24370362010391,1.71135419483007,-0.602495367065601,-0.135613159117281,0.28324005862875,2.38966934747392,0.102895436785563,-0.547107269247095,3.09973803969876
-1.06133736605982,0.67054289101218,2.44784924157827,0.50118039540843,0.0559478456633706,0.161446360927243,0.323137074706559,-0.233047386602145,-2.18239442228706,-0.142172468036351,0.202864836369358,-1.99973359445743
-2.97678204575576,-1.95101247025736,1.36940648153963,1.20639021562931,-0.29598369541419,-2.26023130939496,-0.0045171252228776,-0.0807778947378936,-0.092503453667869,0.324811758294015,-0.0593852999819854,-0.370664187138833
-1.17861925179045,-1.32926078197676,-3.6228304032423,0.0642013206693923,-0.128215316427931,0.632595672706935,0.797647550292518,0.232725929355263,3.23124305882292,0.699521831224648,0.0361892830713742,1.07835378723619
-3.44985575711077,-0.83388047124903,-1.81410179353614,0.215211239212895,0.400649426955364,2.22106801741212,0.131967746889578,-0.0576651261829445,-2.68205128395454,1.08065220763213,-1.06684550667158,3.24504442786663
-0.307757764462266,-0.329948797004312,-3.29335254434683,0.00682189410528707,-0.204455278015391,2.63205216706333,-0.610741809781517,0.402866078187173,1.92140674066836,0.267728138592157,0.239276115491848,-0.148007523250397
0.881537452088638,0.214641668551848,8.6213276940584,0.561732921493681,-0.593322584338625,-2.2618133714509,0.124632803174272,0.0913970267087855,-0.438229733483355,-0.926141539036997,0.422677003302909,-3.8286788358131
0.238883879244349,-0.826417390774934,-3.17304928462876,-0.32415464499265,0.262841131849936,-1.96479095575458,-0.885287839269986,0.140224695878357,2.82228457988045,0.0314500025563931,-0.458834465931259,1.77800173672254
-1.95594660525107,0.0306207709888617,2.09785036721055,0.262815554592046,0.190216574686132,0.79462167358204,0.837950469965305,-0.455601636954819,-0.523989106318832,-0.0786875466060272,1.09514585748042,-1.27757642326629
1.58058740001799,0.0915592950574563,3.54763169106769,0.2693770122405,-0.624341716857088,-0.272409861764906,0.0557021713874083,-0.0138474987500557,-2.82920475684742,-1.09560415855243,-0.00615851161463604,0.226859698044495
0.699126402059912,2.46066447812392,-2.43758942198598,-0.144391494083167,-0.0382918578055424,-0.951616126350338,0.0985200676557334,0.013554826984778,2.11906255844867,0.650096749158904,-1.32757493999229,1.21799517322904
0.514750645540249,-0.410691420728496,-3.98001829166123,0.195623876961675,-0.344567805766788,-0.597389300087049,0.270783850834335,0.536138980098005,2.53349735470382,0.133155117433977,-0.142907171973996,2.95951920553693
0.399479365381928,-0.470607549200396,6.18365491526112,0.513138073712043,-0.100628621760039,-2.99019904004907,-0.254655561977585,0.42051946938109,0.36090537166297,-0.538215194902697,-0.083925903407041,-3.04937742184785
-0.759341516477495,0.975217505128265,-3.95479437492774,0.342230290920418,0.00123838770927794,2.15467564783701,-0.762061932532027,-0.0939222791131388,2.08321648680507,0.11265215001582,0.066660876520857,-1.38815860714304
-0.75323183175286,-1.2393424474316,-4.82089080193185,0.541222575603476,-0.384991461983312,2.74830222806039,0.150817049128905,-0.0264136880745117,-0.0368547497715709,-1.56625019575747,2.24917456024453,3.07272999991941
-0.342654020803082,-0.121892519909159,0.0367182827771111,0.848444561926058,0.416405762983846,-1.91466745774067,0.438015028949881,0.240552751694359,-0.510725364891565,-0.93188740330946,-0.530002676359118,1.85429951864961
-3.39119181835325,2.7239001727473,-4.87555336575695,0.325201347696037,-0.889432623459152,0.0549744237819626,0.00933643613652005,0.132717919143869,2.48163880750603,1.95274915390796,-1.42927156637863,1.9406909213522
-0.24935840673475,-0.0245641080884551,-1.46344672564295,0.228083130238475,0.0483014179482535,1.52338897614722,-0.0095461168947355,0.159005990612031,-0.279859817770983,-1.48842117143651,1.25951383343449,0.699830343469189
-0.807371980387209,-1.52640567062935,2.0131997599752,-0.33967896593604,-0.120386233319578,0.692101007637988,-0.517733599960668,0.254374225065318,-1.67084103512334,0.811137963074224,1.07079545759653,-2.07768211810071
1.77995888747094,-0.609805383025416,7.49946989758111,-0.392884453125065,-0.363385137637829,-2.0975766673827,-0.0996049807438988,0.144678511108806,0.298123994828676,-1.04723236517403,-0.346610692368181,-4.2710679886165
-2.24232886778363,2.1693056937012,0.877596331367135,-0.0413740235521688,-0.304838600124057,-1.35955800952655,-0.269249033833671,-1.76914898015727,0.982326899620444,2.42982416485225,-0.15548821760599,-2.67383307655959
-2.9411407135836,-1.8315098148163,2.96447428460998,1.3274322126948,1.17145220522785,-2.74625435913294,-0.435817888302233,0.0824522139193673,2.12942487086136,-0.0402321815913837,-0.654995419216965,-2.53290790186982
-0.479392366127947,-0.153568359663336,-5.18891250997917,0.0120689703172418,-0.0769512524597457,-0.324722127678608,-0.225838324283184,0.82360492142331,3.2987811150441,0.122020237650971,0.300477985148378,0.604395863002888
3.37914011131164,-2.15699108996051,4.23437625533999,-0.509848813574031,-0.0253006296392133,-1.56557771692007,-1.32409312070815,0.327560878406251,2.22914561236082,0.79912885643319,0.537284998256567,-3.8662014960219
-0.1178341842469,0.844808664644537,3.82101017913397,0.237919941664752,-0.073246061443721,-0.0508720192329607,0.126537408535073,-0.69479382513445,-1.60987998787967,0.143673602666867,0.460463636485286,-1.40690811876563
0.926811737241116,0.483492156148165,-4.90082290846842,0.429161120753732,-0.0845421829794766,1.1334027756086,-1.32541684391421,-0.787281876569335,2.91747248922525,-0.192345789391838,-0.0477546271961233,-2.3551191457091
1.67092538739583,0.851768741659389,3.52616606765799,0.0156605149936072,-0.566476135188134,1.06975611966252,0.383649318370119,0.541575589587753,-0.490252278796846,1.39414775929756,0.833641910880311,-2.80552839200497
0.11228034140318,-3.8124578242014,-4.64214921742444,-0.458146640385331,-0.401444127042294,2.24781681364778,-1.04182410144095,0.453837377466456,2.52793245688332,0.0596439577137228,0.112358563823408,2.05075489837321
2.2290136267099,1.24599017197544,6.05497995154697,-0.173185094422777,0.37735242958232,-2.59753605655883,0.191590050775354,-0.581827254364094,-0.465524676196298,0.0533931618117165,-1.02174147300293,-2.12033987012292
0.394876855636441,-1.17174158025311,4.84387792514395,-0.0878416880191381,0.205916975131402,-0.0023499841372602,-0.351103043783577,-0.118855014231211,-2.4083219095027,-1.75375276970102,-0.0589378546877507,-2.96089108459761
1.86053387962647,-1.89118345325724,-1.33968159120013,-0.935369364145593,0.720245701591912,-0.544044739934907,0.012399455653202,0.372261098423618,0.268136403359827,0.262743571394166,0.142943809207939,1.18762195911683
-2.94757960819654,-4.30463745951093,2.29190778966288,0.0577184519926857,-0.10630681260852,-1.60133042451638,-0.699561193612929,1.68750239806371,-1.08389841909052,0.0483717526006326,-0.112000615964291,-2.43879827673185
-0.726524767956354,-2.28100700763756,-3.57012468961817,-0.0252708532197588,-0.177444758417244,2.83590581624851,0.337585799291506,0.471343250016551,1.65686612541142,0.0733423765502919,0.156624505656909,-1.57485389232673
1.62734926016911,-2.64238315412037,-1.86698914143438,0.19949147770394,0.194664308253044,0.710048389204738,0.0505627964657236,1.23263571965489,0.550009435649502,-1.40954386488438,-0.0478350630596342,0.809995481211922
-3.14547679518907,2.01308965731079,-4.24974698943165,0.402405481543886,-0.0332879445351308,2.22384748079371,0.756916334769633,-0.129092229009583,3.0654810573771,0.527699326895973,-0.33318723141403,1.34901982027868
1.05398708705522,0.77065336342911,-0.68677340912762,0.044940377645641,0.946770645855817,0.140439419974913,-0.929948978883096,-0.746243200718324,0.179801711465074,0.980284174242173,0.908589018384359,1.51500770557802
-1.91024161708159,0.0282378089875421,2.82196871162633,-0.00642957694537482,0.212879690242654,-1.75830655385991,0.217352467852828,0.360795636579019,0.767460872527395,0.897261362202112,-0.485797296899062,-1.63321669187986
0.408220791803891,0.153270817614718,-4.19460831178727,-0.109002748140123,-0.351630894007712,-0.488705404851499,-0.249831672073883,0.180739204093644,1.28367248051298,-0.435068282621547,-0.469663436019114,2.45385391522344
3.1904799159854,-0.820641041933302,-5.99591028786536,-0.0445823708539605,0.123534361803106,-1.01615711277721,-0.706876303988925,0.53670178207968,3.36042293791571,0.770752069116046,-0.954656032462485,3.20348510683501
-2.31890363548067,1.00979522609863,-3.83491220417755,0.661821733513548,0.199432952712882,2.99526851628768,0.0351970269298775,0.320574325586797,-1.40662235018755,-0.328439807318082,-0.134377370362606,2.38869464598166
-0.710977134470699,-1.80183393215274,4.21591945337028,-0.142767771687695,-0.247759098700085,-0.392426531766298,0.0642061783134719,0.0542547378515697,-3.06970025907971,0.681309818062482,1.81244147298542,-1.26461958191414
-0.516580884598955,3.65664139489664,2.15286692926764,-0.050821103672031,-0.270475632517696,-2.48487447319279,0.589903232260421,-0.137954066494446,1.45867147360298,-0.078351095308771,0.0664586191608689,-3.59048719923838
3.24996800071896,-1.54166613222247,8.29120288869931,0.152995687175494,-0.409661835455735,-2.01373802970157,0.108442268653364,0.0383266629909567,-2.69471073377431,-0.193906041906989,0.431725269565915,-1.10500500220827
0.143527595305706,-1.14121714810135,-0.413209253932455,-0.634913604667104,0.0618607352264351,1.51812456369398,-0.163823558167204,-0.263542971100979,-1.98417322804623,0.487967224475518,1.20768140058097,2.70830058291102
0.515834121637015,-2.87567999745634,0.840150408346172,0.346717981642029,2.08338494179725,-0.874938113580985,-0.144131112787441,0.255263350467248,-1.38001743161051,-0.304090857981651,-0.190095587386541,0.973991439385869
1.28776681699205,1.52211435556362,6.70149771956956,0.0481657288637934,0.712234373764828,-2.41019593300539,0.186860242862516,-0.242960755875127,-2.62292416159766,0.319258562709884,0.858319454230041,0.3743441807208
-1.02412827291523,5.78819856689626,-8.66636615730011,1.52485009111524,-0.55550099735625,2.82558785363837,-0.23133543140044,0.395898526011549,-0.277978474261083,-0.293455617788118,-0.339629895875252,2.84347375742913
0.679703329403521,-3.25109895722987,-4.85957788440121,-0.0186816649486821,-0.207221429526852,0.597074384946053,-0.557334345975717,0.874694638021102,3.36459735899295,0.0680034424554872,0.149369230909179,2.72640379555022
-0.888676179411893,-0.549224806375261,-0.0977364344482337,0.289444867058696,-0.227257740785214,0.27368658348509,0.436985663234368,0.117337931942878,-0.993296936716765,0.124374425463482,0.131774400725456,-1.32390300676041
0.235979704530383,3.84366216600636,9.36657220017328,-0.396664567863268,-0.337833752447113,-1.92601042358321,0.158651652924586,-0.574160946954015,-0.288592218601183,0.0614845152182906,-0.803206260324779,-5.15543661008721
0.228591255460824,1.23334624047972,4.61965000059945,-0.0182974375239647,-0.456672065522563,-1.59931588761827,0.271184227183982,0.088994960758301,1.41176817827563,0.156031266648207,0.262965626656265,-1.77470936965668
0.868966591059128,-1.40564653073156,-7.68367289341442,0.453193307482201,-0.327368866051666,1.92424825466632,0.124882339748655,-0.213266186515619,2.88669740692214,1.1471356715929,0.775620245233802,2.60411966993304
-4.03310969044491,-1.49733369762718,2.14946376695777,1.22603327217328,0.032618303079036,-2.21366680189935,-0.170156453324798,0.382476815246978,-1.21102352508511,-0.235247885390305,0.182971527021055,-1.00010079076373
1.41343185511175,-1.89837049912653,-6.73744091362364,-0.365905464473393,-0.173216929102526,1.17317948917821,1.30271519536267,1.47827662924608,1.54616350774097,0.233611816516925,0.000916157061386538,1.89651182822862
0.235386673693556,1.90489371720067,3.95322837769348,-0.127839870041756,-0.342196292107347,-2.37310207906459,0.0388213621416869,-0.299889273425508,0.962568032226825,-0.506452204501431,0.838663171792579,-3.3587180324369
-1.36210233620316,-1.34338974793319,1.78558928231979,0.449474912805916,-0.180394979160558,-1.28458113112247,0.225863822192136,0.120789217259538,-0.0895065019612656,0.598693663938832,0.180736307234729,-2.17582951213418
-0.883837148363771,1.68102617799222,-5.9398039712082,0.24314694995176,-0.504575153075142,2.0993870483808,-0.158434402220581,0.0145097960066665,2.18269608370731,-0.155622447521842,0.433805849010621,0.192982604599705
2.31788934039852,0.630189683890249,4.51938509978752,0.440168263892981,0.135479575186177,-0.424722541428836,0.182514079876722,-0.255780392549328,-2.07496168856872,-0.646212789443932,0.0185323387249235,-0.788740365488345
-0.626110549422539,0.225318488366569,-7.82338431620608,-0.646049289231607,-0.000539247369195493,0.791602420961288,-0.0435508651769854,0.240875590206629,2.31740947781831,0.5276708845036,-0.269341885574845,2.94106542953629
0.9066056816472,0.814356883975635,-4.98400506750957,-0.854562670128869,-1.3096937383512,2.00977941135302,0.169928855991439,0.287239955332434,-0.199931889625222,0.532348125110407,-0.0361750146733062,3.05828053068516
-0.88973200297777,0.870080353564195,0.74297940340712,-0.0480413853644458,-0.0563915807154637,1.964017153411,-0.576030051804924,-0.562088526624735,-2.44134683238905,-0.578408255650812,0.555618988409356,-1.89148797506391
-0.680598872262916,-0.132771569796355,4.36161113395482,0.374616822655153,-0.239292699300214,-1.85830993776997,0.356174694943987,0.11796450319436,0.622104415619283,-1.3259377848107,-1.21938438292914,-2.9053409349411
0.694455801289961,-1.19096938000261,-3.03393606024364,-0.0884637949344618,-0.057203300831294,-1.77173137874509,0.51528838945922,0.266995765872474,3.68408922326407,-0.865091135056259,0.536192140530247,1.34962402785603
-3.0955858058881,1.49352250163814,3.91347600110578,0.0576595412711476,0.2180837021679,-1.88212914047046,1.39145086806498,-0.384154951193215,-2.85807766131658,0.16236905039431,0.214814079776155,-0.648275691778742
-1.26462070593358,-1.19955998328962,-4.03319648883189,0.0608302053583824,-0.0209809616989079,0.242849653579409,-0.123902330393202,0.0158954839886119,0.856730290781128,0.0542658314582249,-0.184435100635823,1.56783613032411
3.31177085491516,1.46046190897068,1.68241909286005,0.118675716737519,0.519005272999689,0.655925717037242,-0.0824881369969434,-0.0308225797861166,-2.03735679383575,0.0136009151793943,-0.0293665335704577,0.123664391398909
-1.67106157601337,2.73942400072034,2.445918465661,2.05748028578495,-0.50129755027075,-1.36346212785311,-0.0559947916490884,0.0699889601234061,1.6551130752489,0.0257452238350179,-1.2521104715633,-3.01624146094569
2.69128620626615,0.00251275502988002,-1.05373542364464,-0.494117863887984,0.0228148884142458,0.937019546751204,-0.258015802980865,-0.65345554264113,1.59845865426033,0.204786211668613,-0.119068401472523,-1.23493101866132
0.879866081295497,0.99893798249706,1.76493297452396,-0.241301696711305,0.187422376393416,-3.0453557947201,0.08654930730866,0.329572672463794,-0.603989655787279,-0.155787105514414,-0.715026825935316,0.495800785674943
-3.05179981195473,1.18992404717109,7.24528100764561,0.250642252700575,0.437737758398097,-2.33094700734303,-0.434984015984656,-0.0869134398779674,-1.0652601076814,0.142642749384313,-0.530964713466892,-2.34931641289109
0.653448004791255,-1.48413175786736,-1.06226620440817,0.966017131574167,0.47618617400641,2.57534365351753,-0.360417912048487,-0.0804881885008103,-0.599675824474209,-0.464288906796242,-0.194880103736092,2.68338807233248
3.69296386317584,-1.16111361320502,-3.50092081422582,-0.22154064721274,0.153829507449689,2.59993206621928,0.0433790628963022,0.433645313423422,1.78094451000461,0.102877385494035,-0.290391766292666,2.0172229738819
-1.40707921059279,1.33839893107156,-3.54307634510334,0.96458848513435,-0.616222196676468,0.138862731953365,-0.0243868438457361,0.253786242771694,2.82347002233213,-0.0560315041230392,-0.30311258881874,1.12530239766912
-3.28751953491382,1.53116719373669,4.10716460969955,0.0662406995098673,0.21463624111419,-0.152641746141831,1.01249377893516,-0.325950982654472,-3.21619029775363,-0.0356958451009758,0.20330966046059,-2.6898431915282
-1.78144174802414,1.19662893177369,3.94796644816242,-0.0102781308930035,-0.0712816299642539,0.353014358380977,0.781255799571161,-0.796224092108487,-2.14399467986708,1.06596490175857,-0.18852449933122,-1.08631262665719
-1.63988860207183,0.674091949406213,-10.0521005524157,0.216187836718392,-0.215627654672632,1.82231215633876,-0.583589660114682,0.148061962910122,4.151288583739,1.71987114572543,-0.135268825734072,1.28575412984464
0.514086860290596,-0.0370008014911615,-6.06218029879411,0.741453025872937,-0.544389022676523,2.52592534079516,-0.153930313398589,0.350290422721521,2.3462377948339,-0.52152048299659,-0.148295404723435,1.47399057505213
-0.895621458332884,1.58892987754894,6.98054268460807,0.94885905910831,-1.18119830603368,-0.418524214403584,0.477609643761251,0.212513471662682,-2.97998034847362,-0.198361579270702,-0.240686890907401,-0.129184656671994
-2.26331678426823,0.516666380811434,-3.27237659977752,-0.0202819133649508,-0.0370449892848792,2.90778177093642,-0.0628246519702382,0.125659179323398,-1.05686456951477,0.708070212216193,0.654081933591988,3.55677850098331
0.326128938872731,2.56571664842497,5.69772669446493,0.122269824672537,0.218153201895302,-2.64360701782142,-0.497375282835213,-0.0485383568189879,-3.12871352028815,0.385053951236809,-1.58589104002182,-0.91999913937989
-0.441464967691053,0.455996034107942,-8.26874521671016,-0.141632981181736,0.282479217958143,1.14090318075226,1.14142277264249,0.0131177587375686,2.19215889579016,-1.08994198151965,-0.21952180131908,3.52712081568658
-0.701426470514734,0.505270783132714,4.11836805073378,0.0849887583113019,0.101607749349481,-0.526318589816466,-0.437688695250763,-0.670462536018168,-1.7902534243381,0.106683934819921,-0.0650961421826593,-0.343067995921145
0.194101968615979,-0.840617190682848,4.84128915970607,-0.0140779880195238,-0.115017455897838,-0.57643602038957,0.227769577670491,0.997720729812396,-1.67370208018536,-0.280645514764887,-0.020954471316374,-1.91715393929173
-0.694082639208062,-1.82855221732763,7.89362384411749,-0.588473776517591,0.416958883386534,-2.11309302633892,-1.19690681614954,0.015309330751095,-2.71920881222058,1.67283676153639,1.20736751588679,-1.49779319115365
-0.408029416974899,-2.41881423004443,5.45657400698715,0.785219149535395,0.784331021912005,-1.35631782010686,-0.0283649537720399,-0.640845628859218,-3.02282410237318,-0.696652642897082,-0.228484930822593,-0.958668183128784
-1.17925281274495,-0.779082291215398,6.13004879831676,0.0451102375829244,0.0472463730741964,-1.45772485994834,0.444200799382604,-0.160226599590719,-1.64094424379714,0.341206022951643,0.508168626311039,-3.43382457502879
-1.60422153859166,1.05429878444036,2.94440967835676,-0.301033240226658,0.287926442211252,1.32611982332281,0.422214853679349,0.496218975981419,-0.67683928304623,-0.954883957480338,-0.00944471436759965,-1.76953110192635
0.442776639544498,0.0552859816016975,7.06120326883887,-0.757387956682902,0.805465697251779,-0.449530439774527,-0.438882884291722,-0.500632685877423,-3.15194366169659,0.326531961311476,0.114109704110125,-2.84168677807619
-2.5189536353343,-0.153013658077736,3.48222522733044,0.00879524664138421,0.580778746817585,-2.5759681942349,-0.194414585326288,0.0303638131984376,1.31847426947072,1.66883063622634,0.716728958893471,-1.10671645540185
-0.43244812687713,-1.41448273649063,-4.59525969762814,0.932063800542717,0.630000348263203,1.53334844553091,0.100552151161919,-0.000954223698445345,0.321057508555556,-0.474584367713282,-0.220242508147095,2.58897988873825
-5.57031712160197,-0.663788793868774,-1.44098462683418,0.412984356601701,-0.44927649505104,1.81781065602107,0.0439916334216039,-0.380580138207277,-1.34027453905493,-0.587697374620571,0.215811339009288,2.19430872662321
1.33676160102686,-1.72041308635477,-5.47908452312511,-0.0463366140041794,0.103605444390489,0.087105906712452,-0.0235553950837987,0.158822913784452,2.06097426625262,-0.863177771399051,-0.327532925474744,2.13734387108546
-0.0344917091571934,-1.47092553433703,7.01719295596135,0.656732210496992,-0.345189602249388,-2.50789953097916,0.116994944886251,0.0329918689364902,-1.97968289126966,-0.104561485964385,1.53279905164442,-3.3071366377865
-1.72272531367043,-0.342662854826317,2.07614608502991,-0.417587928339036,1.02049989478467,-1.39569371272484,0.365100781425399,0.0689768857833191,-2.39521585913324,-0.152571615292536,-0.0685129121109337,-0.94197136635052
-0.641191513998764,-0.600901066620887,-2.7342911415208,0.838826450672178,0.19478313176236,3.05976119797778,-0.932246088228227,0.757019008787743,0.549756908640949,-0.14263784058739,0.185840771669154,-0.926708234401135
1.39075288780515,3.16861881190252,6.72717515824865,1.69421886320657,-0.321454504078118,-2.94426843237597,-0.0359620269020859,-0.562135680544756,-0.510238871948572,-0.198227038420048,0.100033275522664,-3.19498137945025
1.70127734067933,-1.16609911961861,-7.91078961150964,0.427451324067333,0.391363290086935,1.35705749086255,0.251965583838711,-0.113059155585317,3.78898871491812,-0.0130216945684685,0.511642061510129,2.86533141806976
1.55642509923338,-2.36133089441872,-2.47511753902916,-0.260597641072338,0.0982097452820395,2.80038918695813,0.592035194012606,0.0861320487425998,-0.651475485468835,-0.221709371702744,1.08924219236691,-0.41861069208441
-1.86946503439042,-1.10518667206362,-5.90196485604146,0.213324142455113,0.359132114280171,2.131521685272,-0.0255661736334969,0.128954905490635,1.10942305286236,-0.197640381317455,-0.426331346159248,1.82320534705285
0.746689366979365,2.02176243043466,-4.42786499160428,-0.0529593813936552,0.0230229065249586,-0.035043498722911,-0.103012964698745,-0.381697969795758,2.71592537127007,-0.548915052303221,-0.148993801932251,1.36961299039958
-1.42950005020724,-1.6228611742153,-3.37700104909657,0.329605312715519,-0.17547817059074,4.17891176357517,0.237344086277497,0.21190957674,-2.10868157862426,-0.15407028941832,0.337114119979514,2.27808633744964
-6.07025589027785,1.21782853973796,-5.25463392678778,-0.0392901695259975,0.28674319595899,2.80309441808557,1.69758621325697,-0.599357826830247,-0.213369202986352,0.157468692783411,-0.372994662197831,2.1173643895782
2.27753753030684,2.1542557572255,-4.63035204587802,-0.0204165309055315,0.122761081661766,-0.645341824786651,0.794495953465919,-0.00409936635926814,1.80305544033564,-0.0288830425240866,0.350535262990604,3.94727432612386
1.2548242209071,3.43462568426592,-3.47056372488074,0.0903867031378618,-0.148860737448171,-2.56845391632492,-0.930567614456702,-0.7976855922098,3.36688189822545,1.35594089955825,-0.920942456035671,1.925055585198
2.14439806759229,-0.602238420982287,0.904147176180338,0.355973056273177,1.53060273408489,-2.38740334802467,-0.0511458572188986,0.0892761213702499,1.16846159467829,-0.0251785196894897,-0.550141397556224,-2.99752266634484
2.08807060104013,0.23105895024851,1.78629110077131,-0.264072310472252,-0.263616356877879,0.452007910654966,-0.389261216356941,-0.853200569302831,-2.36123389463684,-0.915051720821738,1.4479288467674,-2.4318973637266
1.17415845950773,-0.391575765662777,1.71952603838709,0.1332290351735,-0.227257246664064,-2.23043230118603,0.0674787342334478,0.471970941147505,1.87125388929588,-0.26250566571491,-0.310719479870674,-0.911078944978055
0.486011168107704,1.65356123970972,2.60190507835313,-0.558762734944588,-0.0369093462436721,-2.51381558578949,0.016953442861286,-0.524437330921665,-1.25114092000701,-0.143329823010653,-0.0345523040268895,0.448343876941191
1.38831734860496,-1.36391178162821,3.26974910407774,0.0275555897278894,0.0665239465441632,-2.22434185105591,-0.532083897974254,0.45367688892535,-2.79721180390735,-0.0829453459415534,0.0576735308852262,2.14353786685435
1.45429013401104,-3.10813269403898,5.09450828856317,0.062917420094741,0.205088032038519,-0.112873879082045,-1.50810126522746,0.416395273662878,-3.37436410646019,0.15228000413261,0.363166003239289,-2.43733173556116
-2.6310425144645,1.01421787242862,8.03025916986874,0.606878379834476,0.00884588485736872,-1.04654103574352,0.119385884554279,-0.509538216845333,0.221886314027835,0.259471000879399,0.521224445302906,-4.48882651509889
-6.3100455920109,0.179118753665175,-1.98562752602763,-0.495197500507426,-1.34463778151196,2.16948393379644,-0.254138066913284,-0.149857756105541,-1.51840667499607,-0.213271772261222,1.11559220005054,2.60106320316648
0.382169854691498,-0.709444481104388,-1.46853324934601,-0.0076225897509666,-0.209650187321604,0.381235978270912,-0.546848904562841,0.319057839619572,0.133823293673818,-0.483453776183841,-0.466731494666032,2.1592623889303
0.352134757597777,2.83708271762106,3.94398659680915,0.44399047955078,-0.0751242320526682,-0.88737707918927,-0.0665293119171205,-1.30660715331387,-0.0717016646938864,-0.525112379051772,0.0523914995824629,-1.48045848210918
-1.81917390191256,-2.25047185926358,9.79116057974276,-0.758563079660563,0.448672050509257,-1.61869340348849,2.4039014990552,0.378233023666496,-3.61281380914429,-0.177523988457146,0.15421892371041,-2.68314290256761
1.9817782239409,0.638444770794075,-3.92135038315967,0.214564254621212,0.0594057384040789,2.52765182101567,-0.285426267597421,-0.110733253685656,0.101327315128187,0.186075128042137,-0.95603407007732,3.10900457757171
-1.60706283961186,-0.913002896814801,-6.7262469843948,0.22425018494386,-0.415377922935195,2.87593690342714,-0.378462084311628,-0.0218335754179686,1.41453170985481,0.398725144802302,0.0859584066738483,0.198781583659766
1.17343354588235,-1.88936575192544,5.42954888860836,-0.0352576316224757,0.0646221237919441,-0.236857781721785,-0.367300982515218,0.872517414032759,-1.65911156109982,0.280123209044743,0.432247299483483,-3.00957806394514
-0.698815158688038,-1.09703200437582,-4.11503139377497,-0.723228162513449,-0.457119954357699,-0.899326734724016,-0.258210410307949,0.325649893378485,2.18714929678236,0.580032591217639,-0.0429034170869391,2.88126299002168
-0.391151012573384,-0.327017261672284,5.56195294908116,-0.0439873735399681,0.219006312207809,-3.11118360291544,-0.771872861950628,0.0843892546835718,-0.337318358451073,0.376947955017056,-0.20376239388264,-1.76414053337298
-4.32411142589049,-2.26109982793745,-3.54382775976759,0.0813741977296025,-0.250743417508293,-0.970865499351612,0.139349186264445,0.455716180130667,1.80175858380891,0.933172704606819,0.384336541676314,2.93467750203359
-0.222312967148585,1.16073600291395,-6.94133994009104,-0.212519026058107,0.274058903185297,2.10441944620341,-0.0973400465393256,-0.153933763363309,0.46583561358754,-0.0637721873809629,-0.486702192086037,3.21392286440243
1.43587776505083,1.36445600299987,4.13017437394703,0.231372905922861,-0.0622784230391069,-1.79641501549785,0.105895783566246,-0.42013991835148,1.29616043936912,-0.0453248134307105,0.259114191068512,-2.14595875193909
2.06547683890596,-0.417716695432701,-2.87562120718965,-0.251915558515993,0.0152483945634937,-1.81739432738554,-0.474008811548156,1.17336612025108,3.09663544963113,0.0149170957101855,-0.120838722803704,2.22796762841571
-1.15928895363021,0.0792067731338499,-5.81668637602707,-0.0158632895378073,-0.0530171344900384,0.485885564266708,0.308804149863662,0.0112490962398965,1.76951222209884,0.248996840523806,0.125698469870906,3.0406146452308
-0.134661187264073,-0.130337787339898,1.54160805047956,0.584749554437545,-1.03959836205595,-1.33314997609923,0.00947229705462075,0.100724781041769,-2.33676327304552,-0.0138451350061678,0.163181699435468,-0.288809001623791
0.946994554497896,0.809885895933839,-1.83854382488925,0.0226121353875233,-0.0563885314153923,-0.133404439232907,0.205081739838127,0.910099429084263,1.52592602371121,-0.243025628239928,-0.804227276973483,2.98573941974191
1.12864499233447,-0.725940770696468,-4.51871882063676,-1.1896618252886,0.717592889657502,0.75344313725077,-0.145092416439075,0.578028760575363,-0.842168258145477,-0.630421181246649,-1.94971474919903,2.94067872665129
-0.0398631611173277,1.76490889338777,-6.06076071702771,0.0433139257867993,0.291667183369902,1.83200361398953,0.0106885842579991,-0.0851809270257191,1.19340522581496,-0.102657038460909,-0.0877678396568468,3.20683941701451
-1.11273342130299,-0.760867439755121,2.42382937208471,-0.33920269478076,-0.264846525275334,-0.441824530772306,0.0320658748244464,0.492721045283216,1.50578146868641,-0.12771648025345,-0.0807110300274683,-2.99790481598363
-0.605918359749767,0.168296155483683,-3.68512833388323,-0.786782441892418,0.879694150030276,1.13086557408019,0.536161725558359,0.0758357883665158,2.46764911680122,1.30695861306148,-1.42853971036904,0.980169500097385
-3.02097204104446,-0.712969709725171,1.39868166170243,0.293412851102289,0.0593289910041166,-2.38006682910972,-0.117114708231294,-0.438354373396618,-1.42524538073508,-0.237305160211742,-0.079999175385798,1.12729308703746
-1.07242681208076,-1.41955556955068,4.76024912742476,-0.106789793977902,0.0555253590900155,1.11161506751796,-0.170141287333295,-0.443592075867994,-2.39042784431529,0.599690636334555,-0.014491571468959,-3.59515331658057
-0.0421760864911998,0.423451960212917,-3.89375379078636,0.438525095543421,-0.468648382701806,0.319240408525691,-0.496714175481785,0.143094553952394,0.582688484552166,0.0503839217169908,0.479854411642152,1.91642837504568
0.757775957919175,-1.24780894750783,-3.95756223182578,0.193848829923436,0.47648727231227,2.61837714277004,0.155619941087316,0.508227350970928,-0.514942269954647,-0.127602208720179,-0.515826637958919,2.95013698940953
3.41518789747746,-0.0784017546591295,-3.75714734776056,-0.0446521832818201,-0.0823258128181858,1.23455951903299,-0.485023241256189,0.0951307688261427,0.105334232768146,-0.0565366708731918,0.138856501665135,2.62707630855105
0.594960828406388,0.345901847326584,-4.79476224619678,0.747747533228057,-0.0935647670174247,2.83718388020382,-0.272024585484713,0.0623508374670696,2.24180424589545,-0.0496777856042367,0.0934239701005324,0.510201045632245
-0.283553466205072,0.901864799623391,7.96877635207008,0.101059558098635,0.11705926153909,-2.58162653108097,-0.489711549778989,-0.403753200369343,-2.60730068061247,0.217648775673478,-1.66465981936895,-3.79246430363571
-0.355724281497365,-1.49333938129823,-4.74248708746825,-1.31305119825519,0.858073545491981,2.43655799325823,-0.0227155662576637,-0.231504492622631,2.14415669128735,0.423051055399726,-0.714066212268523,-0.216677590111158
0.828171340777582,-0.724504931137196,6.30539770975655,0.143918685809291,-0.101360074666093,-0.766651292063956,-0.252303843682366,-0.0109648916477368,-2.16280065629611,-0.354110835570564,-0.855359718939139,-2.53522329772529
1.94353122684565,-2.42623564102243,-3.80903410406944,-0.17594180020204,-0.0243643325617658,-1.18116478829076,0.209165084236934,0.358965412544194,1.92486735774592,0.218179246153191,0.78154115451609,2.91486713356337
0.694358497312735,1.88146153638397,-5.69748177995231,0.0902976412275675,0.148921624233942,2.5173200560605,-0.494420949886684,0.197298702736675,3.00726710444807,-0.0115609508708303,-0.678435940479601,-0.457920794310862
-1.60595627381372,-1.85954951134408,2.53376532941923,-0.0113195997042716,-0.26351417293733,-2.5520954147355,-0.102470433292562,-0.0233450393012119,0.994168804090684,0.274465843521814,0.642093667610097,-0.880176579704788
-0.588284253508543,0.436169377558026,1.89761024884378,0.25385239107742,-0.155701221912508,-0.141566216113215,0.0897240817937747,0.197627910092622,-2.24821410223221,0.524989495647512,-0.405604995474466,-1.50366526323574
-0.780876441820892,1.7204008155866,3.32128710967225,0.653631336852841,-0.0563036359737975,1.1125685994706,0.853024041182273,0.453356201994857,-3.25048817743409,-1.07021245135462,-0.724870783910154,-2.71850622379942
-1.50622069436378,1.46811492410331,2.69080018577962,0.248388504447639,-0.438888809090761,-1.77404669716188,0.440309083964921,-0.388378681151024,0.389790313113236,-0.0425062832086224,0.183627559506823,-1.7454663193774
1.04123231593229,0.604990883416074,-4.60103320822999,-0.741233884409273,-0.227390800868799,1.55324214981174,0.270232905967426,0.300858842818376,0.761986948930239,0.641269471264989,0.343396336250313,-0.565941940668014
0.378731810203464,0.765978285687349,4.90702172753001,-0.115279349606437,0.0941642164482878,-1.63237520312347,-0.197955096302115,0.204228050857645,-3.95458273533858,-0.0726619633379813,-0.0455288417597593,0.782889827785885
0.18877955633467,0.648631988132274,3.87654250492282,-0.0174559470339489,-0.267525925738912,-1.79651275171674,-0.0238680435420683,-0.989909832347502,-1.60921992635729,-0.57368046115679,0.445871852730408,-1.00680876299858
-2.30143398172862,-2.86663357356484,-5.15074573738569,-0.175445958380601,0.157984478966965,0.660405115212932,-0.107604012960412,0.420476390730843,2.58321731949712,-0.206534276231647,-1.08743975645576,2.24243116872198
-0.790257016024629,1.45206884100318,3.88686570410262,0.712907241932389,-0.0904139189185938,-0.668061000039341,0.229638801051017,-0.770136947609965,-0.26477579769836,-0.332812848883611,-0.654373621453139,-3.70993466666082
-1.36812824915807,1.00266817719943,6.36546765046201,-0.164052899164956,0.33875187691523,-0.252548520265596,-0.200229071168715,-0.37623883917513,-2.57095283833084,0.428560903202605,-0.0385153652092961,-2.50189921501968
-2.58722544410783,-0.290717139426245,-3.45413921941032,0.0468123404697276,-0.428379390057602,-0.940926921476507,-1.0328273208667,-1.98339574683851,2.55517967575452,0.627598579650836,0.420527606032795,3.34376305969127
0.884792501767527,-1.21119245567112,-9.13839959924325,-0.203841862612631,0.33176944123145,3.39658047945828,-0.406450451460484,0.714775607553169,2.63446840234926,-0.0518516599143288,-0.332913668861488,0.434125769063741
-2.49618957099239,0.992306091420554,7.35936342990435,0.220461928306348,0.0839560470739265,-1.6690095321005,0.396666010007033,-0.0255993016599886,-2.72995861496386,1.22073216848832,0.447486129172859,-2.03661499223599
-1.62815020040973,-0.144401819139471,-4.20403046532139,-0.130749257138605,-0.655112405516244,2.91374435429604,0.253909339374807,-0.204261698815416,-0.929739210727468,1.19958854245359,1.25694760006369,2.31237130567044
2.9240427338882,-0.705717175325249,3.33078874526154,-0.338599728377994,1.38584199134118,-3.77032010181238,-0.129113875285831,-0.246144640978128,1.65706639837785,-0.484431812938896,0.207207239980602,-0.927789977607201
0.252178124253428,0.598919110927928,7.54681820671028,-0.221697736723777,0.466342198012788,-2.18429076147255,-0.267273208768427,0.0538058532644946,-2.92359770443307,0.347647410426784,0.211065131466756,-2.28690783300376
0.147492603776684,-2.58473837723155,4.77670401520197,0.154294680851776,0.152592101426372,0.173163808159931,0.722148753587297,-1.22925204045999,-2.91102145801973,-0.410101077869373,1.2422632917549,-1.05174743331447
-3.02383506304736,0.41142839009894,-3.38759483750125,0.0732650255680603,-1.09857310062772,0.123977343877109,0.601061504552066,-0.132874377382238,1.0187602894852,0.283050274980688,0.315562789099296,1.37170382651837
0.59468853220239,-3.39736487478598,-0.640337522742233,0.378272127284574,-0.0126817194038354,-1.62145699964647,-0.741759214888345,-0.263694778338188,-3.82776750482173,0.122814069649519,0.176285132370711,0.0500930336051338
0.455585055091634,2.54532022159602,5.42750148257334,-0.223445701490937,-0.386565961113825,-1.96133271659862,-0.211077904118048,0.351578259680868,-1.12312000403476,-0.0355098360028849,-0.367530982984082,-0.0750430184553794
1.43352462932039,0.379508850386218,5.32273320445622,-0.145865153343483,-0.0498169476201248,-0.0274119265087358,-1.04093939949691,0.545960400603675,-2.75985989998607,0.739455687632843,0.183054811569359,-1.46180915681811
0.773612877561893,3.1152910034117,-1.49565287781813,0.771235772401823,-1.38211843028028,1.26915947391405,-0.0815350076590389,-0.206043735562535,-1.40244684156898,-1.17721258581048,-0.544129482811302,1.39731253067863
5.98451093202564,0.0631115359321934,-3.94382189268536,-1.08148142524182,0.0998585987368138,2.34510338072447,0.204464519783643,0.0190231737841455,0.314896314223194,-0.0166507876689669,-0.175852910002754,3.26256244477161
-0.0290879696450193,-0.68842089652703,-6.02550528977245,-0.248755222354476,-0.127413685911635,0.412120228656351,0.652740185921585,0.698319943090857,2.47699495736079,-0.604527007589106,-1.92279476654991,3.38414803196822
0.257314542993567,-0.549819761794901,2.95742587592253,0.15995921267984,0.0301861117118341,-2.64041762305954,0.0468777317626842,-0.39367270194708,-1.60716518557885,0.504921396906442,1.00369065743137,-0.588256432275978
-2.50488736860614,3.14030728377161,8.07573379529467,0.0676929374419703,0.166513649199081,-0.820842704626593,0.180851128613835,-0.309272631273683,-2.25043124925879,-0.166812538666254,0.74149825685386,-2.60384876143995
-0.181580496542422,1.38584060821223,-1.14975701750432,-0.0183107784980086,-0.445621101359482,1.63759107279409,-0.058310017501104,0.315434090042082,-1.78856095794528,-0.697168477954577,-1.34471307651752,1.75150955827613
3.62930088168867,0.954507365342116,-5.90651601556726,0.264424109063996,-0.000646506101390785,2.59458049687677,-0.150881230492315,0.470961245287809,1.31637750238026,-1.76717819975898,-0.162234447568819,2.03398735042243
1.62149739355039,2.37743205459758,3.83029289242232,-0.442824061656393,-0.42203878297214,-2.27464935324316,0.202552639574225,-0.0834002123655798,-1.9613697591283,-0.529734319652851,-0.179532721628116,0.654753467033398
-1.2659442336757,-1.19876371029829,-5.27517789922258,0.174938136875145,-0.153263122829208,2.75262582274014,1.02300268113249,1.12729371443049,1.71959716058752,0.0452543630068733,0.539980690204691,1.90460942303409
-0.234015538586152,0.209543745450345,-4.85853851631492,-0.154902941852395,-0.130899670695589,2.71090990244328,0.814664147197898,0.890142902569756,2.87394278870599,0.0871292454140244,-0.676260530712065,-0.749883708235191
-1.29071144095829,-1.49206746913978,2.72029727866973,0.314943167465303,-0.0136379680810191,-0.36595012204651,0.0894418350521766,-0.0435876621355992,-1.89368492996367,1.31643846813903,1.10743083729408,-1.40319154927794
-0.85117462079211,-0.610161386077094,4.92615650075356,-0.255886478702946,0.645935627475012,-2.66013364584013,1.42853504450234,-0.892356124124512,-1.3804428974364,0.171753254542373,0.0570267579176507,-1.51445001428065
2.36000211911001,1.91011534298516,-3.81862986827987,-0.0535173934935841,-0.221134798527324,-0.315229709708458,0.362430304512786,-0.170248913772638,2.44082706947613,-0.431501749679787,0.190258593207283,3.12463250803022
0.175287600212034,-0.0438580692965125,8.54176098176599,0.489379474581684,-0.277906293049309,-0.893338481426512,-0.0494689265402347,0.57436625441185,-2.88306657059252,-0.43546788286374,-0.874191221810797,-1.50401647034878
-1.81581930586528,1.56569954294075,3.67774327115387,0.277027410710804,-0.0341261931174767,-3.98382796291005,-0.130986973767302,0.153667196238328,2.56231127671682,0.0632040369659382,-0.432084016484345,-2.50245270916487
-0.749009895808668,0.775890991591848,-4.9121416186658,0.98688100781932,-0.883639691200703,1.74175868904886,-0.209366171486607,-0.276118121013898,0.795430414855378,-1.63920439049054,0.492716018841045,4.04078099103427
1.86967239777144,-1.46462753668529,6.03783943517771,0.0928685590529021,0.316871578311981,-1.46983569586998,-0.141264039177971,-0.0342300897376819,-2.33545565661998,0.433868748163182,-0.0913447757862012,-2.88843245200362
-0.349393635865117,-0.688762147077271,5.55504603015806,-0.0937151545087169,0.439615395312397,-1.39306592113919,0.249261365356215,0.700461484271476,-2.23817038054763,-0.564588249006242,0.26081426352914,-1.63882975108511
0.29516099978776,2.01107543551775,5.00583546323391,-0.199117300862403,0.0893045922002253,0.0795119132703962,-0.664742760733634,0.333221794098565,-3.40873557867426,-0.304903150951892,0.107011831296918,-1.64783537148935
-0.2002005721112,0.990527346323982,-5.00050171739299,-0.44969881345744,0.0129162669444164,1.90916594687558,0.8255377212941,-2.29523710094088,1.97195258078938,-0.31647746395675,0.034783963453239,-0.00527125725890514
-1.00134193248049,2.69380700226961,-4.23573451147128,0.290614502762863,0.025738728671173,-0.261423343596125,-1.21455578309659,-0.117125106916019,1.15459066425866,0.290981705063184,-0.463753940883663,4.54521052991316
-1.12494925728208,0.0407173463839875,-1.20420810728323,0.149744589303721,0.0050826090432264,-0.841054907348736,0.0924231351312645,-0.0329291940704341,0.994522972069919,0.386938657092332,0.743633776347779,1.82838071728917
1.65044842497437,1.4114785210032,-3.01534505762409,-0.143366082458416,0.238247556176496,2.55381003424522,-0.224420078311506,-0.148713498906522,-0.0777653919682389,-1.0431159006105,-0.213428980603077,1.98581249505735
1.00182588797367,1.03494122873545,4.15129233775406,-0.268183914351207,-0.388608505447395,-0.655533914242479,0.167605330818696,0.228482988656188,-1.0475756025525,-0.165620475437977,-0.121721251815427,-1.90051087619719
-2.14074855409726,1.4196008637135,3.23305514142678,-0.0111237072744281,-0.32709103856268,1.37031039030119,0.715050774533264,0.00203188726905794,-2.24269496933812,-0.197347569598554,0.373673419757194,-3.52871565456686
1.34260329169765,1.7320041919228,-3.73328989508395,0.280608410939782,-0.435451295971392,2.34220520238875,-0.371020664176358,0.151787256570933,-0.4768416173649,-0.120415999398177,0.150565894174403,1.67812153956211
0.684575660505819,-4.04192941000275,3.33716501532248,-0.366094047281675,0.949093327137949,-3.80003269053421,-0.00602498866638131,-0.833287856886299,-3.1057476146294,-0.20422507296967,0.495001337518659,0.522511866472397
0.326494110067722,0.382092852611076,-1.41778171503362,-0.30302887383556,-0.183465919837054,1.36470510223471,-0.255221371754991,-0.506686972993281,2.85315156397325,-0.0182973571132259,0.239240657867425,-0.614417450913747
-0.513209188932599,-1.04784167125731,0.763407265270656,0.919629919094337,0.364154686772424,0.516650238715994,-0.267458917242891,-0.162402813788486,-0.335809503374897,0.594366316900653,0.0808948254151312,-1.35112730321102
-0.455807923724944,-0.291079288422757,-2.7101797666644,0.0317213930925466,-1.02095722657969,2.94244997140064,0.82704214466658,0.367569328020047,2.63923852992875,-0.320146215596784,0.235239145489206,-1.15016344387173
1.21598396500805,-2.03240053658387,3.2435873262842,-0.060867880408343,0.0116739969019002,0.156817733005717,0.00844049998338139,-0.0359164800079673,-2.68830786302223,-2.03286316019533,1.57304423068025,-1.96305999173785
1.70946699867935,2.14131025395235,-8.27785758051365,0.00970627897591598,-0.105497672723475,2.73433819072133,0.537129340053131,0.428287688320603,0.34936079686144,-0.85575943505611,0.722817729535131,3.40213825941431
-1.65268382848443,-0.729709889783066,4.08536548366992,0.500655572745142,0.0300662847234066,-1.00849292211698,-0.509164790679456,0.125416371479963,-0.0256346731313515,0.893753750204959,0.401687781870096,-0.89641755147175
3.13374189005584,0.934477077078882,6.2317766046929,-1.42531865430419,-0.476459646659083,-0.580890853461499,-0.0679975645039589,0.175477952218279,-2.55698882883843,-0.170585688742624,0.0205731071968809,-2.99626021315644
0.0581598292379323,2.07683500265292,-6.88797484405474,0.982239757810865,-0.0394059011269486,2.84648382215212,-0.257650857446069,-0.268316100982195,2.66352848972749,-0.627072388003268,0.554055367153095,0.816101486154722
0.638670293210225,-0.318195557180331,5.10969599989036,0.211489329916584,0.619113962572016,-0.335615360838738,-0.325694948940158,-0.115004662743802,-0.771241309555493,0.0558717123696724,-0.146938102985058,-1.61240272798571
2.80662921816823,0.666940995923095,-4.0109720483826,-0.398977829773371,-0.288918393749549,-1.00873049231179,-0.15039715863294,0.199877983569579,2.30372472351251,-0.877920008489791,-1.2452838547691,3.24650687505281
-1.25520806727752,-0.129504549857723,0.10212141074216,-0.115081827127961,-0.107762212841645,2.76136889834114,1.1295265767518,0.52809099172402,2.20800665452565,0.0851392968143128,0.081500940923464,-2.39975295019902
2.28376322459801,1.87513412218741,-3.27311449790955,0.421495162946263,-0.064629403806565,-0.762738712096514,-1.27028621025518,-0.804745501747032,2.31583317487599,-0.236171622848173,-0.233608115045547,0.70372135126016
-0.323319590088049,4.45689047448614,-3.64735534723491,0.0350386940006034,-0.0504731525621728,0.101131236062843,0.340887826767036,-0.2926664284145,1.59516065472286,0.472588106422723,-2.31318260432167,2.37910677392938
-0.666891293452374,-2.04184763645096,1.38425860464976,0.0433451141317131,0.00596920257632768,-1.93326220328968,0.310016383864832,0.382584476777897,-0.293881404270244,0.297794330471554,-0.439446255658374,-0.04913199520612
-2.79359300788904,0.183571438600985,-6.6439409985573,-0.0211050696010264,0.0620700597152498,0.463110045139453,0.0476108346646374,1.01723312730006,1.57437189068643,0.425911460328143,-0.108303549549341,2.02877414541793
0.0325535145042455,0.221924210192051,4.86157510342177,0.0301669354982223,-0.847761682918348,-1.29718690311593,0.321736997148811,-0.0164792808447083,0.0257179807110964,-0.117390909035874,0.21457844601445,-2.68287619736873
3.64439313161895,-1.23646688512144,0.908477218602462,0.269418286071381,0.19712637595513,2.22937759652878,-0.282909965553079,0.15650827855887,0.653435651085641,-1.43769721234469,1.22357487348564,1.71689980736244
-0.426397209828634,-0.0791201496906369,8.93248783323711,0.500865284711138,-0.0997916811462083,-2.52460335068032,0.593723253743573,0.510658661956828,-3.04969685525087,0.679498266217344,2.33648165136486,-2.47447146767636
-0.686182188212615,4.06401466283287,5.48192792974106,-0.318403924134587,-0.520388878204989,-1.3070694410599,-0.520120348935762,0.733310153037153,-1.60987991658114,-0.117422382813128,-0.817654617544643,-3.30396548349814
1.6955919597378,-4.29850183496344,-1.92540697026371,-0.19643563866825,0.64747470541379,-2.60179714377456,0.435049201286642,-0.0337136999072439,1.60786340700488,-1.52109535967618,1.32065909966701,1.87370208600606
0.185250636514026,1.2306201554734,6.93797547159802,0.129759896605706,0.0290583639679532,-1.99095560634779,-0.210071260582448,0.0792292564651661,1.50195391677647,-0.0517768395000883,0.0891393562308013,-3.4877179999182
0.181176394304767,-1.70203459064655,-7.56807884828434,-0.444235701367195,-0.692887525970017,2.80753024289092,-0.674291813732332,0.137082902812917,-0.263718426166677,0.0754804704253639,0.285181083721867,2.84936908628029
-1.01577846866552,0.167315300063656,4.35387432438485,-0.107406511631298,0.206013231545525,-2.65416690683397,0.257254977007202,-0.555783188644434,-2.52444480329098,0.0967116102213696,0.207082109804862,-0.634733831563282
1.01646999697666,-0.965150618395071,0.869669468056898,-0.292492822774205,0.386012872770008,1.61839115278937,0.495477434508612,-0.55833605087493,-2.40197161778787,-0.633447514908673,0.266144831200524,-2.40721743753632
3.39143884416722,0.687219744292508,2.24797233576668,-0.447948246536646,0.0586033741454689,0.0261037066134731,0.162984251591518,-0.0742227947022249,-1.94718692114942,-1.84218938628874,0.105059804731935,-1.49033217959448
-0.23738673469123,-0.283018167728349,0.961147168353846,0.02443012492651,0.0800004821245198,1.85047253703201,-0.422346365060143,0.375976531249493,-1.89932943817088,0.756186930686439,-0.862365536682332,-1.31212985420126
2.25390791496134,2.33948966931438,-0.995501507831668,-0.131662498947222,-0.0740238984689487,-0.421307511780717,-0.316879852437186,-0.288871164980769,0.434674720834834,-0.874741747674556,-1.06132987157184,2.27070462439377
-0.0657329812357823,-0.217761625277941,5.19590660026422,-0.155002890449411,-0.0715184248731776,0.923755616880261,-0.0841590306010758,0.0550104283534874,-2.00069541589629,0.678382559132692,-1.89129703606742,-3.4506095294159
0.411920027337923,-4.16161091726753,6.22079323424626,-0.119005632538014,0.101981875707664,-0.886770206533178,0.81480863189914,-1.54283766582881,-2.80726244272863,-0.374455738271303,-0.224389128540112,-2.87159229634274
-1.50586936676863,0.715930074998821,2.87012752116005,0.116335117232298,-0.224497109622165,-1.20756395113509,0.0523269970370327,0.593955586395155,-0.997780155358896,0.137815863684807,-0.707571043960788,0.183454150591385
0.452491392053095,-1.52778837416127,8.6658188335442,0.616833122656083,-0.592388848951608,-0.862734087501463,-0.434152661446054,0.502946242730446,-0.738441841064458,-0.0294476316284952,0.35162910828983,-4.21819396008968
-1.08798565689353,-0.826862106255575,2.27079244606779,1.17458455745086,0.933692104296195,-2.90652272726635,-0.310547369909142,-0.57531207290497,0.522229755231694,-0.968234209158347,1.09480665903782,-1.20344039945071
-1.90653305200835,2.01324834661569,-7.95927998524779,0.219478632827118,0.0108936159617419,0.126452721114892,0.243867452905592,0.571355111724676,2.69456549582435,0.596133487548706,-0.754973883424497,1.47321924014279
2.40340277764215,0.088326564862631,2.23176266706426,0.591046976355692,-0.019246545008272,-1.58956258693295,0.0492236200283291,0.141229936414952,0.659081372161827,-2.15119951026329,0.168778989847265,-1.35862977722912
3.19503603110977,-0.0943279474267827,-2.42388298902687,-1.37875721131261,-1.03475438447212,1.68413702332186,0.545729870132562,0.0099993309544051,-2.51745005765475,-1.18811506674839,0.56550794015223,3.88919104803168
-0.531468438755272,1.03111142018507,4.16153870399179,0.282265584214899,0.320355703702798,0.984709486397613,-0.183551063503737,0.145482756145493,-3.2760405752972,1.49346865286715,-1.27280772336976,-2.18253550940401
3.05739829115285,-1.65626299026202,-2.05623273726162,-0.514024812872558,-0.269681366180146,2.09556323367571,0.107225737418992,0.362811444117526,1.98424182378594,0.659794499891474,0.195032566294767,-0.445986647210166
-0.838489242176053,0.226420034691155,-4.90150248613405,0.525829542240209,-0.811562807119837,0.475205246002847,-0.107891281165385,0.131468645367582,2.5912130347104,1.46791550062556,0.857572485544105,3.64956700798374
1.28851488190017,0.377556584557492,4.50156018742917,0.233283854673509,-1.13931574152284,-2.5000596309562,-0.121885030813549,-1.02395924214355,-0.959319083710459,0.868048278944274,0.692377419214986,-0.70277518202252
-1.77888612383198,-0.20209767257963,4.60969098163493,0.110231330137852,-1.19924158030356,-2.26456463699502,-0.0652439939032991,0.329058986717571,0.547307842047606,2.52932999261791,-0.110850349551151,-2.67552243633796
-1.46176881504632,1.40300971791949,6.80223360239832,-0.0468653183807938,-0.000865719282282239,-1.22859336780358,-0.423169593525438,-0.248094637097424,-2.31820695890936,1.95117981762971,1.10000193326101,-3.97396063732999
2.40427114897877,-0.163242440151804,0.347753099673123,-0.361373910779856,-0.0333760760205733,0.585571685622192,0.31791207364588,-0.447181075176585,0.414532387785441,-1.10711109468807,-0.132432227733977,2.24329775726181
0.129392763150477,3.05226486762319,3.65663340435131,-0.449244888444537,-0.00132868049960551,-1.86197669332401,0.38013951837893,-0.099872311728579,-0.0477216509446391,-0.945917266202999,-2.57093068713087,-2.59120472713599
0.357430804149647,-0.697272607163476,-3.13855726576563,-0.0508272730285399,0.766124063007398,2.41359317001261,-0.493375084499138,-0.0791947229455548,-1.20574867930454,0.210850731134075,-0.0116027243761215,2.69489879386861
-0.0784378596881843,-1.66364685093052,-6.57943661528695,0.153628598547466,0.103375995245197,1.51809693661157,-0.476502147432222,1.34165610067513,3.30875512487954,0.516249371787163,-0.0312478713838758,1.46183527697322
0.027854060672601,-0.257175607375282,5.41320667085868,0.414780365470949,-0.262594923666451,-0.198865662902938,-0.384327621668161,-0.33626582814824,-2.04655091756885,-0.0756427755201706,-0.611028074528005,-2.60574107595204
-0.358549220955262,0.473783021611042,7.69692030451126,-0.096693146496765,0.0579264314473421,-1.91449654870004,0.811279120140381,-0.355921297430024,-2.15681937569974,-0.451395135060216,0.32476460929554,-2.3234382655382
7.21773263442274,-3.28487369938217,-5.71346381718973,-1.08169263689524,0.286356848274036,3.04216336821914,-0.0775208832684305,-0.196627978346593,1.48640294191358,0.267351904336221,0.285107408169103,2.16826334648918
-0.0988774178807673,4.37676082385042,1.86962995968946,-0.245343818141146,0.605332637538792,0.650838875202187,-0.0458079847661208,-0.00266840479167077,-0.11953489494489,0.759060968028984,-1.57196296238927,1.37744124352842
0.943550708649764,1.25862696890907,-1.06095491468849,0.250463306126752,0.343612601922315,-0.0638539685099349,-0.400553981825222,0.233290556590234,2.35246714962641,1.11939315358346,-0.922195291065848,2.32252697021304
-0.910505039041871,-2.05626397990922,3.88380058044738,0.101753465104308,0.319978916852577,-2.74506825411567,-0.388230941801753,0.424135113608798,-3.19398790166857,0.0994358289229791,-0.139372343062509,-0.848015403691141
4.64034511229263,-3.48477561389612,6.82217592806313,-0.415544334275946,-0.149330492050235,-1.40097496707416,0.206767211497506,0.137481124164078,-0.963836761746696,-1.7181274470676,-0.00992235071067524,-1.4531424133408
-2.16891886617142,-1.0455525195245,-2.2829089760973,0.354195276801719,0.0168360592664098,1.05056987469353,0.0828710818699796,0.460021719073218,0.488831435822106,0.0373028405292139,0.0279430667574797,-0.473629670524277
-0.970473310917987,0.345037971317768,3.69091887254449,0.57128395337185,0.759335367012676,-2.2161212162722,0.0431254990535877,0.00844030432434364,0.0229733546765249,-1.57012481660868,0.111525631852541,-2.88196500446584
-1.60562635964361,-1.31124745979293,-2.89625796380577,0.197499302780913,0.309379884255046,-0.220652248397112,0.576081954759313,0.223342267776674,1.88570238243327,0.0332467659435603,0.17746773694897,2.69697182941304
1.64088526767295,0.404669949492627,3.11591078271037,0.439275640069492,-0.481444628439593,-1.42567985775856,-0.00815032972923141,0.0861772207645136,-2.53048146743269,0.26118713689369,-0.124388623294573,0.874355590977552
1.3767511733544,1.55521234681626,0.521312297836249,-0.0228388833450761,0.359177597743755,0.0490846305387558,-0.19242953510469,-0.0834909401031016,-1.23696713095885,-2.18472045485471,0.382228045145193,-2.05558748432138
-0.696213375789757,-0.870913138024412,-3.82842720898603,-1.8221668878486,0.133791642785559,1.65824355895318,-0.298019380846172,-0.112773158034486,2.78331446629628,-0.151515353802521,0.823333437790452,2.90737542924894
3.4066631536252,0.213231388546931,-3.81564025310814,-0.0145768956009598,0.251785205194671,2.11178781751768,0.52674696024513,0.0292902219783852,2.91582201693226,0.198914927585771,-0.005409226776058,0.0275160922536634
2.29962158900344,-2.43035442137978,0.59541400885645,-0.0300396976951423,-0.208960805134309,0.490906566797263,-0.247022573446101,0.369755030261977,-0.821377150151385,-1.46253680605828,0.738000892591367,-0.292157747850185
-0.589865736203092,2.5462625437418,-3.08339592713085,0.116400916560742,-0.0589062682114705,-0.0436787485655387,-0.0500773124297635,-0.265625034630671,2.76961336849494,-0.179190422194409,-0.277160165055201,-0.160921904018035
0.247601279674665,-0.918758408448529,0.497774289041155,0.066115064756081,-0.0450057400175294,2.28825470380603,-0.218916603211624,0.607608099212494,-1.24573869300326,-0.312387877197185,0.743497400385884,-2.56487330972629
-0.617946797873138,0.369654776587816,7.48813776438541,-0.20775002089543,0.0233541692881296,-1.16698589954314,-1.90754531094993,0.319049321941537,-2.06664468903874,1.29131808126368,-1.22954006462962,-4.0446842025345
-0.0666881909583744,0.655806810461008,5.23693701334647,-0.817264944251276,0.088482366791682,-3.04588486955404,-0.0584691460487736,0.108013139982506,-2.55695590921444,0.135389742726152,-0.194134751945682,2.21672681424719
-0.142907166631567,2.64844341610988,-4.63677894543597,-0.190954592305991,-1.62728592134088,1.3197915547677,-0.0364226294159284,-0.0688767504493132,2.67871390835877,-0.336120811578986,-0.00695531986479191,1.24491726816159
0.0805293100688048,1.87950781774747,3.04393126322976,-1.43691634004694,0.409920586841259,-0.901467859869803,0.150671210655052,-0.140592226577057,0.465025270758622,0.390646636438321,-1.17877388726888,-2.36801703721447
1.5584240490858,-0.926052674336994,0.702687084964698,0.0336659986467936,0.197321353797519,-1.5554758589691,0.512489378594114,-0.387320158996599,-3.22102631120964,0.146644273791549,-0.149551029341,-0.504079322108495
0.932525576440008,0.194604688957514,8.39113750409711,-0.174813101136744,0.0788848300127827,-3.0709520202123,-1.14301910385821,-0.100454384014067,-2.28686574821174,0.137339271226165,0.0250686425852234,-1.99413528377336
-0.420332081599818,-0.889409155001817,-3.05182981246119,0.276081212958322,1.20990585381167,1.8946314652884,0.0446764767844264,0.00489392677145144,-0.616078723909362,-0.121870125758306,-0.125820378540286,2.2703009394805
-0.793862490544529,0.0874541046049198,3.4871274475483,0.0344274401403006,-0.134518854487218,0.0183993027320119,0.991041721236993,0.638779966497234,-1.77733951202272,-0.0263346967453994,-0.376063004845995,-2.77547491006105
-0.179340077897963,0.269677820830654,4.4696644879692,-0.0470688126776125,-0.669205750198756,-2.88394570626427,0.309547844456277,0.0770805027318082,-1.23719324761291,-1.00333529399356,0.100829459740237,-2.00806009794884
1.88789744567201,0.328696667284241,0.040216068464914,0.298749595526553,0.387505241582275,1.09573384866671,-0.378693019896212,0.276387382504795,-0.348965365424241,0.292021745032265,-0.778235526322404,1.09133988518601
1.27937865664563,-2.90640136325624,-5.74954883569614,0.794302521988424,0.452516166056902,3.05546153099442,0.166517029470809,0.355719471060983,-0.879647535550856,-0.0639361986898207,-1.22366486344812,3.56038788143063
-0.760192826439155,-3.04923616502994,4.43886761943926,0.0535596135660816,0.976430927596758,-1.64001039825918,0.308354275685582,-0.253440186043276,-0.194109610667813,-0.418290813952601,0.0818248888469328,-2.39617324154077
1.23293181252072,0.0991937955211828,5.40626652551648,-0.726692495222085,0.202439358602973,-1.26446185487503,-0.269196450284082,0.776405030795279,0.893716445464318,0.464205614801427,0.233421192242908,-3.62600572076638
-0.0813135040497179,-2.38426864730466,-6.20268785697739,0.270741236655375,-0.0291950693499675,0.465990526708196,-0.550988614056259,-0.0532309944583392,1.35984622199873,-0.446609323251467,0.0565985816468408,3.42346573596676
-1.81189987936283,-0.381528573408185,3.66181185766754,-0.71123451022695,-0.192111354421779,0.223787307525489,0.348218597183597,0.329809411783194,-0.953840010137097,-0.401862627688744,-0.0589973107384341,-1.53927521925171
0.327805750464563,-1.94605081668518,-2.626158710119,0.76013857736864,-0.62826830199337,0.541007072073015,-0.0175743484646299,-0.597821049427026,1.88696017958584,0.592103790906857,0.478786956132944,-0.586741152699242
-0.91860207246396,-2.43896892322452,4.58233712315679,0.24762934761812,-0.336807749949369,-1.98869340075912,0.258531619181924,-0.50476088257735,1.33578054440473,-0.863182373739244,1.50023264307441,-2.12921983019695
1.30149814877948,0.947312338379417,-1.83379009009154,-0.485389119143188,-1.11724124070258,0.782049312994785,0.0360463820549797,-0.105023769971071,-0.516491796277892,0.0960822116824346,0.00283960547122135,1.12935544526065
5.69057141245263,-3.56247299915135,5.53233279588693,-0.0830455054017559,0.0200734330463245,-1.11589196202404,-0.0104147423763367,0.0670421498998905,-2.33066084497533,0.0980433641960538,-0.323153116961782,0.547554123143073
-2.80951108816244,-0.580837638399901,-1.08262912264216,0.542350770096809,-0.509358637989539,1.45557195578542,-0.0812423369825568,1.01000147779648,0.0551766204793438,-0.223616992400433,0.0419716301487871,1.51696845131396
-1.82526207465379,-0.00627272714360916,-5.34885144757361,0.100911017900435,0.83594499876568,3.06478150934196,-0.535074408793851,0.725798298082663,-0.750450153225709,0.0144502143177856,0.0103003892849812,1.98024927671159
-3.80500035037603,-0.480201356308901,6.66196379832148,0.368409467837088,0.0374253474081288,-2.50121422508438,-0.478460556331767,0.491997094287566,-2.55990855486019,0.599188223226391,-0.187017772186169,-2.99465367685347
-1.09833066943319,1.50840869414302,-5.38978157376282,0.0503426205227777,0.0790122272263735,1.99499636447375,0.199799806757413,0.00707734888585929,-2.35547867423424,-0.267015487908329,-0.485595685464069,3.42355155179727
-1.60760217399184,1.82301864990984,-8.42538360291533,0.265443534342562,-0.0508600493357313,2.7606386422152,-0.264716429934637,0.16148151634082,2.4458498095278,-0.0121015755573306,0.00579650489541514,1.48564548796506
-1.31996026688484,-1.45350716218172,5.98713268041037,0.280376451867739,0.0266143080697722,-0.996797945428591,0.403486246668714,1.14260432870775,-2.2318515881357,-0.258211844187461,-0.355371555938017,-1.7158629524153
4.52864486533748,0.881720599370521,-4.89772380701051,-0.346150708769169,-0.980081663189222,1.61726131571292,0.00109337629920947,0.168389304807941,0.939432673098561,-1.44127386256723,0.832264890115193,1.25107628678812
-1.55942083056649,-4.28675676764274,-5.58588270700431,1.13653291960134,-0.127013219017022,2.72548804441574,0.0213785808561317,0.0785002689814638,-1.00213815934791,0.229439991765492,0.0408605432526257,1.51434010954413
-2.48904958207287,0.345473641092694,-7.79130557588324,-0.035142026013572,0.20270829189978,0.362815465258484,1.32473606714506,0.77574995131275,3.0617878731807,-1.20149161318754,0.451532485444162,3.60713094734467
0.538752267055835,-1.97055258878179,-3.83413659250286,-0.860429385522794,0.00532731825688076,0.966455278760858,1.08410147308714,0.945061277727664,3.10640034687607,0.406951770364833,0.454565895768227,0.249834935120882
-1.20540259188426,-3.17920777238003,-6.82563977286068,-0.107385575424572,0.180240158956728,2.46794449989262,-0.203054397992964,0.609592093284596,3.30459584720124,0.760274091817621,0.00983772934322838,-0.909050914702268
-2.77416642326889,2.40797724859399,7.50302162430012,0.117354141995468,-0.241270339142827,-0.406266210033837,-0.128563319050548,0.274393971880636,-1.45578777525756,0.836675438982744,0.307660790458134,-2.2213524591993
1.2677354471119,1.06099001537737,5.36444794578571,-0.534046311987232,-1.3111532464418,-3.63028898223262,0.168226388704499,0.181384976098412,0.934138992044349,-1.03351284171469,0.0136283771032529,-1.7855244984793
-2.49012743739459,-1.01152329706776,4.42702897248967,-0.00769302329707182,-0.24515218507569,-1.08051941263281,-0.0860073680268115,0.146688003144288,0.378295407652405,2.50952953530522,-0.353151070515668,-4.62211726188467
-0.00496897841820068,3.24734222709521,1.1399431961133,0.0757737244949358,-0.802551944896512,-3.45968859359604,0.0145864323361085,-0.0189323045765057,1.40226939308554,-0.214438355508168,-0.138943813650045,-0.219054332453571
2.57563621277321,-0.133720970932932,-5.52441424228265,0.139904148001546,0.380122940655689,-0.496069088452497,0.236403897132747,0.0167763021172482,2.2710468921703,-0.602010591605938,-1.14040461706427,2.78158013708012
-0.173295448649529,-2.57893635401932,-0.363339263056855,-0.367233353130899,1.10821053960183,-0.177873624103159,0.266944935160093,0.256514003895108,-1.94283472442299,-0.0992756369146733,-0.488694527430515,1.35285322010369
1.18939313115136,-2.35544949474018,-3.34962654828306,-0.485344660917474,-0.313954189934522,3.4689790364951,0.306019215025844,0.536961682308976,-0.701505010944934,-0.739571692236413,0.448879265838638,1.86064989608468
-1.85200618815248,0.741252241922278,-2.65749453519214,0.321182171374973,-0.671935387737608,-0.19441266276357,0.142476939320542,-0.0178528920723858,2.50087768130977,1.47708186100281,1.11597231833944,0.116794430495523
1.11958026886874,1.00283726846049,-6.0259312141135,-0.0339017010987067,0.539930891779091,2.82867118535645,0.0689408052945538,-0.00242135089280581,-0.45988063714612,0.0460124048344048,-0.0587840970452784,2.67973675757719
-2.13183695198337,3.59053508915056,-6.54117233524619,0.578500478868,0.197696244250908,2.63851581978104,0.0641555521556309,0.0243959890644683,2.27142951938628,0.228228589452035,0.0751744711654416,1.36762729692918
2.21736690121691,-3.10233108800381,8.57296451007254,-0.190779712329401,0.227089497746101,-2.66688467044083,0.500549907553879,-0.355643823332902,-3.18721756981854,0.00196374962339963,1.09518089252426,-1.55956423947547
0.380399622338748,0.0903468832090709,5.55099644558037,-0.150775128070508,0.00475545521450069,-1.77320737409124,-0.0315904162509976,0.461271874671681,-2.53244602521081,-2.5814110312883,0.0607950868735967,-1.03845996127523
1.90859725706677,1.183491538076,5.8150203480583,-0.611145523203372,0.40933635120791,-2.01935130407346,0.43338138031075,0.603301454590307,-2.49239475694897,-0.0165589484399174,-0.0573824112453489,-1.56004624647479
2.51178956758413,-0.328184256310874,-1.78096370534582,-0.234451109391334,0.340780578799768,0.428755125728757,0.264170933468431,0.101309542086094,-0.827425252083882,-1.29646229667264,-1.21623001341623,1.85371431786926
2.24457010565576,0.129621593059792,-4.83585841434484,-0.25646772875609,0.0584845710051809,4.20644561125475,-0.0488960692382579,0.559539504057421,0.953105628659879,-0.0482426744016403,-0.274979880139872,1.76427096960515
0.410616198585666,0.403228433789126,-0.605233396955909,0.298219468202923,-0.0131626340821307,1.5934818706974,0.790688471959288,0.395684086509051,-2.31365975693317,-0.00683314609619089,0.0518094767071684,2.85263327992232
0.801189179546834,1.15712047526846,-6.88762751772555,0.338277720657693,0.000197583463345824,3.07889367898807,-0.606382180763166,0.0713358194737281,1.80441779730222,-0.143791957323094,-0.847096856284381,3.27269654283816
0.0433176773984144,-0.203679117924717,4.66321999434111,0.157780776466178,-0.303229094660507,-1.74960713725711,-0.192050964877186,0.15363265818504,-2.53541706357727,0.553880558251175,0.256343276039889,0.0140581562118026
-0.582217953235186,-0.836415390043791,3.02721569851612,-1.14950084608105,1.3109954451199,-3.10999697634194,-0.39764615757655,0.242313312696635,-2.78975696363337,0.0971585720037301,-0.0771401881800736,0.736364918646232
-0.844504526506447,-0.954171285985412,-6.64878071772919,0.550595228685419,-0.120176616021411,2.21982809493841,0.141295265806331,0.11245461573234,1.69925278660025,-0.0825496568612413,-0.0574732051624346,2.86737137907823
-1.01148540439158,-0.104793222063663,-7.13972551681446,-0.0765512208059326,0.252543817599234,2.70079047142863,0.193899797346856,-0.210518032515294,0.337452188102682,-0.965229827009333,-1.48896999140824,2.19029916810393
0.829627823028285,0.420300642259701,-5.27105241979962,0.359537124214366,-0.157118266098831,0.13856713639636,-0.0465884550270544,-0.10382218870195,1.92432491196199,-1.08387194588969,-0.933859979515759,3.0867183682549
-3.56239677248204,1.78634085495703,-5.20295088844695,-0.300216963113031,0.975887383320384,3.64493776886635,0.546514601484449,-0.517038371862221,0.496592389141568,1.50025388646897,-0.452820328341501,2.29199367617415
0.209341462456555,3.80331932947566,-6.57379212581379,-0.543481691051153,-0.258107710364737,2.71595844067482,0.668232354042959,0.655959511124683,2.70433532485274,0.847693718406061,-0.123553601724408,1.41020667595777
0.491490322588166,0.765860130664628,-3.07581646693089,-0.305895227391534,-0.108354084097085,-1.8249400583779,-0.618559371423707,-0.69866859216424,1.36982708937627,1.37418118059749,0.747231027395485,-1.92372680053032
1.77991928141334,0.366853623664315,-4.66264422588235,-0.00157782937379322,-0.0966178240577017,-0.227042659101063,1.18095138495518,0.182820772776632,2.2819870602483,-0.961509884141601,1.25788724151908,1.92040147739123
3.53594393736204,0.640904840881696,-5.01660311335313,0.106813476224496,0.208630625208124,2.49103917445148,-0.304156919910625,0.111611541241561,0.226959234596337,0.385780891498105,-1.18298079921173,2.76171701246534
-1.17299653716851,-0.690113878063797,3.23883151346479,-0.0416545945046198,0.695990180836409,0.222430987387562,0.142541546654835,-0.181096775690922,-1.04684769107035,0.439593498844065,0.0246580769548612,-3.00175068628345
-3.77223207347282,-2.77546319545325,3.31227563883596,2.03058371516956,0.322350346668985,-2.50994513430806,0.385758018403998,0.225458932337041,-1.86073585024631,-0.0656426438163745,0.0659491627911229,-0.4537355865963
3.95928334612185,0.814570920311894,-5.50895680297239,-0.150284529798707,-0.168558002664892,1.30656218537936,-0.2825999097244,0.718471990330878,2.52766194391613,-0.105277799484527,-0.0252083328689444,2.55986806025629
-0.606909268302834,-0.0174404602284607,-5.15633526755298,0.472331224947002,0.101941392808462,2.07963112012765,-0.121654245035861,0.110907041814016,2.66886389680809,0.392463617258928,-0.146361181586173,0.355830018259353
0.549496102458037,2.15279192041165,-6.29665040773043,-0.0663537215763704,-0.342687028309542,2.95454318219492,-0.278769439706113,0.352171009330824,1.44617684597359,-0.299636818527653,-0.328008712193364,0.856346859903141
-0.702634734273197,5.12776754438926,-2.76785527212585,0.267797816682987,-0.366790883805812,-0.243828957776042,0.00402036032709425,0.403309901091286,2.05985496234575,1.26386415555286,-1.55929580569693,0.886644932022045
0.51400709056261,2.1439731223496,-6.11296412849314,-0.347247805929812,-1.98459111387669,0.559905068465808,0.469025608269929,0.463537860004875,1.65350698307888,0.0352570943813323,0.164438240947916,2.2491331403914
-1.09420726471564,1.87846318244701,2.42382414481098,-0.385696378202412,-0.298872364314641,-0.0808476293220367,-0.118132465884502,-0.0332860435413364,-0.774952942597647,-0.69000768129935,-0.372509802023309,-2.26552732616409
1.7171121884174,0.383571158531169,-2.2353280784604,0.453375142271464,0.349290574851352,-1.44620683168122,-0.160635302718002,-0.0187273162998877,2.04465432344561,-0.0905205367582872,0.178160442603345,2.57777587200239
-5.68167279677684,1.81694967732496,3.0615788989663,-0.125988258907835,-0.851868281862132,-2.83027198277407,0.547217675524329,0.450342150214969,0.587287272384147,1.23638853845327,-0.0166786398002331,-1.93597068330984
0.335532351700539,-0.0946921772945526,-2.84418548614525,-0.238168855041375,-0.520674604483584,2.24206213822556,0.0466475396734721,0.435237279776311,-1.18830123686268,-0.861992402087212,2.27641867204013,1.67854068337862
0.985835235570094,-0.303884185954458,6.0916125408729,0.431402027596738,-1.04234137071844,-3.14778634125153,-0.200435244772144,0.284865478410788,-2.56354543222269,0.267362775543791,0.369804984960523,0.379036373845213
-0.415914662496135,2.92716193369167,-1.62723111159519,-0.497036812850145,-1.32235968854905,-0.293670404823493,-0.22828145013022,0.308816522463077,1.02622199123956,-0.292510840782831,-0.591410325200676,1.17329634219574
-2.30112610556423,0.371350207723597,-2.30810409287424,-0.165273219112832,-0.800459733574726,0.209575719583251,-0.926472774065449,0.985797483543961,1.81323306018442,0.937223994674118,-0.579298173705549,1.88082921641163
2.09252329400764,0.121575519581398,3.08735802964257,0.0564108247058774,0.140765183911254,-2.81940130016433,0.973937709043884,-0.420327973448843,-0.0156138342271952,-2.20939562743509,-1.28791114117419,-1.27478916568097
-0.244353427365015,-1.97791756307267,8.28929756499491,0.096376235497046,-0.672654234994193,-3.83165698158843,0.602368702838541,1.19510435179247,-2.35326431801637,-0.251193257972412,-0.172725744831722,-0.0247190831000825
-0.714215437990479,1.38099724745159,8.40615510007851,0.161761110330288,0.703256784928097,-3.79788441307567,-0.105617301748491,-0.218307361264138,-3.51956960727828,-0.231883691280187,-0.432297483496522,-0.458341738585389
-2.45997238456144,-0.612320837303567,-6.42372913704869,0.303653908739571,-0.391968389057508,2.42905806978237,0.0220720238634132,0.305594836088012,2.88745768732439,-0.0410298083465333,0.510296116398093,1.7693867553641
0.228232494245741,2.51711777968805,4.6707125707633,0.255226274249971,-0.0860433728642531,-0.967362575387691,-1.41966256287983,0.0407654501908473,1.18659820495734e-05,-0.501592914989258,-0.131655062373858,-1.68502129649759
-1.72029318507053,-0.649846634107311,5.41446259113598,-0.338493142053535,-0.167656620707621,-2.3789505257095,0.0484914005434647,-0.354468155177346,-1.26802533220609,-0.0282317542460832,-1.27727621326771,-1.08361827640101
-1.64909168792259,-0.123977829923005,2.07755731611513,-0.128886543800693,-0.456008566035537,-2.64649790288272,0.102999627521484,-0.32873180305682,0.847541560812832,0.702289324916168,-0.252902224742206,-1.24419752594652
-1.30779118575537,-0.142396720921866,4.8698735797639,0.0836913006205227,-0.200917459668829,0.562820699132427,0.229458656664711,0.0167407135181507,-2.89416428201767,-0.416871569186746,-0.339753103887073,-3.54390764444111
-0.248364622352513,-1.44987271751202,2.84293954271016,0.678454290334631,-0.267625820930994,-2.90610420000914,-0.202464208382684,0.0376407230272211,-0.341292159742691,-0.17975553157899,1.28251350729193,-0.226854321856547
4.49761902639281,-1.68854532976935,-4.70146002703351,-2.17005145934829,0.492682301519784,0.980944770087379,0.233246620674576,-0.37522349586513,2.12217557798202,-0.137176520594417,-0.0130199914586345,2.86865414842077
3.04649972456762,0.0690649925646805,-5.12370250053477,-0.608251486848621,0.0909410239920186,-0.278722357499984,-0.198381085183696,-0.67554901252935,3.72741701781628,-0.445956615276939,-0.457172460074695,2.27749564800161
-2.14891390284553,-0.856498553357807,-4.53006807353234,0.26912620511208,0.399234546656596,0.409621382227601,-0.26047329673879,-0.198889542181991,1.34614846631232,-0.222956031516971,-0.32382317964015,2.28690907304811
0.463992108327841,-5.29712604776542,-4.76636542619596,-0.830656629241861,0.512900391135968,2.8627817229085,0.124893134380793,-0.11682623070857,2.73941411946979,-0.0598100478575514,0.211870290260836,-0.477141673811681
-0.0281493017112765,0.491675054405507,-2.59928505372962,-0.23898716668607,-0.214077279823644,1.64641825844075,-0.109280600879278,0.17581345038719,0.774723248261692,1.00144366294741,0.495815439931029,-0.402906094045931
-2.34219632839978,0.786677645906074,2.85038704500768,0.0256277240453057,-0.500503662508746,-2.12196686092705,-0.0375237121822311,-0.216215367101977,0.529251824465084,-0.180502377614678,0.038639367378607,-2.05949954343425
1.97313248666688,-0.706190418004869,7.12587293550055,-0.0842315179869073,0.331708049715987,-0.425490130660871,-0.597782283427958,-0.929793877520279,-2.87465114281372,-0.0562313484939684,0.208695348141063,-3.08799540958515
-1.35814244224663,0.0965489724943542,3.87160098940559,-0.186211458755432,0.271822710892554,-2.10906029406963,0.49126180809952,-0.0232355664156548,-1.78568324726923,0.342556949902233,-0.477176970395763,0.0207101237799058
-1.76636181519373,-0.36165522109531,2.63049379417017,0.895474353135241,0.0928882707229923,-0.780982528890932,0.200698111490167,0.337434076851414,-0.543205717646952,0.120257507869807,0.754752531379889,-2.5647238893057
1.17807580902836,-2.62543617011057,-4.99874423556479,-0.629959255329096,0.490595349236736,1.79669395288117,0.235526609938018,0.0952064438454568,-0.971406495446515,0.271906290637553,1.88407045340669,2.6280230678138
-0.27045811348628,0.842188211766467,1.55208581943064,0.23268775387352,-0.139091372128494,-0.0830178263145503,-0.0518622912055376,-0.530188373995357,-1.69945291063021,0.622140430180895,0.517047029580638,-1.63198226119018
-0.869273033500335,0.00302104109930723,-3.9388155282762,-0.0487963325987813,-0.0956988375692804,1.83858882691271,-0.223155689105226,-0.148703066640058,2.23434166708971,2.23817971141914,-1.0554782056646,1.07283187349095
0.942211924322033,-2.34702331408991,-5.16237772448931,-1.11562582376723,-0.79999101191768,2.5598421533853,0.346826153658814,-0.366381072921154,1.57737535031097,-0.0148627690350258,-0.340215179040049,-0.82915210518888
1.27013415905253,1.22328044131652,5.28203002924931,-1.19203282345147,-0.239174252165304,-0.799682983279659,-0.0694588617467962,0.213633290521351,1.5542611523725,0.0244538847673146,0.159724171665671,-3.54483921999673
-1.21844889385553,-1.06185412985486,11.2192511794168,0.678964953288364,0.495325104486953,-1.73853346916994,0.00983207638193219,0.0406113442747076,-1.0220555042095,0.340847476227504,0.201904619444267,-4.22881572311913
-0.697094813733733,-0.420285415182297,-1.0769796534544,-0.183445348032208,0.146485556243404,-1.03768209654419,-0.209778096364689,-0.162064545404567,0.459009006091145,0.0865756875998377,0.496063547832125,1.9490815241639
-2.91483612375173,-0.107879190640055,3.27709973428952,0.595887705606739,1.01096277129772,2.41666326780987,0.280773770952489,-0.659890857981123,-2.57462505491108,1.41038552614454,-0.717552294681933,-3.91057653429775
-0.55497623418019,-0.0840677434480491,-6.02048734530064,-0.273363877664337,-0.0536136538159991,-1.3121037477071,-0.274388784121544,-0.0993929951794994,2.1124527436485,0.13276648317225,0.191371931830004,3.35608059739016
-0.75377888209982,0.365527781553747,-4.70454397572431,0.0785763706850288,0.183900746787505,2.68115284822032,0.41185707443216,0.230243216673428,1.87516255925266,-0.496656269411439,0.23669470208268,1.68148856603931
0.512167777580052,-1.50320015645534,5.25445179467493,0.428226949301307,0.214567728045445,0.0553221469023827,-0.00760638900130643,0.182903298000767,-1.54414021399879,-0.255936476220939,0.0118491418059611,-2.49711227318817
0.894011029213032,-1.71772755136569,3.54545090063747,0.133369699126093,-0.256392109028154,-0.778837649645095,-0.110968319628581,-0.398878878411774,0.0240390877941664,0.289082155949518,0.068953555308246,-2.06823701241298
-2.9203351477993,-2.34846398720818,4.59216070838142,-0.324400057984255,0.3409675417892,-2.69960990264369,0.0632976061813456,-0.316759012615937,-0.114209252618229,0.51100457291035,-0.00931151708257258,-3.4324447467848
1.26393865417069,0.948721065385614,8.81514694697983,0.0654508821063728,-0.452674173562319,-2.38221342753645,0.0217342361412972,-0.0902431541202526,-2.91422209768127,-0.81871633570082,0.607837760791671,-1.24015995385516
-2.25679691844912,-1.0414427905895,3.60544534282634,0.0499965336573858,0.0263764064692167,-2.39984211876494,-0.0912865671526571,-0.163246787987139,-0.19810460814448,2.05678554451011,1.30377438752727,-1.1049260123744
-0.293037598681625,-0.915728405503208,-3.743388033841,0.0353402694316455,-0.217126631558398,-0.335175418839066,0.0352573234458682,-0.244427991000742,0.945991365380299,0.0350440758610745,0.690191122598941,4.84555563897251
5.8789249981594,-1.87069215723624,0.845706112206585,0.118942338243132,0.144735721747536,-2.2931013431757,-0.58011449124864,1.02623297321457,-1.93455821415594,-0.0886110085719854,-0.0041979971647429,0.893479007373513
1.711043278023,-0.918069528662082,-5.18946921513291,-0.720827830968472,-0.238978016042892,3.8626840317273,-0.126847980457574,-0.0929947241962397,-1.19224499444993,-0.465793225389681,1.41640835948381,2.23138310285016
0.159033177048961,1.14414096760034,-3.29228612828724,-0.251340964811304,0.0193241013821606,-0.53700810760214,0.857128334501756,-0.965677425971179,1.34980895615474,-0.04654646285613,-0.119776546200626,2.39702510785115
1.53693177639064,1.33719462129134,2.39067705474825,-0.288892563257044,-0.489709023353013,-0.564519093901731,0.631673682028109,0.243750034175616,-0.261679275548611,0.0735540162432655,0.346032106613392,-2.55465309041435
-2.37784704892163,-2.59689259257878,5.59485065612905,-0.251072260710783,-0.15705066797211,-2.37296121767118,-0.441534465999457,0.618389629191398,-2.15735095626687,0.0865618352375607,0.0172985696606806,-1.22852942827069
0.189805498264842,1.33198811980622,1.74366920367813,0.29304189065863,-0.238271809345224,1.95567545349236,-0.154163380827242,-0.287557559249396,0.460803335861474,0.734342065297435,-0.418327368309027,-0.227933662543562
-2.59522771355857,-5.31352775394453,6.61290892246017,-0.756502728797715,-0.0903305886311054,-2.7029776105231,0.219242761524357,-0.173718298017666,-0.983795101789004,0.303193850049364,0.084192099079791,-3.06511942515282
-0.539559855180501,-1.38232024122244,3.17219634859168,1.05393850405532,-0.159045501038479,-1.5643475115256,0.165633499010262,0.211397621944328,0.213225288824832,-0.0616861674833385,1.7264713301556,-2.40339331540983
1.91973645125475,1.3534745479953,2.49700426128898,0.564226241532545,-0.345488568804795,-0.989098238459364,0.103519835927795,0.154862831063682,-1.12102560907685,-1.62092802147421,-0.719724294781685,-1.86129571119106
0.827689528523482,-1.91521059354946,-3.27956804897949,-0.509882850364226,-0.146669526757476,3.35932509031385,0.0654874402524329,-0.0487914083839127,-1.62588658874339,-0.21616571882842,0.644138480153139,2.14765655952137
3.93580581586353,2.13645458626663,-5.63244956827334,-0.566623836653317,-0.247014490642704,2.93147250131806,0.0371407784397513,-0.194849924409463,1.61113255774235,-1.81479112799668,0.0290650408473912,0.365137750312035
-3.09325960396618,-1.10112810830653,2.69250870131257,0.393828739672343,-0.214488177697997,-1.03229280362206,0.318075077979392,0.44374972976369,-1.18095094322506,0.0157997749997813,0.153241833920277,-1.14169188013157
1.42750072825485,0.513333493913663,-1.91986950570055,0.0575769050431019,-1.43593131277221,0.329796254916411,-0.974628394909769,0.86557585781356,-0.142384106307308,0.0620021623551593,0.0646312041317994,1.79826794467685
0.369351202980228,-1.60628041702035,-1.91348131389184,0.526240552194403,0.0457794157966698,0.533098987853111,1.68653318625655,-0.745461713640428,1.03139435445154,-0.0221842809973036,0.122235103100812,-1.42876873932764
-0.899742382537012,0.791256922071916,6.70673583820136,0.471458178084702,0.641112418210954,-0.754476502284981,0.335618963253097,-0.726524380208049,-2.44206860712468,-0.214900997513809,0.159274452437121,-1.76069939652272
3.17645797837835,0.635840025700284,5.33404226271351,0.152178051982566,0.0359620789657536,-0.176104078225616,-1.07100063709732,-0.689346170501437,-3.6600066387386,0.0784271127935594,0.0274749517714569,-2.25535598089317
-1.39618915212747,-3.99685594415347,-5.78961439677443,0.265692657415283,0.240511094626602,-0.641551814049693,0.113515662779328,0.0778467702049358,2.74477031557067,-0.0818925054697528,-0.0800531735788424,1.96236681122594
0.728459500854757,-1.53705628746236,-4.66220349110768,-1.60004630642583,0.203733492771143,0.563661445052138,0.289284661990938,-0.0669900585500448,2.25995474347884,-0.0400018247552004,0.217585710012084,0.0693776297441086
1.14084979361439,2.7880553025909,0.19132041362436,-0.240687911770925,-0.242453051650407,-2.32074445639656,0.0247177506479258,0.214978261926416,-0.719730416736854,0.759171954932434,0.235351911061492,0.0243252898737081
2.933993059095,-1.60382820986921,3.21924576777676,-0.159512105420951,-0.986451936996041,-2.5968103546655,0.150486876220469,-0.228693168848751,0.98245297834868,0.0470343251826107,-0.0324637162737102,-2.25265400121244
1.29736655750858,0.836939497836024,7.88791591884553,0.175676327670228,-0.130690812596194,-1.16747492877098,0.207475012458753,-0.991277305686596,-2.89820836242462,0.079840406836991,-0.942133470573242,-1.40160300142359
1.63983622913698,1.12938886740709,3.67795661077714,-0.645778065785471,-0.432748534649849,-2.81754466105095,-0.0588490275424855,-0.399205368538213,-1.10878658479029,-0.268892175009832,0.0636775503515615,-0.541574617039558
0.982239249405453,0.190257646297055,1.97802635326603,-1.0940800308013,0.168806719357678,-0.914515162922757,0.167342157876328,0.851220567811245,-1.33867528342839,0.224844484977113,0.199930961182717,1.67590770906469
-4.87915180579222,-4.05042620127687,-8.95444208858228,0.0711484614292007,-0.248112637773134,2.75021473592912,-0.000655201822900783,-0.0712816982490825,1.86845130723367,0.259111496516002,0.242218130977221,2.35817023008233
1.04405865297404,0.0959584094905339,-4.23678746948957,-1.07236816840627,0.509314123009016,1.99334484551817,-0.205288491594854,0.535147216528458,0.561891961890458,0.123631669655695,-0.261763577192383,0.935446074267606
2.48877424772897,0.747263341286519,-3.92304523522253,-0.494148096214571,0.226978399976952,1.82724289272028,0.238056830852046,0.40753346821447,-2.47196713429215,0.526136839995274,0.767134745448448,3.48559244280234
-2.4835671637097,-0.349134195750099,3.44298073108285,-0.55630477378063,0.226396064753559,-2.5691402166108,0.819479145351163,0.0425237902662702,1.67751538198775,0.38471170913034,0.181816124686812,-2.66357831366954
-0.278412982223857,0.624176151216782,4.08928316020747,0.0588071284358659,0.0406431503735788,0.566327485685297,0.0614238441737378,0.297753104136823,-2.30376336685969,-1.12390209187742,-0.946611712186327,-2.60419182934588
-1.31357010375711,1.42042737231279,2.47142659504067,0.632863776728601,0.261962195596146,-3.01332725850573,-0.131054227680666,-0.153624685982722,1.93782931387079,0.346097684254412,-0.0843640555745022,-0.62436020525111
1.08628851911286,-0.402596192695181,2.90185705557453,0.0294231776798472,-0.0215288692727379,0.645873952151002,-0.044549109195499,0.141593864726172,-3.68715936317266,-0.0524249223504843,-0.385184557193525,-2.05956691001761
0.789354362969373,0.338798825079516,-3.92791510998228,0.078402014508352,-0.209957921332371,-1.72518802799468,0.0924898720505833,0.143427699004099,1.78138306318978,0.41899712527045,-0.319043160157356,3.51498027079324
-0.681340626204324,0.861174875403589,-2.56680127056855,-0.338327474630145,-0.109018437430187,2.17491888764767,0.58828196131055,-0.322274614821037,2.13000075520508,-0.108273012015061,0.315426377356687,0.0899389619100548
2.29692016628436,-1.47910155618614,-0.804969325353764,0.505609757445627,-0.191244622192422,-0.192022243893212,-0.0743925264004344,0.0283799075207018,0.617576917902012,-0.43663137511851,0.377196208381386,1.2783533681309
1.05020438737498,1.12656242067366,5.45634920152431,-0.204546218814049,-0.241041088818349,0.537693907581725,-0.076093124108275,0.172429512223019,-1.68801050080722,-0.907176205292797,-0.0401265658210861,-2.46482061515893
0.539819237453792,-1.10632940851582,-2.44342230516467,0.321227194673459,0.330925188418845,1.11779977954897,-0.281703508970053,-0.267899483983221,-0.365787068357329,-0.510630236817575,0.101908616676839,2.07970291607446
1.06509216686484,-1.02462964191264,-0.30368619737058,-0.139687166387188,-0.509728822736513,0.0534219796162729,0.30343869378602,0.227914523685502,0.623915247132741,0.109333745254401,-0.170897405290405,1.63867183207303
1.08148425482851,1.99256545402941,11.1819388334314,0.191773785535614,0.945646615751324,-2.03771035522867,0.636056169186664,-0.778654556774726,-1.89099784000498,-0.0757805230186779,0.0332504938014228,-2.12929411891313
-0.549566327399814,4.61033373679522,-0.467633986373642,0.176291136268886,0.0460003037242203,-2.21206358896183,-0.407658706646353,-0.481132473564634,1.63336172229332,-0.010050309137739,-0.647932390547831,-0.0578761826458465
-0.0736360827325205,-2.21187581149248,-4.61563084538054,0.175490447822335,-0.10617736416601,-0.926082395055662,-1.10386027789517,1.28488352905752,1.99518661525846,1.08313057668896,0.469788759246692,1.77479539581033
-0.837433540846296,-1.22062311644588,-5.19909523663783,0.187232603341464,0.0461841605992063,1.66215025868629,-0.000372159874689935,-0.0342508957121214,0.0306958116684476,0.852104137267206,-0.469890693511275,2.86346219350874
-0.820418015818866,0.559244013832047,-7.33406034762376,1.15526004189918,-0.0103261294317835,4.63892683666264,0.355555609500597,-0.212151597623981,1.94237237312844,0.155633744514614,-0.767362257924714,0.273158369660387
-0.643473345454101,0.356314974381326,-7.36233856748125,-0.515894870753214,-0.147933738924832,0.793844897628883,-0.0400140806254938,0.277202824483418,2.5287393397236,0.160023035756353,-0.136678069068631,3.3976141708847
-0.563991629750236,0.0593858332267379,7.84355609214376,-0.159361425086936,-0.401023088188118,-0.191888195242447,-0.62408812640672,0.934688911044884,-3.16072831097836,0.20534648485433,-0.554624486763902,-2.88594650641634
1.29598797893031,2.08692748068811,-4.60490070474108,1.1486015712355,-2.37485531649952,1.52664664333372,-0.478526790946703,0.0456986172922545,-1.40602524414008,-0.161995259035369,-0.410856909591397,2.38751353216633
1.08971781338559,-0.83328066304898,-5.26959941271776,-0.2747053413994,0.0709292969924538,0.118203940553519,-0.481927734330683,-0.739145913334623,1.37681210300362,0.711130780905544,-1.72686077110558,3.10606292332019
-1.70912480867647,1.12580551506986,-2.77903406935876,0.314984030868004,-0.184466906197116,2.02577877647069,-0.494833694192803,-0.164406016917086,-1.55497293371221,-0.226305234050074,0.292977300875163,-1.41292645500263
-0.600407072871423,-1.55402143728493,-2.55425572283706,-0.210815308093917,0.166685268544499,2.22521968836412,0.00236512659394914,0.00844557277810813,-1.7554490833165,0.214203182548926,0.0430579680100034,0.953895284539847
-1.24523286380735,0.457827265141131,-6.08475593063035,1.28910748512007,1.00099370129912,3.74209833710557,0.303649936419362,-0.270029240089557,-0.42454127491492,0.686390796281498,-0.284977526189847,2.87095331026844
1.29620067110472,3.24828371853884,6.74885128094199,-0.792711979323412,-0.00549493758264335,-1.2909267184307,-0.595203269037681,-3.10638110401529,-2.56400804491013,-0.109531353114161,-0.0522896405550883,-1.51906986440361
0.0177535068912349,0.443115681075077,5.29169766804588,0.570313311435162,-0.0699757382266631,-3.91879431841633,0.0352226824399613,-0.279581338392387,0.66423367462755,-0.20413750423807,-0.400297460633241,-2.36369062434603
-0.645647611901345,1.15736338966473,-6.1201906788562,0.116648114128954,-0.529273696126651,1.62234153168213,-0.672183612887912,0.74903740628537,2.49868092128422,0.0346335759318776,-1.26216690861213,0.922799072188118
-1.21073661931006,2.99556196197981,4.50889589272862,0.0488318353691973,-0.0291712008453332,-1.73635834056903,0.193296282201221,0.119322260049834,-2.81554725441219,0.0789615900221588,-0.0467441662605066,1.31902974766554
-1.58735389943954,-3.99008713294809,5.34113101321591,-0.377838670953763,-0.159946715487399,-1.15744424222175,-0.0982427117825626,1.64009048415971,-1.53673686460903,1.59050762979677,0.927682652137065,-1.95045499287552
1.12895271609739,0.557583131922629,8.62585504890105,-0.151807690349127,-0.11623608435392,-1.23520891642023,1.01242939914131,0.0905963894614531,-2.75945619554854,-0.982504362128201,-0.190236272558187,-1.62805251539557
-1.31968386095112,-3.0963962707082,-5.17523502326841,-0.0180179994689011,2.16746182711655,1.40975987459369,0.0182674897389096,0.0232363455182194,-0.28219082636272,1.0845071526837,-0.554499465234137,3.23043768294027
0.744108119998903,2.72997624714357,-5.63159450744221,-1.11582803787218,0.0749826870355313,2.72888848134282,-0.28848586795872,-0.326966989024581,-0.328665783971671,0.0959335256866775,-1.06619512489518,3.39544006661095
0.0848514252669277,-0.964559180723564,5.48025100883015,-0.16442677751427,0.0707116944132521,1.56068842310158,0.651751177711836,0.467499570206956,-3.31650810300543,0.124055041579665,0.452155408104942,-1.74683681740988
1.32722155914903,-1.31662291576431,-4.99343730162393,-0.246996516530637,-0.398195236735104,2.03284883700911,0.317989257444722,0.41973073117591,-1.22989291551258,-2.25374673363807,0.154778353098976,4.34832239223996
-2.36760439066156,-2.9625722624355,-8.39823227040554,-0.180329961988576,0.150726992531898,0.518356080079977,-0.158344752329292,0.367535259633673,2.65970421138555,0.43822977503025,-0.175087200774032,3.35867119943335
-0.64633022186837,3.74560125562395,-3.83574091359349,0.122475959146007,-1.50767458299642,1.51409572850992,-0.0619624213446906,-0.422639701846273,-0.0249412333034417,-0.357140996787575,0.109960136020141,1.29421547187696
2.02768042836764,0.878959073507494,5.70683834293808,-1.06687405545906,-1.07795399152548,-1.62730813195918,-0.479623186935339,-0.0225270172505096,0.0929472299829229,-0.11691417217633,0.241521014332496,-3.57122288977415
0.114588264158399,1.12737441401802,-6.090950381199,0.594608556219942,0.572425066703342,3.44431230918769,-0.0311312760411473,-0.193824292563618,0.671345560878684,-0.370546442676436,-0.214815202502332,0.168882365240149
0.094309118991685,0.633597220210266,-5.47492564721339,-0.331191197272803,-0.574616541661871,2.82013970288576,0.080026325201558,-0.0473883978753674,-0.291953164707472,-0.123131480017015,0.497685884826131,3.32516812768008
-1.25726489257899,-0.362737613814699,5.94417873369009,-0.00550339530429397,-0.297506067823654,-0.261338822808602,0.78897352635773,-0.238696139110559,-2.82980749761096,-0.367364247597368,0.399353258839189,-2.21980285990673
-0.842040966478891,0.145237027717856,1.09940256357988,-0.435607836409858,-0.0721423315395954,1.91800291604995,0.0432345545417609,-0.00585491260656074,0.513444511962524,1.13109588441301,-0.166828888575157,-0.750246901078919
-0.390375919561999,0.810034143238004,3.41538409330591,-1.05370659263752,1.37692639677475,-1.99129353850504,0.181361787038186,-0.0532487385472793,-2.53602680270236,0.113567814714725,0.230597382219705,-0.369963595088617
1.43353018630812,1.83445010658536,-5.37153992968749,0.369432047265298,-0.688630136135746,1.73062884324211,0.264619011464688,-0.141485186213673,-0.0643786648495531,-0.0898035887400013,0.0241527979865645,2.74047776725732
1.56286415641007,-0.00617742015769074,-3.70189359524436,-0.0939707140071549,0.266905512451146,0.498626438737339,-0.575220298136709,0.832581854140013,1.55061465727753,0.0018575915883993,0.0425820374763136,2.56736902681198
0.556534690827477,0.891480701594685,-0.818407088185958,-0.0965418741101374,-0.284653975586505,0.0283187893910468,0.0433558534650342,0.621527472884398,0.441099324158479,-0.337411191436198,0.561791486467913,-1.49318436487121
2.06057465164475,0.137462566942605,0.673490109432123,-0.0772268591839132,-0.556012362727017,-1.58295490267192,0.352799023942185,0.19622393156082,-1.87132474126272,0.0797305336970991,0.0257441691457052,0.111878020968407
0.183600950389239,-1.94617318151955,-6.3382498315073,1.16288546760956,-0.932447555887602,3.17640523806383,-0.0738033479217884,-0.0462178456203704,-0.587495336238855,-0.947361768013194,0.247871996111915,0.785809071366061
0.648062045946149,-2.48737286851595,2.40482026763567,-0.73234651360792,0.128300605714334,-1.95375495456995,-0.0650664629082774,-0.222219511524544,-0.252408128439725,0.239887921223262,-0.0457182649560213,-1.28267896850456
3.29646160695981,-0.67379488721988,-2.82794940323055,-0.0383608723668789,0.0061060407530835,-1.73194256902183,0.411858893062731,0.30623548229076,2.45325745580533,-1.28211729382984,1.24464057889435,2.72320138663208
0.506214006023142,-1.73612884785412,3.7122746644722,-0.119724054448947,-0.0768297451009732,-2.12807771161214,-0.0135455672201637,0.0439440775210132,-0.332217443713298,0.0625064357002019,0.757038374180326,-1.99708010729639
-2.53183291449036,-2.08093894157248,-5.82579201706379,-0.185192730538147,0.483285784628424,0.0974987659664461,0.125614502213754,-0.246976330220843,1.99921246820102,-0.115765835411843,0.785587088411424,1.85364143844446
1.2131039594677,-0.492711134848617,5.88050191559526,0.311429087161623,-0.00665732519930409,0.932438196645952,-0.391787915909744,0.427308667977478,-2.19881327794409,0.116980065193004,-0.473375436720915,-2.59504459331027
-0.186867224556653,1.3933116545002,4.55166152803095,-0.538222804899377,-0.00669745709529129,-2.60304957952529,-0.0628557591491424,-0.354370445673063,-3.61701135130523,0.0780193346734586,-0.13347249526375,0.6218589887189
-0.863295327520183,-1.09075311165125,-4.12217130484715,0.66611625230718,0.668856035947986,2.34349275808877,-0.110729529783043,-0.0597922828380605,1.14466992758925,0.930229912785602,0.102918635512824,0.386609384204158
-2.6404820081597,-0.53904059866028,6.24094593198266,0.21643297936129,0.933497380090961,-3.12309264147546,-0.429150237498875,0.298988743522176,1.18601429658855,0.0823246351962443,-0.107547495078243,-3.29307502138444
-0.847072628659366,-1.56556047728224,1.96070801205956,-0.0023864081086077,-0.140741174713417,1.3212891979819,0.666640169205337,1.13964939632056,-2.29410007007221,0.165506233313042,-0.100630172441539,-2.50736623614486
-1.63390611411915,-0.714369339924849,-2.38702780172744,-0.0586924533998168,-1.12817403852355,1.51153798275386,0.411341161994239,-0.195336855131671,1.24833569267109,-0.448435953026097,0.365387441733492,-0.0470230555442636
-1.71749685447247,-4.84319220162112,-6.50812208033692,-0.0503938251003474,0.00577509030381963,0.753811265849411,-0.0613862466849964,0.532553636216157,0.288839436680594,-0.229515593227702,-1.13189977175147,1.22860441180062
-0.306205167564262,2.15697175777438,-6.80735851607532,-0.267613157087913,-0.361786565800423,2.89567972323427,0.248634693125567,-0.0577217810722823,0.913894525523422,1.43151645561947,-0.0572105463774612,2.32868212924725
1.7026925161731,2.5853937392955,-0.170771734605712,0.113783677925764,0.188990630138411,-2.60787189021756,0.35091274823604,-0.228600702964303,-0.277063650187201,-0.487956663946228,0.207517362300444,0.296560821918865
-2.00191859338854,-2.34314945199552,-5.40932418892362,0.544853437039132,1.17446503106058,1.01433406396522,0.455194076261875,-0.452638902416961,1.40292534907704,0.618498648498623,0.0984264295827368,2.89084262429604
0.318317583957885,-0.732204912061909,4.33200397304841,-0.189699653927697,-0.830689533421124,-2.55031965574564,0.0396512874479957,-0.13831412420323,1.05122162045418,0.0624991354191002,0.118388697265565,-2.05295164523126
1.01220960054914,-0.423797254145144,7.32661860854334,0.0677801308711364,-0.103985495697335,-0.297878214583572,0.0297835255158726,-0.241510036763392,-1.89110310590119,1.16428475282745,2.30644368091579,-3.5554916189853
-2.6054766679911,-1.12512080792507,-5.18573010239351,0.0578805559366498,-0.104447932516149,2.10822233887577,0.488181544003309,0.136173740647137,-0.887481897152372,0.293656423045943,0.843693320208036,3.28504668811634
-2.23792741360603,-0.281568665800015,3.9476808787346,0.0396364427184265,0.768811280767614,-1.94557752852268,0.359560756884957,-0.201622046628627,-0.0176714129933728,-0.0752914720541293,0.121746192590653,-1.92151201782618
2.00037875800342,0.644186778537923,6.55383673861194,-0.275752444902471,0.00243069280289643,-0.819102717516278,0.119134859648977,-0.29320131373792,-2.09658558574003,-1.74671105456104,0.780416825627765,-2.56192541523822
2.14995171212483,2.81077290914127,2.30267724507729,-0.122026832251168,0.404036410193764,-0.488038561900208,-0.0247081835242786,0.288424294327347,-2.34209262504096,-0.919272556479021,-0.212126828822233,-0.631912755009059
-2.01408882292621,-0.943930097499435,4.42761849547115,1.01969313998395,1.64647160598401,-1.40767428254223,-0.0915845699446261,-0.185799032094051,-0.280192641783343,0.152931220886689,-0.814441982644505,-3.72597252156037
0.478860548027003,1.90129133145278,5.46261461980693,-0.287872690392488,-0.0907587749926263,-2.61656292471701,0.0231808723826358,0.269889222452767,-2.05109816282438,0.0996085964968617,-0.134285446582436,-1.11683886840644
3.51650396081014,0.0746673442794888,7.4625617852683,0.96045637940803,-0.791257560675512,-2.94795356712083,-0.122714058049999,0.156801979129539,1.5210500574425,-1.10315880072121,0.920915189391035,-3.49981678773498
0.762853214684558,-1.59006600261305,7.02185560959604,-0.477867320437505,-0.367166264941064,-3.10608906295504,-0.0295779259424635,0.794580280917419,-0.047734096525287,0.759583449774418,-0.021014656445646,-3.31259685462586
-0.0533284534970505,0.248899675142283,5.13426856722458,0.0455335675557564,0.0389104439125631,-1.64961382571925,0.977967543955606,-0.83193469593876,-2.23738900584603,-1.01973313641353,1.23286326417195,-1.36440452350994
-0.817762599269624,-0.753152310008562,-8.29389449164684,0.0532944078156674,0.346047216053322,2.21759696715653,0.0415535454672136,0.12457249038114,0.311881547836742,-0.424116608520335,-0.141702584201183,4.20291394287867
0.891276636906319,1.04401865980158,-5.00770772885947,-0.845761840577227,0.00463318007589268,2.64898012279416,-0.21798287828772,-0.043609207762164,1.70493148188458,0.225858952759708,0.0134220676194883,-0.482156792748076
2.59880244462106,-0.723268634887868,-2.6102518915706,-0.228153007544958,0.450846175464308,1.62351749986012,-1.43160730477917,1.30158796532011,1.71540937432746,0.270190394620997,-0.116439728420911,0.0629202202800554
0.59890670099678,2.81632355003034,4.41358876614786,-0.159465652278317,-0.0185812170988588,-1.66515828172006,0.334919503130696,-0.0842415285204661,-0.484570056153982,-0.12094796291991,0.22392403759399,-3.00080960692022
-1.37969242452947,3.24988543441643,4.92171882017874,0.0494327200842932,0.103847101961763,1.33990089390623,0.0727256849870553,-0.483186183809979,-2.55919511880765,0.777335963885985,0.446966673059281,-2.32114786829007
-2.08100126680808,-3.66270106214914,5.43056471084867,0.102022467547929,0.330559281201015,-2.27256075949712,1.75184491087104,-0.112851010434974,-3.22738645844748,0.638862005108154,0.865401295819449,-1.21899059540191
2.21596095743176,-0.860423543777748,4.88628500167227,-0.897203630159919,-0.00505776871310969,-1.9884253807306,-0.0113098490873206,0.108731558248623,-0.241054037542036,0.150853808257888,-0.317884723746839,-2.21660381362981
1.41809174765453,0.669566184524945,9.37195501778574,-0.208553150218313,-0.481233796094533,-2.28695351262385,0.655335696970766,-0.24873050046923,-0.662095169659091,0.124749301692985,-0.490589213734234,-4.03348935114997
-0.556056002342975,-0.101818929222114,-10.6746899929335,0.36299338195904,-0.118286080261336,3.46237966322066,0.219354787586,-0.111093362101767,2.07515560050387,0.0626036287602583,-0.54881324218632,2.94787956636669
0.946231791294806,0.0605378237659896,-4.08248331519662,-0.00339381216337091,-0.640841881108255,-0.407080215381322,0.232482746565582,-0.633699443175684,2.35773804980186,0.0701180629540285,0.219597062605237,1.07606268168299
-0.5601965688177,-0.0459579866614998,-3.49368166869642,0.287057618555656,0.311325975177391,-0.553563156192425,-0.51589331133583,-0.465283516847023,2.1778810247459,-1.48117946886108,-0.204397203611549,2.67339207490891
0.313487121304882,2.36666929956585,-4.02291129561638,0.536733300748688,-0.0562890265922405,3.94530795981938,0.00256757661712442,0.0841501362263049,2.93406825331464,0.274952094670716,-0.322936629817527,-1.50812982885603
-2.29639564611341,2.46481178536334,4.24720114117927,1.5604282191265,-0.194330835572538,-1.139609103932,0.578433233211158,-0.00788083574772197,1.06080054425762,-0.017959427578459,-0.165854988602264,-3.36321620234092
1.51972795445525,0.841308346857086,-5.19776663546967,-0.107773000376219,0.116866870461557,-0.293498884238546,1.83037765601144,-0.557917527008888,3.06971459019223,0.0915745117647174,0.310172852538816,2.39427237176729
-1.3192661757743,2.04639903199093,-0.483021653630449,1.33587906188122,-0.146408542926108,-2.20096792288801,0.455887243175921,-1.22683040320316,0.825224895396149,-0.47671437651506,-0.182631168059286,0.477965404949025
-1.68726131235493,0.0196332431721171,4.20567102411798,0.333631398647063,0.922687300807453,-2.0484708959551,0.422734003531313,0.0652603258628008,-1.47014658457738,-0.0324264079862054,0.0311677333299299,0.401072029077608
1.36606018954921,-1.34567305598061,-3.57320974767712,0.257961271175335,0.762571505195321,2.83521020029307,0.114850284114008,0.107911827924651,-2.21119666283785,-0.167414983344027,-0.149115402616465,3.19432517002779
-0.245565356604156,1.75681902588874,6.8550871945061,-0.318163352886198,-0.0581539313155601,-0.977445352816215,2.28694436778061,0.0776397830860762,-1.6876179981507,-0.586203701703475,0.608447100107142,-1.64727506880174
0.0447509161279831,-0.771795586876309,4.08674050919467,0.130120234339782,-0.260580843808239,2.14026164250376,-0.453278701066974,1.41558216287976,-3.82479354907058,-0.267299059608561,-1.45268432885679,-2.34167837505137
-0.246026426959162,1.64589968745312,-4.51056478713818,-0.684047465829468,0.0433283337436684,2.16047365771322,-0.120488784176799,-0.0875184336891606,-0.141637787266663,0.903530979453394,-0.879470876029399,3.45527226843708
-0.119126118642437,-1.00331638540948,6.65182060323099,-0.106083228019564,0.676630081555804,-1.83336283097561,-0.0286660669715534,-0.0698321781268535,-0.913502478242147,-0.146226976753945,0.0271794127582819,-3.78351651446538
-0.178661317680495,1.8925160554763,1.57883481656527,-0.000435722855116405,-0.15252539253539,0.112876233728615,-0.0837129199258244,-0.875309676702801,-0.642190877406278,-0.829218366799668,0.521900050696209,-3.5846747887342
-2.85514548972588,-2.48445760535823,6.60033494373689,1.22507494348543,0.452312061200669,-2.99018110828015,-0.0423362834933568,1.83624249017106,-3.26930007932888,-0.170886807753745,0.728330194900109,0.851442891906983
1.63535077462098,-0.42903455278795,-4.28860646512022,-0.0323797381272305,-0.998721602973571,2.58511419821765,-0.363126168090395,0.170754612039759,-0.514034080329368,-0.470904483917519,0.513790420523868,3.08072717130363
0.764546555455066,-0.246953222650923,2.52318002682941,0.433944750970186,-0.0946184781994777,0.313151590479593,0.149652944305368,-0.426190802523045,-3.31919109743802,0.457224304373612,0.735911173741946,-2.26386118558023
-1.04522932289169,-0.623307953049838,-5.06047896596834,0.0111006579560327,0.0916417774042202,2.98342679956546,0.595895357873174,-0.379956960827118,1.42381315147698,0.767795684381365,0.42331416676517,2.25348967759639
1.60441222708942,-0.0877787503130458,-1.68731481946128,0.748765747453714,0.503156063415742,2.83680874510519,0.374279272366528,-0.279572375501561,1.56695621284307,0.166634333119354,0.346725274067847,-0.330255899035437
-2.1669123693188,0.327410042263087,-4.9937758152894,0.21997439947732,-0.0870627729688069,1.93245564550058,-0.405671706322781,-0.126079017931572,0.833183658910913,2.28566041287569,-1.19360303764159,1.46147250844951
2.94510499247273,0.081158625886761,5.59780017620002,-0.871135232054394,1.05125186180155,-3.61174696490672,-0.307564197054477,-0.169549095264587,-2.17342270599638,-0.118476562148767,-0.0563689131169091,0.967150580017433
3.42061851376143,-0.762096520236365,-2.51718747191585,-0.382453346895698,0.118335955789512,2.24767801836957,-0.00688467288911497,0.0735075835946542,-0.183770365418196,-0.581431753165231,-0.94603811821326,0.28962110123983
-0.486325207352757,-2.04441654598407,7.15215361209396,-0.0153643872326253,-0.0559087468758631,-0.833187776425617,-0.0875464944330399,0.540812692805813,-0.0559904040472247,0.243416168390139,0.623142948299855,-3.22636023824764
-2.42068631482024,-0.798474257844353,9.92463853672954,-0.109001995445561,0.460917925632702,-2.5718854191919,-0.157877882638881,0.278153197923987,-0.887577480451068,0.180735002525319,-0.468272107534574,-2.33130780813259
0.610678621131956,-3.56382921703877,-1.05973734324472,0.126056394579366,0.275489530748021,-1.2373111164208,-0.0776493538348324,0.553371220190219,2.81635476243674,-0.559197439574497,0.22870856721896,-1.4802582759455
5.61811653402335,0.202985436691216,-4.95472803715846,-0.500269182948878,0.0519724760564604,0.756301554760106,0.347340528047961,0.0731700345279309,2.22873270656896,-0.970242436846191,0.799942315181288,-0.104151816755466
1.35467252115032,3.23068589341258,1.56028519608312,-0.524226387620351,-0.365719213004714,-1.62684056235058,-1.63387332047948,-0.742383398697765,-1.19543769534141,-0.479188228911105,0.0398016692817343,0.65671349353525
-3.23652534000244,5.27032931906536,0.350775698859715,-0.703158526602135,-1.42328352886283,-3.1252132454608,-0.138500084708967,-0.453201059705235,-0.757653515052566,-0.090021213145894,-0.100150172948513,1.62531390348183
-0.328383295577711,-2.72002602511727,3.91792653839107,0.313393656250163,-0.191122064378023,-2.36290894752117,0.410932013880514,0.587285121979629,-0.902090013511174,-0.221727453705561,1.41957824325463,-0.64336526953243
2.16378201228592,-1.9931563182991,1.22036022985884,0.00178771564300692,-0.427366533454931,1.67022554239667,0.0876132946193963,0.376739495436433,-1.58660015400045,-0.443871328641655,1.05176426809854,-3.92485582458864
-0.251584477325039,4.10114181325281,6.64831089096772,0.278247172529465,-0.0543932860598158,-0.188383831939253,-0.24012649006575,-0.279275216004176,-2.36405914541122,1.27159478486876,-1.49103539395535,-1.65477114247175
1.33173266969643,2.36656551413393,-3.86411782829891,-0.0512646193017215,-0.271831564375775,0.0985665762700939,0.219466775274215,0.166609087699304,2.05162357095009,-0.546083239726529,-0.0435658720623519,2.94786700376271
-0.938156072014619,-0.751976311667263,-2.20059214441223,0.120361567769493,-0.027904886202307,2.40714609353176,-0.405508700523552,0.38528100317141,1.81891224801413,0.444096439474604,0.458901474532746,-2.42601611856751
-0.42861417003239,0.00948066553017263,-8.92435510682841,-0.26791902996606,0.209396302891195,3.27889005418712,0.0549336428898197,-0.812659115378359,2.01876942631621,-0.0325298363393413,0.874718566732267,1.17888455265027
0.662207533998699,0.932054149706656,-3.32184339358896,-1.50475232070692,2.16057469021312,2.40369307634975,-0.051710260153026,-0.269919396936957,2.01551594850895,0.393987527091928,-0.0563140095784925,1.01937947505599
1.75424436292855,-3.13508732986691,5.82854220555851,-0.0428556592934005,0.37469101317561,-1.93065895691008,0.437949070954143,-0.224435936204314,-2.21660791363047,-0.656476477865576,0.541810863231243,-2.07590826718577
0.444143873348691,-2.94875847675388,-1.82872482538271,-0.190952511101015,-0.0503598140870865,2.0444480703192,0.247679652202428,-0.664686168212953,-0.294019902846296,0.403770768171211,2.56035037103407,1.91992742436515
2.22380623429719,-1.1796662701752,5.23335629237534,0.0184230819418788,0.332332629062703,-0.39083700459962,-1.6753249495098,-0.46629272977335,-1.34178338722377,0.866221517844445,0.982612512836381,-0.733729737576884
-1.53795071536325,-0.47712869287927,5.13972077441578,0.487375716136691,0.0553786042927429,-2.26402287788287,0.298091606296174,-0.396270784003815,-1.8763105147234,-1.56835876391715,1.56152200616635,-1.48722731743702
-0.0103233250208464,0.512517269327235,4.5709597878686,0.375329549759707,0.272387463566364,0.680871433598734,0.359955461459406,-0.611122858743096,-1.87460196692959,0.159997112272858,-1.00533637281908,-4.36436998572516
3.94546562422902,-2.03225823803463,2.2386103049966,-0.781145594143365,0.227315846084797,-2.04626138605502,0.0216783615137627,0.235340878991556,0.43718549240351,-0.0495851070445881,-0.0819912335858133,-1.58280559804184
1.52862459457322,0.318500379809748,9.31067269616009,-0.374470633452336,-0.862964985335417,-0.0327089250483461,-0.564757213625996,-0.0877008768130187,-3.18818739895303,0.897155345736047,0.586203996107772,-3.60781620565926
2.62077153078581,-0.911397474528906,-2.64561535271592,-0.0747386342291669,0.143651472592321,1.43197967165373,0.0522343203372344,-0.571923341441308,-2.79354393515582,0.352556595272152,0.169705580066283,-2.77457096853663
-0.620215550269062,-2.35426964974395,-3.40832367958505,0.166916300170106,-0.0657681694815747,-0.0352315034168905,0.174132113875685,0.104726168841415,2.79363545983941,1.39227885819241,0.11842350303116,1.80474190826584
-0.374150972684417,-1.54019466375163,3.18780149539261,0.106014367290307,0.0720173848728242,-2.50558040572597,-0.765769049952166,0.465348364635203,-1.09122910687089,-0.418940743718565,0.109904772040343,0.191401088531947
-1.17571756173335,1.55825671245377,3.46854365113111,-0.227372289590175,-0.124807351159332,-2.84086696706632,0.263103454087961,-0.338949796187602,0.724199324804444,0.342904198584082,-0.812599713550212,-1.31929656234615
0.164055415798514,-3.12159964513646,1.72271913706398,0.0125619289541482,0.281140828169754,-0.331616807298985,0.156312501930649,0.0203896332135236,-1.06513242196575,0.00768571927355763,-0.0533790243914024,-1.88182327364647
-0.660336796880894,-2.58136636587895,5.18306921910638,0.19280563421359,-0.354163186880159,0.846244924602386,-0.287070208104418,1.07776358362137,-1.29796196518397,1.28133974851536,0.984795013794965,-4.19556773181368
-1.4515737395416,0.120542243115357,-0.0583893254764098,0.139318221614571,0.166104578252243,0.17138791033927,-0.0785063740432211,-0.262882661178414,2.18259610088504,1.30102564768838,-0.23276917802476,0.551716966608915
-0.725723249451658,1.42885322806795,-3.16242573133933,0.0373098258873765,-0.737862468039972,2.39921239458862,0.0637162136151374,-0.217612397917485,0.544355576340491,-1.38197419381184,-0.136965833465481,0.334219059650832
1.70283707267,0.849697363791253,3.80990197692491,0.190744691731099,0.217769604146693,-1.77959487357513,-0.438941835157737,-0.155401496753835,0.0035690063874144,-0.46483940341062,0.783307608827281,-1.67651070841017
0.772693946259185,-1.45418190126625,5.09808214795817,-0.873298089352693,0.471223760981303,-2.72524985630958,-0.0878273000793816,0.721625750312008,-0.301634685864015,0.465043429629663,1.56260071330425,-2.00699969708494
-0.544465170920349,-2.00633171576724,6.80188765679944,-0.19281412919543,-0.203756699777696,-1.39482246838696,0.499255591893963,1.01305296137492,-0.532794213944217,-0.158130919811474,-0.0023879456908951,-2.13217575660314
0.539385210575809,-0.0293850580588121,-2.17471482655675,-0.501853656778484,0.229278308014273,1.86258894829972,0.0718248428674925,-0.105833135247785,-0.422777381656615,-0.845311087947959,-0.0853250973783093,1.24337922473294
0.667180846373788,0.148494620397438,7.39950073247364,-0.255482209973054,-0.00577223262524332,-3.97503198500582,-0.135818603398215,0.304903794123463,-2.59477760934851,-0.484071512176431,-0.335455088195882,0.891766822501207
-0.648804323198949,-0.583314220349867,6.06311283836271,-0.655143242147087,-0.373859114371597,-2.90723130279883,0.00819057253550501,0.602053036246714,-2.49319911681259,0.0238269362400944,0.179846033412852,-0.380167770292863
3.40317166146655,2.45585411725263,-5.74536869854596,-0.636432920005061,-0.428481272713574,0.584701605306789,-0.512419788456781,-0.679246637824684,2.51623957654926,-0.96851838748089,-0.31615692142621,2.44136174166157
2.78749538439592,-0.513596192552278,-5.53714076839083,-0.269253152551126,0.0323361166972167,-0.215098694184429,-0.755775175932235,0.79518917585291,2.25838280283613,-0.0597207715128738,-0.979576107510291,2.66957328970422
-5.70249368265302,0.397229489954859,-6.18641210408464,0.156607445539912,-0.262237263291543,0.273367874458743,0.331067996104216,-1.31265650449489,2.80247282525542,0.944731712143004,0.695359931564974,1.41209524246535
1.07059779114775,0.301316086059841,6.68835465587748,-0.742119235503574,-0.11855221932438,-3.86817670559893,-0.0953535516917338,0.240729973290619,-1.82351671325861,-0.073179049791454,-0.140261811259274,-0.516653688546349
-0.544108033249527,1.06879561200574,-5.00064898457678,0.0182604505370929,0.219401951560942,2.3427594491153,0.0741912423326272,0.169762865131823,-0.0285777149176333,0.739220766344054,-0.111323216352708,4.23433999479875
-1.74163825026548,-0.0457436823297551,-5.84641877551823,-0.197754118147346,0.314561517677337,-0.61479985253777,0.845861896750528,-1.03501328243143,2.84236190258742,0.269124476660363,0.659181642763556,2.65486024045824
0.930199720634326,3.58043723325378,2.73161479447352,0.0278474435250087,-0.279667816873025,-1.49229130442327,-0.470102597797883,-0.363565077569664,0.928035660969621,-0.932159507287989,-1.56934409234158,-1.9691417179711
-0.2580144557907,2.25091519367494,5.75588586157559,0.581127956426926,0.389080178344748,-0.0114996992811937,-0.313724675309907,-0.0456229861323821,-0.425410810541987,-0.261675896447584,-0.069383136189916,-3.10075999267886
-1.05409316173351,0.71807098027211,8.09017387211441,-0.437494276417219,-0.0357459776182171,-1.88686620668554,0.0769000501118883,0.272820822933317,-1.63197918191431,0.368402488635078,0.280919116518725,-2.78587722839683
2.74570957853593,1.26057946954758,0.702679229664153,0.262169762022624,-0.459597170239642,1.06006698367375,0.87305169747918,-0.232945629763351,-0.656231168536995,0.116602224250319,0.209321526435659,-2.69838877048115
-1.82420887289456,-0.55284943424221,-2.73891901589299,0.032965496496577,0.140231824671609,-0.25070435485162,-0.543897253267038,0.257036666340728,0.30960609730532,1.12093597724016,0.157189048137053,2.22341403459435
-1.4864126600557,-1.65890846073789,-5.73280246380949,-0.155907073971137,0.457134011059891,1.05287749375218,0.0876059613592813,0.0729482874567478,1.93337097561717,1.12095393892739,-1.23853250283218,0.139389853644742
-2.8061735935688,1.08581157394643,-7.50063499229236,0.00568153057306347,-0.1020761090942,2.00855806775672,0.864750070639375,1.58195017463291,2.11670239328792,0.222917626822533,-0.440284529342672,3.47516546465526
-3.00647539175902,-0.633748372181561,6.18860571609928,-0.400566712119512,0.0977305318610279,-1.21043897728739,0.347310078899987,0.369923772651881,-2.08557672865061,0.890695293361914,0.620473167710424,-1.74761337072862
-1.31557494510236,0.861965483006594,-0.0837581740203781,0.0589890934404184,0.276068192151935,2.04392642043323,-0.133617248079143,-0.371663052506114,-0.76156061615092,1.21327468849536,-0.944861413724562,3.07424066207595
1.86222685785249,-2.21698018431103,1.94154429126854,-0.391161875740317,0.677211188943633,-2.59361931102069,-1.06220191523901,-0.88015489447976,-1.07727657411902,-0.0552835761811653,0.0870501964592652,2.21279378142869
-3.21613646891114,-1.47695029131175,2.89806250182664,0.120013789145065,0.331029492036431,-0.0148866133569485,-0.0933929161663407,1.20112463468041,-2.58979309386467,0.485229377596589,-0.984066920781654,-1.40945451227572
1.99936040669212,-3.08278347429601,-3.76563774581193,0.164577059373948,-0.310660722965114,1.82991002932594,-0.683886404464472,0.38074436991109,-0.186364820293166,-0.895284874117473,0.132510207390889,3.21806187517028
-0.303919108689895,-0.0929803312275761,3.78218255254252,0.0680626247816188,0.780274874663783,-1.72002535195742,-0.13185963548796,-0.0677988974407502,2.01908528709068,0.603427264318327,0.919161673220929,-3.26598971767693
-1.28478030931491,-0.869233635253443,3.10066114166458,0.436677275504023,-0.33824189666889,-0.663101846975657,0.43591144006849,1.66742701212923,-1.45132945820776,0.0290650494781008,-0.298940849599099,-1.39641884375831
0.26811425539393,1.14556853945618,-2.20128037793427,0.263725378179283,0.00993537217648921,1.02048411578678,-0.061930115499228,-0.304641994954538,1.68257332159677,-0.197965130182748,0.0940008755795855,0.566916381045888
-1.13360464949908,-0.596197916893274,-4.14821118312699,-0.161902032879641,0.411045761097095,0.253498006170015,0.162303847235674,-0.223694514537843,1.66852526897814,1.52005685791597,-0.252934658002072,0.992471698458836
-0.425672984836175,-2.90820221100979,5.14289366086331,0.926763840884775,0.170840001832664,-0.400343071740314,-0.0879268644986955,-0.0093443807628583,-2.92106677257178,-0.0579136411164364,1.3098571248068,-4.19227820994758
-0.245117514902234,-2.20826826800994,6.25693689509918,-0.723633392880718,0.657926384373916,-3.33848423415691,-0.367745695042062,-0.483797441547855,-1.64741526901245,0.141650379016547,0.273463703517245,-1.89790712599624
-1.14604805677239,0.860433519378324,2.94146575464274,0.125728575554803,0.0689866647081825,-0.149525508221042,-0.183809939889035,-0.3120814836655,-2.07018595508618,0.664511286144648,0.0464825409055455,-1.71131967017417
0.111292761613814,0.0137825617706673,3.13789603923399,-0.0660580296745175,0.0617376422012434,0.477820251304771,0.0703419662880143,-0.190464948481763,-2.53880591751776,1.21573874589889,0.193953575762315,-2.02382008628109
-2.48925815813275,-2.71838605747198,2.81530774352501,0.41886037802113,-0.333449936361406,-1.57777863700722,1.69850271190367,-0.219177700098041,-1.4314192834421,-0.305287861139128,1.24421723030273,-1.73659926143225
-2.4639209848654,-0.254407231623315,-1.22078378827637,-0.164338257185782,-0.359742179688338,1.74102094646477,-0.303347269595184,-0.584358277650063,-1.40987334990624,0.234946765026334,-0.0499247633261084,2.18418616699069
-0.525805972149924,-0.136913427100473,1.25812037826493,0.138531259686197,0.587180420446413,-1.42189022003364,0.268358543839275,0.0259745090840372,0.995891820834457,1.51072882821767,-0.17573766419564,-2.38512298997568
0.841743719877961,3.78443792189218,-6.58630444402559,-0.203387661808066,-0.24416492791076,0.774711142308573,0.109748575872656,-0.0270234019499149,2.8442957357733,-0.48219732282085,0.306555921377835,0.237354670092812
-3.22181713379785,1.6534803852739,7.18560413634226,0.477392789814499,-0.321601869270802,-0.577525073063244,0.760049234504218,0.34601104627924,-0.957359937337597,0.700032029387005,0.0420581265637034,-4.04365382555006
-0.325995903573583,-1.78189514199516,4.87030128423264,0.396602430018451,-0.687549397333211,-1.06429457731277,-0.524064341741722,-0.438588146300025,-0.0321207939860184,0.251027019255955,-0.338320442490557,-2.11729218438902
2.60831835092474,1.27368929508888,5.86279670955005,0.18622644827376,-0.0942349424760778,-2.1600146906166,-0.450946372935896,0.0139198083601507,-0.75602627236857,-1.42084062228224,0.729541070434466,-1.52184540000137
5.1033604883414,-1.16122160527732,2.03749883364516,-0.585722945157386,1.04068842589913,-2.65644736051912,-0.193426961879159,0.105342463860035,1.87007797472877,0.26050418258346,-1.47042617041303,-2.47225956796077
-2.88300664573422,-0.532321106353398,1.88988982416073,-0.0374976087112238,0.327407040978637,0.0519859129519272,-0.709150778316528,0.237603847436482,-1.2356050682799,0.958510955878086,-0.0258096686425957,-1.98282456894161
1.19215191029456,-0.535113551030898,4.56927777984271,-0.543331424711618,0.298677075392429,-3.78065063736021,0.194368303942828,0.0829436591233886,1.73530980801637,0.308883686361237,1.18698428785966,-1.34077687018883
1.4363612872972,3.43147002386852,6.57063016730948,-0.205930149778449,-0.622237828177192,-1.12964269353691,0.318282670703725,-0.393745953806608,-2.75294906231814,-1.04982657479488,-1.6006718815706,-0.446916715663632
-0.763418524920094,0.502868786632717,-5.15122372629369,-0.23800803512257,0.360111037824554,-0.806752608047215,0.0981640127345333,-0.147721900046741,1.873379260791,-0.525392136136333,0.370650012133714,2.54515254533756
-3.14703744067807,-0.508541869435964,3.71056848684196,-0.0434239960570168,0.0464339131650412,0.546506887818374,-0.0871774807362419,0.10793660911859,-2.71901572330701,2.13112351645183,-0.094432125847701,-1.05594329415193
1.00752852370684,0.335147702173065,3.47481969157713,-0.843021720670022,-0.457240837888377,-2.84625676399924,-0.44467819193653,0.292842937545005,-1.39637774668755,0.206072619594364,-0.721557485806473,-1.44027327811037
0.357788416381303,0.131927890151329,6.87594284252654,0.120957540105852,-0.358451440488905,-2.01906106394176,-0.227877906684332,-0.214662672155824,-1.19687332946153,-0.538349861170026,0.468375696099,-0.931821434302355
3.09427416043966,-2.20822362721046,3.71662366196475,-1.74429927120142,0.203736823148967,-1.39989493052325,-0.171560895563564,-0.471031243522337,-1.68094861243395,-0.130029629324884,0.441925744330921,-1.18455681953987
-1.89315516135137,-1.00274407320071,-3.40590943530185,0.341395798328018,-0.196636971949621,3.22693801371548,-0.0157813914058382,0.839229908503173,1.54463136213667,0.0789494034089149,-0.566893704607168,-1.29813991208768
1.12496493763514,-2.46162786579938,4.55022776848606,1.25828076896622,1.24491911904156,-3.98173757189514,-0.182582953072119,0.41762005966209,1.88822832766888,-0.736014280560126,0.030406351665559,-1.56742604701895
1.45353472921494,-1.41912354895347,-6.29472545728301,0.905805292508482,0.186970562103412,1.87594024207816,-0.129787802700559,-0.0556332369983065,0.400127388117521,-0.19727541484211,0.656902690332568,3.39466679240084
-0.927484659853302,1.57511094768701,-3.02336581608334,0.231170843745996,0.227194215915386,3.04423140191651,0.129229357226746,-0.426538674508343,2.83881756111759,-0.407329750436382,-0.689751520470456,-0.641663541789718
-1.98720751437526,0.430713664060073,2.18732485426858,0.409064973012857,-0.00629701247276239,-0.198162656871059,0.437411979018492,0.0842808610891447,1.19501537790222,0.345914812489762,0.0302274857015045,-2.5227317022715
1.1671394422483,-3.32785444229386,-2.83984801703371,-0.52040321856062,0.271370147259995,2.17905856768817,0.879950489953935,0.0264342851319144,-0.128413106134137,-0.720542701512999,0.350811841464243,0.824568625923797
-1.01255955116739,-0.0895001569122942,2.30482154209703,-0.14950267713366,0.550655444366298,0.987220153611604,0.31037543866367,0.386159665922565,0.839809524375674,-0.0392886180167897,0.239635492093037,-2.04059747673364
1.38823694776419,1.52621750759213,-7.83545838747079,-1.10082797357693,-0.702027645557833,3.60223054592138,0.111197115755795,0.0350853186036718,1.37813775455416,0.666736513622623,0.15709818426175,2.401855975429
-0.592989624487117,-0.707080332265619,-6.80253277147906,-0.606484870988619,-0.14337900058825,2.40260155705232,-0.119825025175488,0.32947408836364,-0.642685538663634,0.2564866041291,-0.379424735489523,1.28904323025975
-1.77485317526151,0.453714481829144,7.27879938964558,0.310668254647988,-2.10508052494712,-2.98282384087381,0.326676233208818,-0.0800448873818581,0.827978139441104,-0.220990434241535,0.145901877790853,-3.03751376348001
2.31030812646378,1.15043674539901,2.83090821979194,-0.0425887737481988,0.055592243918855,0.539101278212695,0.331270192737781,0.298217004285895,-2.79921241901293,-0.204923986994249,-0.0661273031365326,-3.63054691185761
1.12564398672302,-0.652662601178381,1.50772640320191,0.370025900898415,0.265915430129857,0.169445009923667,0.384685513719607,0.717263898657157,-1.19308393951626,-0.201811038361772,-0.0678929461931797,-0.907093884782054
-1.32455305650977,0.720010275111581,10.3055599582742,-0.198691215042828,0.288713996117436,-2.90627079566377,-0.0147745061973579,-0.178905269181313,-1.52744401476332,1.50858578599917,-0.00267559357875566,-1.97646851049096
0.387788417498675,0.826460657844099,1.34461961945342,0.452819049571367,0.0391239302240848,0.2062691310358,-0.732739489449011,-0.786448167040722,0.0978865752049875,-0.296011696523572,-0.22876913469739,1.62849540014786
-0.566818437016398,-0.158403218940339,3.33124216025127,0.34286220238921,0.425903463595538,-0.158100677209358,0.334453222013139,0.262129064714289,-1.95765224483752,0.0244163607762491,0.262285683367792,-1.16088959163564
0.790605356651023,-0.483235824450863,3.71441949049161,0.201988124662504,-0.217174691913722,-1.18325148876138,-1.19095890200678,0.0700731018521236,-0.910995334643814,-0.862639925041889,0.298245894244775,-0.9009511975914
-0.545963802172407,-3.01067874632825,6.10380313206648,-0.647678870002422,0.500284601826983,-2.52009268806072,0.393170299247395,-0.288690761037793,-2.42131475970815,0.0278071666916773,0.115481981842453,0.23617046740759
-2.43944497837053,1.5473312102455,-2.54823164231024,-0.209288297447287,-0.0346984747087261,-0.1013266758769,0.915424520707992,-0.499052405022449,0.914300380250497,-0.607668469397207,-0.19610070494719,1.6596518147025
5.44738272748264,0.0244110715301833,1.66526047655978,-0.203225863218895,-0.152146037180968,-0.165403500429753,-0.129023589607008,0.674913285061206,-1.82920078858389,-0.763242625628892,0.0385823560721166,-1.85064966390703
0.500719031349707,2.65735479332215,4.03673484568931,0.328833232116775,-0.454666489660894,1.57310530330495,-0.1831641588038,0.187288540227812,-1.01751370959334,0.849936949323668,-0.464443456744827,-1.86892307811841
-0.654192087744723,-0.0290141203819124,-5.49469870581287,-0.0811746039762488,-0.609279174056807,0.711650795504647,-0.249485022372749,0.508882336355853,1.01801867733094,-0.475682917274661,0.39232643945949,3.72422484920018
1.2884118413799,3.75165960284781,-3.50627768783038,0.375767433616457,0.246748951167694,3.41435483367249,0.0213305826444773,-0.156465013244726,1.96360861524778,-0.217723343306459,-0.293543590403519,-1.82220288028296
-0.580572359923231,0.886625318929788,0.237388361678818,-0.71396197036552,-0.0510371094403309,-1.77291425379716,0.191296122919937,0.291922809839819,-0.689123414510561,-0.0203742062079243,-0.235665640165262,1.24076581232383
-4.13170404044731,1.67671252187042,0.874530393287444,-0.0296059938481653,-0.0734356347104859,-0.721398912216763,0.652760076014068,-0.0191617402570693,-1.13379351177523,0.540740994188726,0.00133215855059341,-3.34314770255012
0.770103699186204,0.0132854065950297,-0.919714823071387,0.503810208135423,-0.615077065833596,0.396598561994979,-0.0321993194184557,-0.188895951098077,0.465720967651503,-0.0360679644429376,-0.0580486909841479,1.17819754269843
0.496678166008125,-1.41107296503653,-4.21643392477632,-0.467019925419547,1.03200055857941,1.90993827811505,0.55097374622596,-0.0837044406074826,0.897784628408949,-0.260887847436484,-0.0327647615652102,1.84565077395878
-2.20530265504112,-4.22600008498398,5.28465776723142,0.218514373968814,-0.365880074672285,0.262801364691439,0.397524759293274,0.0128718138410583,-2.94060029165034,0.0351843891785301,1.05098721577608,-1.18638110468569
1.37114605023654,-1.36198824457707,-5.41443342087161,0.272056437790028,0.020596606212058,-0.841337713441262,-0.569784407360584,0.10675885744504,2.57421979751138,0.626447584755078,0.0825468505052467,3.5012947922867
-2.33569276479522,-0.696334217488371,2.01445908293689,0.689259737247451,-0.180035765400208,0.362362164549224,0.0465324640024085,-0.0687171360228746,-0.431595119788879,0.672713902942251,0.215864237040579,-2.50450356621235
1.68800263197991,0.878175537592967,3.01278926467018,0.179594152200295,0.066060730680788,1.99543415790038,0.419475840123643,-0.241374025815971,-3.07452507130237,0.103007712447355,-0.260798171871084,-1.46103261785878
1.74373370485067,1.96037789114484,-0.478606698848646,-0.611844353818862,0.00567477218418198,1.90251064123692,0.402500336291412,0.0507108639510343,2.4464198957552,0.233138899397149,0.00176267956232488,-1.82476814504139
1.18799324000943,-0.285537359419926,-5.43814389180843,-1.33953376217231,0.51612846577235,2.04806230861732,-0.119929467049736,0.0603879863618085,-0.0602104229820643,-0.842706498757253,-0.347453566428298,3.16857531752094
1.32748198667715,0.69538925443094,-3.92513732537989,0.501569337722834,1.0285854003476,0.828548770618946,-1.48571358163191,0.228526701203625,0.511326085387687,0.262192870913576,-0.517307512380579,3.24492794264177
1.52913878701922,-4.84938220671654,-2.16830695154761,0.0057969988705251,0.233547727150017,2.82268145734217,-1.58816470743487,0.306571555672947,2.85417749206058,0.13298913122653,0.227008657845174,0.245433941544423
4.51724947546347,-1.90073788753677,10.2938990670974,0.197133976007639,0.24514545058609,-1.99625086973736,-0.0108038630874874,0.176831787712773,-3.29674302553653,-0.0483640171875278,-0.347871275086056,-2.06905495532758
-0.0669525114375772,1.70778650797227,6.9240537639258,0.628036716897756,-1.02794179277831,-4.55943724148874,-0.0199582087427542,-0.146712335264304,-1.40122931650771,0.164621548642149,0.147471126383628,0.421651147193099
0.634439206900153,0.51780715320436,5.64162443784708,-0.0478940766516472,-0.0436318756031868,-1.64026908540984,0.0453136722430273,0.0339331072772482,-0.150988513098239,0.0127148683463683,0.0452021235590272,-1.97296342274598
1.0941495937409,-0.0391202946140787,-1.57799729940595,0.614468969602846,-0.823408935316286,-1.18111411856886,0.0552218609553044,-0.365867616435194,2.37349426170066,0.246159155489197,-0.00728697868322572,-0.716287630368283
2.61011894655732,-5.0407792297919,2.61679340164801,0.161932502857491,0.747673545605983,0.896976527448903,1.2483825818061,1.35905894662512,-2.67487503947862,0.00793042659818443,0.38688038948698,-2.47139729076248
1.16382738238692,0.746612856771952,10.3690691455183,0.449410955833057,0.400793284024877,-3.10431610943684,-0.0855433006860165,0.127172277409111,-2.40705002320603,-0.439089237273746,-0.0064729736602106,-3.54237019723334
-0.0499369339671693,-4.63844159776485,3.54337909777194,0.73913353535922,0.432371062241114,-1.36864706389144,0.0440351840941727,0.108323341654498,-1.74971621570354,-0.271205385662007,-0.2401773134864,-2.4151531316771
-4.53647594389858,1.60537891179068,-5.0302510693265,0.0150440881237514,0.134987052083763,3.1955024856317,0.00413480327816163,0.242975524442584,0.802162794752403,1.0653519339752,0.742242867592299,1.91476704087247
-3.61586756056674,0.203908331547722,5.89671368399829,-0.209014969465014,-0.878333340175369,-2.44976002460439,-0.278722179591528,0.28359267704289,-1.61163302852225,2.28633361709731,0.369742837707703,-2.55239207821193
2.98570171423234,-1.77733445276315,2.59071510897633,-0.194784243304075,-0.14529005763112,-2.76779583541739,0.0478053449531413,-0.206173604044765,1.72671337930862,-0.210580550425,-0.0971214624246754,-3.95896442213434
-2.47879960426533,-0.94128367777923,-4.13145833716315,-0.073389455607903,0.317986876943583,0.450553565810522,1.67365121560282,-1.28741414603486,2.6621370351291,0.454298403682985,0.200025544723023,0.877288483283015
-1.36124184969237,1.26481957892043,-1.18099950896112,-0.125397669434099,-0.333477696812744,0.918511717438364,-0.648946062475001,0.28789465625717,1.64156605503886,0.0982712332114381,-0.262955645123015,-0.357489084479126
1.60043863261566,0.605527906075335,4.02343258835358,-0.0211170813793216,0.260649360130044,-2.50253422312361,-0.8459730522523,-0.456255260194164,0.802529405119383,-1.22133587503863,0.595498373464375,-0.600052233317309
-1.3104386185079,0.104726273946907,-7.75848795702629,0.704887629658732,-0.0315594150116809,2.84193874853083,-0.446622363071161,0.422867527994598,0.711956605752537,-0.647112684494454,0.905178726330276,2.58565062307486
-0.0446125690804232,1.29246829144013,-2.98164551509774,-0.00668403218389172,0.499191940089964,2.03063759814708,0.237425359434538,0.223981662638843,-0.944363438934856,-0.345948594956309,-0.0105198657935072,1.91987333123402
-0.0239744468871493,2.97832360172382,6.07149426149674,0.403373105094925,0.525910526142336,-3.10396917197522,-0.00614297196201864,-0.211070124356016,-0.623036152146883,-0.17797187946432,-0.113571822268607,-2.42949951428965
-2.66287601605734,-6.49386125560986,2.28714300634576,-1.3275588425474,-0.511233611139119,-4.40353876842785,-0.124380795334242,-0.00858792513607244,-2.27231210353516,0.502185364282102,-0.485187255650515,0.633289513291804
-3.08782242253277,0.771865425269687,7.03550704463723,-0.202512105976666,-0.0620851454006921,-1.0768097861672,-0.302193837533433,-0.51649458682796,-2.65974445697822,0.794287187020063,1.02808175319057,-1.76663623263752
2.38233172299582,0.529957586319742,-2.29587653869957,0.0918896046757778,0.153693642280689,-0.78762611576596,-1.08244090366625,-0.124234831855413,2.02872986833578,-0.149878634780767,-0.101203783662761,2.11772103972304
1.75245514861222,0.884132316109041,4.34706564172675,-0.0484124139296606,-0.153068352794142,0.611520755644567,-0.480368948306662,-0.310114429633735,-1.41692044335668,0.322264494423403,0.0531423985374222,-2.04850360200276
1.27932266245533,0.201230776883883,3.14713717046077,-0.190631791839693,-0.170079232965666,0.86767541162798,-0.192227224429231,0.488360122059596,-1.38288229497883,-1.22300998909414,0.553848435123403,-1.84933893135863
2.74078201481468,-4.24201882652556,-5.7074205443763,-0.151358583289515,0.24775730516499,0.310211012133715,0.235080286800476,-0.293284620362095,2.57994643788598,0.279262430300559,0.906793686205675,0.99277642806087
-0.4049222672159,0.401700499769275,2.08588667091138,0.20436269921366,0.473689442553374,0.321205581796421,-0.759164388167048,-0.177660887276394,-2.0985656054519,-0.0562920879487543,-0.128881171353675,-0.595503677742883
-0.127392450651422,-0.646101687301126,-4.29864109740207,-0.262801243025354,-0.48758587928162,2.1199916699927,0.0719660205771737,0.0262589141499021,0.770615593606575,0.586449171212761,0.112410308108837,1.33519932963109
-0.1762157322229,2.60299151358601,-3.35532331353847,-1.28438469973367,-0.298232633745585,2.18535986216422,0.0959933500284901,-1.74391350659747,0.768979985970253,0.271643062208618,0.132720193270712,2.45679062660094
-0.679057838043298,-1.13342821155889,4.84033851113396,-0.382722093661673,-0.0356272102283878,-3.04961604748986,-0.0172171433615852,-0.00672950250188515,-0.881280326925728,1.08785571904139,0.0145711532921015,-2.84708870142723
1.77696407322641,0.0885065626669923,-10.1762800412552,-0.279126725165997,0.186116229368278,3.65447930207114,-0.301341276678567,-0.400486285864484,2.37890498779995,-0.197750793161385,0.280197790006645,2.36826196949928
2.76583073579864,1.28905472978027,-5.2382287225163,0.238583335954725,0.452917818771124,1.41595623840648,-1.62517963788261,0.210030779892794,3.75484297029162,-0.138069950014286,0.140348580826327,2.62890654454851
1.35173721573464,1.81793271756177,9.17862732545066,-0.164771353440229,-0.43655382325152,-3.52278172910208,-0.138879072802207,-0.0909928858152732,0.223553713176626,0.250749992737987,-0.130769198420716,-2.45052570579743
1.54375607121467,0.747458457975325,-7.07230302504834,-0.0634508881009872,-0.341884254664117,3.00654049728765,0.0685257283674634,-0.38879148803166,-0.453882085154231,-0.0885964391210081,0.284224574295536,2.06422793862324
-0.181839862654501,-2.10278775079359,-1.43766796953796,0.0340376392729631,-0.40513066968557,2.00061266474006,0.0604059266454149,0.134527843603664,-0.774984779702455,0.0765138295906033,0.0779160403780142,2.54533939603806
0.228455780518066,0.388822839951392,-1.96905243009249,0.313810926162075,0.428900943114909,-0.121629999644566,0.00421411272705191,0.587573081743922,-0.674359501689625,0.101774240245097,-0.141767783856462,2.15649722890816
-4.12961509281053,1.82052833865179,8.55079348438707,-0.275317370268165,0.268515618869058,0.251529723903785,1.51622258784078,-1.38421140093869,-2.30634002963648,-0.448920178059767,0.790362748061445,-3.15677411073635
-1.03860403022344,-2.45069751818178,-3.06059573056085,0.219578759595512,-0.105163241254635,-1.24379509898693,-1.14533515293554,0.433811723682645,2.73081755189479,1.03721456166628,0.567142997711369,3.18450640804376
-0.636074664042374,1.00577321415753,2.32208013483899,-0.625003556400426,-0.227334171935601,-0.187432083721681,0.341705386073352,1.6283235857668,0.727565577815464,0.318967042813321,-0.42653189675783,-1.62924513638928
-0.88318425818462,3.03658940501758,-2.00246713409578,-0.605230132403444,-0.655708490765973,2.9929571553376,0.0364527220407427,0.0572859944059282,-0.595989636241655,-0.0492406996941624,1.11429731415722,2.07761301864194
-0.424814798748389,1.27674606935167,-6.35828268574608,-0.273044135216478,-0.232751770006451,1.26820542514088,-0.404323662520965,-0.624857756393312,1.32907074562429,0.16464718600441,-0.30756988077191,2.74881036919587
0.774843244708179,2.58327539222132,-2.01122336445787,0.530284505634429,0.0968974265276506,2.00175258038849,-0.0881239272952391,-0.291232431532313,2.4600942572804,-0.141808479766738,-0.103931341585521,-0.566445822170906
0.329367312482374,-2.79154383563247,-6.15254029416132,0.281609125398873,0.730510445674172,2.24698001580204,0.0440170563934729,-0.144668830285292,0.409053428701429,0.0225989919123736,-0.0865983240997817,2.55280595137563
-0.0526937168795392,0.533062609675469,-7.83397716389582,-0.155247207882628,-0.479618410582104,2.27966917963756,0.109438455280062,-0.0834769758387148,2.89994866605484,-0.242537419342085,0.191443618636259,2.11034757220136
0.838332955394763,-0.883526586864884,4.93807079427034,-0.481946543795541,-0.552113749771301,0.839391114767302,-0.439520574714849,-0.499081703534918,-2.71334861562159,-0.520592308365774,0.980006253064759,-1.92055066905174
0.854727217598208,-0.873380406534347,5.81040384205285,-0.262087179512719,0.0861807571089714,-2.46579999857364,0.124286547604608,0.0996729882533412,-0.551729015710223,0.58510320481005,-0.0272295183343876,-1.52397487012819
-2.05722848300558,-3.74032845990102,-0.14873868462422,-0.618910332964429,0.451377851420509,1.95000326011926,0.0551785221525137,0.037011464730546,-0.904082360743985,1.48516647830209,0.391188213858977,0.478744487038992
1.13176674717799,-0.224554211343605,-6.36285057070027,0.187258657027307,0.227681210567779,0.762336827465843,-0.261913227173103,0.140269066379656,2.04122423374954,0.187984622520707,0.241300453735903,2.62171050512588
0.903370195998729,-0.866458932132329,1.52183409834461,-0.207420593990925,-0.00806131324516516,-0.214359229651239,-0.14690342843877,0.112284082993091,-1.81360898718264,-0.424059566096363,1.62162329818598,-3.17310769027211
-1.24248398781077,1.04606767812813,-5.08817760945711,0.121671203074985,0.372462057182954,1.29888276334163,-0.0513027100911264,-0.107014734133708,0.809262135938652,-0.194992983106888,0.0767173302001204,3.0214355379305
-0.133156696172762,-0.525587176873552,8.19474226803691,-0.314355076214665,0.0184283276164578,-3.55359759372882,0.298316390760244,-0.236272653374821,-2.8095760234217,0.0228081142107803,-0.0884885201674834,-0.43360714764715
-3.01201346307349,0.930379004270093,-5.43319269620501,-0.29364177943439,0.172416242133634,2.37717768032411,0.161721471552718,0.0471279039036103,0.523638033686315,2.38528984542365,1.38264082804499,2.3062102808975
0.781911156130514,-0.736605484106161,-2.04211251295344,-0.0318848779615915,-0.798423899998846,0.0183199437857017,-0.715482103434994,0.781892861750123,0.74291141523891,0.709426712353089,0.333346429848901,2.03390207838827
0.00665643766558821,-0.621137213225071,-6.82795827110499,-0.0032820440627716,-0.0691118772358501,2.98630919814539,0.314585681382683,0.586135899910839,0.33017948858416,-0.0148376906612625,0.0304597231791692,0.91014036764789
2.91214872198358,3.81473296480412,-3.75147487667988,-0.181771441215039,-0.895096326855726,3.27115828644425,-0.296825891342525,-0.0768234854088769,2.22629395016899,-0.0330172372773659,0.280556239797281,-0.38698261601351
0.599622403535959,1.33687561504527,9.1024486106877,0.206969955423065,0.111582665503795,-0.291957567959442,-0.81283277299866,-0.172816867335049,-0.94773512461463,-0.215798967249686,0.116702021255182,-2.72550078703204
1.44612984957914,-2.36988312701348,3.03399083732836,0.486185762593581,1.55396898809609,-3.2315945784735,-0.185686640725799,-0.25266503521095,1.00700086646627,-0.145623416132622,-0.218714334992563,-2.63771975200287
-0.483780633060051,2.18206687275351,-10.4382221836538,0.121534152931543,0.428423182366768,3.12218797064723,0.890431825702798,0.225787915879205,3.26384487315437,-0.333294171024794,-0.177533566884628,1.62935471379599
-3.8541153533261,0.562421973763982,-3.37695570951794,-0.00749715518504778,-0.423080586782939,0.726912751669542,0.907795125049362,1.26359165019826,2.63527491659698,-0.0964938645866354,0.289758920348974,0.208801761838135
3.6789861382184,1.35230107816779,-5.71700541639668,-0.895106075826567,0.150767149488858,1.86974972842761,-0.185965685296035,-0.290387190631056,0.706718011370294,0.0296771422001837,-0.0320176275702529,2.09893954203195
-2.64803543325047,5.14228581770818,4.30451138774431,-0.301723511067476,0.351881237583338,-1.88420680923091,0.226924675132261,-0.0361639358687173,-0.907957365823075,-1.01639635581629,-0.570110821587332,-0.218873081356868
-0.687127510830989,0.032056340795686,-4.21480354965115,0.152708979919144,0.616822641794597,-1.02542564497188,0.0702099163259692,0.470638723114685,4.00184042098939,0.158011266891083,0.0457714342835358,2.33573001019275
-0.270215156415938,1.37857364401352,-2.48441391116494,0.235808876790347,0.0425542056221433,-0.541440076014232,-0.176011179967412,0.327476247081094,1.7391209351986,1.00055460692764,-0.241741248687402,1.59470036893995
-1.60451571436304,0.0553881090605717,-1.78740415461158,0.264087981677864,-0.430354881246273,-0.450579807107056,-0.21217595174692,-0.431114425307957,1.29564696180453,0.150174198376699,-0.314499737486594,0.842600267522221
-0.268172458718639,0.0132817264175356,3.93858917430175,0.0855146375949596,1.43410357468564,-2.97890522797892,0.118537017149065,-0.0672550278704333,0.398114146726992,-0.00384339439317428,0.041434173392268,-2.00277520740299
2.09793377289836,-1.58224400354209,6.69635716544809,-0.222425397848913,0.361776816408932,-2.42838237795325,0.610795954875111,0.473479726032538,-1.43498936400154,-0.255077097889823,-0.00827242311149559,-1.49497594228542
2.98232126800921,-2.56772611512444,3.80987618635003,0.0633232517297981,-0.128468798081416,-2.64309327020708,-0.312720943444913,-0.386279081029414,-0.348362170535858,-1.47601340108972,0.961983406084079,-1.57111653596436
-0.327345809083879,0.643259910408224,-9.0324454827913,-0.0249268415058883,-0.964072455102988,1.80992417503533,0.0791544671163137,-0.00184379535064573,-0.287333184785082,1.37959997676462,0.559155719946527,2.24024389801836
0.198248951773263,0.449269894357342,4.44294014818541,-0.638410658298363,-0.27327292921935,-1.39791952731355,-1.15408288232932,-0.711917013799399,-1.77788954014517,0.910713255108638,0.967484264338959,-2.62311773529044
-1.97866554517429,-1.65823952508329,-1.57578909085187,0.169772148655127,-0.0374969555006696,-2.35983296895768,0.349761162447903,0.592178080485066,0.133020716535249,-0.0280478063499373,-6.70193805173038e-05,0.40761032652665
-0.692524972983868,-0.0524834873744999,-4.09600038376269,0.528296546365688,0.36828654813335,1.98166390227132,0.763338350928768,0.125283884260385,2.55489833292137,0.487846816273485,-0.52007163916616,-0.746707743496034
1.00753249886087,-1.87259655480654,-4.70699199267298,0.0122315043757024,0.00722916274766968,1.23045713838376,-0.191991310291064,0.206815523471697,-0.228898019865409,-1.8684005903849,1.43896602602211,3.82453398502269
-0.00889297712278295,-1.78386284248184,-4.5634101086396,-0.0640112094357453,0.314014499763699,1.34464620058429,0.160413674674541,0.0736825325263643,3.0563571984505,-0.276013272979803,0.903468850270813,1.37271743998433
0.0950014392727104,0.317729460567223,9.05719023781727,1.276220403913,1.46904425520569,-4.47921922403076,0.0465198641468963,0.186472133681839,-2.03561568632788,-0.427292425756156,-0.641494527297337,-2.08523829676253
-4.05826580977685,-1.9409507030435,5.52683793231887,0.0602655970712089,0.195572089125081,-1.80195033504072,-0.19117518746119,-0.157915388085084,-0.613160291118659,0.534033597879344,1.76908644616867,-2.78979484396783
-1.25394187527244,3.4671135072357,-4.11127591651156,0.190433661608567,0.0402924203509817,2.9280160873054,-0.10637073061619,-0.208101449673866,1.97683251720027,0.400158628896867,0.0271338439938465,-0.049015895687644
-1.97251535448096,-0.108256812178773,0.603156173879318,-0.0521570909278075,0.0652535972809057,-2.20726490577001,0.597069938030757,-0.277171787000081,2.11392403890447,0.690434496909816,0.21874593388674,0.509165966371066
1.03386739306903,2.47717183891808,6.0891566295976,0.72127124800616,-0.584475331546671,-2.96447370199092,-0.20471571019844,-0.132484565263581,0.597351889910024,-1.90173979873894,0.698785230918056,-1.98872021664568
-1.58488727928111,0.0409898323573398,0.746545002672896,-0.397486045495997,0.140155218231551,-0.538710084746135,0.566713818166584,-0.0617679491184585,-1.73360030710475,-1.31837922762057,0.638032854385262,-0.7009484838515
2.58940334704208,1.40313757809028,7.83770103155377,-0.541711843708443,0.382235122181353,-3.62972307082276,-0.0142288565874274,0.396480170316784,0.234157527634956,0.0668336802108929,0.0152746665766079,-2.28620782364104
1.27392627812009,1.75130653801998,-6.26288083786392,0.160544402196122,-0.0269171640289152,2.56214033039003,0.0569632932445221,0.281786336431143,1.91985431913764,-1.53810668387336,-1.51289578511768,1.53219078815755
1.99318216182124,1.50461702895605,5.75178611323975,0.339687463285543,0.152190555238867,-1.3938145742318,-2.25985010551643,-0.692071912439941,-1.06289118112902,-0.0363936485963406,0.0935040236338807,-2.46672329586541
0.627703705335106,0.533916150620972,-6.26477443223877,-0.694193317936436,0.482597480317869,3.20159229244776,-0.101954999524741,-0.419097758484759,1.90485180984511,0.253648744945089,0.28462028395354,0.322626078193556
1.63065215124633,-0.271734654017363,7.28723050732848,-0.44388978377837,-0.561319832004108,-2.7276060185012,-0.273351754258993,-0.0490688686876568,-1.42989993240025,-2.07403828479104,0.205819147432813,-1.9949147058256
-0.722689646582469,-1.01786580354628,-4.39897499255263,2.08071534068625,0.140960566468066,1.90506854722186,-0.151915945370178,0.400693706875923,2.52503084358609,0.196797732110154,0.0179795257903124,-1.05800958943222
2.22348973730088,-2.37215372736216,-5.35454499589061,-0.231014876460102,0.0738534198666625,1.37547773395647,-0.0573025942884543,-0.191503449033772,2.09104321619033,0.0571432969212536,0.997243327451478,1.58135140277006
0.773220098911471,-0.280637525512592,3.16736862297106,0.231866725183032,-0.324128711411678,-1.84013453450723,0.174684479910429,-0.0175067036884355,0.178294750220888,0.272453932471285,0.290383518865526,-1.78321078597167
1.73205758777156,-0.617805431451638,-5.95657556206483,-0.9977401630682,-0.246246190020133,0.75621569257643,0.351564683400576,-0.0589845484638205,1.39837179790795,-0.230124364225787,-0.204109073103973,3.24447830946055
-4.18407862197924,-2.71422334960444,-2.91348468382505,0.128547827466201,-0.0278188072751489,-0.474105288749272,0.540126235735062,0.359213220165788,3.28619662033233,0.55747861330527,0.25296039102391,1.03560897335376
-1.44918629340353,2.93835087418568,-4.94204282423953,0.212750650797365,-0.307851862367796,0.143456823159199,-0.0502703774133227,-1.35726096750412,1.81517774021499,0.0194410478289077,-0.283967386783322,2.0073624420174
-4.82964663339905,-3.7156937100585,10.6369095561343,1.97311655804222,1.52067717974541,-3.18300871039733,-0.423233022102981,-0.106236866481199,0.413839128032716,-0.104291490067677,0.509903401989601,-2.80097602637382
1.0131382479298,3.12525202168987,4.077540599836,-0.516810917091045,0.223434521224049,-0.930720108773574,0.866604084282831,-0.672964648654518,-0.712305966448552,-0.466442140212743,-1.65986508970193,-1.10453753158875
-2.94137346227078,0.567030857824842,3.07828904106467,0.392643104334119,-0.0407369026552359,-2.32883819263857,0.0472791082183964,-0.285091054107631,-3.05722588529728,2.41046910638315,0.475441269657465,-1.57007089985214
-0.250024668103828,2.30801623770212,5.32535818953093,0.376739525774478,-1.08222150658118,-2.71533892498252,-0.140309662307317,-0.500632388718873,0.421321882736675,-0.168250315417751,0.0884527931305883,-2.77115554952052
0.322077184606776,0.673965633403422,-2.06286962862398,0.14604909099784,-0.267735641753073,0.446739792761369,0.119805591426209,-0.930222229854504,2.17878803255969,-0.160275350853991,0.144922846660443,1.69334874618181
-1.52355192718329,1.17837399029583,-4.19500288287667,-0.175423681219974,-0.153516036460904,0.90084785545019,-0.105173643353455,0.176393553439996,2.48582531836784,1.92812310233612,0.156308029947079,0.76853333217217
1.17519773598785,-1.30683567037779,6.6318326550765,1.22709725662,1.23444686180409,-2.8457961151151,-1.22422469345459,-0.156646788299616,-0.255050631594297,-0.309750970191826,0.810089165226078,-2.81001526173998
0.686553888516906,1.14393749849011,-7.75159005005845,-0.16000338283962,0.512820459941884,1.13965155158587,-1.21008073344475,-0.723082304945768,2.46514427633994,-0.23871540306012,0.242155484470043,2.94677485096729
-0.0694748504981535,4.3729179209523,-5.55922816234338,0.250059998759291,0.314645849652003,2.00907776292023,0.215141480540639,-1.46545926529152,3.1131608050731,0.668568480845929,0.299159413771275,2.49496753223273
0.0252496439969885,-0.379148582919105,5.492626351123,-0.0523032874722717,-0.307604250555101,-2.42616719875219,-0.274495010659199,0.121174688756285,0.349420290950628,-0.434453873614227,0.804777400351721,-1.43490985501542
-0.599300977677688,2.51091055038071,1.78834652618729,-0.302281471082325,-0.100593739086188,0.867239483776386,0.209054230906313,-0.777094514910113,-2.29986887848949,-0.126247063177524,0.454903002841583,-2.57316215018705
-0.616988419375465,-1.32917924333882,-2.50873132303086,-0.341927543214701,-0.164389967843733,1.17118535330503,0.201553724963134,-0.779577455999061,1.53979271287951,-0.21099462887471,0.13698424911488,0.00468530262657941
-2.78953784199314,0.800409863544947,-6.91912034605635,-0.415647267407528,-0.169929950188312,2.12220877968766,1.0281799172208,0.410698609916486,2.50192398769359,0.172753701285259,-2.01914972430403,1.57386393732432
0.124206469726462,-0.813996100405553,-5.4089669758795,-0.0107785276356098,-0.00553747186458275,2.17028447424351,-0.0967065676032685,0.458544028638513,3.60796798003595,0.278772497336982,-0.634880649120376,2.60413933303677
0.195714691194289,-1.01986892673529,1.85596438296642,0.0507790684962409,-0.314419267694521,-0.213348834923806,-0.0991937991328504,0.391023774125957,-2.19647780668304,-0.0422174244665442,0.167253338550058,0.216943239869512
-1.21684634893493,1.4227030159408,6.21626814228662,-0.884919046441217,-0.517379892624748,0.313181484354587,0.475931409781492,-0.534126011827393,-3.83571727632115,0.345971499700469,-0.0997194727814422,-1.59381425746232
-0.881839305155538,-1.81529690554005,1.01231615714496,0.705271404798315,-0.244468768132014,-3.18304451524669,-0.570415729238815,-0.0775016628937918,0.936970704498653,-1.20315403589231,1.79286129501774,-2.5276408631724
-1.53171886837468,0.0339254174225845,8.89646419077288,0.573097746533599,0.282788046882839,-2.12393068612333,-0.071070608033293,0.16365504435019,-0.884651930552917,-0.12050333571801,0.230392160502458,-4.00708663588827
0.601173331216899,0.356585363697913,-2.32865823919323,0.143474393616746,-0.0197953650274309,1.61980654880518,-0.861992393039371,0.22582406540902,2.02690021888036,0.0674349633638769,-0.210135804641374,-1.50368532827229
-1.61960112315054,2.83643516767576,7.45662114437943,-0.000272999232417902,-0.285992829779918,-1.20433113567384,-0.200659176157041,-0.205102514836238,-2.95454626959583,0.313605890697423,0.536820367782569,-3.31367034678989
-1.78575283570751,1.29354084788009,3.86783037785938,0.0124335389284913,-0.279181518299406,-0.566707815560619,2.02026199649767,0.404434592046915,-2.22147135124723,-0.150571481674692,-0.298526992624482,-3.36794950593323
-2.78276565994147,-1.58442944404568,-2.96435461139655,0.315174352061419,0.119109241199431,1.49970401997658,0.550783529617791,-0.349686693174577,2.42659196206079,-0.290302918544986,0.0980479964529819,-1.42678357066447
1.96540146477696,-0.0724720659643685,5.93141074469346,-0.5387937881992,0.269924054897292,-2.40182992233193,0.0928325927670884,-0.141955150465911,-1.20708891066458,0.295346907023236,0.269469234924726,0.780329132752479
0.28672427644674,2.65135881806541,-4.26950965383454,1.27281220170226,-0.773857460120603,2.90492324567642,-0.277704890875232,-0.310135866953157,0.825927901693817,-1.01969303476309,-1.20681179261098,1.09172526607955
-2.28674898985101,0.78369533401254,4.19054837512151,1.48499870654241,-0.362792859359634,-2.30213179140624,0.0180255701258379,-0.0347376299970836,0.127402349055015,-0.860907664797685,-0.98713012613844,-1.63117641489637
-1.71613189087148,1.68096211623604,3.9494934796909,0.964180129609894,-1.01318124623228,-1.34505598666754,0.0678702787703541,-0.129635242551342,0.343572602649172,-0.0223745221084914,0.336437358485688,-3.14529578234255
2.01653541564118,-1.8153019607068,-5.17601861358268,-0.127691045548142,0.499276754234069,0.112681408905941,0.12039220734406,0.908735927854149,0.928251252863319,0.035969454427608,0.160326073760256,1.90781258949772
-0.470542924830283,-1.28617456017436,-12.6633249159106,-0.0991007260035666,0.111172223163514,1.29471969970117,-0.0187007181669542,0.136723803596679,-0.851228965802405,-0.234211415165265,0.130827512279237,3.49212089656606
1.31845513275708,-2.6053782373038,-1.46897517570815,-1.1830832110774,0.307371400079137,-0.650470371474385,0.583319587226993,0.528683686078543,2.21624209497436,0.164502186568622,-0.14663866750736,-0.717211928183063
1.41225078244894,2.57232510280813,3.56259424538033,0.0228814389280066,-0.36619528187307,-1.80885261297231,0.202839646429845,0.0228619844451238,-0.0414783277861331,-0.18522568640402,0.00765123465768567,-3.67954386599865
1.22354357111395,0.534153049803921,-5.18839336629175,-0.252097132716822,0.19280091543453,3.35985312936584,-0.0565120174202711,0.25080393951121,1.8196146091485,-0.324459600835379,-0.0732427583214273,-1.41586675467328
-3.37791377996576,-0.397857271749067,4.23328475856036,0.611637390185853,-0.513992970787158,-0.586349916841851,-0.406078469995889,-1.52773973989791,-1.05970261400985,-0.0804876814896708,0.0370689742515962,-2.22062584398299
0.0836091813020656,-0.175075973254406,2.20543275961849,-0.646206745913216,0.224561084009561,-3.22954438427456,0.0275328114882978,-0.116890307517905,-2.15039909961413,0.481990562313849,-0.377099220397861,0.837895918236232
1.02384538168166,0.095223587201541,1.85687641859702,-0.916669244403781,1.92736757211974,-1.3681573149001,0.537154928323208,0.114877992797056,-1.86129410804827,0.328149144350197,0.326107373754184,-0.506548596871622
0.0223630221498891,1.03430446868691,1.77724322552673,0.34970712647777,-0.296482994024403,1.97329156745457,-0.604331048455034,0.481029097677606,-2.51931542431975,0.761702040000374,0.711072716682856,-3.02296076918232
2.30963532042144,-2.36177759377064,5.22645945444721,0.29792034852096,-0.0249355141612481,-2.73411248700471,0.172730957136197,0.251803375322568,-0.0605258381497787,-0.215808210254578,0.132262417712925,-2.51115552179595
-0.823994865543815,-0.18457813411403,5.61957170913582,-0.0864014520411895,0.210975862863284,-3.60084493186905,0.245647803821733,-0.373874702856924,-0.316282526208083,-0.565999767861944,-0.638037446073922,-2.24064511477711
1.3076619232503,3.26847795860141,4.38366654336746,-0.453019253717673,-1.7322413278094,-2.30082082748817,0.719386008281591,0.0537889281734112,-1.4661705577891,-0.152665641835537,0.450975996738351,-1.89262415818519
3.77198259310902,1.2159574928537,-1.46700129659028,-1.67215212481671,-1.05780295714193,2.00414301369061,0.0579855585112185,0.0908707311469392,-1.9158429081789,0.265853187940663,0.969898061481667,2.13156714758076
1.9096848900974,0.75236875513775,4.73307792234632,-0.403556166088366,-0.107061061214725,1.44090101571349,-0.277472700251505,0.0309448712446163,-2.21551459831718,-0.279203370480479,-1.08024134343123,-3.84767584867356
1.21517216434688,0.805195516146902,4.18100851142975,-0.183817387337935,0.108240028118654,-2.28899552337196,0.0738114730520982,0.0383030603703478,-2.60657378797853,-0.981037107175735,1.91045337038603,-1.1557922570312
0.796813244652314,-1.8841855567775,-0.0351632416431384,-0.424717734859414,0.915100899267978,-2.45680667540671,0.146320652000692,-0.945111029108759,1.80441788526616,-0.413182172482263,0.371970520648009,-1.17032632795889
1.79879064151562,-0.363461612230313,6.82144010394684,-0.0235121815711926,-0.554758310292538,-2.089192577313,-0.0453274528189468,-0.302521805670854,-2.98693988381475,-0.348460109757107,0.206353761824453,-2.00759522539502
1.42435700550392,2.06768148156993,-5.3133648525666,-0.0433272361561498,-0.053694692661556,-0.474616598017348,-0.657490752511003,-1.04888713923563,1.31286830085647,-0.29454194114242,-0.239882273051306,2.33210716420091
2.15075558448576,-0.866627125160113,3.50751125643,0.32635449048568,-0.212374449272299,0.401919370953574,-0.193717064192671,-0.308963570176173,-1.86773067966494,-0.795324419501646,-1.23036914182484,-2.24132138108697
1.84096012475731,-0.112594788824127,5.04926037928747,-0.0311879778684954,0.013861365701481,1.46946644455,0.952224329522981,0.515710755001382,-1.3785590348103,-0.621721991794643,0.217616692296691,-2.74646288303124
-1.40530053067035,-0.859280570360174,2.146280290036,-0.0765457125104544,0.168854706616605,-1.28458538599495,0.0692019107601328,0.454463419755333,0.025821939994397,0.082366619921257,-0.177242570635272,-0.785085331939457
-0.395764208326597,-0.636983557170612,6.16782056257344,-0.784036196799842,0.143798378947458,-2.79753988634847,0.0402383377799514,-0.137485660680517,-1.49172013712243,-0.169027449988909,0.0278835701711034,-0.294318472882748
-3.15630491136867,1.14835052423824,4.13355486013368,1.09059254479324,-0.871871098140575,-1.75059886987658,0.279168423512616,-0.150626285268026,-2.09247703243314,-0.463762542930877,-0.428834956908554,-0.901638512666319
-0.343044353905568,-1.0693755905778,5.54142859624683,-0.307834537514661,0.628216802603363,-2.13182003524495,0.0434082595421889,0.0115503127757077,-0.70325877046043,0.645733304686207,-0.694979367144986,-1.83738303662747
0.00460813849921776,-2.19519876916721,-9.0276642864666,-0.160409144951079,0.0179061977563796,1.58764758804739,0.0726426242957684,0.0877241902331939,2.67616901596264,-0.298480012741639,0.484049804430601,3.71766864975236
-0.763146038549642,1.34081458092851,7.10407642196401,-0.53840561757516,-0.151564321989953,-1.68998271169939,-0.698499647888767,0.186727263265638,-3.25679680158385,-0.514085821662865,-1.28787632443263,-1.80858123481668
1.27617453843275,-0.304921749937441,-4.91745838595865,-0.16913908706557,0.243945537056461,0.41567650271021,-0.0146801077093232,0.253475327780462,3.0398401874776,-0.297691660932892,-0.444517048466635,0.613735695301215
1.24547720410907,-2.01390171784044,-4.34634961209385,-0.205923035729638,0.454453451590086,1.72379071879927,0.161930001078924,-0.635689494171504,2.59430119316534,-0.11128351650569,-0.746765384471239,-0.0502029068887413
-0.61214418615915,-2.16439912973573,-6.66778998783063,-0.255409784228928,0.117005847716743,3.05486132510397,0.507893036962402,-0.120302631216157,0.242570765851276,0.643429207605189,0.987840631796493,2.1978419862524
1.44502408342809,1.98870018103931,6.18323632409591,-0.214271988247611,-0.136963506871535,-0.772357727100327,0.364192848609789,-0.273329462409468,-2.55055049808371,-1.12114561751679,-1.21936877650068,-2.71449589823247
-0.856760227108275,2.7049388873878,-4.1887920649033,-0.182345462251438,-1.87733374762473,0.796509623065203,0.469103463586436,-0.0926798464863615,0.880472329428873,-0.00191223224407832,0.0931898834374418,0.968562361577874
-0.436638778315268,0.167583296436569,3.65338982462393,-0.25543749036056,0.204845891652995,-1.34031727939747,0.24956198577043,0.0312973115740198,-0.442672907240032,0.295568232296086,0.185723542582788,-2.42772469837556
5.06563347707763,1.44247599143226,2.55958396979929,-0.253652518322151,0.0556912240506692,-1.56581648611715,0.495497737672808,0.188400431982925,-1.38170002290533,0.941872038215305,-0.992761938839328,-0.612904441064584
0.472895419207496,-0.679914970357577,-3.68888213392114,0.22827524625678,-0.403890938124288,2.20576075052679,0.138804325363878,0.364826060719471,-1.04773829870258,-0.885390176481004,0.0531192445819324,1.5479527105964
-2.86159941856769,2.5162728816171,-0.516536520396089,-0.308023572802333,0.551204013901326,1.74024693463772,1.17449350010572,0.358953103644816,-2.01809926390007,-0.017650702963334,-1.05739195946378,1.4478967485561
-0.405685954651403,1.31123137614038,5.60216018685047,0.568508186916982,-0.478141985621464,-1.87794065718091,0.275921918050158,0.389637868143508,-0.275938590361244,-0.331488159751241,-1.71379805007088,-3.68264152206712
-2.76914173699413,0.835259616948321,-2.39064503667715,0.0494193361658998,-0.201392775400935,-2.02103486930707,-0.578915570671442,-0.898017428622247,0.732970128238141,0.802781549769064,0.237841917228383,1.12150740206089
0.18825159131945,-1.8012962377147,5.67372426170714,-0.188730297958956,0.480521917886708,-1.72546719576731,0.0568476367993286,-0.0967574681639916,-0.31992143168113,-1.69641046341816,2.2530668965292,-2.75013772273492
-4.64534649064037,-2.60112485889601,1.45365226053906,0.354313079943448,0.50092923080815,2.69006110026889,1.75968286427759,0.35945017451797,-2.38618500211445,4.65386875511306e-05,0.821779450864663,-1.15333445722892
2.33746927918367,0.283502738730535,4.2081623598457,0.204002702673237,-0.176957156825731,-2.02048315806719,-0.761035258355768,0.0445267632619646,-0.346051358143295,-1.0493474215213,-0.380341091654797,-1.58633098518757
0.692495295094823,2.39086181086158,-4.44825861215749,-0.393354879829683,-0.0209992447466563,1.41194572453461,0.370056814506077,-0.0285765819624917,2.53413615463542,-2.20797889478735,-1.42747377169331,1.60427045355316
-0.251400298625173,0.452745848914993,8.20788509013901,0.261946139961037,-0.0439156069853154,-2.31493010034735,0.348205650694325,0.62902106121681,-3.49255037902449,-0.317061401103668,0.176016888297067,-1.1395789118982
2.18183184012797,-1.19642044773911,0.162919010237359,0.193971867946067,0.447654708558508,1.07734014485019,0.0176860327301672,-0.415025193180386,0.568099569836801,-0.951617508332781,0.303781308788553,-0.146574299073241
-0.15437402310507,-0.115283746580009,2.44914770437738,-0.17653630371829,-0.211316375277918,0.054233178468541,0.12704317300809,-0.30464435315668,-2.8807149146429,-0.121304453340202,-0.75377235680446,-0.310166162858072
0.185707988000565,-2.42683373726941,2.84114266454003,0.0175729196636121,-0.226526214749526,-2.36685704296753,-0.262772840668956,0.767619059020029,0.400321729812431,0.0931896679452085,0.237145466179559,-2.48747951591474
-0.187966790999537,0.371188156174745,-3.23121374421635,-0.225971205202865,0.0784125727549732,2.74660224200387,0.312057327700406,0.473409822323998,2.34667270589723,-0.0778287322454267,-0.0125596930727568,-1.41453913923838
0.610590237432075,2.61414558151608,2.80321506447494,0.862454183119238,-1.27516147271688,-0.572664466609542,0.793033809120356,0.11994871402939,-0.929211210655817,0.00833682816469976,0.046144807121464,-3.0819047106226
-1.86898690817741,1.51259058199241,7.36051485357228,-1.05898065920338,0.448368774974606,-0.385226135702336,0.0369618174002342,0.0308927277391303,-3.1390584822903,2.00440416410708,-1.13558178097099,-2.54473745574256
-0.936931287748489,-1.78739168328087,5.46358741851215,0.145963425903538,-0.0847167661372566,-0.384248624555682,0.184737623823206,-0.0362200830599967,-1.53140900539361,0.627105012030989,0.753351769709921,-1.3317991068686
-0.32304555731599,2.04124801410636,-4.18916126707603,0.358587101671181,0.109362134094801,0.727399791371555,-0.203311808261372,0.0654392395598076,1.83821072480714,-0.813456835503604,-0.856923786365959,2.95385159120159
-0.953172142874391,-0.739596878983034,2.32517955753676,0.837588015659845,0.0744223577182396,0.0448084428415875,0.857827618406739,-0.0641293512394975,1.11018106699547,-0.00720047015790954,0.639270202864575,-2.12560186421525
0.46995022990367,-0.316068374276001,5.59483041568753,1.0738499037925,-0.859868581155635,-2.59710165350672,-0.6819553817861,-0.170585945650044,-1.54806814911369,0.797143981633125,-0.101672437532631,-0.878747891338384
-0.185153891117977,-0.563091533638514,5.93035680303236,-0.203939316437002,-0.267101973387658,-1.52573439358383,-0.416424872967362,0.259415918543981,-2.77942885916175,0.150164471387719,0.0529017333211656,-2.33831573946625
1.14226730534986,-0.92178984836152,-4.75005576665532,-0.111989979865421,0.056488947002673,2.15654589452274,-0.50285061122616,-0.133877078292013,-1.27514587931103,0.167295359517643,-0.0120690799677758,3.10251547567443
-0.536353857428901,-0.306221508131344,7.85958252792003,-0.00811543835145957,-0.00775133113134499,-0.387854860424191,-0.336122907751356,-0.549588713949894,-2.98626637144856,0.473275353477792,0.654380799662438,-2.31809463597748
-1.48814687143354,-1.75148897018063,4.796709303312,0.0357647185001008,-0.0322851274493178,0.171211334672617,0.152422745876985,0.947660894671601,-3.58759308708621,0.308997391390356,0.358328472622192,-0.928609620303312
-0.409683428431026,-3.20497494440017,5.05100663326911,1.32051523156764,2.08928226144088,-1.38115395946076,0.157306664387849,-0.319245589347173,0.728626267446662,-0.504941937359972,-0.081004746584867,-2.46235633820006
0.732428953933403,-2.27071571956834,0.347087339291635,0.531363586034151,0.43035808210099,-1.41876173056149,-1.82846560315218,0.673740742247193,0.12058300545129,0.212999473666436,0.481048241578116,0.599349973780832
-0.840633682885058,-2.36898701130595,2.56699261214894,-0.17058281622478,0.0780851218059228,0.382175123835478,0.55436045340393,-0.472477029554524,-2.13571194030434,-0.033581581186114,0.0297914333854763,-2.88108956927098
4.06458302294397,-0.957601276688411,-3.8336452243585,0.113947969560156,-0.0342153486096282,1.60677756195577,0.0722587527339184,0.553125102780715,-0.0680090423577304,-1.47959072649968,0.511107429032284,2.64048179449237
-2.59028107450959,0.94803725106288,-2.45278313176045,0.790980895167392,0.172704385568732,0.421928229058713,0.403011371753235,-0.371218429230574,3.47759109899804,0.114209353528239,-0.339977058578374,0.774300477885874
8.63034507826772,-3.3850467497339,-1.73534416322947,-0.0565362164150317,0.0103069268960924,0.695315828840772,-0.809123882693686,-0.302406738061837,0.854476683315856,-0.701751953900603,-0.0621928520922201,3.53900494792809
1.37118140153845,0.420580876337237,8.35924192854983,-0.0694138463869068,0.0145857230925159,-1.30574783750997,0.490246003041219,0.736708369162961,-2.68400615369545,-0.300623344489857,-0.861624566183012,-4.28707969770708
-0.0587999776310391,2.41906638829988,4.85575556948114,0.135588129574422,-1.68658172849312,-2.21658350456849,0.415612518160488,-0.610190441078032,0.929732437766258,-0.798713778814895,0.493598752235649,-2.99985377694581
0.515372273247401,-1.33114467168233,5.56744196358243,-0.273392141535619,0.129374451831378,0.864777220047515,0.207407002223342,-0.0671639491199523,-2.12809134096203,-1.09868847212523,0.51573798658784,-3.35416243957571
-1.98869452189598,1.86280689220161,7.77338150481337,0.494260961845284,0.00912659023514107,-0.572268339953891,-0.532970635336781,-0.0800705905472896,-2.93351627217222,1.39757496526194,0.473853673063659,-3.28919623881842
-0.486136655895089,-1.87707876009205,6.46875572843248,-0.225779607881,0.221894470812299,-0.7848931826702,0.152258669662039,-0.0741817064700375,-2.46649686271627,0.525121098796715,2.6073836848402,-2.69563888656501
-2.85046423724248,1.68626685006294,-5.17598985788367,0.127644429731221,-0.101317722791346,1.19238418576333,1.05693457881196,0.0505173774057755,2.98999122492155,-0.17620294057685,0.192409648462682,3.45992457855274
-1.48302482632033,0.452276221998275,7.59457336144348,-0.677061469357389,-1.73998616762844,-3.68674803222385,-0.179739205292526,0.0868257408140149,-0.32716590705027,0.260850457179292,-0.449311767482185,-1.69779529555288
1.11909079960615,-2.11250690771353,6.12033896952982,-0.00507232848545327,0.164745858861289,-1.97584688073467,1.00744837800054,0.81492183451134,-3.86979683719443,0.4377109334605,0.074913645256975,1.52225307001834
0.560520908529269,-1.59938773809732,4.75949849845966,0.310970916949641,-0.0109512187495787,-2.10578115739157,0.0873041267019109,0.0145145158445054,-0.175974839878267,-0.187291858401875,0.5961360046907,-2.05594079925829
0.377846812579718,2.27918978377761,3.52528081004997,0.0293684009224077,-0.595101517526062,-2.13936321138615,0.212765038710846,0.198296508210602,0.820142589082699,0.488067104812832,-0.00884105901124206,-1.90728291749787
0.267669292420723,-0.219297670616329,-3.93672703632508,-0.692540568808829,0.382661617071753,0.948396373406177,0.597668941179618,0.210762950065493,-1.1984285026157,-0.484497520161747,-0.811381296105059,3.46542443355506
-0.168093785063581,1.19306958476664,3.45882132031018,-0.51350776729362,-0.129988696678161,-0.205364732362859,0.224889355480313,-0.511514990348155,-0.239975913279196,0.240851542930969,0.323315048531441,-2.67863158560039
1.04031833187699,0.332915475208672,1.19906524066331,0.00058707956490292,-0.397455291305286,-0.339838138499577,0.0588296504074553,0.287605534092258,-0.417381643964959,-0.0705352496855014,0.194842928478734,-1.39197101107812
0.347471972687751,-1.67802839279974,1.4814822996906,0.643436898359259,0.279876703937222,-1.51218976257511,-0.183430223370242,0.264643397715067,0.167471401633602,-0.16977944880334,1.26025474287245,-3.02813672425949
-0.0170719197767188,0.603073994945313,6.14333831601848,0.590081854726235,0.127918071611366,-0.127144844618805,1.15802442233249,-0.0715864738928655,-3.37759691880196,-0.297756888879531,0.459760501615987,-0.660592044390252
0.468071602489763,-2.72274844441015,1.93541696063331,-0.095338945141534,1.26159274975983,-1.86553914277389,0.0311046417203267,0.105696113373115,1.66926808370354,-0.256824797531573,0.373154503111586,-3.4191862618752
0.063009681579472,0.224749003420707,4.58799461280611,-0.656154214750113,-0.0562554861604206,-2.68094452814369,-0.632146893995251,0.359922981294458,0.674169168058471,1.02647978357729,-0.527183121988948,-4.06810398638649
-1.18870041749681,-0.429905148303177,4.84622622094865,-0.464980385268094,0.291392717441687,-1.82238347241756,0.593562739110794,0.155522631310644,0.536094892059649,0.0875347592152748,-0.223250561520471,-0.85242099982144
0.425484722061415,-0.431233010842168,-2.70764692511492,-0.376090483014297,-0.898983029774203,2.45243223973925,0.386474687291639,0.276342470443212,2.26194980753771,0.178634535635232,0.405299170347279,-0.41423372081534
0.884373595126057,0.281037885024284,5.0657093105047,0.1331702230141,0.591293790892656,-3.391650794171,0.0450987881220227,0.015001122908725,2.99280306825006,-0.750091478976894,-0.405299811717458,-3.782377819168
1.08091560338666,1.92874225179667,4.29260830823734,-0.241066842024249,0.369440313780035,-0.920959866763146,-0.0673424751135089,-0.000188363632480247,-2.05212420207497,-1.25341267280622,-0.772379155366262,-0.0282211504023055
-1.46727266929669,0.955394031313558,-5.40232457898442,1.07034390157422,-0.10780766531009,1.99345291615277,-0.0878190179284229,0.414782670169301,1.36239798241519,0.170696006609946,0.156757349662574,0.637564876081628
3.07186293742358,-0.426993739779143,5.98202303338085,-0.683233669903964,-1.1571523466046,-2.12037009844354,-1.5275734037983,0.669944633251945,-1.72074042418046,-0.0887434218477021,0.244224034957931,-2.67558929597102
1.4345390664148,3.38234413455707,-5.47329075341055,0.781857400059086,-0.0568144234852948,2.32842661615318,-0.37791487948841,-0.201254477944034,0.59262609555239,-0.921009704729034,-0.584884265333533,3.71766773423972
0.75981863179688,-1.00343621399538,-5.33641855620894,-1.64607298157146,1.34291701410846,2.52481942267235,-0.315902219253371,0.0238254565089261,0.603817572012951,0.30773577034747,-0.305383253201513,3.72114274023733
-0.203802759601708,2.54539093478407,-1.21931072742319,-0.0705941566386045,-0.847419869313589,1.67295299216022,-0.248989353383283,0.353838255494908,2.27374791928402,-0.101533216763908,0.0441958417411321,-1.53218193624382
3.42498132296857,3.60123129045462,-5.14586904929437,0.388285874970006,-0.271454977640453,-0.311962785809784,-0.42537099807703,0.338340862284115,0.584893970289269,-0.175118305347547,-0.0559895479796033,1.87939113180198
-0.526137803634037,-1.84394618509277,-4.59333863409721,-0.7328194816051,-1.20587910328841,1.54805784476862,0.482188146995594,0.259284334345128,2.75148119214216,0.0748415256293143,0.34354150325998,0.295539480068625
-0.59813398797424,0.317164920726064,-6.94437785451837,-0.0947176737651308,-0.254196808570614,3.45878590460477,-0.36698491327246,-1.88994511839305,3.1440899866862,0.0466681080598209,0.0203477662803333,1.31315721724924
-0.374601678965582,1.39245137266457,-4.77879678583541,0.14481172667373,-0.0312835148912137,2.36352296813347,0.205019159769738,-0.194093849739744,-0.239522804983525,0.100094302415972,-0.255925659333474,3.71775969826132
-0.43216725221101,-0.907673169575463,6.26209928147098,0.084278659374055,-0.155661824238789,-0.796091479886723,-0.445150285763504,0.197106561635401,-2.55756057110938,0.0737977717940571,0.0324930557295961,-2.56171469729274
1.62102100051914,0.959723378291826,-4.34859347683726,-0.32530578058581,0.0987320497706962,-0.358936293786296,-0.0425355763960299,-0.0752710488412379,2.97434486819747,-1.38742152527653,0.0522895543516393,2.04784419824961
0.964094863728659,5.94045918110856,-5.19392990931953,0.148810797008017,-0.321810090937091,-1.74184085795126,-0.101174137103545,0.188646478212652,3.24965296904745,-1.18927026356087,-1.79420713462786,1.40282520246845
1.08272646509906,-0.142390181064126,7.0614728844322,-0.529125709890678,0.0601698940445297,-1.9013473919575,-0.0831706816027606,0.160481390318412,-3.14243547235851,-0.279814103374355,0.54219027445822,1.32318255724264
1.80805735987951,1.21337086599057,-3.55326524009623,-0.565628532479215,0.262261675693546,2.38972422911637,0.325308255807073,0.0822484638008917,3.19366980808288,0.00241330710191712,-0.0906447893104759,-1.63233381464004
-0.0580705305234878,-0.522347062691033,4.64883381361396,0.59727490089759,0.207799217771812,-1.23856561363155,-0.446995731552495,-0.257254012938616,-0.647727872095196,0.713114797660135,1.93503058813746,-2.77293422587471
-0.0434577245394614,-3.67195995885295,4.14563088293185,0.207701448748675,-0.283756304174878,-1.51463058416174,-0.239399143209139,0.148615147629825,-0.417256095499109,0.614180642984882,0.69682751480517,-3.86858924147527
0.277200558384944,1.3226145637658,5.30678669608597,0.668650035385512,0.119872537413112,-2.84004166845279,0.348870338211006,-0.180439774442957,-1.88537316990033,-0.233695342516341,0.152422903556924,-2.30843992378564
-0.200832198676588,0.189054297874853,6.39898886197412,0.337469642392612,-0.157833492653169,-1.51149395856652,0.225486344913839,-0.0252157376379731,-2.99530563880718,-0.120111274393324,0.0342043367227328,-2.30847015484897
-1.84331184798124,4.29385464375657,-5.11813569365157,-0.0707246424265571,-0.0884958265940021,0.258674471157009,0.479645173578633,0.652116706390222,1.68457334532782,0.130930524942859,-0.268705458081233,2.46101298680482
-1.5218163934967,1.20533668290056,-1.61711479233958,0.180782535202566,0.238694578145362,-1.01672036246212,0.719820171775599,0.534439342818239,1.70514434947481,-1.10711833439725,-1.05704120983681,0.51585037339044
0.832294949908212,-0.472535730430645,5.56657228734914,0.156665241600724,0.455803509448923,-1.88103864855607,0.370039406600817,-0.389404366970802,-1.00886155295877,0.0822918736397489,-0.0790440611416976,-3.1122802813537
-4.43540900332039,0.652516575902319,6.35800374841117,0.0560120160694417,-0.133025300457756,-2.58682830213574,0.177819124407708,-0.221999826446306,-1.74281768670273,0.15435439964397,0.363499317619809,-0.870002755686943
1.18304408388785,-0.308442172226993,-5.86034104850763,-0.046070680298968,-0.361525904300625,2.15670025184377,-0.164493053017914,-1.75024675953605,0.783354194017988,-0.629793534587691,0.0885360277986811,0.877534689211144
-1.90959852385814,4.42652731300245,-4.04161086206439,0.0862661549606652,0.493678181736629,2.39573581286716,-0.507594352726787,-0.37664877366525,0.240557167160226,0.620208722714953,-0.238769631629446,2.45211950371462
-4.81243899520964,1.07721984336403,-0.477099454143183,0.205379887143988,-0.0170077024084803,-0.414355410442674,0.599058483308605,-0.45891480620993,0.128504289989479,1.38382032381238,-0.328690057962834,2.66216229103008
-0.313652094828565,-1.83342195727067,2.34030854102861,0.0158448027512579,0.230509767529652,-2.01821199758399,-0.470885535851159,0.225616755002212,1.58235815867462,0.141521699538705,0.177979778808579,-0.674525852971198
-3.38670347820614,-1.33215627359981,-6.77782828782481,-0.60172325116632,0.136817820573529,1.71402547757707,0.199308995256479,-1.70133652992168,1.28534908159307,0.0122476594148977,0.0641572958056618,3.00241685830111
0.296396426656135,-2.60152131781838,4.53747414623348,-0.271356204837333,0.932655761916828,0.0561826005466894,1.67348342363229,0.561088486431674,-2.78839366620108,-0.0315026477240153,-0.925870110396451,-3.21103557187416
0.712216264841397,0.322466584490406,5.13623324931148,-0.4857752981355,-0.0893633370555926,-3.31687530498356,0.0237837032848019,0.00217056634761661,-0.071580431269008,0.540297191484699,0.334402702402151,-2.52040585641689
-1.0172784553262,-2.24449509117358,1.445703916117,0.411402249313443,0.0680328841617196,0.4845568865374,-0.731733126248344,0.711402333784469,-1.60197234059324,0.0785191832421678,-0.783893315531257,-3.00421573551618
0.56143404669689,4.86605076133723,-5.7065715179031,0.580295273789291,-1.63279687137022,1.02784868951938,0.152482397064867,0.142595952048281,-1.16613941665876,-0.0621392179277522,-0.850064267584523,2.54427863193278
-2.12934062907868,-3.29641265241363,-4.71976568243501,0.732694350313502,-0.0372557121047541,1.34346977529762,-0.280097308807538,0.563814210311928,3.34976478507956,0.011436481574508,-0.0306779254870992,1.29713546285507
1.59671546807306,-2.51530186020135,2.08066156069195,0.096826312864032,0.607890282376641,-0.450608594106467,-1.20687203323279,1.43702290448239,-2.91385213146793,0.102641731071497,0.698406326907513,1.90859535335352
0.34157861053099,-1.30449570693463,6.6503425032345,-0.821020562396361,1.07840887313053,-1.50576446095626,-0.0603161409580575,0.735379369035479,-0.967009306239306,0.354090097743513,-0.0800576183392864,-3.31949637817183
-0.865941054958989,2.84348464881095,-6.41183263792403,-0.23068193607122,-0.218101890570493,3.22917256338052,0.362067957836806,0.255993365563177,0.162316757697207,0.342577165835307,-0.561280148789875,2.36090511742675
2.5548115787258,-3.0412566826313,-2.45475702659019,0.847146490287984,0.699255441935679,2.09354504742591,0.402555024332172,0.231438951877731,0.366392387968195,-0.352905698142414,-0.0696658928553235,2.6978825370042
3.99965366240435,-1.37724679874954,7.56195490246725,-0.939916762970099,-0.184836075512627,-1.41858748748685,-0.694827455185988,0.332381865226099,-3.21656577633118,-2.16328021386175,0.419523395119978,-1.43318003089264
0.0939812661756215,1.52503816036635,4.5446215276737,-0.047083555084194,-0.385609566962052,0.297552929526866,0.20753000323422,0.36553931218347,-2.81660500620844,-0.280329227203762,-0.657318486911397,-2.22411362727121
1.8789908168352,-1.65017166699197,1.29700482205679,-0.518814158710437,1.42615835699383,2.47757380050097,0.207510886077851,0.473544826093762,1.01780469362024,-0.620090693234881,0.184052685973929,0.381451893005626
0.985083293768849,-2.12739368802616,4.79897488524,0.0973980729135615,0.431126710800766,0.998506667717103,-0.768640281662214,1.16824887843094,-2.78769792701974,-0.0376198178920685,0.0605833955446433,-2.22491449206159
1.82328953339874,-0.164775742644816,-1.40624748402089,0.404604189608495,-0.377218381872168,1.41057371110671,-0.0825317916272556,0.0105192863313221,2.09058580143021,0.00542867060220227,0.713584688009212,-1.35311301441026
-1.03256376205561,-0.406011891016002,-6.42815359611614,0.111657885407743,0.10890436248649,2.13724682905783,-0.561986677470324,-0.123949694735297,2.02637496959733,0.312862585451306,-0.163449154900542,0.247186383156672
2.73856735920372,0.777896137190214,2.37648724771293,-0.0653453215402158,-0.236006429906633,-2.06442674030425,0.0130966174075878,0.121532370281709,1.07062126550908,-0.640232650531992,-0.0735599564478047,-2.02346089793144
1.23788110195401,0.903969215749271,1.3545632624482,-0.30714453110807,0.0428279401478798,-1.47634208056917,-0.172610954976373,-0.211324027327715,-2.56301834421699,-0.0584010937005564,0.0520944776309664,1.25685890267853
-0.0806472717392748,0.980302888922646,-4.07663331769892,0.596322679917552,0.0489650961273174,-1.01307117861682,-0.115703778325061,0.57400277882045,2.01528867695236,0.173905576073612,-0.0651847235648609,2.29391339564697
-3.03610214733403,0.259659029960816,-1.01466405732929,0.272447147050146,0.409362271513355,2.65466573115857,0.251458028264513,0.526602828550915,1.89904115226833,0.0759149822866552,-0.199709685917751,-0.502403916425369
0.854351519222873,1.9564871480049,-3.89586833530031,-0.526600340541416,-0.0205635421151836,0.648682367945204,0.00532537400734238,-0.14408066603041,2.79438832678852,0.752329942613517,-0.406030400989648,2.49100886047414
0.288982761884802,0.731171447488269,-8.14830216067686,0.161401221665943,-0.308355880764302,1.9238722221765,0.710534331623835,-0.946566570310337,3.45670339477969,0.0485728294399703,-0.0587454982614728,1.51556169232501
1.23522155380176,3.41265130521674,5.2338335625679,-0.264438535063144,-0.532609926657776,0.641066361538052,-0.380226957081125,-0.202096782970338,-1.43131233185944,-0.0290599609668969,0.167427157158007,-3.15696080386325
1.15862813501987,-0.538019143771263,5.07215645955716,-0.145824057954922,-0.0815643630042474,-0.0919320265528996,-0.0858476408273179,-0.927289828192521,-1.7847045155142,-2.015335247926,0.864468122098399,-1.58605034140663
-1.20763904909648,1.87442653914421,5.26551536940639,-0.0612641153724461,0.142503259048335,-3.06497282091038,0.26783878740067,-0.496053862217624,0.3078233841353,0.14823358096087,-0.0803581278678902,-2.29172266891306
2.681498512033,2.50440367840348,1.26228484085951,0.0169212833991131,-0.101062371355613,0.610631442176448,-0.0655059891716396,0.214925481090577,-1.45160743057567,-0.992826600799344,-0.825732016056378,-2.56044484190449
0.157496392620878,-0.548233067085909,-4.66253748648317,-0.287930080363577,0.142932688617882,1.94005189649665,0.438188400266963,0.45463771899674,3.8861371656199,-0.181556593182221,-0.0589981445732503,-0.287614238685656
2.0347401853038,-0.34808449933841,7.73405568771617,0.030177016172453,-0.185562936656361,-2.47936038071033,-0.109634600138124,-0.352662400671973,-1.11977104280863,-0.62234705747937,0.310750613243617,-4.45495672433301
2.10139407365035,0.261487104551442,6.19540284426795,0.0176510739948166,0.0229340637533332,-2.83972546128278,0.0733218152870032,0.125631009372528,-0.453972499407524,-0.277656934780941,-1.48540603068159,-1.1411470957196
0.24432732851049,-1.09339390977171,5.39659141858144,0.0399079363348345,0.00200576474209529,-2.9024516644106,0.0165623572434926,0.122276780508106,-0.496945936079252,0.283702311389572,0.128213919236487,-2.30555705839112
-1.16365365837434,-1.91432804649903,3.89420188008773,-0.876223229242171,0.471462648354525,-2.02702672470281,0.253078236063631,0.0354107109162748,-0.242683003896498,1.07691028758122,1.37065505509811,-2.12727300791284
0.478611123225212,2.28659312693326,-2.76189330430197,0.512761884065764,-0.192352780743165,-0.938467793897833,0.0215815503586328,0.505656068120418,1.54774711992867,-0.115791087203461,-0.398352458388299,2.28891348701973
0.334755547360704,2.20182369996191,2.61243425736788,-0.485868469545333,0.162937704962807,-3.24684472101295,0.214706208823283,-0.162583816278632,1.39075130145579,0.250726945786292,-1.11646979249781,-1.79811071187289
0.687210680372162,2.36682411936719,-4.5627360864498,-0.0901968501832199,-0.0952031879041596,-2.346879952989,-0.614177940154307,0.133397015229732,2.30298456028555,0.85971253181346,0.0293319263280194,3.21509417072494
-0.587952175003694,-0.778897190842083,-4.53649597301191,-0.177283503751913,-0.203619052048924,1.92363616727771,0.171167006494625,0.191463858123769,2.03792944114091,0.25555399893531,0.37699539576329,-1.30282759089522
0.219896989310868,-0.709652658177255,12.0295010646994,-0.261000309807252,-0.517343264833549,-3.06685063613525,0.118398272856452,-0.0118204478731847,-2.17284067465189,-0.98046958561473,2.11593347785216,-2.5123323061553
0.843733701355047,0.847669084610605,6.54625698064066,0.497619363233049,-0.20405658401202,-2.92066280056899,-0.0614848700021175,0.185901279041907,-3.276773911659,-0.536216935963469,0.152256177446674,0.355399801995757
1.09663543859459,-0.474751949386583,2.04822974646695,-0.126438474268272,0.12035129217248,0.800551137776893,-0.299543842214163,-0.494598477814644,-4.21652805288476,0.293747665364086,-0.345278568064942,-0.4676282726251
-0.636799086939857,0.631929250418909,3.36640092030204,-0.417929914551195,-0.65942598569207,0.119413095129629,0.146549643902034,-0.921783485950544,-2.43528895436361,-0.692876143893987,2.06500972951704,-3.83485934946901
1.86119834673086,-1.28280049261045,-4.32102746705203,-0.540649658718516,-0.229260738605851,2.42799157277251,0.606365996250013,-0.0754861994420652,-0.649599055538058,0.0550950336483293,-0.0334756831190556,3.39106080281005
1.89553346057918,0.394435701917958,7.07321030600029,-0.144827232528917,-0.296819616297531,-0.945790143208322,0.32141425543214,-0.292421764329818,-2.62129477807641,-1.43481308832998,1.43136669510431,-3.18193868160407
2.70829936230402,-1.89579638430561,5.5846531710349,-0.0919749099744974,0.0633634898352301,-3.04394274845309,-0.376366859460051,0.0718575028012032,-0.0812633408085076,-2.19218466162943,0.614754970102843,-0.776603544816401
-0.095580804529788,0.276637958456384,-3.58577593205261,-0.238845650984702,0.618667162586919,2.6306036648649,-0.168644300425107,-0.111586258239533,0.636745923259027,0.403850981713192,-0.365205277753713,2.67219990288695
-0.270321211276598,-0.299881104989538,7.79765024481816,0.171668964581054,0.106207649462629,-2.49134566109798,0.10002380734413,-0.170934242549168,-0.41213688208348,0.641847804125708,-1.60748064286995,-3.82145969501994
4.31718326097906,-0.891672983080978,3.86260472105905,-0.158989328561655,0.822725971011787,-1.94230033228797,0.109417013360257,0.293998563330754,2.57752780515121,-0.373212936476601,0.232560299893949,-3.97840512880428
1.22461511451053,-3.50184029710859,-7.10656323190278,-0.273762347210424,0.185425104232449,0.4217582895113,-0.359661111018874,1.28981565475996,3.69771495694737,-0.0317748049609923,1.24475002994791,1.64418561526278
-0.439475312742543,0.28349437346381,5.51869048033692,0.744861993392227,0.101474104088605,-2.58192950935119,-0.666894432156248,0.465433754244212,1.18063121550229,-0.678803698874531,-1.63605669972326,-1.69190123224311
1.29714559326341,-1.35493640278598,4.96510477853076,-0.735290573499915,-0.264593488435032,-1.54919353947872,0.204366501573805,-0.404053520991939,-1.497269846787,0.14995078779984,-0.151569031378683,-2.97531655700929
1.81169502690514,-2.84857777992438,-2.96255649593176,0.367346932364074,-0.187607354828423,2.64285285132351,-0.647065629287167,0.0346571826350286,2.67197099169607,1.57909901109726,1.16977968739407,-0.39959956587723
-2.06622829324736,-0.348436534006449,-1.81726433448841,-0.349014221070779,0.262462944489169,2.66997814205398,1.49308137723189,0.334882879036409,1.48024750930834,-0.193447682431861,0.189927679058489,-2.00891976278915
-1.48961103038879,-0.243847966015725,4.68324942371822,0.125541240136988,-0.683890663625927,-2.47144444154342,-0.228118150513921,-0.255367374135654,0.971816706365596,0.159356365709183,0.0152825593902418,-4.01909965043316
-0.329344839066581,2.76839163092718,-6.95298310595719,0.263653002220734,0.592039719870489,2.82240312266541,-0.46902671297801,0.687219466519691,-0.296999354460241,0.491943400843492,-2.5081303247997,3.34163000280293
-1.17591464730713,0.324206323237995,-2.02108103891318,0.776837921394012,-0.545958415573088,-0.055457663339678,0.111756877251006,0.218046924253907,2.58791703644858,-0.47536468088066,0.126122582852152,0.549298513450763
1.092111508954,-3.3075108821684,-0.669561888482532,-0.0663024644504601,0.404741084242272,-0.7746353736972,-1.0554563266312,0.581538277605141,1.37618595818852,-0.281604042381612,0.791567574394334,0.296813002452812
1.51548643198237,1.58834752520857,6.60330388154379,0.260775577969125,-0.150156822318151,-2.28995896027114,-0.276851649207799,0.0561651673360053,-0.557953637551589,0.655659438495668,0.0344604952441759,-3.91882994084749
-1.36225878497816,-1.65392082755167,2.26811347226034,0.197546805792124,-0.129323422116693,-0.302092069705332,0.645495164585654,1.43614964269975,0.161227634686599,0.154419955528816,0.596589360396897,-2.84463556883692
-0.099372187067148,-0.0962797816901151,-5.7754434404013,0.12360509368361,0.722720513073091,-0.0282482093063385,-0.470159873685686,-0.400614679564097,1.79539184391797,0.94117498422959,-0.137418736169609,2.1157559793718
-1.27887214380336,2.34490836463918,-3.02272882658338,-0.175856064100078,-0.719059762076216,1.88389172160841,0.078749298521883,0.0511201259049842,-0.376906199679152,0.0214450684824881,0.139884071721633,2.18222193999226
-4.57486088112806,-0.0980383294628825,-5.92709097544402,0.224169007467127,-0.339608239310712,2.66030340495723,0.13245148154916,0.173202975634967,0.269571728682975,-0.00391945755830371,0.180116968850003,2.53809324639617
-0.630722124602823,-1.71057129777685,9.85549663309454,-1.42766782739003,0.219032120849284,-3.01399057136794,-0.0795090507805186,-0.00590998417194789,-1.950111742032,0.307262951040286,-0.0762712601339712,-2.66120398238767
1.77641427734348,-0.248622804497321,3.42409349064666,0.00390654300393811,0.00225559447933327,0.595841726456098,-0.205878365698606,-0.331753081687583,-2.14439714535661,-0.120946167592,0.166996513381565,-1.22193633361815
-4.47159139094159,-2.30386592362789,-5.8277513860548,-0.363081703562276,1.45968709020783,1.80371419170778,0.138729707807756,0.384646325694209,2.86615907521179,0.129700302550789,-0.0617884091162752,0.386984936590585
3.21965451305344,0.296854047442479,-4.28150386585567,-0.724039502804279,0.17367794540094,2.5350370782936,-0.594537512916385,-0.366932718173127,0.0860093127428292,0.0477856388757684,0.357044518598721,1.9711099624676
-2.1205158114218,-1.07968913653013,-3.0324690595296,0.472076044670675,-0.37288984245079,1.21852407412148,1.71280791310034,0.59833836529988,0.171193947621042,-0.659590603244329,-0.0590862294990647,1.26974002331659
3.19032232906326,1.48338969911805,-5.62677272045208,-1.38702044608683,-0.60609948134636,2.01295721553506,0.0800675161950274,0.853013722013594,3.56061406930462,-0.0504563261932181,-0.686797867831465,-0.975919615883911
-0.992409061217184,1.72062852391621,-3.09172700781982,-0.291333091921416,0.322449714527474,1.94844133367676,0.0479088055391186,-0.0556708227466074,-0.506017753681997,0.285820984338266,-0.461860945033549,1.90436375678418
0.473464695764099,0.0991731809565235,4.41430453411222,-0.603121448598369,0.587792097124473,-3.35850283895636,-0.0265447628355696,0.169805511194263,-0.582917511311146,0.155044109673797,0.271337344318761,-2.6081973357685
-0.761975489416593,-0.851701727576015,4.61266033775822,0.540840228916895,0.344316117158096,-2.78256689933792,0.146417616766002,0.0569562849560942,1.43161973079236,-0.718511506504502,0.480547240508969,-1.50090062608028
0.639980627433351,1.10239321953214,-5.24031855576687,0.724795423068239,0.109722133407748,2.01502968497553,-0.552162404942712,-0.416055536338897,1.96038801986258,0.496040949616344,-0.156072347823639,-0.0427269437198803
1.11653679326273,0.898477035545876,-5.2193272820295,-0.407538554280161,-1.03615550723071,0.743039497860429,-0.0261120416800776,0.0151184881583148,2.32134782273978,-0.0480187366386597,0.0690824475135183,0.432321347781905
-1.92617471792907,0.194422870332054,3.37226252936944,0.56917521100914,-0.106368442862224,-1.56546381306133,0.0624122201126213,0.117768625631839,-1.0247159569541,0.518450215947819,0.105336620277854,-1.12249453592327
-1.02318018356509,1.23101206112896,6.92167185244805,0.139267006390963,0.725380539971172,-2.46312240160718,-0.664825586043015,-0.20356821077784,-1.48023153564826,-0.274482330604003,-0.49636452111987,-3.22079538497662
1.89351947495516,-0.582101263798578,0.896563956376959,-0.00105679485710069,-0.196140220864111,-0.180819151343718,-0.154019076884022,0.643507078649603,1.34368107795088,0.486004196098644,-0.393265872549819,-0.673085732272142
1.3268767112492,0.762117742325677,-5.83152932265075,-0.769049443426601,-0.496859642187758,2.8775572182423,0.127106763115406,-0.607065306628385,-0.134281029810143,0.520444552087627,0.239565194494064,2.70351288044916
-2.63601694301817,1.94738849120656,-2.818595686531,-0.424442903736355,-0.348330459048356,0.115200707694684,0.291844520147589,-0.0363462401702802,1.97447906019826,0.913473468342511,-0.439619912259141,1.23067079042188
2.25383810713766,2.48405912824951,4.34728404897359,-0.640372322266427,-0.656943269463407,-3.67788361695205,-0.113433861253233,-0.070167263318804,-0.204008377092403,-1.55362021204111,-0.273476737260096,-0.716843870606314
-1.55598722706889,-2.48486148557859,-6.15339340474812,-0.209502130780054,-0.323589783120584,0.156185402067538,0.349231451678724,-0.336063401062613,1.01088424889831,0.815755100655998,0.605338526028527,4.46008656660756
5.51579436365498,-6.58732499716289,7.66626035431712,0.156251074834133,-0.436790150959351,0.290724777869391,0.581283778496624,1.21535871030081,-3.27430584171562,-0.0177445233865812,1.74529212371602,-0.781522292193115
-2.27601546527538,-1.75203860425497,1.49691151994141,-0.421902450225896,-0.336034623262429,-1.31385019339781,-0.135528045327042,0.394556446601618,-0.211400531608666,0.938709351391526,0.0326264790695876,-2.16638385966295
-0.57909454008333,-0.960392068620562,-4.89801064253602,0.200844983670826,0.00283007831192131,-1.61676007426117,0.653065821351279,-0.584550948051332,2.63894875442387,0.218199765117874,0.110937422195183,2.76827435004288
-2.40243274544505,0.104242094129245,-0.42261222489087,-0.0143988709664658,-0.208733544646546,1.22707476930464,0.854123850364515,0.370628339143923,0.397612638044966,0.102840374093247,0.0849929869503494,-2.07644393726511
-1.60212589282856,0.357693428436717,2.62678893327661,-0.0956694211752704,-0.194006725176378,-1.75275387521268,-0.37865900149404,0.140097111057195,-1.10244103027095,-0.0569543810127024,-0.0405074071518586,0.51169801717064
0.17981963901606,2.96653738330138,5.5896302455894,-0.110498561713442,0.0916196975453908,-2.22545706426775,-0.0828452778325311,0.447993457006627,-2.77320968009979,-0.151920696388318,-0.119337340148959,0.293566298975348
2.00477441769029,3.02843489658077,4.49364504306217,-0.638762011468021,0.0787788861449514,-1.80870181492636,-0.10935697885241,0.543569838891759,-1.62655687069621,-1.00776050252886,-0.828770216518329,-1.36818196483095
3.90393848205066,3.91166038217125,-2.65070776179633,0.579710856750216,0.0574893905260914,0.76489756019899,-0.28615629258905,-0.148699808738978,2.79147803230091,-1.99190612309812,-0.780773973243551,1.40963869092802
-1.85298944237699,-1.51681024412143,-3.10359879340218,0.188429952473772,0.0166344150171148,3.10712293366752,0.0146744580947548,-0.0910413361224983,0.249967989079902,-0.619985257910355,0.50146629498216,1.97428950106449
0.542798363656458,2.78387504516036,-7.13910537293568,-0.689721729970819,-0.0662859044959276,2.03103229233369,-0.360481139442144,1.39453949114135,-0.148096839713713,-0.0341538934842447,0.27138811490785,1.16269923895066
0.727095172340827,-0.989176009213638,3.13477465337998,-0.00435476112200755,-0.28093879083536,-2.16018138561783,0.904261924000002,-0.0530877651715927,0.531887769252891,0.0122471202539248,0.434410819246633,-0.579180352500927
-4.9272998147607,1.59559243008216,3.06311531684058,0.279050238084272,-1.22249641784415,-2.04656137136744,-0.159486597028084,-0.229331652742451,-0.400985026423722,0.372600717592356,0.697814054711808,-2.42279526692364
-2.20855018551135,-0.146367840311522,6.38064574989053,0.415275295265098,0.335401911658038,-1.51048307177313,-0.0330411812014039,-0.0323967204057226,-0.475984425125435,2.26941483999035,-0.285446384715224,-2.63539272164303
-1.51061363064824,-4.55554828353872,-6.49268765304495,0.49799214019096,0.508722643592426,2.1772492494167,-0.0332354914602102,0.232510807854853,2.89879985286269,-0.0260233620096258,0.177382395049065,-0.432021527445939
0.405113806973057,1.75149060024971,-5.77033857713973,0.0311343267369669,-0.116216419015666,2.07491852193391,0.038426335096301,0.122553401500584,2.79861040729144,-0.167333867057925,-0.397726060256926,2.90470240365353
0.30937538724222,0.259718572087698,5.0935740295053,0.340638767651134,0.185999888876014,-0.364146825585401,0.0577207648850749,-0.540596033655074,-1.88751966043344,-0.508413348405179,0.073353613323139,-2.1424908910038
-0.443875836135756,2.32303699167704,-2.72788152038173,-0.0172706375235527,-0.77867855479571,3.1586625377813,0.650811927757273,-0.556824705048764,2.73827456997347,-0.708393115499538,0.0337428613497963,-2.23361690226164
0.791737731418736,-1.51842791217159,-6.63189472934479,-0.0945305419843603,0.186644379195172,2.92402928310752,0.06918529483869,1.02966185535955,2.88014463725834,0.438476749944537,0.504378373490381,1.6665395685798
-1.37870026627093,-2.21904046977889,-3.16766709248499,0.0105182987583234,-0.0352488044215281,-0.485704017877237,1.16897089920945,0.587178690707197,1.53316742034289,0.20739668619289,0.288237959187338,2.85503838148662
0.386361014285342,-1.3484205877863,1.50080785174152,-0.166331007296788,-0.404246450667935,-2.38193946866963,0.376718267432,0.258594689055639,-1.6005905048575,-0.0401142080332718,-0.232503077964199,-0.776298915577227
-0.0778600435786028,-0.570644168488516,3.06350420298629,0.673038597819683,1.08599375594566,-0.832809729271935,-0.445213641625523,0.16378514750133,1.00027432023477,-0.611135968609709,-0.329762382777145,-1.53898978850124
1.31308320187037,-2.01444883880968,-5.37906673397682,-0.914857008905895,0.0455972348985924,1.86096797934981,0.344505682206134,0.508206844356258,0.493432905825254,-0.0278319605726021,0.0283713040486098,2.32319563372938
1.54598522236663,1.39580633913116,-1.48210959699706,-0.164720603606131,0.0339598604998977,1.50539332372115,-0.359867712440576,-0.376528098783357,-0.485562324210767,0.406412207830133,-0.279449223800264,-1.00202552403037
2.02056017382667,0.734198559543805,-8.90254648242647,0.2348157497039,-0.242234501846514,-0.250026035654032,0.553015333682503,0.537920549317834,2.35007476569954,1.06826519979514,-2.17846270819157,2.94450775294868
-0.766739720275053,-2.23481884949819,3.10611556646417,-0.0596033173403073,1.99174658046447,-3.08879022699714,0.38274594364518,0.230598203786819,-0.210220238601224,0.722084890146807,0.0717227708479257,-0.862023167683066
-1.11667855058928,0.067735063562257,-3.65502352096181,0.829440735542967,-0.0748156041551962,1.51137640582979,0.802405382248892,-0.276971283327332,2.43328028323133,-0.106522536365283,0.200208164956029,1.5414287217253
0.277331971197367,-1.8789693697701,3.08838133918555,-0.51746196413579,-0.248998589729036,-1.42840731492721,0.162933989365399,0.459913358032142,1.86941051213699,0.993107012014906,-0.259794403692527,-2.55301239530592
-0.0299117903522903,1.9443511408819,-3.39827645919544,0.144152716118392,0.0195660630294318,2.73069094262829,-0.215959891480976,-0.263446067275089,-0.948011072128832,0.684615621277714,-0.337465320810734,1.68204342355224
-0.52615487233472,2.02325806709741,-5.32831482873471,-0.185931866961643,0.669158600962986,0.516937070986611,-0.308078552127151,0.0937745827085897,2.83431865073718,0.132397744820044,-0.323603490620662,1.74627916319347
0.528819798894034,-0.34121670607146,7.5023686791593,-0.0235963540644768,0.126605705335261,-1.3025759488158,-1.23827123907014,0.696211447170505,-3.09185314568729,-0.358854412726223,-0.913942272875386,-2.38623856717024
-2.07569327147006,-0.8502491004556,4.90089605039817,-0.109792712649758,-0.0877521870495624,-1.76106853776361,-0.0663260460004647,0.0307784556028478,0.786303258160306,0.277959662104225,0.00386950126826872,-3.25452065582167
0.835989273066379,-3.65948113612568,7.3623447692253,0.218505726755834,0.408927784262146,-2.53295909998438,0.74108728962756,0.909841894246985,-2.27898064008535,0.00312078067213093,0.193307116075529,-1.81208549173378
0.817964432255575,-0.231956910633138,-8.044078126401,0.852372294906407,0.522040560812154,2.65248947144402,0.056808590614687,-0.0198561970273078,0.0627539904631559,-0.103160555418567,-0.0717380016311678,3.63612392933022
0.538150578651086,1.34327479068995,-3.67116118042991,-0.162722994325241,0.339766442866247,-1.90666877378152,0.19935125824564,0.798363196696248,1.67630487138648,-0.490492812871291,0.363593082911038,3.34184491445327
0.681737629581843,-1.52332733926087,-4.00039026634366,-0.313497849296965,0.464555888127636,1.72868010891383,0.77413391555304,-0.486028549912693,3.39477457818264,-0.394787744873346,0.268268079440371,-1.1321109750069
-3.23574395110899,-1.32500994377875,0.657064210603115,0.158364679358282,0.00821588732641602,2.47519814568775,0.11418990161352,0.104672529139621,-2.20753667055415,0.759668791559098,-0.178607632321871,-2.55304009095627
0.705027428812991,0.518197034350039,3.61401230345552,0.11644507505909,0.340381560139898,0.766689530413096,0.622561483485899,-0.21956729595309,-2.12283910315657,-0.235242220193174,-0.560892802986618,-2.81720350981737
1.70679036779729,-2.11988835311344,-5.89212887716305,0.509078947651724,0.552878294764986,1.40641325524808,0.379777693253686,0.0612223756809616,2.53530185937633,-0.223180628814365,2.68996432057868,1.79330229468358
1.82852733728329,-0.330589904493942,-1.58865612080756,0.1719338368336,-0.448641856009058,2.06675325275535,-0.81012126122262,0.714348163724484,2.49797809484595,0.191502746288414,0.220457381235141,-0.857364119211985
-3.57770052678521,-1.78174118260464,-5.1340250373673,-0.0772945127881826,-0.111353602428306,0.494275092387738,-0.251827118444301,1.15419554157031,1.99570776248004,1.56491210139466,1.38811676448106,1.60744046170433
-1.19299247836988,0.424553308783013,-3.12033801899679,-0.318704551213097,-0.256372918265835,2.51651433209594,0.000421618997399105,0.221851385794693,-1.12951622726252,0.729467425953274,0.449434999602558,2.25157282798936
1.88627592395681,1.4965348768074,4.11181878500508,-0.690481674751113,0.393031217203523,-2.93674303421772,0.290009206153274,-0.0277879182298606,1.41096948761051,-0.328155752372879,-0.289687456034353,-1.73221860988949
-1.82622617305776,-0.00439129630735091,-7.93424330968555,0.280398701680988,-0.334850510924663,2.27141548455051,-0.11659426120277,0.253884115510931,2.12222607488534,-0.327089968483189,0.441619342731778,0.592829113747235
4.83713944928151,1.84321432444975,-0.975682741482677,-0.378149008375122,-0.264410148503998,0.299539671045034,0.249588521435507,0.0314734603640007,-2.48773224806096,-1.55165696606136,-0.687308180296373,-1.78541441169827
-0.519674828495117,-0.803338221209274,-3.10727547467666,-0.052387185616936,0.12220790545384,-0.970784039174177,-0.302942833061067,-0.114647825471279,1.95872825928317,0.288242240453299,1.27220176589815,2.46872295346169
0.943239671436692,-2.56314274764358,-5.32849186597478,0.0460438788305097,0.165999400009634,2.46754800928382,0.0496558222493451,0.0442831875873951,-1.37645693150337,-0.67685708667473,1.49898932873584,4.09495822839521
0.56924146594041,2.09618787573188,7.41712209005223,0.175898528501612,0.038195329522307,-2.47118247694039,-0.341757017580374,1.43821620448958,-0.554212427620245,0.199311971130715,0.609772003233073,-1.6661436691994
1.18674710661511,-3.83014700529474,-4.87662951232097,-0.712443096002426,1.06964780488554,2.3513487915532,0.493046786393017,0.660347485365107,-0.977967612952392,-0.29226469763369,0.0578825194150847,3.05437697957681
0.86898965848868,1.08063510181009,-7.39714851131261,-0.0391819827269527,-0.032828685778002,2.54475126301261,-0.0317619819160868,-0.423081220127452,-0.883503723081368,-0.340906692393703,0.311699854440686,3.58619965289755
-1.68385879206988,-1.3855000682658,3.79217582197355,-0.18599175865637,0.304283098603067,-1.11630611879468,1.11129190884936,-0.206270996210498,-2.13236811121357,0.30614966414601,0.33670186756366,-0.325281322365703
0.832363719191521,1.47310036850452,-3.60469893532792,-0.118264159204385,-0.195126748844815,-0.192256822493284,0.141007091385134,0.0901357592710111,3.2061453730151,-0.75891735476404,-0.408540892509039,0.955482022250176
-2.21075220783889,1.41985231099856,4.061010711855,-0.320570503760061,-0.293293554925605,-1.58133128497204,0.088891814469596,0.304873808494105,-0.156792449916713,0.347238934042189,0.305216995425601,-2.02421430754493
0.513231407188929,0.469504189452239,3.09054910551369,-0.07527683675439,0.00268946071064681,-0.155748027874606,0.153940989591035,-0.145611873728733,-1.25987320020918,-0.135963522318554,0.367205321646319,-2.73433214945534
0.867304366791211,-0.278290670893819,-5.25358763797758,-0.375388103804212,-0.340175656422976,-1.30741891014248,-0.805178677917713,0.700725935975895,3.96534703507736,0.00963176985304958,0.0702790763779044,2.96981839832328
2.04586904945826,-0.294289674220079,-2.31523140827475,-0.610044246136485,0.461345572345312,0.246406224298877,1.20661710290401,-0.334131112952562,2.05191192238187,-0.750781631840009,-0.497612776331216,1.92083476799901
-2.11892877976697,-1.2241791523581,2.71336469553033,-0.000289274402461133,-0.0215565665807323,0.471276576586688,0.639969319890168,-0.43790301277166,-2.67318705798855,0.321895462032749,1.36396801809352,-2.75610999786371
0.0707806174244308,0.401256345776823,2.99105767566121,0.615908448764096,-0.864464713911549,-0.0139608455958696,-0.0410806464964693,0.099418141504486,-2.73485572205622,2.21846660259335,-0.121802682957812,-1.11535411373782
0.248853099706187,-1.04588240477513,3.62803601288872,-0.318638840373111,0.0491701015877386,-1.69343282690937,0.0920586231844904,-0.0949233038119773,0.0109465324598016,-0.193724794427806,-0.0354217496694611,-2.16987777539378
-2.15509296650316,-0.0799712150515157,2.76785619845792,0.13931480078826,0.144709021083544,0.494749043315998,-0.219642678563713,-0.0399082416087382,-1.39239533508792,0.866484733065598,0.261807706908443,-0.834286054435891
-0.962638503504198,0.563798130513722,4.74207336935428,0.0616955727390267,0.140277850580437,1.46868854069016,0.862573607959108,0.0203967654014921,-2.92350557398659,-0.271964726334677,0.331015497045421,-2.43463934895031
1.01106033505323,-1.15679496866698,-7.8789030675125,0.031065700470932,0.840541400871993,1.94034424782481,-0.0494895588147372,0.121522223318107,2.94631145461336,-0.585236379010684,0.113538297106933,3.23151444584266
3.97042296049186,2.12554529684918,-1.70480283077457,0.2385887400506,0.0453640346638932,-1.51123885689493,-0.0897182307550038,-0.0440527780325653,1.77968086198636,0.0136938154534924,0.220034578252113,0.714116561306934
0.0602783269226915,-4.62450736929756,-5.18528744359755,0.292830644620151,0.181663626660597,1.10236267545852,-0.100886898820423,0.189531271313536,0.188807091236319,-0.152137060197352,2.2144395469838,2.39290379390336
5.61689935912207,2.66235683793483,3.34130509671583,-1.58617317124394,0.0613788469982807,1.76384042590937,-0.462393153435496,0.934089911187937,-0.826822914912241,-0.251177021769674,-0.952620916786614,-2.30177695659052
-0.831186426164508,2.77017342915209,0.718707933685328,-0.0491166033609255,-0.000103768066227915,-1.9693637506988,0.047015859916693,-0.228011056196433,0.210007650736659,0.971532960023422,-0.385601036359748,-1.82769109080924
-0.583927322249819,0.131429482453645,-6.87425576145876,0.258066967791982,0.117285223543411,-0.0942352264257724,-0.528077348758238,0.356899045931426,2.95903354584197,0.809830934733507,-0.201027227904092,2.31358854982761
0.578839842093536,0.350090358906337,-6.51159898064623,0.544470814212083,-0.472264374543859,3.88917084760904,-0.0223841694067326,0.0966806866564563,-0.203699837128401,-0.00402724363408957,0.446982454892147,2.17110199294926
0.529224227903463,-0.994958728390753,8.64055356113475,0.12244748402557,-0.0625832368130384,-2.25859199806802,0.675736946701065,-0.114919036098988,-0.902436674670173,0.0847634937958272,-0.00183134394486564,-2.90030746884119
0.753764782596747,4.78536654438926,-7.36527795146552,0.768022246440452,-0.22877307679348,2.65767200154079,-0.0297910483584534,0.108187521713589,2.82224995689348,0.101722763574406,-0.514132121894196,1.55295163803861
-0.945015295629871,-0.57061016758502,4.82301249424885,-0.043371159184592,0.277261528175802,-2.39641416175521,0.177501673708799,-0.171723333636264,-0.338712403802823,0.125469785767182,1.03982748644766,-2.97035273643767
-2.44690858171461,2.0732306968894,-4.99484270085016,-0.482726533896567,-1.4982969661654,4.15025425943303,-0.142608657834533,-0.00305028389427693,-2.12357818256453,-0.203925687098922,-0.155425610171199,2.47328863634947
-1.57675553692683,0.588950645958216,-8.44495006175755,-0.62098075559945,-0.171819451949613,1.96733518529501,-0.201925848502812,-0.281891948567764,2.60993086379015,0.31991170688347,-0.140938638194654,2.020560810665
2.79959707856813,1.40878098536268,-0.376009445396142,-1.28436210671099,-0.0774496937441355,1.56160895796491,-0.0337732027671818,-0.00225320274750146,0.434839985071923,0.431500504610253,-1.03506199189474,2.15905791467363
-0.0786907682400654,0.909563226294571,4.46264547060491,-0.393881654097145,0.246463045214481,-0.211707726586384,0.128764794238005,-0.60859204157634,-2.36977157820585,0.733269370205869,0.581159838142762,-1.59516765657998
-0.234765034301063,-1.22715315996889,3.94410340780863,0.285564382334234,-0.191427136641265,-0.401259477987334,-0.0927324912525519,0.0322041834671456,-3.19211541745303,0.874167464801526,1.52099234192126,-1.59389058563038
0.020678549321646,2.79789958408637,-4.21244031425255,-0.582274115967501,0.00178771782773482,3.07025998923334,0.315651591952996,-0.744015790311246,0.751938226701019,0.0489537078861447,-0.825007378268747,1.64004718338905
1.31229432312621,1.24839938551612,8.69535488672392,0.0453992049537619,0.0359740290290723,0.166128117840395,0.125886148289579,-0.0121633931485627,-2.81970623107971,-0.503311640033401,-1.19876734879771,-3.23450335154888
-1.58861772090751,1.10550281303123,-6.88810979589162,-0.152183251851295,0.0998010415947326,3.88735443237502,-0.329747585406882,0.150773762167425,3.02663940529108,0.0204649849683784,-0.0243093143004216,-1.5410758800692
-0.914987287978999,-0.98176936175592,-6.84029952046259,-0.511350880814412,-0.177482569790117,3.40325439931809,-0.0206448808874492,0.564951577131048,2.3909400512205,-0.238707078392621,-0.765676707261561,2.20753341358138
-1.72397934200294,0.629690244400065,3.5349539286939,-0.0850896057951647,0.0886169950896536,-0.779705055348856,0.0424194103772265,-0.120872521482909,-2.79645386952957,1.23673384815391,0.390002490305001,-1.40844390523934
0.42757340916916,-0.722675267860981,3.4236924193337,-0.0615909717203087,-0.00158582296544565,0.244654900298469,0.226476771097555,-0.0949836167205995,-2.11727732207817,-0.403814921950878,-0.138368034486066,-1.94887369714406
0.700224143155831,3.45390116962892,-3.98528067043883,0.53453566858955,0.154974802735647,3.18409390643423,0.519570163624161,-0.177015990375914,-1.60592607267908,-0.989609711004325,0.490086378892476,4.11611525630522
1.36877184868065,-2.12547466861336,-0.0829711143692542,-0.0435417078390342,0.0712059617520192,-2.47693506245107,-0.506726379607171,0.0458799399445999,1.89474451173803,0.657941525178914,0.523762876006849,1.00528147282655
-2.28524006883134,3.7046415299539,3.66915197387723,0.384691357919803,-0.116734846475004,-2.34826149880895,0.0116764723345896,-0.0836980057399546,-1.22081911863309,1.03819246118673,-1.05444695752082,-1.54745414328444
1.49509897887237,0.0900355596589679,6.95469810329346,-0.0756429113069183,0.046254649693033,-0.748900203907248,0.200781973372896,0.447072726114953,-2.50784136154805,-0.633342359722038,1.34818945855622,-3.49979643836763
-0.309225563947916,-0.360931113213312,1.17903152685757,0.0578734359685665,-0.0932880748354615,-0.465626654545872,0.52508845195992,-0.00746520921845062,-0.120340725463974,-0.653589690286544,0.157100191271564,-0.787224013047851
-1.16375327315774,-3.25892719444208,1.38644850149824,2.09258904362109,1.34580898178763,-1.82969779132399,0.302295866130532,-0.0946718993522133,0.079393207988085,0.245957775822569,0.525052704639703,-0.714164104835579
-1.36293730176637,-0.0632192400085478,5.93113276543145,-0.311460716779738,0.184429999373586,-1.6095509078222,0.812233191755146,-0.344094946787307,0.0941868831914329,0.995288848952023,1.50692325816436,-2.7164832405453
0.604906027354605,0.320363014859757,3.71689406108448,-0.0712664248464588,-0.942838938690456,-2.31946702450308,0.126423943899749,0.0724690228816957,0.858143423785574,-0.282164569160826,0.00524569551630106,-2.84972777725844
1.58522705267857,0.38625004056059,-4.68963896379128,0.127008327588077,0.172578007668552,-0.72350353391469,-0.925534321647336,-0.0939390127943017,2.14900342674826,0.232913192275421,0.0417010233008751,2.79204232880436
-4.07428052905165,-1.42252888646595,5.16043557548313,-0.521628084300872,-0.285040255180548,-2.01022112400043,0.0394179627723167,1.04041617589853,-1.16129479197526,0.856317793076108,0.183245489416146,-1.66606246267552
0.281319959421663,0.348355903444314,-6.83059967150706,-0.211039820486598,-0.21045765990296,1.06243649546649,-0.111207111213291,0.411333880858043,1.78768672227845,0.187118466528343,-0.175661263627291,2.39867965615456
0.129166524081456,1.53409378570775,-0.885434790853449,0.176245683367749,-0.252701500828327,-0.403307775931851,-0.319643891746303,0.0110501371622604,1.35072572492796,-0.56648585915431,-0.107187676091406,-0.73749149400902
0.939300622475034,0.112188433637427,3.51914466906026,0.0712395137717856,-0.202217357177833,-1.29158886158978,-0.371740418941275,-0.0714639154100042,-2.84810235983367,-0.694736185761386,0.180556678685078,-0.436563313720219
0.47367072015733,-0.942258012468641,-1.68748840879036,0.35460575079548,-0.408321822476031,-0.11044567816401,0.0289133480485514,0.209614681517322,1.40047308068461,0.108243419128352,-0.0251201619136486,1.77031547675025
-2.22239150822772,3.06184408170737,-6.76035360399972,-0.303157686645693,0.0422556306313132,1.68005208970724,0.217415075960116,-1.05076156273482,2.9207926876803,0.9355508059876,0.772078697311372,2.56969005472711
1.42801985397255,2.05765972822676,-4.20591298334455,-0.109198791255399,0.0590056855672172,0.186443014777727,-0.696383633626157,-0.387480596321926,1.07063760390752,-0.123349390274415,-0.0118111491866595,2.74621932266571
2.66029588617289,-3.16843671367995,4.43630470231658,-0.822344955323244,0.158909041936898,-2.20294382039089,0.608177259028584,0.133414038352813,-1.01296697849383,-0.548563375583675,0.0153217124010735,-1.68999777388617
2.90667302025729,0.197434103068302,-0.924118909518542,0.0896027001470492,0.0021002137262597,-0.830456643320054,-0.622239751256824,0.225186551767412,2.03380008716082,0.0428513317126032,0.482558318946271,2.89218639636488
1.41755110602588,-0.538653713333155,5.36191032677791,0.591379664320011,0.700640614936939,-2.32050899678865,-0.098140545092486,-0.053176834943075,-0.548918596187186,-2.40972369771858,0.162917113278193,-2.56101535636943
-0.484012698256728,-0.976273382521687,3.32989616753104,-0.244192829151138,-0.205537090252486,1.58725300558409,-0.399655682595099,-0.243566757415311,-2.07327653902125,0.469263650757251,0.367700972238177,-3.42098895105035
2.5847183773758,-2.22564365770115,3.41986208491872,0.0996230148310101,-0.0234638303099958,-2.12733301767403,-0.423863704567076,0.719355546000185,-1.88512621456069,0.221113069107382,-1.67839794661997,-2.70637078359204
1.23597707199207,0.263667371706469,5.16048414527432,0.993483856990948,0.501068378807774,-2.09824356009731,-0.540747632013854,0.629852721732659,-0.895927889862936,-0.0398386298381851,0.210985847401729,-2.22442623630905
3.43977957580887,0.186648989382533,1.73220992651131,-0.163148876551051,0.636718410920253,-2.11338890892807,0.0356782909818682,0.158691570792169,0.947895284614653,-2.17259164157146,-0.269124976166406,-1.03307025582096
-0.289345558375348,0.198322810242513,-8.96361885208654,-0.218675603504423,0.00878131009361991,2.44275738363367,-1.17025018599312,-0.473339770974148,3.95359062678011,0.386601547320749,-0.0975815793609459,0.271067567512077
1.29588636851531,3.23051924859562,-0.155875010461332,-0.927556893249933,-1.05252123733261,-1.73166046733345,-0.114699588111126,0.306455807677106,1.69811213615036,0.160892558892279,-1.9483538897667,-3.57770421865642
2.78609445141975,-0.103123292012129,-0.35687661594789,-0.302624828512113,-0.0805630750271723,-3.54795472313839,-1.10507705811509,-0.393957516200709,-3.2569299238008,0.2989844166368,0.154298956059393,2.45289809232353
-0.0553601481559591,-1.43541462574298,-8.03543804434279,-0.0549631586183062,0.0228463277748983,0.358782847838096,1.06552330787785,-0.67135939582689,4.23312577508779,0.259760177647262,0.302484653011942,2.83933660784221
0.132370087978602,-0.149023562006829,-4.39780020363077,-0.400293453614623,0.285060785483614,2.09958292382672,0.242439377048849,-0.0100872911582979,-0.345512598227179,0.560901816133014,-0.307604617958796,1.87579566361111
0.254380211049758,-0.607073638956524,6.43503150218393,-0.0742370525312317,0.0191496635038234,-1.77955064692484,0.33017062014303,0.357617071951549,-0.145676110746038,-0.830868014060849,0.548030024447234,-4.01145712104002
-0.0147676906055554,0.7609625966918,-2.16117079302452,-0.0498493997031687,0.574364755206514,2.58820221314278,0.938701799334958,-0.180085191662585,-0.367737281563873,1.41879693074715,-0.327162707718212,0.385769293322243
0.995550834427031,2.12981150765557,5.02716590995087,-0.332656892840395,-0.185018101417919,-0.0257982854463001,-0.124550609805381,0.675079708534436,-2.06609602491898,-0.51642388117245,-2.37423680058991,-1.29602741113249
-1.33675029891553,0.297567471528041,-3.06187175782501,0.0941738499284088,0.533224746729396,2.21379518790254,0.0598741713927207,0.175806073024905,-0.850122505898406,1.43164786025994,-2.1362977300074,2.49702695084333
-0.409652060670481,1.76380209752674,8.27343032417142,-0.108620602907291,0.254448308387945,-3.89697769051865,0.946627334250209,-0.995475908138661,-3.14424147695806,-0.0467534255508803,0.0319476443240003,-1.21586936267137
0.478716612014205,2.58832329788391,6.34144786064806,0.30363116883351,0.121423417726262,-0.180322740259589,-0.535054701106715,0.738847828097681,-2.76926860022236,0.128301293947774,0.0659502063911771,-1.01994067604164
1.39950048309308,-1.67271112859707,-5.28866416600178,-0.22305096500694,-0.27151845437664,0.0649720459219591,0.141207231472015,0.368261427842408,2.42948968948544,-0.38018722912312,0.992100446690873,1.27173654171725
0.0109041833087151,-0.292865325022978,4.09385612781076,-0.288759940808795,-0.151884934590885,-3.01133959011192,-0.176889561280985,-0.023263013028917,-2.07806358756923,0.179492223921333,0.102556279281056,-1.02144262679491
0.358767823960696,0.247456603964643,-5.20515336655074,-0.208836845205635,-0.0490617059151401,-1.29628306748135,-0.502830187488069,0.927553950076352,2.89841607824555,0.235121303954274,0.103582844295107,1.88329504539254
-1.98694989945368,0.562518277014728,3.82712739609418,0.0912836795690275,0.245432887399776,-2.8896275853476,-0.406051030885651,0.0430935906998828,1.59556344295991,0.447613073657151,0.885331018281371,-1.81419214590572
1.53537840924906,-5.785125669155,-4.55706653029244,-0.708600075781216,0.784082327474618,-0.523298212193548,0.117958925422725,0.794763293948528,2.16514159796947,-0.0182300425885907,-0.369260970061527,2.42058364762686
3.44914172349161,-1.9042076228617,-0.561918934977164,-1.09118769938648,-0.436267759045296,-1.66686091602202,-1.28932458750829,1.37450824427915,-1.76205729162864,0.171952530509283,0.0166638340685559,0.967237268184783
0.730569199479478,-0.0306765386511866,3.52328975645772,-0.348883104053297,-0.35333923528556,-2.69512559094499,0.0332576804026635,0.00821260937148026,0.786090988519195,0.42696092200305,0.584889362711783,-2.02815731174377
0.234530858711361,-2.98855669668159,-2.87061664060604,0.0708670309783029,0.223394034621678,1.39129859879727,-0.614015573746643,0.339116302344315,1.41455462246097,0.0031419886409819,-0.017329156207545,1.87525710277419
1.7144051944072,-2.74493100350743,-1.01159799096297,-0.00338964310472302,-0.262872922190907,-3.2327672913224,-0.151662471627334,0.127755111558508,1.26515588735244,-0.344314547382146,0.793732906272498,2.38532930038005
-0.378369196481774,-3.20477470067894,-5.45080959736173,0.120651344542353,-0.168970151135126,-0.992771405191625,-1.1802221663191,0.722345486805492,2.78250536756787,1.8251364276369,1.60460674371502,2.36505799260604
-2.20046720767804,1.9082605262248,-5.96076463779198,0.870053328070093,0.62248512883804,1.05473931210743,0.134208393389908,-0.679094793710934,3.46376975788918,-0.111212546060522,-0.300876361344161,1.24982269838579
-0.968954453569131,-1.46389417886234,-5.40951660305263,-0.264698193229611,-0.0415087549870267,2.53114926415891,1.32716599537812,0.485211402002516,1.49395909978742,0.0107365736742196,0.050925711725084,-0.323313192194086
-1.14964881432384,0.430766021183006,-4.20649642386732,0.158822357317925,0.120009864509646,3.4797892257559,-0.271711887785126,0.334632376509955,-0.746723884164271,0.0607210331310118,-0.716052378197349,1.53823066220934
-3.0711545371491,-0.838332057609005,-2.79809783984826,0.138018441188293,0.00287793372864431,2.58298890133504,0.231092373081602,0.160773401697059,0.640008740497579,-0.88148145509718,-0.442454837245253,1.53561673915675
-2.14923543065782,3.27502112011239,3.87624379089185,0.43685599242005,-0.158034081635481,-0.992229718329917,2.26347246642139,-0.13340509845592,-2.61770922809071,1.12039658725314,0.371370014826732,-0.200220708539915
-0.642777524381084,0.269650428262051,-4.82925193933638,-0.31893952095977,0.505593837066413,3.28221992444805,0.278054950545324,-0.391995365453045,2.67465873081435,0.51456939765606,-0.466865495665348,-0.3004503972285
1.48093107003777,2.13382553935066,-10.2692360185953,0.336331104696425,0.217592899168888,0.358740022618375,0.495833100096695,-0.132715990817149,3.82597580020486,-1.37568734098514,-1.86892452088018,3.65962456932887
1.50141457504488,0.0851067576087955,-4.5958671166023,0.178257357794162,-0.100939534482143,-2.70497415164538,-0.865873107984945,0.282508087067802,2.45342123988805,0.391638402258537,-0.188903212592368,2.45279533668711
-1.36693492105247,0.437545505618509,6.08162880522845,-0.354704316983571,-0.378925449512516,-1.06790611664493,0.191298399945629,-0.358629130544697,-2.00338680021305,-0.00353306951103551,0.0514432511460346,-1.17922115132044
4.39250400961657,-1.6450545844703,-4.18931726959018,-0.876572018644957,0.0444458828223462,0.107721421006575,-0.278643880372056,-0.147126668465789,1.98505242931847,0.155645556837255,-0.289988358894291,3.62480780357434
-0.277605850917102,-1.28776558490682,3.37237705550469,0.724669543292999,-0.0123726724763304,-2.47193430559133,-0.0556868941182804,0.517791363465256,1.0600138675436,-0.248688744608313,0.427511769429103,-2.57194907085149
-0.583380610519072,-0.370569418541466,5.8161978821292,0.0596172661222225,0.316865014199379,-0.765633145305616,0.198029947364688,-0.379888521814268,-3.11729013685591,-0.399682868670009,0.877316196628591,-2.41486469191671
-2.18151204118834,-3.14914199215009,11.2763813961047,-0.0504767724123393,1.11402947593136,-2.59898154546638,0.0442800732237403,0.209583440266938,0.902512997941062,0.251562956965047,-0.619270868456688,-3.18173920238137
0.84476860809152,0.713173262056492,-5.5499212661868,0.0519338468578039,0.0539907143027971,3.22090319888395,-0.280858419554068,-0.558354226581297,0.427889205721527,-0.686122558645893,-0.330973430438562,2.40378402526572
-1.03583695441991,-0.97823702912686,-7.24146528804909,-0.0775050552113991,0.176550424813404,2.73852492281332,0.018667811365017,-0.0241619120424031,-0.128940892052379,0.0775177816599772,1.81671520125112,2.53794677021736
1.7680868794427,-0.177341259874199,-0.0494845321272681,-0.097725472844643,0.251132982083228,1.21116784348691,0.696883099849222,-0.440482352105148,1.30995481860715,0.342614240637309,0.215123724789423,-2.21675649847364
-1.05090246052788,-0.197410716864861,-1.90276688553681,-0.435584860258589,-0.324095537932336,-0.68870579083531,0.742106299775554,0.144294748522952,2.9261385047532,0.451583347632304,0.222287004567145,1.07344241754277
0.803711452320122,1.98224885333568,-4.17641530435955,-1.08173396231089,-1.50152206835375,2.59742197710745,-0.0038534221221066,-0.116393232130777,1.36601914489795,-0.193808138153676,0.192174415918421,-1.19496876799463
0.1902550661769,-1.57484144575439,-2.03502412996048,-0.629228881907864,-0.21430548232391,-0.387110578180059,0.425825641943358,-0.00446475622619078,1.63094530875501,-0.322463281134044,0.0881173503181534,2.08530915793199
-2.50168209840482,-0.986511348704179,-2.60746001024542,1.85878205618037,0.296007898398705,1.23973500002104,0.350366593926071,-0.13554263535065,-0.855076630454443,-0.0352035054348672,0.0558734308677891,2.01148329602943
1.71418726109387,1.09912904232588,-4.30339904397665,-0.0415653625461999,-0.0745867613063798,0.756219317335766,-0.29137778449736,-0.755073584174751,1.10187517271396,-0.537113911311269,-0.354785960082328,2.57057577684571
-1.44613233019828,-0.232586894158012,3.87661763534192,0.174764091647555,-0.192789102441046,-1.93040271748117,-0.534784124300779,0.0580433755180142,-1.30929549037304,0.00761666030628113,-0.0662229699101863,-0.547110555652733
2.18055509905426,2.22014509393128,-2.53668688662921,-0.00421780616904363,0.0364597237060345,-0.169406223460438,-0.653561062542144,-1.64216219217187,1.04753947763329,-0.0432373354638551,0.143552595266556,1.21466638081829
-0.898572807663029,1.47891093434647,2.89434453646787,0.205119944886644,-0.482617166730995,-1.37914090437694,0.645635309845416,0.0073213138615502,1.22076949174687,-0.438528103052588,0.0921522950071091,-3.30814348724712
1.75064055651231,-0.50268303773487,5.43392543204186,0.43444216415707,-0.528892317966518,0.944833701554813,-0.295592522565093,0.273461727240683,-1.4861379846857,-1.08254885480875,-0.575663456095061,-3.2266448482812
-2.84351089335386,-2.60715068495983,-9.95273783409262,1.70711153205286,-0.222079712833054,3.24427140454201,-0.108973206124201,-0.00591506007437549,2.27130116767733,-0.919405641866718,0.545787746505994,3.20245535513484
-0.470312101183293,-0.289530089373102,3.18840508785252,0.149292036404994,0.619821977776372,-2.5843846646685,0.0710051415948446,-0.507165625502515,-1.07981525625247,0.558872284303191,0.230241196741801,0.264591536775165
-0.920844521961329,-4.27909675304768,4.61722547555363,-0.648227659526718,-0.339961925953812,-0.0828632238731494,-0.112603638092933,0.0399900060442554,-2.55171980850407,1.27443190074404,2.38563038093058,-2.47084328486605
-4.24019748739926,-1.00066118573105,2.50845245236511,0.0544172294292494,0.118682729383145,-0.175293183277691,0.27302256910934,-0.0998065385989047,-2.46660440061141,1.80286585544143,0.192356997039063,-0.986675693420876
2.72020546406025,2.23774247156506,3.68845343579527,-0.13617299285495,0.207251423021002,-1.9130073647025,0.309574678459394,-0.0743485436903484,1.80004085182343,0.0545928010349429,-1.59314269663127,-3.01572354239329
-1.0417414159904,0.445440774030154,2.70502807606896,-0.0749002090618877,0.0397684792280004,0.300033816164395,0.4507151926044,1.11503571933689,-3.13908575377711,-0.186778857792504,-0.228359850860549,-1.86806706738505
-3.26739275062061,-0.00225022993525575,3.64228134722326,0.00062485883783631,0.0150978288015267,1.98375189345141,0.0728180452879091,0.281925882097698,-2.09161870018302,1.43108663297787,-0.441810086209062,-3.38905791928724
-1.21342524507238,0.434079433381735,3.6086832225796,0.422041728960076,-0.226964267987625,-1.31696953240055,-0.00798263225456071,0.000910448095456197,-0.421651119441686,0.185099087906,0.615171345712023,-2.63571442647617
-1.47886238690264,1.42026853684729,-1.83151256330746,-0.104306357383765,-0.678744221812394,2.29116135509015,1.13460128989408,0.520673870340373,1.61211779678787,0.0499955436686613,0.0546890010563289,-0.238978699728409
-0.155886728309197,2.91975972052614,-3.21942600379583,-0.788035299712566,0.531438470442662,3.30250634778112,-0.0912910815783992,0.556654682780717,1.20858979617082,1.93238017858603,-0.841663558179967,-0.690184624061775
-0.322981757542788,-0.301098134404282,-4.21928690339407,0.17727376632185,0.436858389097338,0.852943504369128,-1.42453532817815,0.342090985843523,4.07386698216994,0.0995470848316804,-0.481868775590313,0.927876948435738
0.59963840024062,1.30000655258928,3.87055535859719,-0.406412581636982,-0.849751695989568,-1.74448441761764,0.331012830136896,0.23754676322024,-0.282931377757353,-0.555245332021128,0.444829763249515,-1.00750962937138
2.74280716902132,-0.155733247437777,6.3722738494418,0.109505019578457,0.125766942010698,-2.1936032531416,-0.0546166895575851,0.949419490017503,-1.79779784825411,-1.06353420184033,-0.653137264941404,-0.189060688231981
-3.55809735812525,-0.0649353132373413,-6.23187995258231,0.248131383865468,0.912173446378316,1.80643460092014,-0.111692418967695,-0.111323111146202,0.339570829713387,-0.208826676242244,-0.178842008368127,4.00772305140136
-0.404112567778243,2.27517880351438,-8.10429249534523,0.34982120602965,-0.172233875379963,0.957056902749326,0.0272854715295227,-0.202434114130597,3.21250422194096,-0.246671749015948,0.640773509618001,-0.383832514160601
-0.596768770433037,1.49931804577578,-2.86522084719054,0.0063947800562713,-0.587540226594858,2.00304729157803,-0.487812893686903,0.42913429107496,2.22125276209822,0.028568145436465,0.17496828232768,-1.52697601585014
-2.28500417093455,1.16582990341651,-4.91618951895239,0.116933225325013,0.139512195535228,0.347954974583266,-0.126179606914517,0.0434130220313905,2.72364736826396,0.174260009570181,-0.819052782208762,2.13197849783613
3.16476134601897,0.557304896487385,-4.46589365031345,-0.433387695148505,-0.494052296237295,1.02512319557339,-0.131519036084189,0.108872057819016,2.02077625134829,0.113921858749392,0.229653696945222,1.32094578808207
-2.08775234297226,1.41710607922108,0.554433243190639,1.11193358227724,0.235849791468385,2.57619191535096,-0.142025350275057,-1.46969135990081,-1.8767316214942,0.613349584109902,0.622858743304888,-1.05348875431097
-0.191942245140192,-0.976689597199533,-6.46536103497196,0.158385427040059,0.0707364051005906,0.78271328490753,-1.99424107458291,0.404009607602308,2.06797808878416,0.821396778870111,0.503590886125344,1.82353933798006
0.222805284818175,0.808695329482134,2.31949872431655,0.000924830561596513,-0.0310004665124324,-0.461288159673788,-0.291531409986565,-0.271655063689039,-1.80541874693291,0.238864285190043,0.438662715656842,-1.34909488920918
-1.6874702409644,-1.61004467725548,7.82989506206264,0.728272983246105,0.422415822219452,-0.238751911276032,-0.685820570492358,0.38817634990306,-3.8088964296057,-0.0807076419027641,-0.0125686546057025,-1.70049153813755
2.01221752574793,-0.537705904663648,4.55862957960445,-0.00526194800895152,-0.073503206311728,0.136948826614799,0.353939023121206,0.0293841107430226,-3.2042392994637,-1.23842061492679,0.39511135896305,-2.29137127736236
1.81532458873931,0.581400021201135,1.00743404789559,-0.0240363453956579,0.0596451443656625,-0.324261562057133,0.203413534271692,-0.291987603303659,-1.13585947946121,-0.819904871392086,0.954181148296257,-0.807046429148812
-1.20527287106768,-0.567425009131001,4.24195893042862,0.298574000994152,-0.174818028178353,0.0642018531866769,0.484350456219422,0.982183580394547,-2.67306127967271,0.633775735621597,0.260294168899842,-1.09195816293539
0.67905758832789,1.54217022058881,5.34328674609253,0.0164152013833794,-0.0810991786201531,-3.10367264145737,-0.111664018729909,0.123596962159728,-0.328099544670813,0.38690542384671,0.153345019682076,-1.2241483652593
-0.476366687231648,-1.46474373822702,-5.26008942827835,-0.0669375942932513,-0.222423471682683,-0.581157147254519,0.826337930270511,0.804561402522161,1.16791527998609,-0.644020866088859,1.3350276231645,3.90567571150769
-0.414405517899083,0.788714014505231,6.47379049513997,0.65003790390439,-0.631865731431414,-2.29199392323869,0.419596150007366,-0.613951506998913,-3.83031191822943,-0.170637307133355,0.466251200227139,0.980974442709862
-2.189951895501,2.57944691335044,-2.09891639900605,0.285620814599896,0.17447652334024,1.9340575351429,-0.0883969615626671,-0.544921223175566,0.807347721130194,1.06700090773076,-1.69517197792301,0.421161533403183
0.807822488137585,3.04589569430107,6.22683446818753,-0.102247424686437,0.274395703827479,-1.81481802257849,0.513034103654029,-0.0521221433762935,-2.25131705556978,0.0919934840596264,-0.139989010138578,-1.82235345559361
-1.25613719812974,1.56912701029127,-0.848079568620206,-0.193850670572496,0.0740504566128756,1.84345262557625,-0.0706545961501568,-0.101595132637975,0.661600884263676,-0.0943239013886686,0.341456143022832,0.660453598677302
1.99606390376722,-1.63045442641941,4.78426438920426,0.156206791500321,-0.702681421091763,-3.07195735846736,-0.451799155467415,0.290352170065744,-2.87683321887964,-0.128923138572881,-0.117822313397693,1.08767558296832
-0.333873805291532,0.164890080816333,-7.09178708133148,0.276909763968123,-0.00431555745065804,0.440379768968522,-0.287270817147105,0.207732705598993,2.43827650373934,0.158202920917848,-0.166411084197382,2.3958076574071
3.61913362647728,-3.06870185411706,5.76950567851793,0.510369383810986,-0.393327117457009,-1.58471378431366,-0.0664392484680793,0.194831443678951,-0.135194589465232,-0.623054380163812,-0.00820683488528535,-1.31228545567131
-1.80804002044835,2.1513767156354,-5.27431007846595,0.329704487116906,-0.11516821270761,0.595387572377498,-0.132816992971102,0.069843462544295,2.41750347721086,1.30617347035493,-1.88135482581995,0.770543803495568
-0.5777472386796,1.9165714165819,6.41354179663284,0.334500424340493,0.662187994113196,0.630625730376031,0.0265794814727654,-0.0149269401715758,-2.88676979393745,0.668145607060933,-1.84038415172757,-4.4345861023537
0.758820373283023,0.584640002971318,11.6957636255169,-0.324060310339794,0.309881607589865,-3.43356149203046,-2.14547125006564,-1.0890137997925,-3.89990915379493,0.0872253252876483,-0.0505468098764821,-1.48162714919289
0.373956786743555,1.74716133146019,-5.88340832457265,0.174913412461693,-0.50690319050824,3.33864252003898,-0.0280031707369259,-0.329617877592765,-0.257523877516788,-0.927836686624634,-0.341071532827162,1.67078426651307
-3.72232299026176,-0.188357179619708,-2.57601618845978,1.52039364657275,-0.265545033024457,1.98319294814711,0.155041037290947,-0.00846250606902432,-0.695845838774719,0.904249765529945,1.09128207944895,1.07611094787709
0.99469572280261,0.587180731813313,-5.99668651820351,0.101128333816739,0.39295848079637,3.55023834549094,-0.272585084425019,-0.741201320364075,3.41898609256698,-0.688137165854928,0.621982903126252,-0.66225397665607
0.65297939839276,-0.655933898501405,-2.51134858668111,-0.487324721223892,0.73738268205191,1.1374634084849,0.120972763813318,-0.0288429135780595,2.4077934429409,-0.248670317771284,-0.0115677058623242,-1.07207047270201
-0.969998652213316,2.70048941718565,3.32774105758594,0.157175622705727,0.0195767187467045,-1.49898973612085,0.944004332346981,0.0143961205453686,0.149043758882231,-0.704211811023734,-0.204510648991539,-0.201678341684138
-2.03901833535695,1.11796992343799,0.419853264259,0.372166286732168,0.0123614967145966,1.16565990311799,-0.160698732523303,-0.264962158011539,-1.15789653223965,1.29101360179201,-0.627421397124517,0.125368756270197
1.50336186713929,-1.34193240305465,-7.24481895280238,-0.0177043269257331,-0.339877131265181,0.84791011449807,1.10517339018512,1.77455990821656,2.19347168175856,-1.64389389929859,-0.622171410555208,1.89872453457583
0.679482233876432,-0.44732912043606,-3.40207661346624,0.356856374250604,-0.259963295278146,2.54068328662526,0.554815202577318,0.0712500202242403,-2.20006239979708,-0.505803493937009,0.295163396344183,2.91587953136955
-0.899356830200843,-0.680719757733467,7.74862735939942,-0.702961365030328,-0.140109221750047,-1.74682785846344,0.340088728240992,0.871640933326917,-1.85326584971025,-0.0691690303523164,0.233136569404212,-0.932663914985124
0.705967361992975,1.52559551725801,-5.50530365670047,0.414501189564207,-0.024469512584125,2.06396729827273,-0.455298696129049,-0.312310409715014,1.94320643893469,-0.0699967584976893,0.0155969354258743,1.6084507488894
1.14789065854312,-0.375486517738546,6.58759480971094,-0.649488424416302,0.406322835061237,-3.04962634058874,-0.497042097369134,-0.145871984159212,0.244727037197442,0.178368451547414,0.0784272588590733,-3.24325047279689
1.23552363699278,1.48669012769144,-7.50147856072511,-0.830825512688763,0.13247357590006,2.56607158076938,0.653190994125864,-0.622670460125871,1.30301262664585,0.0648841563719082,-0.368517575004117,3.98348349717401
0.721577729164644,1.43567711578702,-6.66536628243862,-0.3275683256148,0.534735039641216,1.76553738111908,0.114176039441976,-0.32869846009424,2.89348542770742,-0.0424296953353165,-0.12919211221947,1.76754731945985
2.06730934182566,-2.02440079036087,7.21148117476805,-0.550360420567056,-0.304807239030905,-3.55512633559302,-0.431877529588407,0.749195712646395,-3.19082093145695,0.0797400479838022,-0.108415734036388,-0.755207872048203
0.885299821053385,2.17096328853978,7.21262319163677,-0.456227461299607,-0.0600738204084494,-3.76402591880772,-0.0371704740858496,-0.116760900184682,-0.945786987253326,0.694806536826793,-1.77954407259751,-2.59533463236594
1.16636253714267,1.22439383305364,-5.67215594577583,-0.783027499677064,-1.76826664012105,3.48604349014545,-0.0172479154959264,-0.0906014338374552,1.90224393160657,-0.869370943815411,0.00989912964597508,1.41766218374658
-0.0104923086971322,0.0336238546795339,-1.48952894761361,0.191023324528136,0.155294204904033,0.933661644330533,0.49525572203821,-0.0423625974414312,1.54628867841983,-1.0446059299626,-0.269997089693124,-0.0745537730420799
-0.105944317874791,1.29356919234692,9.0948563014207,0.311063404076982,0.0436262237196657,-0.38268071068484,-0.244013457771465,-0.212751488090147,-1.07360908258366,0.761730846344873,0.351143573256969,-4.12740456812389
0.967639819506969,3.81029284603611,0.137819085232824,1.06330560408306,-0.870819606482461,-2.99284576774487,0.00681130541649546,0.0658632223874547,2.63012424004436,-0.542665338779838,-1.08817692142712,-2.00474756775108
-2.59634780653583,1.75974782266589,4.34849041009263,0.217466571360629,0.113886436073075,-3.03540207623957,-0.198851589862293,0.607116765189579,-3.62362104750767,-0.28343281729869,-0.322228588878087,0.292473363460769
0.136341444204025,-1.24743378132595,-4.30127946826957,0.119151448536869,0.216570571218756,0.155936731805496,-0.398125699819604,0.342624333365881,2.79726895461514,1.38500888595544,0.232711337735831,1.54205600072506
1.490461361336,-1.71182911019414,-1.40084441054985,-0.546335486008718,-0.00478748946575177,1.18795735078272,-0.0427992946101637,-1.01304774109292,0.866536311217263,-0.12639014381876,-0.0868432139089986,0.397772330089575
-0.967076651521899,-0.587098861228665,-10.6197319055258,0.0559369449786156,-0.633544234247319,2.42391148137144,0.54942573995975,-0.42377568747031,1.23294766108766,-0.155757899024218,0.348839081042439,3.89858297133423
2.66973230135654,1.77900388156873,5.62564892930142,-1.91054243970424,-0.910257456706619,-3.05592000607407,-0.221674490744542,0.113878274239308,0.608325973836983,0.00681530712618422,-0.342937686749429,-1.36399754162359
0.751083439769559,-1.51064411764798,7.38676314063083,0.629577098763446,0.433576342368298,-2.95110799354112,-0.282106681409935,0.0607434801134035,-2.75042654683546,-0.0203770263287326,0.14181476936942,-1.21333179068868
-0.0278829470337372,2.70931794329826,-5.74797500727147,-0.837595864835357,-0.655496385407437,1.34565062125342,0.125178746451284,0.0927639039767214,2.632287352522,1.99863297815661,-1.96555857319749,2.20318473606612
2.24635528857809,-4.31014161715667,-2.74576912519545,-0.370484558371605,0.995857456898899,2.14306168097658,0.170792769309387,0.300593321374519,2.1063439168232,-0.088705480739109,0.148203841082172,-0.192708045467546
-1.3363227239684,1.00627245413718,5.73298046389797,-0.19143852490212,1.28519313490188,-1.95265297562644,0.0331956193050791,-0.0622531282911861,1.17539040812769,-1.82614955334319,-0.381851167912492,-3.30823607276245
0.253085301285745,1.3653848050229,1.86678632305575,-0.249171523006346,0.735815880203848,-1.21953454979192,0.44140136685413,-0.830126919225106,-2.51022943565013,-0.212695355380868,-0.158818276981383,1.01672745474617
0.0944210934393689,-1.12777255076164,-3.97644673215008,0.334124330075476,-0.0224148227585208,2.8037689858317,-0.154281750259169,0.114790312745101,0.113591780061218,-0.803862760808679,0.605507002922904,2.73478398527797
-3.90552028915524,0.461447309568753,4.41558935892569,-0.193229683933264,0.444180325499528,-1.95496063909042,-0.063676851469218,-0.238448305645905,-1.89651187391139,0.134750566072653,-0.235559377940498,-2.87191673103575
-0.454697394915334,-0.132912377794899,1.40795655320643,-0.083624768663525,-1.73849076498182,-0.114424064846391,0.100441036702637,0.100395796160375,0.231462959500027,-0.0984018737225667,-0.0462824928450404,-2.32743357654867
-1.84382806506045,-1.43814513357726,5.88218424112565,0.266681599037589,1.30187031499792,-1.23788939517234,0.551518962869735,-0.757318975157107,-1.85354315816065,0.0998915142512134,0.186838124043633,-2.1262660771065
1.56650114812204,2.27726337357423,-7.12428479973811,0.662973174308797,-0.292288450718776,2.17452000986305,-0.195878610867759,-1.01968100788097,1.07731925102921,-2.06607727666494,0.031959349376404,4.25389312850584
-1.74118950684204,2.32338697868315,-8.60084718063608,0.206056123699634,0.204213183231711,2.30068856464794,0.171059934261816,-0.155084621529755,1.21272893391985,-0.248892503641704,-0.160079786183738,2.75774326848907
4.27086870279827,-0.743782194710903,-3.60338487221178,0.00163153363589109,0.357537694610014,-0.0712529720411834,-0.600475490985401,-0.302896405855534,1.95030819947316,-0.92007942234352,1.15460210736795,2.32801346561439
3.86208161371931,0.841328096357746,2.29339733112406,-0.105376354987564,0.236819502932557,0.42186532633242,-0.312996599061343,-0.459205178230529,-2.11291641736287,0.0446946574913839,0.266421884394315,-1.14668082678315
-0.383114645790791,-0.191700294132379,-6.61782691940026,0.271824978450477,0.157019174303693,2.61373794135341,-0.342778001514947,-0.468248040676715,-0.290286467955538,-0.0929404699099541,-0.282241110377168,3.30891263703797
3.27278200853165,1.80319911495134,-2.70712318782969,-0.866891931242081,-0.302467090084603,3.2047471385782,-0.289785440834519,-0.0772293664103113,1.9877220971482,-0.0589805229261765,-0.468085765388561,-1.64286065319259
-0.894278168818696,-0.692692143133084,-1.81593540460343,0.205198282307244,-0.510442314119147,1.94699775289872,0.0583399082790141,-0.132163711559675,-1.71934860014803,-0.493382382958562,2.60765089577342,1.94485654779595
3.24104102054851,-0.125112046517576,7.24976811945952,0.0910236833181281,-0.0195424766944681,-1.55400620960224,0.585582121889273,-0.363194183595292,-2.62844379826905,-1.85128773986779,-0.391467376608254,-0.802071913531166
0.0942535576179063,-0.16061223706844,4.73429226959085,-0.117777800749014,-0.181619500540868,-2.79192232444167,-0.0964920629920049,-0.00931066277687808,-1.94320287496293,0.00787848421154015,0.410710548044423,-1.74172526431605
-0.0472065700150552,-0.927614167083564,0.273571265385368,0.407563796913059,0.0514817472438237,-0.944518865663209,-0.0733859204856228,0.0370163572546219,1.70966001982171,0.277258447409889,0.575301116042494,-0.783145447798928
3.74591853996331,1.52447816193372,1.73802298590667,-0.157878408575648,0.174122405591531,-1.67239073328672,-0.662503712588888,-0.143520279441348,0.291699629300715,0.138396100341517,-1.12918704504787,0.501575080787842
0.182865238197542,0.157094916634138,3.30546847495347,-0.160463561717788,2.04917926058828,-2.19514014645457,-0.0955942615042198,0.366684053826385,0.44457006744674,0.184697171634669,-0.100882272701786,-2.93661251905508
1.12577860895839,2.91827233314261,-1.32924319905778,0.138469214561698,0.209997493916271,1.94573762173262,-0.158442805978501,-0.146674713823699,-0.157546334383793,-0.624237516892964,-0.433341670914626,0.0324519076763446
2.95591018481318,0.59244019275605,-4.43681725577337,0.854218570139722,-0.120094213207047,2.02254319618284,0.090690302201847,-0.437074971446391,-0.482085431017696,-0.312918125676757,0.589102948457713,4.332848258354
-3.79449688252773,2.28072888343072,1.36210599920205,0.422796557379354,0.151654429471176,0.43432682449204,0.180925681967408,0.25384050226626,-0.547755126443742,2.83058624680808,-1.14675089165675,0.701311074319641
0.842845347241125,1.98471489334356,6.67573122113406,0.625586906929286,-0.248543201459976,-3.57459569232055,-0.267896289077994,-0.265209772521805,0.391166594785382,0.0816698368196446,-0.668322635990447,-2.79529072984185
-0.658096242731697,-0.500437701571693,-3.56021775319895,0.125086810306046,-0.111236711782806,0.473385406506546,-0.216935819098765,-0.329833969610854,2.06672791803749,0.248855368856833,-0.491386944739402,1.63068160449685
-1.26479910092599,-0.0672109300635477,-2.93541269299198,0.0939382575354908,-0.204068585716911,1.78404637496105,-0.227291566907989,0.0628387203507611,1.22267930360715,-0.260579237677479,0.996879725350871,1.53787929988536
-0.657457610285944,1.63080180098867,4.75360916406405,0.0734961642043029,-0.507206709828019,-0.282085547477331,0.0665435014386382,0.229582666426525,-2.56629673670046,-0.0597579625968138,0.719922266101195,-1.90871491115423
-3.4107094499423,0.859873721223385,-3.13970827422545,0.0822866109789754,-0.08552175179476,0.814271595936708,0.185089080942781,-0.238352802401613,2.57239290108533,0.489476261446807,0.513148381107198,0.959162164156114
1.86828170369562,-1.74379268217502,-3.02345974888315,-1.10122523857587,0.577252487752698,-0.979912929234811,-0.139357213588516,0.0561338863078834,1.90377992853552,0.47139217459361,0.522393579540656,0.0351738301902868
0.353294865449577,-0.596597198676944,-8.21739304044648,0.473766400688325,1.10582568784387,2.80324685820884,-0.135200109623822,-0.278267364617212,1.83910287644248,-0.367214899462891,-0.0713942742415977,3.04928682679743
0.0295160267297749,-0.488656604318994,-0.873374723998011,-0.964973560721394,-0.837355561980089,1.84730287008761,-0.0276962709352188,-0.248748350181253,1.0176931973571,1.37455307417578,-0.0225393888398136,0.489218014996975
0.888302504632184,-0.537171678868287,2.88578366112514,-0.143948744756687,0.278399221743707,2.01032299724798,-0.520368808498781,0.308779089222708,-2.95879747507814,0.184481633540777,0.17144067899228,-1.38033423461593
3.51583508322073,1.94835438737437,4.06178187797096,-0.086732110618742,0.084129105689095,1.65099378009432,0.412731627606081,-0.148856932682131,-2.42163844190149,-0.286299223359118,0.0733075681266758,-2.02567644986917
0.847173016594829,2.62391834635661,3.87389309565597,-0.5709138086516,-1.22017377397902,-1.74465967019942,-0.0678470261143738,0.0324676466581496,1.16796003378475,0.679058904681657,0.0338012244163463,-3.09243678645961
0.110303643261251,-0.0838086281257346,-6.64915998258756,-0.018361367715479,-0.040757975916991,0.432024360713841,0.0290975089702093,0.0772210879205675,2.3553778756951,0.000887463251990157,0.0711747361133583,3.03414083402484
-0.888005147085776,-3.06268623195885,2.41432258749698,-1.19414214276229,0.917344032124149,-3.56824907947793,0.42355129607997,0.191184059996123,0.51844610803704,0.378201524752332,-0.131902545277472,-2.36273159654341
3.46722634500284,1.12299604313936,-1.82710444381833,-0.0894135349711168,-0.0384100648669509,2.5500132945548,0.133032995083927,-0.225753199618227,0.505317921250991,-0.403878950879016,-0.427817643686906,-0.541600773671862
-0.320655752502863,-0.333633162601442,2.78732168863759,0.383135391248992,0.338078901955853,-0.156823187377581,-0.139565868744848,-0.0921832255126201,-2.82312215642768,0.0630244089941775,0.181326189884732,-1.79046588695354
-1.06364373596117,2.25793796776637,0.729745172962225,-0.194214982618295,-0.0427458710776735,2.42519730085657,0.316443240704213,-0.141455925126623,-1.62413738313289,0.359932623628109,1.74745983873056,-3.85408884494228
0.0948712093396202,-1.64262495311737,3.75346820480532,-0.35600949576076,-0.218576198676213,-1.49597038504968,-1.19106222488194,0.133896356016312,-3.49780578685399,0.171874248907816,0.133208384976547,-0.367411996794317
-2.56087291047908,-0.820579922863756,2.88024035093826,-0.184898033117508,-0.145152011136647,2.29683099292345,1.84826635375825,-0.795968122628652,-2.14366534449128,0.593787056983126,1.03963900460637,-1.70234970753083
0.382937627580757,-1.33631370534624,-2.30041837834352,-0.0839342109838201,0.479365074916097,2.02022431620759,0.0574315954003386,0.197623686046078,1.23862615340199,-0.377330895418176,0.278738410409858,-1.05507991162512
-2.33161921961029,1.01831438367153,-3.32038782740829,-0.0536405725608785,0.245172871393011,2.74775540643139,-0.0824232935736971,0.508828292206535,-1.03483243048188,-0.444156895283188,-0.483170810007359,3.11277135327526
-0.307116274211011,-0.194620294475557,6.9895852156471,-0.287430882704906,0.0359063354889205,0.071368916962979,0.193348047599453,-0.92929818265558,-2.75905043151732,-0.0354491672003246,0.117695843761584,-2.41747457367975
-0.189192745952391,0.940535737202679,2.94597446283974,-0.0360704122977625,-0.0268113122852963,0.0299890448979648,0.177558516024362,-0.575293703985359,-2.59140787838495,1.98958971613703,0.110362769432088,-1.53119867733125
1.03028537484493,4.0407299889954,-4.52146829171716,0.00351315584272381,-0.561608830634811,1.49964674624194,0.67318916926988,-0.448487350927355,-0.485294000807301,0.128809797282578,-1.0484389330741,2.40806335432976
-0.166254413920225,-1.49374544214231,-8.16147050676373,0.0164745616626713,0.0383068079467443,2.84039082541773,0.125488063573662,0.695014232724178,3.07854546778044,-0.0423332714223325,-0.0490908422795576,0.602673086848701
2.71262842858434,-0.638848095264829,8.84505113051586,-0.134907560507427,0.325561502276629,-1.9833587171083,-0.132964330449273,1.10145084072033,-2.71757081638652,-0.00647556464922396,-0.74225502933264,-2.99311984283412
-0.163304014187241,0.933008899770959,8.7591093095477,0.448494004974726,0.0403711622856436,-3.68291262429635,0.134149478409594,0.068738172144861,-2.17477240610481,-0.205330514443149,-0.276921956267797,-2.14276758657021
-2.31796102215329,0.724003596888915,6.53743279319855,1.12388126108279,-0.353391313941484,0.177394927348212,0.11474278564662,-0.0971502454755988,-1.25979558117545,0.0256030391213421,0.170631843853333,-0.330512172472319
-0.0309597017829741,-0.650864353513261,-7.95116871743887,-0.0335830679474671,0.284334000135609,0.339331380759366,-0.302971669842275,-0.540252964342388,1.08819219718224,0.269286301567701,-0.118674015328025,4.68329685841565
-1.00621755799865,-1.30423586685077,0.731475599928682,0.00546087048974601,0.479369098101417,1.67531395730082,0.166934102507438,0.516173012256467,-0.339080229212508,0.586995121604342,0.408027014886664,-2.7058169035264
2.94130687445825,-0.907512841623795,-1.72132506329208,-0.322779555638762,0.0513480925128176,1.47938348614686,-0.236221485015151,-0.156426733408407,0.496517119397476,-0.314371555275634,0.192819479594932,-1.63120414706619
2.05495916986103,-0.102373479256388,-6.03857626898119,-0.386492700650355,-0.24148468475457,3.18205934249605,-0.325296166355155,0.322429833761353,1.58003086979918,-0.727547395425986,-0.773859682807104,1.98969699130845
-1.01639599759659,-2.64859062542975,-4.65552410364907,0.343315666669,1.76501427614132,3.89527500887441,-0.0299342795334242,0.254423951481834,-0.896790794538767,-0.69601392368957,-0.131851275086929,2.85972340783758
2.07019393314966,-0.819793940907307,7.16027507531191,-0.0566063371677293,-0.0427630399914267,-2.38424116341488,1.04339757855509,1.47569000507386,-1.77953057430613,-1.1790085889873,0.227329073488714,-1.17158822785299
-3.27566975634132,-0.170674047819638,-6.7744414609427,0.46118607770836,-0.0394676500972719,0.222061902349627,-0.186145398863175,0.0640006518447751,3.04486087204491,0.41572469761296,-1.13995781227613,1.5867529474209
-1.25207615348392,-0.309694533102563,-2.88183682553492,-0.131292875558738,0.666681335677533,1.04046962824725,-0.129478000938863,-0.181367166200697,0.503902525028724,-0.489857500844255,-0.196587363168758,1.09994211840591
1.2801298834635,-2.36373681562174,0.912803877579918,-0.76021417815178,-0.262463514537324,-1.49972093162912,-0.16760261200016,-0.18427757753569,-1.38088474098153,0.123875126542829,0.424879102508466,0.672955876167014
-2.05738132046609,0.101134648755798,5.73804215135433,1.04432004466637,-0.632662289890052,-1.55567799731768,0.203456843124415,-0.187087271195211,-2.99652136521903,-0.353431364910606,-0.0271562552247627,0.129969729673132
5.39696745534256,-3.71627010817203,-4.89484373071441,0.109098312046781,0.0494874490462325,1.92053961883516,-0.633310108559823,-0.322627728413039,2.99805561885132,-0.943324343340157,-1.18336420963686,0.941068740134082
-1.81404382057908,1.7761904684124,-4.72801123145963,-0.256707583325707,0.0312717078251802,0.78221513705633,0.651573411612767,-0.327601422676618,1.13466054875239,0.484480872868525,-0.981206403838536,0.854151615751364
1.2035049590256,-0.940257595551184,3.89585207587129,-0.1028408780554,0.0586407265187053,-2.61885292820817,-0.755229665638126,0.438318890201103,0.574956755906817,0.27391446627386,0.102253327076192,-1.23547870556051
-0.294258556869389,2.17493628926221,1.25394757739943,0.363205607951059,0.433522381398855,-1.38961590796479,0.0470648047152012,-0.46644386861715,-2.19625409399326,0.55427144069426,-0.0312974028296817,0.907579760330701
-2.87703681947416,0.83771560801365,-2.81389017333669,-0.210037799210379,-0.0945206936043534,2.77671038431013,1.66277738577794,1.35374360030845,1.64951254442644,0.541488221182445,-1.50246603933915,-0.785616177580718
1.32548215343652,0.568738767081348,-4.21517370463981,-0.298281600338672,0.391140862071822,2.77685551612364,0.0156024097350216,0.00856321026538928,0.215522923729064,0.114795792661007,-0.0510029832870426,2.47517403585279
-0.971010858540738,-0.280584466111443,-3.20920197338951,0.062941066821326,0.0159121330277556,-1.16183035505037,-0.0730467749827346,0.0296275105511341,1.86953785552373,0.321880808162669,0.55451475821529,1.4341418274994
0.382688358036281,0.682330302601347,-4.0076279572941,-0.0171466456540658,0.0125559368503326,2.03970217358205,0.141206206983782,-0.406991071435158,-0.854069448596438,0.552807553363856,0.813714229635234,3.60160042187486
-1.6994988869599,-0.409110467972564,-8.21927501802171,0.612804128864226,1.28252724438071,3.60274318957637,-0.0357005833377277,0.0960165965896503,2.36560031047366,-0.406083515980281,-0.139350916903911,2.76985940402222
-0.456011993864028,-2.22601508966414,-5.64721142815422,-0.0228935596898299,0.110224803315899,-1.69786647659039,0.326252644383462,0.771824573776356,3.34095683563752,1.04663209671832,-0.419092186020541,2.8130265829852
0.0548372996133893,-0.537162480949335,6.75618035366457,0.19588054030027,0.679178407628214,-3.72502489142523,-0.0351125530860988,0.120399056128237,-0.461744009617839,0.110960997739001,-0.195272287252015,-2.86583529599811
0.571985777350459,-1.27498472185858,-4.16940492220901,0.706705085713529,0.604053652232598,-0.640817743355318,0.0375927812718506,-0.299330767866004,2.35474502049507,0.328840456038388,0.306985085501512,3.12691677215212
-2.09446521744562,-0.0982853780614545,-2.73819796433236,0.00880075050772948,-0.644443868587074,1.52486942163273,0.141071936389115,0.34469609575041,2.40952820152257,0.13973692106236,0.119185513499332,0.311226641750302
3.55826659509724,0.412150495951059,2.34636165081554,-0.368788194066548,-0.226703567516312,-0.606721315442728,0.344210961642909,0.146712255059301,0.497526715308619,-0.51797448867283,-0.209474415547852,-2.73145294608395
-3.49202455311924,0.11160018696998,-4.15200060460013,0.51666643557416,-0.581412357033463,1.09560382965501,1.16558559259638,0.100799932628539,2.06715872351819,-0.0646432420188288,0.219413597531805,2.8541969965133
2.05594241019847,1.23775774884671,-5.10279949180505,0.284544089936556,0.0345311399458136,1.41326509856397,-0.325478483185267,-0.000744811708787106,1.78229138280651,0.0601406228079328,0.145057846389652,2.63806881984333
0.920477029017854,4.67366173782457,-1.97196837408183,0.104399885067784,0.0539178966922401,2.21600119412365,0.133499158565445,0.797426161875221,3.07848579871782,-0.136959611627346,-0.0484963290883997,-1.27484035105475
1.25001874989393,2.80632125514653,1.2203137405673,0.424245211429066,-0.186865843818984,-2.59566140130531,-0.109675597749079,0.193294622013484,3.02784935976452,-1.30158102808699,-0.399585385316361,-1.97393553427047
-0.967679310390202,3.47631791804369,6.25363581260844,-0.057935898587847,0.00516941195400186,0.0137563080307283,-1.05669171832368,-2.45630538313062,-3.83132803119754,0.215892554718783,0.481864925882596,-3.09634326587888
0.356128416390763,0.521440765611888,-3.05599557299095,0.285860955308237,0.343035537658038,-0.236847891370847,-1.19224452235688,-0.0977184710718938,1.223911321436,0.559238979128259,-0.319712084570409,3.50476092744772
1.15363255786275,-0.259543442423945,4.68816522228802,-0.768777842615556,-0.769208769185549,-1.41623970024866,-0.161263488039223,-0.320911552765026,-1.47872198939737,0.0607370336386844,-0.0736603891569918,-1.65623811604041
0.288748220951668,-2.22939664988471,-5.98711118263572,-0.380148901073756,-0.665789000477478,2.48599366664045,0.115463447427488,-0.282654166370918,-1.68573362571711,0.316012129142197,0.63452139585119,3.17217799497675
1.01941008042153,0.805566531971455,2.79797897960169,-0.223993751917205,0.242325923165181,-0.920392501154977,-0.173826386224156,-0.179754805683465,-2.41300531730985,-0.221096085622902,-0.18665904259706,0.80056201906364
-0.58217663411785,0.209114138950801,1.11772100914346,0.14941996534461,-0.159045115831481,0.388451092829908,0.0178146301153384,0.0878437315689652,-2.8237805676517,0.0810365231624747,2.0519711395672,-0.755512871638791
-1.92257040992575,-3.32043080316353,1.31757719568808,0.265887757025365,0.026459618651038,-2.79575413500317,-1.66822752820341,0.944249698448735,-2.46018242891215,0.361579481140962,0.283717735132424,1.25739207379627
-0.945949384001395,-2.22135145975977,4.93143234226669,-0.233519455328437,-0.101814234286434,-2.55826906257645,0.0903684353425539,0.229419354487593,1.74446114356794,0.934203767150737,-0.00648115537420221,-1.77884881701509
-0.341179291987784,0.111223358004644,6.4141963188133,0.970101759197694,0.242226947349791,-4.57551677725335,0.0661644039239135,-0.0657487405354405,-3.07110027865048,-0.042652549668004,-0.397068705279696,1.75175328609553
1.81181529657782,0.84521220072221,-7.85198822503601,-0.198247589331438,0.216820084511977,2.72895322402077,-0.148983178562483,0.17790857845032,1.77907586935345,0.0228419242094207,-0.17385483925302,0.174154132933774
0.047589305699328,1.36171391542228,-6.52872311004416,-0.488906616845989,-0.0105141311506204,2.20926105166294,0.11131327477656,-0.0245521827317041,0.308394724582014,0.968223471136818,-1.03673153621027,4.22896730158816
0.156019449599092,0.0634056086980756,-3.24856817898496,0.314432182371367,-0.0592897854325581,2.11067356406126,0.0589048860073338,0.0732256745729297,-1.91319711451993,0.297432691894014,-0.102360336922769,2.94885232436236
1.57486100688359,-0.897653912990053,-3.23862866554501,-0.367946059784319,0.190305630664853,3.55809100359938,-0.437632386925771,-0.0139473859295926,0.369980495745915,0.0687180295715028,0.0788574105086539,2.24775425353583
0.223604769686337,0.347280476878078,-5.32196005729389,-0.0397541081256285,0.10947180527953,2.43060575724205,0.104168570877962,0.118075753409454,2.5128277386851,1.61639593293876,0.217740015580477,1.92684814631102
0.89154660691013,-0.480434828836059,3.62876384971664,0.046025120137312,-0.346753949335945,-2.97622418046185,0.0238987955147525,-0.0971270325646179,2.13947290611859,0.44148255168079,1.02396437076707,-3.06156756281179
0.165668908167408,0.648509642811196,-6.26127077387554,0.002443113316899,0.00405799967224346,1.43678498362109,-0.109538588959161,-0.0106926086273893,0.562879078562505,0.535250166617574,-0.556881373508604,2.58188792052907
-3.78399719011511,3.58508773889288,-0.669966007979569,-0.0993476364545741,-0.423835343643744,-0.198649761641416,0.253743460409292,-0.0497357936142732,2.27112803719513,-1.26755730043768,0.0490983031807444,3.13110895377077
0.784980944434027,0.118124817289923,-2.72254908521725,0.0366268914220081,-1.1925461131718,0.253609562456043,-0.536483459064009,0.298631552593298,-0.378256086259466,0.295884004488572,0.731261264705009,2.44634198859089
-7.21403986131717,5.89471759791369,-1.6987997692308,-0.159013124211989,0.160304732063558,1.61282943284601,0.28277761598402,0.0259059192000744,4.22441371866725,-0.234707441870096,-0.408086977295703,1.04984116501683
1.61802439896011,0.405950992312295,-6.18048575472668,-0.213306782469114,-0.283346252672067,1.73934676941487,-0.470117989065725,0.00923212051162834,2.26095230650592,0.201569526177699,0.319534599007551,1.65709661515077
-0.852175826834631,-1.6340411862962,0.593737113683571,0.464577321240435,0.258517413436795,-2.09654301646307,-0.409415169883266,1.07274006544114,-1.81830170295995,-0.0308616389734771,0.0116256359437926,2.62663820075237
0.272009997921058,0.761292407699041,-5.68472967967445,0.492781489943937,-0.0285607042252557,2.33616709945554,-0.148754712598278,0.086567532553117,0.267971885212784,-0.542827716759545,0.762151676379329,3.4013367923061
-1.18739778498364,-0.22844189132303,4.80935477369182,0.419632156380363,-0.191871165407273,-2.57233031620204,0.714156098241446,-0.0206636298747273,0.612797748339878,-0.16187488706023,0.056226068019536,-2.95996040315965
4.24676898169299,-0.285636463914414,0.543741293090502,0.579840515753719,0.699114368726351,-0.974953984094355,-1.74242763150511,-0.770991113708328,0.402800606853724,-0.777728768885259,0.507980489228401,2.44725574254197
1.75938508149337,-3.81375026045967,-3.77018697885084,-0.0570696223960798,0.137566217177412,-0.50378707423331,-0.287666684841971,0.445809301579859,0.968882662470655,0.0557317109292462,0.14228825409407,3.23230001666354
-2.65809769138285,1.09378778072179,4.8897701441576,0.25390960143201,-0.474217831910081,-2.29379378673067,0.270252324321911,-0.0493152471753571,1.44459780325634,0.07525832332428,0.0352822445598625,-2.43512558893041
4.80480770554534,-1.33833804610607,-5.95675532692435,-0.908149581809348,0.329837633555359,1.74336621508312,-2.22930393048191,0.264747847133777,2.44199258924762,0.259076216727027,0.0577808721327195,0.989320295722791
-0.103238085928701,0.38588626721444,-6.38807220055388,0.423507658265721,0.317522214764701,2.98361373459855,-0.185332145744343,0.267900865240263,0.849897049916937,-0.340974265369593,-0.793577847888966,3.00748728861291
0.247564761804035,-1.4633329543016,4.05116262004671,-0.0197029602688704,-0.17159946550901,-2.77215165625768,-0.166800503468293,-0.14834805212061,-0.0341751073859403,-0.515759019262727,1.88787866699845,-2.41842435318786
-0.483288802118835,0.698777553091032,-0.69205764276198,-0.131669447620975,0.148890197862645,2.43070567952598,-0.269466554805758,0.644803738471001,-1.97827189813513,-0.446453786457793,-0.959684389524876,2.52351846269564
-3.07854920207519,-0.715512993547077,-3.67886300581985,-0.101002040619888,0.171309699968303,1.97414423322157,0.102994428645134,0.310508868118059,0.765423515129125,0.109348299333085,0.0451227834349037,2.46910422631533
0.080254276504225,0.223543860967306,-5.85359346454819,-0.205812348363173,-0.120365275930383,2.61272133883256,0.0118158514235707,-0.00329388742080082,0.482195012417278,-0.69536634260831,0.589468453854701,0.223028514128089
-0.353849958857051,2.26414150079241,-2.22999693872628,0.0722942021702202,0.36576129431589,2.01388995504066,-0.0580891957190953,-0.176518853464781,-0.833869123809803,0.254293603989109,0.0944989172622018,-1.70063212963529
0.431062410948149,-1.80696177643825,5.75928464140202,0.521940568945823,0.0855286876636624,-0.921009587181107,-0.0520575543476599,0.841579377560422,-2.07309270255234,-0.131292817865805,0.00561596895401821,-1.66741159101367
-1.10059771404945,1.46383448041066,-4.96641086813156,0.11570264717273,-0.0699098907632067,2.04385228786273,0.182174171931553,-0.74242169696728,-0.736606301355563,-0.178554444010652,0.178446475343681,3.18549373360934
-5.07588283601919,-0.767508126476536,-3.07213495354529,0.139118112148432,0.0503132680319067,2.68345270260499,0.846499720712546,-0.342267302284377,-0.845097257906663,0.083960910609104,0.0740896321718019,-0.494681638927701
-6.54795619460062,-0.765420540636758,7.07276714950129,0.600139604323273,-0.00911780407669161,-0.284454445928635,0.202495583103442,0.0379928502067854,-3.07709054582114,1.63281712998116,-1.06305371232203,-0.917402690843835
2.40071920551355,1.43838720959618,-3.77024421128788,-0.194888101895796,-0.967750991261234,2.20363029772287,0.0779664066686863,-0.00671002357594684,0.680532036084901,-1.77130768174996,0.472894710903399,0.790788655160246
-2.56109138665855,0.4038044270108,-8.76598434406374,-0.342563051464456,0.270604594822032,1.05047774230268,0.555255586874775,0.541403147556305,2.33748159603954,-0.281955817271197,0.689243809485305,3.57191666090939
-1.65485563305266,-0.232938227545161,7.01292754448043,1.8496656058504,1.21392976469774,-3.25329349189057,-0.303471261152876,-0.175961773560108,-2.02047331786261,0.311993688472675,-0.194056174949467,-1.67744492450683
1.20322144045989,-0.365264190089004,2.75619870336388,-0.623427250005785,-0.28805401171885,2.1822187508728,-0.203775114057636,-0.357149792792863,-2.1571393557325,0.133170122579629,0.227370758220725,-3.41512061514268
-2.18338299149723,1.50856494764554,6.08214050446169,-0.0722037901262997,-0.0398167274230945,1.05458112918183,-0.177579676430412,1.20258725174272,-3.45140525203262,0.451897119664457,-1.02904663382775,-2.28716056579387
1.01634506899156,-0.700374273447568,-2.8663591441486,0.246257207826755,0.333551342306824,1.91956867249874,-0.145530364527001,0.183311068622989,0.0710616616167724,-0.649738791141677,-0.216696118556645,1.80974265680514
0.698827555137439,-1.09153397390748,-4.19102514743196,-0.0598450659330757,0.0527240827106212,-1.17503958247653,-0.789684979115543,-0.336016471567676,3.10488902396446,0.306337633955389,0.882849337964425,3.37928044854911
-2.14833291292696,0.626881998080647,4.4697361126871,1.01741867845892,-0.326217167829063,-2.29642838079908,0.436709249367646,-0.0701909761997316,-0.710394726730834,0.00162570816847197,0.118059866047723,-1.54580030109024
0.710564589219969,0.32294436576165,-7.96211911262304,0.455278848309021,-0.218953911191974,0.0745755036894744,0.198341487545692,-0.409772530632474,2.71531493167343,-0.133366060829693,-0.597373712641735,3.87449031926568
2.41332002416071,-2.75117932520137,4.40798259887156,0.095706028088195,0.363176252520198,-0.919432006159072,-0.245301246243912,-0.00950928293794721,0.161579589731247,-1.36813576464355,0.934205638038694,-3.71134561003618
-1.45538805725197,-2.28523419779969,1.66280724161271,0.0660991306629572,-0.0638313734496113,0.765794006533082,0.607715334314412,-1.20631138316265,0.124157303380079,0.29398540054495,-0.127014367736855,-1.36523753503739
-1.64358883779715,1.31255127301398,-3.25197040948903,-0.334626038546209,0.0230359915084499,1.29173176343995,2.17795002948712,-0.304373795955378,-0.434204889569301,0.727192141047676,0.339917390139385,1.09295994627312
3.07378312844911,1.168171980239,-3.79039897095446,-1.20943606755018,-0.594359704779505,0.450451190282639,-0.136866439351182,-0.3811001736669,0.864921182413996,0.631012892397872,-0.519929530187284,2.65360995255285
1.08314077159496,0.556199037060931,1.29826233643311,1.04783598009429,-0.713288074308976,-1.69709519372386,0.121734926770357,-0.223712946481393,0.654043193903343,-1.0595591343018,-0.289415590748242,-0.866431998615761
-0.588575885138967,-1.59684882213705,9.61492677242507,-0.533100296319798,-0.647173170446741,-2.15989472965067,0.178982249339372,0.46411792000431,-1.30203654836476,-0.171076462100998,-0.174825469257898,-2.21660078376226
-0.823062321101231,-0.359486573676981,-3.44203870560012,-1.08116514938387,-0.457796986758736,1.21812019155921,0.148627134425059,0.316763867021026,1.02505388890157,0.152455836220277,-0.229224918484869,-0.624504395624536
-1.06165171138986,-0.888550914158168,-4.46417906446875,0.72117064284767,0.12633485247722,2.9392589566596,0.0903453463161553,0.0402985690195466,1.86241894458363,0.14951474047022,-0.118221889396403,0.203292508224409
0.3547342225179,0.173140813728136,-2.70124109315634,0.450028325287053,0.824046293585098,0.228166932928588,0.0684912573939539,0.00638905511038432,2.00719568870318,-0.023187042436575,0.180365161246677,2.57443556023986
-1.16838938426351,-1.14256536510266,1.11681690093101,0.09258024413136,0.0263259784765847,-0.882252793798163,-0.115089308701469,0.120621664817876,0.920369537642859,-0.447318354966861,-0.268559933159523,1.51903717785116
0.964137014642292,2.37062107749988,4.01794304718091,-0.0315309085487031,-0.291775788832125,-2.23706694097914,0.149299145353854,-0.110976684649979,0.353167216794912,-0.647378280660554,-1.43904897581171,-2.56492140654116
-3.05373709349159,-1.34397446807822,-3.5261990599872,0.126521785169342,0.106191622251437,-1.8127292388864,0.562299501230105,-0.103945839297038,2.11787662425511,1.82994011760195,0.913306856307372,3.74288987949465
-4.01232055129648,4.66251516457042,-3.71656034656141,0.0217847607534285,-0.0710026453951187,-2.37508306071738,0.575543524522661,-0.440032317267366,3.26505643784799,0.998578901971046,-0.488690974349408,1.68573657932638
0.603496881082952,-2.9057994330725,-10.1447524259295,0.0368359395720704,-0.0724412738519472,1.19092519742089,-0.579091633341967,-0.0618638254755784,3.48110443850563,1.34962338694196,1.36363893044257,2.57629826865701
-2.82166296637818,2.10425252094337,3.52737399958316,0.431910769897592,0.187524377894011,-3.17933260845295,0.0953195242677175,0.305319802830816,-0.801119326399132,0.708872552983284,0.165954729583956,-0.51045776783786
-1.77007114823596,-1.93624002836043,1.44371434558561,-0.223382124021666,0.0965216062041569,-0.905342378115554,0.29090546357882,1.11142507844295,-0.218501726367235,0.0905763347591166,-0.277873864392491,-0.869464203370032
-1.12659202531443,1.41179870311943,3.50476397236188,0.624849109858043,-0.551705602634657,-2.41702809323246,0.0548799771802483,0.373798755116222,-1.12465449517382,0.477309378812066,-0.86292885176171,-0.20188559978356
-2.6526462306944,0.0726195115165388,-4.94627416394314,0.0930670207652692,-0.513136268556047,-0.436492846088694,-0.105658396268662,-0.442076022312811,1.77119364115629,2.3920785389585,0.555407009651339,4.53555166883181
1.50715302250925,-0.190656111586066,3.66873356285101,0.191697815542164,-0.0900443361312378,-0.483987353575083,-0.265343982476773,0.894573224678131,-1.48388649915854,0.186105206700592,-0.317730365611791,-2.64012718779027
0.10042096168122,-0.418146416546886,-4.44975447415113,-0.317579418369479,0.127923012437751,2.46893278007413,0.155173767557175,-0.00664528786840457,-1.56983793202855,0.110521587773171,0.0441284467461434,3.07239238906181
2.93723190217587,2.23457608229872,-0.512227050386065,0.46116102207551,-0.0372995153730343,-0.619099581817626,-2.21629450276796,0.828766306776826,-0.451477014366645,0.0266898204719179,-0.23267450327382,0.255087053983973
-3.45900573862157,-1.84898608950211,1.68395951035371,0.112093214311085,-0.121859030134255,-1.62899531410492,0.203469847481913,-0.229740848542258,0.477278919530535,2.67591444732645,0.00518742637095564,-2.61270289060978
-2.33322410256763,-2.64817335412369,1.18922966599907,0.200104384139288,-0.11722877290734,-2.10084109833347,-0.898214081601553,0.503211526488087,0.716925938057799,1.54160579684644,1.01076513434026,1.36110981158646
-4.53563628808693,4.21293342223466,2.74352747864592,0.0942222747507213,-0.650183856043354,-2.85339311896263,-0.340870268425453,-0.0990390517887113,1.71603160600505,-0.329733311532918,-0.57217897226496,-2.07967956588912
0.442625216445216,-0.57505572559961,-2.06435103501457,-0.236603817534493,0.490107980660134,1.89550204712111,0.301515738497075,-0.0308247245989498,-1.14912541123046,0.168366515173207,-0.262278010709408,2.94535970404733
1.23762700528882,-0.380396513686516,-6.73764244981446,-0.0787844586372776,-0.728446189548076,2.80134312147204,-0.344366230258418,-0.245914902858249,-0.124409080808659,-1.28662459795532,-0.0354550651463297,2.38713192856554
-1.51953328488794,-2.14576201492602,5.8871132923321,-0.00638958273712064,0.332688955947912,-2.64502112887581,-0.132820973503746,0.16415493758438,0.400570327512276,0.0675750557004654,0.616524840316109,-4.09634007178795
2.90522281792394,0.989006728892659,9.67626002917306,0.298155230651426,0.675460337291182,-2.45211107437206,-0.180580836995633,-0.027773752308087,-0.424697118978336,-1.68765286307361,-0.282656559081308,-2.98562727683809
3.27884191863845,1.49616174083329,8.36551744916713,0.137761230545584,-0.078207271099887,0.0122580036929718,-0.845336858165655,-1.18175659796341,-4.09907623516756,0.610499212863721,-0.85516243303695,-2.4022594965704
-1.57575624550692,0.576306326858648,-5.25987399450916,0.21388103686347,0.176156797464202,2.36682375924621,0.0586214576426671,-0.146442060415855,1.26448255350002,-0.114104313437333,0.385463940262401,-0.126771580599467
0.257119661423195,-0.160715467117937,5.67338462881672,-0.0896665813994254,0.131957067666815,-1.83484568386527,-0.19627913208899,-0.46592235876318,-0.743564643417617,0.00781178059704802,-0.520057001942641,-2.86013810390058
0.676921957421675,1.31133629084915,7.58716767821722,-0.0152554229453985,-0.0514418041755631,0.771509621324949,-0.322199398772745,-0.79604146242547,-3.81145223577747,-0.0520032368623562,-0.0104029771495397,-2.41994340979611
3.90842571928014,3.69880406818523,-5.20445534372157,0.0967844901185052,-0.112207254905861,-0.382627771565834,-0.844881859198755,-0.20419977740299,2.58512815241503,-0.120296247652641,0.109710910422142,1.27520888036262
-3.90646025544737,1.1192233432754,-5.00213686259475,-0.0637707421779165,0.594046852394087,2.01738184427437,0.134546805248729,-0.423544117757651,1.77485737613147,0.177692935549497,0.414779302099619,1.65602898124384
-0.601086423392601,-0.926119784128681,3.64943834588646,-0.0903413654338541,0.401938594890383,-1.09100331546745,-0.0544240328415262,0.313099216681081,-1.95285763738119,0.418280930063297,-0.667005594357362,-1.01192595493126
-0.278734947591325,0.940077480326398,5.58320279535377,0.000793811657658686,-0.342569867544358,0.0154164351322793,0.564659874322392,0.594199235083575,-1.76589064714789,-0.0833868745186575,0.109863960927948,-3.61676995309846
-0.624781602800707,0.553199866359509,3.61385893685115,0.219997527515756,-1.02671045934168,-0.7965290592599,-0.610069691059216,0.555983442701148,0.152487777827042,0.883739847726422,1.32284499310598,-2.37337242679825
2.07402006462054,-0.165250954923084,-6.0335549746986,-0.217591950120981,0.0541683077055986,2.4226829170588,0.438244927756566,0.423285795576387,2.41064756211394,-0.0199304197960297,-0.0843674683508417,0.64073721858443
-0.450838160934777,-1.46641843217276,-7.24227007506501,0.261800631328021,0.732009284883121,3.2139817110679,0.274117244157875,0.12738573929865,1.24238727001474,-0.293590468389129,-0.101422431471527,2.24601715237443
-1.71123761951952,-1.25961416287913,-2.6183652838848,-0.552213108234559,0.165080611202762,1.97965460161486,-0.0120246761403165,-0.279796698920192,-1.17907540492467,0.221315391712119,0.759534672078367,3.17125747644188
1.58038054273541,-1.02134675077887,2.00193829031216,0.0287180040183036,0.402061796316022,-0.824940334963086,-0.11992184273806,0.386586813981847,0.135076912620742,-1.58444084264399,-0.327065550733357,-1.0424905944972
1.47948363876615,-0.752580310151682,2.50413512236611,0.268057937631121,0.0116898588234937,2.72678366525087,0.115186431802087,-0.0598387786936158,-2.8310754810842,-0.119083191280904,-0.0718884397973181,-1.77122820380298
0.499904060170525,1.32757680691975,6.38830915761001,-0.580186034844436,-0.0824942391494698,-1.98913333065381,0.0611553181391264,0.255627243939095,-2.29955558163163,0.574628334947949,-0.254880290178603,-2.1830554410756
1.77412414913728,3.35326563656641,5.68951922391703,-0.0135904423281314,-0.0669829988323193,0.450587350182501,-0.55972441786979,-1.93774342844211,-3.20194429050265,-0.00252833699845594,0.161969231259373,-2.61213516914435
-2.14678609907277,0.472506518424987,4.33905571250009,0.174838478382488,0.099042973572702,-0.0986162819123763,-0.31390552735575,0.127606911799854,-2.16618197729106,0.851882775009711,0.298107493865836,-1.82600670082113
-1.58501998714226,2.42152554139759,5.31224368608023,0.0346601581564805,0.0497717943034708,-0.707317738785234,-0.181549000567214,-0.341306502217647,-1.81507198524644,0.0110955890389965,0.833638033403863,-1.72965604894952
1.11653108350478,-1.3551898086964,-5.57252067287206,0.146942924695659,-0.102366503435059,0.268747969236932,-1.22607892733718,0.447917934622688,2.29621616344929,-0.0278373434949324,0.0690897131041627,3.44685330797558
-1.77254385814193,-2.15214179697537,-2.57876004815398,1.47679974113039,0.562519659165339,1.68658977623928,-0.0533432235894772,0.116950820874497,-1.47178082167186,0.356497858714495,-1.29672884244509,2.03421138925969
-0.537920354905312,-1.98001390906883,-2.97278294344825,0.0779210720480039,0.0798332242395682,2.27213734331664,0.0503430510036399,0.629613093110218,2.31681856415876,-0.302216057559595,0.896264969703049,-0.347829758397683
0.586438827951656,2.92235045824815,-3.48734622686139,0.223504776177497,-0.117554283636339,-0.524383452409257,-0.236352533620997,0.157309493295176,2.26639903745221,0.549436696602985,-0.47212634516404,0.679529884176998
0.850955648579629,-0.456055026070396,-4.9429423844018,0.0967521458377577,-0.425750066808787,0.343204564661972,-0.2003821904604,-0.191319992745105,-0.114408014493755,-0.140912357421107,0.185511780537327,2.68847654442337
-1.84198740907757,3.4700650406962,-5.78520940084504,0.570423755404977,0.0576828042184595,1.84245389219376,0.596886534657755,0.232022921012007,2.97136024333889,-0.147350687248267,-0.767208851172576,3.39892050961674
1.70548828592812,0.391401500270661,5.51147108190643,-0.0187217382710384,-0.136716412732169,1.18988265054676,-0.134041575292063,0.744520749694627,-3.01994469134751,-0.135765545639834,-0.453187130799469,-1.9739742450786
0.620390216557359,1.15697466990546,5.94959714410489,-0.424401563787767,0.181983886815459,-2.64492488440662,0.188072852831787,-0.153552413020581,-2.58680481088784,-0.254745010583082,0.191282159209008,-0.932263598731212
0.777044334429844,0.0556112805323776,-2.04869320665128,-0.968873511361208,-0.985024940897065,1.84023415308695,0.246623543181546,-0.217674044717498,0.8461360625538,-0.00209660761092132,0.123848756603547,0.0687433302158894
-0.975722073408142,0.370785211174019,4.19554032079198,-0.0748765706879814,-0.0825712162917342,-0.26879039104424,0.395888214478146,-0.631513908663566,-1.24664805187633,-0.171515147356572,0.209774293750727,-1.51815247423946
-3.01929096130022,3.85458075194713,2.81007913148378,-0.093881667833274,-0.0495427345662629,0.662877397239415,-0.0324129096321762,-0.0365226959751426,-2.63822803756528,0.192977167219352,0.152404725683397,-1.82736935225123
1.29666509974566,-0.365264788577913,2.70839377753549,-0.0436841662515077,0.0431688967443644,-2.14566559930594,0.0430643125673717,-0.019091781005272,2.32388313235671,-0.315088788627346,-0.494203882791269,-2.99652567673439
0.895256747296691,2.50657768692578,3.91855667665223,0.607475623424771,-0.342546241354756,-1.63502180293303,-0.797778636076595,-0.80056970263842,-2.10385382190985,-0.0806845250481366,0.468004797465335,-3.29441574448596
-1.51602785039936,-2.12335712205044,6.21503010505036,0.445362128624128,0.340355422952732,-2.16110114768705,0.89208857232358,0.028233034921607,-2.55819145721788,-0.214679666385229,-0.243113876174606,-1.57198857343828
3.47238654427403,-0.711373533761719,1.66073225822122,0.0388297574931137,0.423579776369714,-0.79201567840632,0.413824619966354,0.119119688256855,3.0830728469239,0.0108808886809727,-0.521397760715911,2.15055303623909
-1.57340562784219,-0.113745673345584,8.53216150581353,0.765218369981489,-0.130402270736184,-2.93405960854631,0.0617972535904565,-0.322801017054276,-1.79125267100456,0.274997375395711,0.124028855204387,-2.20591018744821
-2.32628647954831,0.444797430453863,-2.94131709960016,0.234543915242289,0.261043221748293,-1.28362743248845,-0.678636142291007,-0.632681154524139,1.67551049732125,1.33985392129323,0.647098594570849,0.949111057546017
1.26979168075737,-0.852389924799448,5.28530541692044,0.109500958755287,-0.0243835642853379,1.05193567878791,-0.572509814754117,0.929975841093483,-2.55853937225331,0.412890573875228,0.0470156027561993,-1.79748492194221
1.28280826188613,-0.133620546588712,2.35510929571777,0.423529989876875,-0.585488776337271,-3.35138877098748,0.339108002714314,-0.247212848893353,0.862224970678174,-0.886102923586553,0.0769714785496856,-1.05782653425781
-0.443010494654232,0.395357427803892,3.07426209298352,-0.0101620972336997,-0.283571570584938,-2.24215732421546,-0.171667751664509,-0.282502722722276,0.607737075683235,0.194164530865289,0.215579017131966,-1.90775067535576
0.924417992005073,1.67478556721292,7.32129206291586,-0.211561337963057,-0.204459135934963,-1.84920725554114,-0.105771676606609,-0.0266868210334447,-3.44121075583441,0.788249693672412,0.362320526069995,-0.360149812331976
3.1501787162053,-2.34797466381042,3.06554343693563,0.0987272699786435,-0.24336000075348,-0.0993164965102264,0.0948008861854536,0.79937440670773,-1.54162385879951,-0.202868788444088,0.15574021686471,-0.749587454762302
0.719887676453979,-0.345724400513253,0.516683045552238,-0.0994261849760986,0.21156700467435,-3.13283126775687,-0.00261838629627175,0.0860873190067349,2.28487471878558,-0.597590550492576,-0.242162266594679,-0.465846583158259
-2.5892429479452,-1.70800776553174,4.87115017484831,0.0564941859643742,-0.62892384066108,-1.23544424656548,-0.725782384204746,-0.181022259706654,-2.75923127222575,0.822419740655416,1.28904548408367,-1.19853837895823
-0.394860239898143,-1.9658829648535,-1.00596186310819,0.251383477488001,-0.140789148522205,3.53691964324312,0.113117967305542,-0.0982712571790443,-1.66653470367462,-1.73535028612664,-0.133226483311371,0.473146478374438
-1.38360146523835,0.663616732156688,3.48550917790102,0.218640067454002,0.71453915536775,-2.71788565793529,0.151023279554936,-0.0590186769664459,-0.154531285326427,0.135013703009215,-0.209116797835977,-1.92956514807403
0.567583417697566,0.894962260481532,3.03583596959431,-0.0147373104832864,0.344383310681237,-2.11747396664654,-0.327595523131544,-0.218028370710384,2.03399976501839,0.217203372212721,-0.336770665057476,-2.75153883882846
-2.92545976943493,-0.901026116350937,9.50928238186364,-0.126532292676147,0.747181706578189,-2.3397988586692,0.603311107955344,0.0306648041517419,-1.45379046073692,0.302412782510611,-0.508535423739853,-2.99634284449075
0.0230252267548015,1.29063283323417,-3.94133536913722,0.032550743499863,-0.18514708261469,-0.858916690389466,-0.178057560527311,-0.654182879438905,1.87500544440605,-0.193175036551164,0.0985722880311821,2.60297384286474
-0.909592337811073,-0.947757097779148,-7.70571794025989,0.362480075687164,-0.379975670569274,1.05961581965151,0.696621406146486,-0.694105053290286,3.1313188199351,-0.309901102235168,0.749251055323194,2.58482699929697
-0.146173581105493,-1.00853661872079,-4.98161337165985,0.00622324986087015,-0.641443913658009,0.0681832799148313,0.00354292019188636,-0.0611283546243434,1.84277708317271,0.173614636133679,-0.195156356957064,2.93901062206481
-1.2893306561572,-1.14117899403984,4.55338117929383,-0.0857946054700936,0.130631676429955,-2.74153621032193,0.271261305401761,0.276940005030871,-0.271486012443423,0.486662269783689,0.0445970702147789,-2.12871616882198
1.17303463562685,1.83019978594621,-5.89198521617399,-0.106897723867758,-0.300217753191456,0.279640883192016,0.064786551769115,0.123579615781751,3.50496408687798,-0.532782167496777,-0.844766994702885,2.34200310360487
1.89256073993205,-6.15286672566854,5.0208932174768,0.226607616050488,0.434106113908712,0.924476547843509,0.0408478175346305,0.09541599534544,-2.68863781719623,-0.0812105745517741,-0.384583595197303,-0.778309891251237
-0.48682884364468,-1.44172635318782,4.97294778175744,-0.0953133500649206,0.0230550448478412,0.0552656753669019,-0.430347005101633,0.625107608230271,-3.17463373535685,0.114367371507989,-0.299462465182772,-1.87498554532779
-3.4734169732196,0.938378383795897,3.32622524350401,-0.0280720615117985,-0.44288423979104,0.307493759453413,0.523111243904994,-0.789277134756378,-1.94754021560195,-0.0163718721971408,-0.00784212588529898,-1.56623684297139
-0.972342041807723,3.08438680240888,0.25663071113665,-0.141404017224339,-0.824728768309932,-1.36204214355959,-0.000641687915126353,-0.112709119131734,0.664014529420414,0.0218786275927134,0.0602669191033914,-2.11204426729772
1.18584438076782,3.82818173579155,2.32948991919492,0.203468415012123,-0.217889161974614,-0.365800352661323,-0.0744376830026987,-0.306527149983972,-2.46225528148553,-1.41962568469209,-1.17333833750315,-0.0544586866019565
-0.740618922835925,-0.969641338798587,-1.59041734122915,0.0102464802211902,0.0297702130999827,2.31167869234369,0.0138651755398549,0.0455333259014951,-1.12916535914936,-0.236358442222173,0.0881704116665172,1.59683799824189
1.00235488635387,-1.1750010570854,-1.35367288388093,-0.142850930717081,0.177387561070616,-3.02058331501601,0.193718543766099,-0.0359434565202868,1.91464958685783,0.0659186093989273,-0.103030144214315,2.89278233253316
-1.85635093850125,-1.49787856957959,4.59151746082567,0.159494556590386,0.12256947495661,-2.50948329080513,-0.503674043210534,0.798672262374526,-1.2785521279568,0.460740528440602,0.0295509527388104,-0.870949692349423
-1.1667528413988,0.846524546968445,4.70552606731331,0.576744243065883,0.125298468620837,-3.19016353725468,-0.190051433579609,-0.0675998994658975,-1.5344848718015,0.51415199049656,-0.337554702721907,0.0912812570125012
0.87853796935302,-2.74335919524201,8.48509868665033,-1.40394670218577,0.574812895262545,-3.98509126110781,-0.0939755530274203,0.581451070019562,-1.48238954910877,0.098697716315893,-0.0542325493255743,-2.72531300630814
2.59656525506097,-1.53772673437005,1.47412129194339,-0.168618795038291,0.0844241524325921,-1.47861968454226,-0.644316536930375,-0.487755556169548,0.380367863705404,-0.412109767282184,-0.209530639794212,-2.50779137935702
-2.67715987996326,1.05711622774003,4.31866975861797,0.286878786115944,0.2201855310525,-2.09694248666356,-0.270447595369405,-0.100221932751379,-2.60689501878881,-0.0392913470186578,-0.0166069214930752,0.0702250100915517
0.738569581113323,-1.1336525633619,1.36631785273915,-0.570369401570935,0.348361844876149,-0.909860000591274,-0.101765426842114,0.920490002021547,0.334620386383719,-0.0586058327969949,-0.95950491830484,-1.55245885347181
2.30535009125151,0.717031646764208,3.74689736094939,0.112472128536143,0.347228519873673,0.342073301655785,-1.02796292956287,-0.726003001176436,-1.3442337176342,-0.130101863730923,-0.0602590119709152,-3.04013638040135
-0.0273394557295117,0.571701390647421,6.36254872992497,-0.224970631805914,0.248465378955414,-1.79224556911025,-0.060471848503964,0.388062123950422,-2.30900388116001,-1.02995259156804,-0.299119158699522,-2.98083512473851
3.50246207635352,0.321931970000642,7.34467266740705,0.0541795927310362,-0.0843803466115581,-0.120992644711473,-1.18871373398866,0.625463074477359,-4.54884574068771,-0.223796323516331,0.26722119298587,-2.47425820105763
-0.482269689755216,-1.35022988295879,3.65389582164081,0.305815867341675,0.462142146844214,-1.91599452645889,0.562171380517403,0.366411333415059,0.665091832074395,-0.0396930936171639,0.062547410259263,-2.25100940404731
2.24169069743213,0.0398753701926056,-1.32958018915954,-0.166051589846788,-0.092034415110089,0.083927396237386,-0.0683039951158611,-0.0960523247571654,1.51388710440175,-0.0601582705341025,1.09872171676737,2.40347734483514
1.07235281579171,0.547701920520635,-7.69795595899416,-0.84814036209843,0.00682846553197485,3.86465426823257,0.339126672608238,-0.657412899569146,2.31623579014083,-0.0368442120560891,0.120888016701067,0.326259461918412
-0.767627901493043,0.505385397681956,-6.69018862608349,0.91613021463414,-0.0856582569659612,3.11758638170431,-0.21716894452315,0.341462875830134,2.81256592117652,-0.129969546036914,-0.742418947514712,1.54829486089063
-0.288450465340627,1.15203608805999,4.03942458462022,-0.874318744779832,0.206231360588808,-2.4907661926059,-0.42066046588375,-0.343608386716944,-0.253996924675703,0.0489421645792252,0.109860960349533,-2.02559816014295
1.19586994378602,0.606780351892907,4.82060308140224,-0.015361111585152,0.0536630008150759,-4.09601522867726,0.273137127620551,-0.00626335981255138,-2.69843585676756,-0.716468957223137,-0.0172079231828308,0.79220012359286
-1.94119502607859,-3.42836004367221,6.79603353278979,0.0242969876282783,0.128342207728746,-3.10864773128072,0.273252725192369,-0.0213209005881397,-2.00873038533435,0.0503511709693702,0.17814527057134,-1.21528412503247
0.383643170773218,0.728755941695961,-5.88442046813184,-0.556557151912622,-0.271620401440843,1.17541029886343,0.156279223762779,0.318905625205663,2.855587252422,-0.745673287010167,0.0770157398413003,2.23323483505167
0.504865040953248,0.802738883182151,8.18665336063485,-1.04158660665882,-0.574119087693935,-3.28964837565645,0.171474435817526,-0.792769468072152,-0.00321966481375962,-0.988162791058648,1.19036174801866,-2.92722192599175
-0.823561598845413,-1.42620031480607,-5.50841858957914,-0.201445622963047,0.169953278289175,1.08695533695583,0.159963633054226,0.0531783137256927,3.26008502589599,0.151398577486084,0.857826642137421,2.26045156569051
-1.39070414199295,-4.94493141298516,9.66860331858343,-0.0251850201774641,0.262589746763167,-3.87710343473865,0.292319113747911,0.53146641738795,0.0331049565913028,0.610448238299525,1.3627468774312,-1.2041482503687
-0.502539710775682,1.03742207231543,-6.48879203860514,0.464307638887947,-0.656680028817523,1.91314347389353,-0.106240546835034,0.373042693724635,0.595819966374577,0.803607806662907,0.401024502453724,2.51471545174393
0.404139909186808,2.9098916038229,5.24047316774487,-0.616513361442381,-0.121598663179769,-3.10492646144914,-0.0450627950132596,0.105161495727108,-1.49556352161002,-0.556398166352427,-0.78795635788194,-0.725104560440517
-1.47579163315246,1.53965251110505,-4.41237727193818,0.725675530405412,-0.32129232509074,3.47093471055619,0.0309332276959549,0.169512578122307,0.313335398438543,0.314546381075193,-0.966679966810638,0.831567016334674
-2.14200569089746,0.753085059217494,-3.81799888160851,0.193659317948475,-1.28809076310788,2.39267783206542,0.522229800153397,-0.0523895106171005,1.90995832959711,0.177615720911652,0.308131769634017,-2.45592091883746
-0.0587386108225747,0.204444706895572,1.41010396707568,0.107249139767335,-0.246508443320099,-0.853771591298072,0.610593321143321,0.344104449352858,-0.00313941580401167,-0.250908397828843,0.0894820362610546,-0.911926087514125
3.58971974394464,-0.966124977348339,5.86568248294021,-1.28566248717165,1.05741293013997,-1.92640826590042,-0.0629645569450249,0.225412712849323,-0.370668073147067,0.0161389500278369,0.386558692703002,-3.17892290261277
0.894472652707665,-0.614107602524891,-1.33743899059503,-0.0869835326096261,0.00059897429143826,-1.91575248334925,0.10125233085015,-1.04123735493874,3.1640322048926,0.0767486084942728,-0.421931296726733,1.33931643473091
-1.81981358745928,0.50112170697535,5.30749398839881,0.0262803225163224,-0.0509844418143617,0.649800032823228,0.574941606587087,0.108710980598203,-2.19752034034001,-0.310064168834618,0.665073241165333,-2.9900378336058
1.08393009842731,-0.0581743849409453,2.68688395203358,-1.20387172180665,-0.379599288164197,2.09945000514722,0.540662488826356,0.0674141158546955,-2.35291924008605,-0.353050130834036,0.566195283036952,-0.962430892171469
0.350888229679124,-1.38167349573439,6.3371836774506,1.15051264877011,-0.13571281666947,-1.85301869565554,-0.778237280213404,0.13601551589905,-0.762460111314159,-0.0040122285037467,0.714798484864449,-2.9272764741085
-1.24963809848521,-3.39998312620739,-3.32577297165896,0.0457457306238276,0.0654403554435427,2.74265872633023,0.336775033846722,-0.070932853104239,1.11547619137522,-0.85359712992139,-0.495445177284142,1.58158502729331
-2.73604859634752,-1.69714142367473,-3.79337821134278,0.911348352440355,0.152820796995647,2.58540508722667,0.0309394836999601,0.0728134385450191,1.55048553497401,0.949766289910844,1.26991497721275,0.551487815301935
2.60060504728514,0.136333868779988,-3.34725585668922,-0.26473414515313,-0.478088825041937,0.364046644169258,-0.230398213429754,-0.292305554708231,1.03120038201687,0.20949211283542,-0.0447360594119125,0.774676145160435
-2.22429048464184,-0.161558502923929,-2.12718100603881,-0.13292184651742,0.0362457381657818,-0.074500948089739,-1.01500701300736,0.407055975805299,0.905940124571266,2.00776374544766,0.564860171610807,1.39411912398942
-1.461767808412,-0.376217570162157,3.5461161465309,0.283242877786475,0.0958994094495353,-1.14271328483671,-0.14774787088291,0.230875296760685,0.0231518419632399,0.261963744960688,-0.00109677708812127,-2.06299247705532
-2.73741531716289,1.90270538864362,-5.9218129419004,-0.0621217630863474,0.396289871430521,0.86787508900987,0.126092611498356,-0.115681571140387,2.61421303821284,1.47040431926875,-0.285446363643155,0.452465052560945
-1.07768191243051,-2.72041852466431,2.92851385698247,0.162098773010652,0.0237127627304776,-2.82953429435193,0.0438747499947642,-0.203242036286398,0.64068568818127,0.00371044028048255,-0.0486118763835278,-1.8103420014876
0.0411073273084261,0.411709887394053,1.55332396533364,0.0776191739840902,0.442607262483193,-2.1604186719232,-0.376066949198918,-0.639379555471444,-2.44225753551663,0.569269962005563,0.506136007274629,0.983134012011913
1.29871726915284,-0.501858754352056,-6.5191710862654,0.316676078744624,-0.344261782251664,1.92549432355532,0.285326150666026,0.65691311375613,2.24314832132956,-0.768190812145214,0.203414595891578,0.689305305245683
0.626059768508836,-2.47170147115334,-6.16568314510398,1.02373265713643,-0.150825160340121,0.698779864348445,0.555657011797345,-0.166943707833327,1.78776953192538,0.165326632679823,-0.411036574443071,1.69626720349124
-0.48654071649371,-2.30094156706935,0.463547792934397,-0.17362613261517,-0.162466628570106,-1.88639751671556,0.302263649469901,0.182522678343282,-0.579009552028092,-1.51078249963846,1.43818644263008,-0.69836362769894
0.562967577097427,-1.01462792656329,6.5791107590959,0.0321680927377904,-0.0476565345036064,-2.81144225523391,0.0802275685986356,0.0432236461009312,-1.22230624915187,-0.41846299394162,0.486843218185686,-2.49561204172492
3.00796912370026,-0.419157496813373,-6.26246166215303,-0.191132422504503,-0.37089735592748,2.70687680415772,-0.0121665182041823,0.035010906487291,0.568184759305188,0.350133994313117,1.95942301637226,3.03881843066841
2.0417788765449,-1.14174456670899,6.51873926757876,0.00571770101656804,-0.198784875093928,-2.68718761901208,0.580373479136999,0.383039925898855,0.761155416144144,-1.96078123101099,-0.426935900986174,-3.35668035989717
3.2953663684113,0.662583777857014,-7.80718901000492,-0.656437904880863,-0.0937688728656031,0.839895160551284,-0.75036787805049,-0.0875204296814888,2.53138045172571,0.0715032720555542,0.150416990455125,3.09148352106642
0.626420231596784,1.46294636234763,-2.16064957002107,0.0165551381591958,0.204531818863643,1.62220139799773,-0.0337660948956333,0.00188169379422485,-0.936596247754646,-0.287118378728173,0.6508836579566,2.53368387282842
1.24088322413934,-1.35703447406925,-5.64527468245693,-0.791080476384887,-0.776716667624201,2.56082015061882,-0.139280108611053,0.104586778918693,0.432995425535154,-0.0179819231999571,0.220716778812474,2.88777396948704
-1.12879173626356,-5.59259206581926,-5.52122427430083,-0.0980304040110884,-0.17730847842916,1.63673874997947,-0.122465489935073,0.0378538488325324,2.75720051098027,-0.468457629139366,0.252028045348131,0.860726070333098
0.630147806925367,1.21252383223736,3.93668896470691,0.653460796615299,-1.58590388573822,-1.34217495241779,-0.227573535176996,-0.0544362711173561,1.24630879034935,-0.422699987980157,0.390469733868624,-2.38115263888369
0.244080052686656,-3.47381695949922,4.0311110533007,0.376883537517561,-0.0816075550820561,-1.70742716574355,0.354323099110145,0.47641400437346,-2.91053531621004,0.194409536646794,0.705597635452034,1.3615104365111
-0.642031838998892,0.926636647960032,-0.639594677142647,-0.302447929890187,0.391903578461894,2.26737413694797,-0.535147818035739,-0.349369547996619,-1.45950235174156,0.554951034908034,-0.212756880827023,2.86817337089783
1.13452757026848,2.71857964151228,5.50959090746833,0.328935365324401,-0.286963287936475,0.0464578083755601,-0.656087892505698,-0.981886202102127,-1.43615366481483,-0.122917698759386,-0.585074710575334,-3.20310082044808
0.377851182226432,-0.0745488755521403,-7.2080210290982,-0.591041533032191,-0.52036066660938,1.45930232294608,1.53405996261335,0.292384111960731,2.24502790509676,-0.0505273110273247,0.369294173781213,2.82171040782101
-0.0331867938502058,-0.158505806217502,8.43479757833557,0.233294501226358,0.157683081500398,0.418199219922223,0.493511535065998,-0.526717794953118,-2.35066994205246,-0.481725421186477,-0.508514415485316,-4.62582991193509
-0.286548407559548,-1.6515629301377,3.36538725102218,0.163260633583118,0.614150365149025,-1.01877526887685,0.667534908826722,0.121125449286952,-2.0325945017698,0.0139599055015279,-0.0776161482603665,-2.15411708365327
0.917883589286833,-2.41170610642613,6.19015005254413,0.0888391059478195,-0.168645869678223,-3.0647958363997,0.359076079583054,0.734098989571608,-1.09686914897664,-0.304696030042118,-0.5492370202842,-1.40740856320273
1.15091578301592,3.34775970719321,-6.9611134863823,0.382699066941617,-0.689584605616723,1.27611808228582,-1.56784231335891,-1.23540953729712,1.72388851566173,0.638144193926672,0.613869459247058,1.14207341538506
1.56555323403359,-1.41103482499828,-6.44712482249362,-1.27127170603535,0.495238537712086,2.08999716534147,0.268162655945672,0.341838262574709,1.79528299640578,-0.054119579451525,-0.165832631649826,2.43048989202071
-0.935231960389232,0.598654204229832,1.88423009613015,0.181237539925061,0.145373045842422,0.806288742067579,-0.304605132455704,0.259445645828673,-1.22406663050641,0.778016583931391,-0.486443526939669,-1.18979030990688
3.33737430314588,0.678711592289051,-1.25713374021569,-0.306435182036501,-0.24700979315619,0.382568735925978,-0.000480188951269519,0.642045091108018,-0.440086846081613,0.0113496332601621,-0.103824685718855,0.303611154920249
-0.153400081594143,0.275745546250172,-2.84058523929036,0.111076438884638,0.656276489709708,1.48013053736968,0.406718561537981,-0.21594919507224,0.801351032457043,-0.0998908646518258,-0.107579396680861,0.0738798700408207
0.801661382405049,-0.53718666671854,6.79645046910807,0.128155764132903,0.150471493487787,-1.61649960697676,-0.349187769593534,0.158589644019322,-1.27293310753092,-0.263944902576393,0.121830340258841,-3.42441628696412
1.36065363180334,1.37433544225747,-1.73505673972365,-0.652452642095079,-1.19374895861492,2.42940457802692,-0.440815265682949,-0.0677695444479294,-0.685813012791999,-0.0920554772370177,1.06919870665127,0.868574165871072
0.512683370225754,0.22662446292242,-2.77324511898389,-0.0274393076654093,-0.858177505712542,3.50784737419664,-0.0622894282204186,-0.304808119329314,-1.52910806827331,1.03191404422019,1.08918228589403,0.430345319145266
-0.326658438875701,-2.97856709021891,-4.31480815526904,-0.271629374999918,-0.442819769056942,1.43474485096876,0.12841649679142,0.400706060459273,2.27558617579696,0.794357380769358,-0.262511334465853,2.1635069226255
-3.83502940846187,0.244341827043002,-4.94713514955528,-0.0375714191452387,0.0579301673931002,-2.39154879954099,-0.0244188585040688,0.546048182032917,2.80071698434114,2.08728389316372,-0.718289344190861,2.91527687292226
-0.36940016096227,-2.12443106829102,4.29799466679727,0.662212821530858,0.959115924818055,-1.77777890675467,-0.2584020190136,1.06662714927523,1.49259639347986,-0.177049925629123,0.219822651842814,-1.83673056822483
0.485399607024558,2.26801316786742,-2.55538113433015,-0.0478069908225862,-0.0783699176800733,-1.51798428251106,-0.0519411713036319,0.167529072656866,2.23559979374698,-0.0192225657043569,-0.24106640974064,3.50437363772628
-0.215095378087343,-0.0363940198281376,3.36925191962337,-0.224807077710725,0.533581821551914,-1.76073904501112,-0.410880108864381,-0.0987501241688421,-2.83950333298402,0.0753312688715897,0.0625031033395864,-1.39508599754729
-1.55586153690931,0.530303976863094,-3.72440966075676,0.414029701320192,-1.24220745566296,3.60975264534102,-0.128047679861278,0.238958851112831,-0.78999361112591,0.495553826174701,1.15799723507347,3.30023270299956
-1.10303471311217,3.19507945436993,-5.95726123247773,-0.238538942178786,0.179441901622244,1.90348406854187,-0.0148371215419388,0.709660824733054,3.50078599591734,0.222055021039172,0.212550141150152,1.41942110262911
-0.87746807763277,-0.651354688782872,6.10966286287276,0.105469275288781,0.172599444580877,-2.93407949340783,0.0610993024410242,0.0279337752439762,-2.18717772470303,-0.00527987639934124,-1.04735198527674,-1.56679986832771
1.40077152412087,1.76719316562032,7.78991080499058,0.182837873934892,-0.496203358151676,-2.56897297358894,0.136943917986335,-0.619071848516561,0.718307747357257,-0.249262059852832,0.207449947025091,-4.10140467610057
-3.87309674595836,5.76908027107203,-0.327151272551025,0.416337456944793,0.31367630374284,1.9107935486047,0.199549478555628,-0.301709632957067,1.08987382501145,-0.0111604318589029,0.141431316338251,-0.100531914728519
-2.68038106353476,0.504357300082596,6.08005349460175,-0.0371796534517348,-0.0174009794144125,-2.16919298444901,-0.0844450007718408,-0.672482399100896,-0.0692520439860181,0.0901470225741917,-0.549823744177593,-3.82279676890643
-0.41379349208971,-1.40562631127099,3.38234838571973,-0.0874795030672734,0.145320583361694,-0.598856631468411,0.951347847387005,-0.760240254425472,-2.5616181074822,0.265831507949698,0.565039032807202,-0.845106570809284
-6.27707555558232,-0.665833527166678,-3.82356046852302,0.310464734560235,-0.086053380140758,2.51273126520456,-0.110844934371142,0.0820528049447375,-1.17241480703909,0.187556981978845,0.515868735311846,3.90992753887679
1.78650666544502,0.0783325780554287,4.38866919132805,-0.121987666684131,-0.0109621121495574,1.41439132481699,-1.0781761312864,-0.0305538528122958,-2.35346750452394,0.155904228145658,0.0765886730261145,-3.09205963405951
-0.118586020949507,2.01930332620931,6.31107237636227,0.233604255384448,-0.366607246131659,-2.64752907354504,-0.323539482800727,-0.0947700387487662,-2.98352518153924,0.6454624029956,-0.409008644365191,-0.52771586861487
1.59290523379596,-2.09526610081668,-4.18648055114378,-0.675552111144387,0.139900106400605,-0.0664519047972161,-0.884252780623265,1.67131318669954,1.38965908739878,0.279947210029965,-0.942370097022465,3.56829953759973
1.58423150754577,-1.27924305699386,-3.88106297596575,0.219945952937699,0.201690169782571,-1.73111365137406,0.554548061495623,-0.470084424118621,1.78072226308906,0.038729767760189,0.34428718121942,3.1759762773437
-0.0672338760771009,-1.12955537434291,-3.28499983865222,-0.310503896318113,0.322866366776207,2.71177518880363,0.227166506423049,0.644381457297936,2.04260158496323,0.462628474625907,-0.118875449031912,-0.84823765210758
-3.61015767630432,0.623349541807662,-5.11981550049441,0.389072595172477,-1.74070780504879,3.06310353080087,0.0823875754446843,-0.351509542561958,0.0723188074537271,1.19792314251761,0.428000378770076,2.13549570223616
-1.46532274695497,3.79648753513332,4.16897956711131,0.445191714613208,-0.670857926845954,1.57755776965178,0.517302694332953,-0.331793502068057,-4.15358003396843,0.541623502936411,-1.98585765007855,-1.88568525684777
-0.902534169217966,2.49641547407888,3.16096345637231,0.461423144271159,-0.10247164652947,-3.66958260588527,0.192855490949541,-0.194074851322915,0.268415499922257,-0.384129016756355,-0.83687995377157,-1.69930072104772
-1.33099896729797,1.50140214050431,1.2200998899275,0.102162607153632,-0.370567932244434,-2.04564253417465,-0.0401043376454035,0.33071980120632,1.39786909710996,-0.178635516861508,0.334189248821264,-2.09582226627962
1.97793099781255,1.24485282378397,-1.37929262558257,0.178930262287398,0.0948201451068427,2.48482667510082,0.0481100232827871,-0.250999573503769,1.18071227823256,-0.417764877994545,1.64585999530698,1.84263272292407
-1.11105417220939,-1.11246584398804,3.57630898553801,-0.151112729741011,-0.417122930702845,0.352257136270565,-0.230093682848962,-0.379325284286722,-3.10287150150138,-0.182229078538605,0.834408419904679,-1.32849661209602
-0.886610965206513,1.55233297869026,-2.18955070315297,-0.328031605021314,-0.0569980635284184,0.459972442438439,-0.095337554226716,0.2615826217141,2.98442064610541,-0.107879627425142,0.524342488493997,0.315065275983047
-3.39941276988266,0.504650772261054,4.20440231801369,0.526222170339282,0.384440104866223,0.708484935896973,-0.120217170312427,-0.178165014748287,-1.85808983271893,-0.361589498322712,-0.0741601647812189,-2.54442709809107
-2.28889693808438,-3.64841564996845,1.34376631007415,0.105728011734425,-0.0654746806647623,0.818410652547617,-0.419530449147974,0.73236880482524,1.60056921232127,-0.524467981570259,-0.530932380324176,-1.49000370638446
-2.41118416622112,-1.9720032095856,-0.299133724754216,-0.230986690220726,0.222976162154103,0.604076816601921,0.0944303656992274,-0.351307371166151,-1.3644112312171,0.146063787723308,0.0350179439298424,-1.08742867983413
0.42524117115333,-2.08367397944425,-6.02656321312215,0.123215914212109,0.337439055464638,-0.0365742564450186,0.130457195384721,0.838567918926526,3.80319844915623,-1.55781134638817,0.707495042198271,2.90063332249632
1.52400038130642,-1.64529165627743,5.3610430624823,0.0342736675777608,0.0996800207139969,-1.35751948393323,-0.105793687694646,0.030433565875881,-1.6111400032576,-1.08248080205655,-1.63470113714358,-0.582010712387244
-1.06927959345968,3.52211391395286,-0.96383659413876,-0.0565070692863473,-0.000702908941778614,-1.08114465558318,-0.025540326201691,0.242080452246848,2.57542748296787,0.527552902768403,-0.740903301898383,-0.905840890365489
-3.29241033473031,-0.998543151132649,-6.96526852691201,-0.0556073734597202,0.124229480502882,2.48399744528721,0.77605835802928,-0.648020913075279,2.56932394123808,0.37542378811514,-0.204851415902309,1.64230308134616
-0.632229946559103,0.853946401523231,-5.11977126594324,0.242068312643256,-0.352026894288823,1.68095139369589,-1.27354425203065,-0.474096515380837,2.15159212991849,0.746842271343379,0.733763156958093,1.91516735188044
0.570268047000345,-0.725546697183581,2.57339015277844,0.290064805459352,-0.518562376516915,-1.85221984593221,-0.651265499506975,0.406683697775844,-1.64908682672758,0.283854285516518,-0.0212164122069777,2.05715181672888
-3.22798719087633,-4.94724207616044,-2.09548404242548,1.33925683578208,-0.500366973841151,1.48201599942664,0.0297979980731071,-0.289197684138824,-0.698428481956495,1.30898008087983,1.13030542213403,0.913645297414262
2.84897674947232,-2.08082225923417,4.81196479341902,0.0701077935980021,-0.272267834689296,1.53339569710822,0.105120471097679,0.0437919563207034,-2.54603961157868,-0.26258004625218,0.0940781466960033,-3.63684561611418
-0.670037830550376,1.42197221465707,6.80292872337294,0.825636065842497,0.200866737315278,0.702911035463212,0.323429766720649,-0.852440185717415,-3.11317987626048,-0.508653170488471,-0.644554736978435,-1.96675669253207
1.93973481730535,-0.819708832065994,6.09467529529263,-1.00697108366053,1.36832609039827,-3.0629707938969,0.0930336131203936,-0.218567185545319,1.86173129034973,1.93936325852929,0.550988541047427,-2.38427151007719
0.644230235872066,-0.556797681102128,-3.61646541445842,-0.355822986996305,-0.256946517012468,-0.509064763634145,-0.0449639826936702,-0.491663092120788,2.44149989616558,-1.2334209549349,0.297280072108431,0.425040588620308
1.01176514257039,-0.0696952182193544,-1.36047544971694,-0.229801195043227,0.259134372222224,-0.420922419791858,0.00465535921930803,-0.161450970841145,2.10349979876431,-0.406105274937591,-0.0482563233323501,-1.54000755746582
2.24456541504141,2.46688843131846,8.01793766651562,0.103973184858426,-0.634103309702516,-2.68326359180591,-0.00744798560071115,-0.589231790096047,-1.19289052682574,-1.25633417495147,0.0769329789968865,-2.95895105468081
2.35915377222126,-0.104376184577596,0.210153207750875,-0.0230901308983422,0.0334100742852167,-1.71935860258639,-0.966675031997278,-0.896792803778255,3.04586589980377,-0.120031534146273,0.281856830899557,0.937425840696321
-0.0295273473387983,-1.548008445886,-5.61299434464841,0.196215423012917,0.00225014307083369,2.36717544872669,-0.156683819255722,0.0630901865977846,0.795300358490579,0.277762254401033,1.10183668418565,1.52757180279848
1.45066219262675,-0.230349826333878,11.2996337595828,-0.682257801318963,0.8080136819067,-0.991019803826333,0.0226718417692013,0.0415248303615748,-1.50812680510771,0.124898479942466,0.00555430638984839,-2.94704453147909
-1.93478554381028,6.44704865738235,-3.87657116265619,0.522989422500924,0.326711564774419,0.367914535257882,-0.141106863015104,-0.623220316122626,2.07471973610085,0.18395287693554,0.106285075808851,1.93040607089405
-0.488376568316376,-1.35441851896839,0.581860911662512,0.0379879201701928,-0.0726327172756042,-1.9202976873513,0.21005972622279,0.318933416884602,-0.0304837322687925,0.775544914950248,-0.000979401760545199,-0.842715514862539
-4.72290016270009,1.32937404396015,-3.7696657715936,0.102265039870194,0.0667111627171381,2.70205007164088,1.87437357043653,-0.85982516361578,2.1170848234854,0.0679083090548837,0.136425004703811,-1.22154996936944
-2.43489074333725,-1.77458215998173,4.48512524337167,0.76307172548216,-0.261647648510705,-3.38251615508895,0.406306066204117,-0.134074941716945,1.59373861776636,0.35164683089614,2.35235021256326,-1.54767401882179
1.42830772097668,-0.429410724361374,4.43765990690782,1.46760051950158,-0.457271465007624,-3.65350185859151,0.264592763980887,0.0184516238436776,-0.691710740262813,-0.975316334558897,0.0705446242592818,-1.72294111792432
1.09859639536284,0.979225315044508,-3.86126565365281,-0.309593815011636,0.044118676596974,2.73995062800025,-0.146830743166017,0.811308042466985,2.95381362730051,-0.486553932416649,-0.446110491279681,-0.293409254407181
1.12418523951926,-0.348717020530738,6.74739343933741,0.975972822007321,-0.204652697876102,2.31180012150778,-1.09276095901225,-1.19414266034143,-2.43323837676811,0.127775192959262,-0.273790515493439,-2.60495643685171
3.68645786892155,5.88675045550824e-05,5.96952595269143,-0.269654096242236,-0.406200201421632,-1.35169861817908,-0.080005943125264,-0.897587286591863,-2.61619953491566,0.246266074984356,0.343468209624038,-1.51877778849577
-0.848509393471714,0.880375486557797,-5.88518202457319,0.860852368324559,0.34153387507083,1.70574071165932,-0.069169827544647,0.204640054899182,2.99946605624853,0.137707176451095,0.0590450956464374,0.0683448651025201
-1.11560746932472,-0.127497606258069,1.01528481026868,0.0314506402200029,0.177941924006345,1.01467200446054,0.1048232027873,-0.360342618414211,-2.4444129352588,-0.169150780670814,-0.69367135715108,-0.0370605265621246
-1.80157078385579,-0.813632509560983,0.145585576593486,-0.276572937178007,-0.158435858291852,0.892316399335704,-0.818140843807326,0.982620697134102,-1.70543244769143,-0.849668603700847,-1.93939933931525,-1.43131060156084
-0.576357655491871,-0.61283535304395,6.45096860044877,0.233441005095776,0.492112824418667,-2.49084918867364,-0.201564589027456,-0.289803940364404,-2.43312057739509,-0.24196027838607,0.117001165245541,-0.88840055431588
-1.882701912052,-1.71617968114799,-5.3008166316033,-0.222704395363084,-0.211344338732697,3.02476302985853,0.0901678269654242,0.309981131515106,-0.00114456781624597,0.562222511085816,0.422668107342478,1.39786915142698
0.409228760153698,-0.821577187170817,3.41438436756108,-0.313828690728134,-0.590634322355913,-3.21621711075691,-0.573711041478747,1.09279879302069,-4.30217417614692,-0.19378438673627,0.192043920395259,0.265951208514423
-4.08092115171688,-1.59078828856752,4.48205791267564,-0.0538023420072664,-0.0313772308619012,0.589187784478016,0.102701598147452,-0.0175366114790001,-1.68753616209837,0.502273457578258,0.437006167221415,-3.21767957560522
-2.47218792262251,0.845069884434793,-5.05387280987762,-0.0588950370735883,0.443993199162009,3.20279869812063,-0.129063419447771,0.028239087134341,2.38124798399729,0.280674548069371,-0.105846610802302,-0.182768130916488
-0.33879214831512,0.687104776083359,-7.34378141523602,-1.94886849257934,0.14516388532494,2.83476503534525,1.45209545304328,-0.768974946254166,2.77279269625821,0.0859089419569523,0.000748821775072051,0.624000293070824
-1.81196819705761,-0.560023059309313,-4.41982281919434,0.856637183955707,0.000292434995476029,-0.214940386136055,-0.491617040490161,-0.267344773460372,3.48979990501634,-0.40236535394079,0.193971877140686,0.395475565881145
-0.029597580380712,-2.20323619979038,-2.16399765504141,-0.131736936643491,-0.749967237501643,1.35871628332662,-0.085306502767092,-0.140727246022115,-0.747392180148169,0.110190845053306,0.0174945393019109,3.44062680276576
0.187858590207436,1.20821426471344,-3.18888056546435,0.563986805645495,-0.809561671894443,-0.0166939436351211,0.211137416687623,-0.167839539671401,-2.01608104474419,-0.0711733950560204,-0.185432030007336,3.61212370580501
-0.695799037439828,-2.02092778285455,4.43055219803833,-0.433954117757687,0.113198589660348,-0.7981751367119,-0.517352258515443,0.0252050320638417,-2.98353886218276,0.442822589817132,-0.0916906502905902,-2.40481961956368
0.926423339379406,0.56235364936619,-3.09503176305439,-0.770676700290993,-0.678150226325515,0.174230986059306,0.107943646709648,-0.322769833667183,-0.666678788091686,0.233233404062832,0.022635473236673,3.45237905294082
-1.2885053925473,3.8944250134452,6.38739026415492,-0.0116051955527067,-0.094572866132736,0.616873584885547,1.47588684262979,-0.663348950869666,-1.15233755838582,0.502003740042952,0.469924182307446,-1.85556569585483
-3.05278743964858,-0.501741773669251,-0.691327438455619,0.294135737055048,-0.0785762195019505,2.10142595725618,-0.143324239383483,0.105955236449655,-2.6506186355593,0.295558998918712,0.523048517777802,2.74424611076878
-1.80248630121689,2.54147581888922,-2.99139893221837,0.0348487458534535,-1.20564935915554,1.85368328050363,-0.205115074527169,0.111441778873301,2.75412260063741,-0.0721703248731434,0.131642318559791,-0.191021065760709
1.98294513002621,0.58110454449131,-2.34469207012921,0.129603335512137,0.0851474738367598,-0.0483530137979356,-0.707420036906584,-1.00806719430536,2.25470796310689,0.148992337001713,2.32735152513361,0.957110843755481
0.235248023516087,0.603799442609822,-5.10704550972712,0.496551676391473,0.461051251982432,0.889960023455091,-0.0180897791092501,0.00188697295521961,1.9437468807318,-0.057459416436799,-0.340637896474585,3.92818891748642
0.631727948465625,-1.10542311913691,6.9864871225373,-2.18310049986679,-0.405523754048435,-1.83059404597189,0.318300919495559,0.878157432807746,-2.99070190413495,-0.580347043957958,0.825294287992557,-1.3974044549357
-0.558730111701147,-0.445511938994337,2.17479744660664,0.259707452861856,-0.294189271558794,1.07870397774877,-0.248457189045359,-0.263253965619605,-0.928462140456686,-0.0747743969834275,1.08703210180216,-4.11442688708753
0.0129897100867886,-0.641006975966626,-5.30752106548383,0.537345011245859,0.148749506507244,2.10989499123236,-0.291924083098608,0.0695595715472993,2.28595997878741,0.107378041171063,-0.0391910645411939,1.6071129923199
-1.27773903779682,2.07868904259835,11.7906686266267,0.406518481974488,-0.369952595627179,-1.79900450764532,-0.522009936663588,0.390001676876189,-3.08224738915652,0.525741319674007,-0.971263039551656,-3.86446454479902
-0.0325743837646861,1.73492918269981,3.51580471521609,-0.157670120755058,-0.192361575621296,0.975164222280156,0.149388842219364,-0.681044685305838,-1.17999212329777,-0.0127392973783389,-0.28795998677438,-2.9523608337093
0.393192544454678,0.135139014604688,2.94830292767231,-0.398298695374651,-0.136525117850439,0.960579561863508,-0.739539957907146,0.0423969761888909,-2.42959025530497,0.217013250342199,0.070571268202461,-2.83021745747766
-0.149287704546665,-0.0316941675475884,-2.91994231517466,0.146740076034688,-0.0742276162391839,-0.235333135512189,-0.596695528971897,-0.407098471377548,-0.175032107285659,-0.0662970571014001,0.31259835191465,2.21299669070928
-0.995712064237166,-0.603995655576971,4.24754622616311,0.0112193157998853,-0.853948542770132,-2.34709690876688,-0.015970436815711,0.259209082229734,-2.42764320850079,-0.0940137849626188,0.134341339777065,0.52990296700158
3.98562764004508,1.34391827420711,2.69886410246942,0.156236474492604,0.144537760555905,-0.0953881133701727,0.913252383646043,-1.21499774856441,-2.41943973833917,-0.358547947155751,-0.163332487329905,-1.6813649672028
-0.970283300769242,0.447470763337848,-3.63539014192869,-0.0831058679163533,-0.270012717800393,-0.94835784653054,0.052166932613797,0.277571485168933,2.11813655489001,0.688514278404026,0.950437800702717,0.936513482049674
-1.81054232083291,0.327869029952774,4.86984186849938,-0.234964266885623,0.0570401262090898,-2.39568280007335,1.32745811015108,-0.260777579493927,-2.2463947042954,0.489103115322543,0.0166108791955289,0.371690532478424
1.80318918879496,0.738976668394131,2.79456319804779,0.547195087340517,-0.849380637169474,-2.02959635214566,-0.0307795431783897,0.245468734307328,-0.166234056987111,-0.219354855064282,-0.238481226662936,-1.08844409811823
-0.23008483710159,1.20482471522649,6.28991175078822,-0.646819277491834,-0.408273181771058,-1.07865048613225,0.389940274594141,0.338185035930486,-0.493840199844011,-0.0099311800276693,-0.0109852237266758,-2.72592571360859
-1.75829227591628,0.640066349316946,1.65749372679336,-0.12966491454071,-0.297928042328058,1.77422986047599,0.541769629253822,0.343135441412056,-2.31264625793313,-0.114058273656829,-0.368052578267104,-1.19132424619126
-5.27277867188488,1.87160703903868,-10.3787815398639,-0.0403021336639746,0.250205739895016,2.53980560446952,0.110458066221542,-0.11033017519242,-0.608223898490739,0.123462014094564,-1.89980830929693,2.37951968690647
1.66587242409459,0.275192898931437,3.68527053532363,0.371911826761787,0.919626291696353,-3.30342954722205,-0.126342981289123,0.173178265174801,0.384687118980123,-1.16365502194953,-0.4505339799136,-2.41420423571711
-2.04308864273857,-0.0834886384866476,3.50375716557568,0.363008221523792,-0.227891280254786,0.16851429057296,1.24121964629959,-0.0126826948985483,-2.3060603235632,-0.610584501050326,1.94177979782453,-1.58142112647698
2.42458613060741,1.45025176325935,7.80631217721509,-0.0482238637881935,0.00750925743169329,-0.0757984846651044,-0.544520939733789,-0.178077986154033,-1.78535512664265,-1.67064485990118,0.548677996540416,-3.87614496053307
0.712636895132313,-3.51809800850664,-4.0750918178049,0.292947393513659,1.33460752099648,0.702655601962805,-0.0974087425644952,0.13675184005306,2.85691425892866,0.0265858145726663,0.118579837240336,0.356097389288534
1.1027330088698,0.564398980070791,7.53858069036099,0.588217084118027,-1.18431836894735,-1.47346013505981,-0.0350175176069832,-0.148952743181766,-0.279750891295015,-0.747907139149771,1.10669762788808,-3.86185586499647
0.728662839816218,1.19456407866442,-6.57590086159364,0.215293731103334,-0.254250056777713,-1.02918480559216,0.137152913158744,-0.801401322552613,3.29672241106475,-1.08346722126308,1.0362098358945,3.07638509927426
0.756445365155643,1.43249240562362,-4.04401793154589,0.333713280713178,-0.248932304222617,2.96221812077437,0.173205702739799,-0.83792532583893,3.74605789373813,0.595317964292026,0.254425938837069,-2.65786447950164
-1.84974015857971,-0.865650933739265,6.34342851403161,-0.227361022680496,-0.140254518605638,-1.20229171791799,0.662379274937411,0.120089336282128,-3.04827873511956,0.0338509847710681,-0.526003972695534,-1.61047482760547
-2.6114262541568,3.53827284407316,-5.97114740869449,-0.134197388470337,-0.357674665845171,3.45790348611769,0.9286679632931,-0.632289005564141,4.09330778218374,-0.187569264070254,0.405272414915863,-0.226367081570089
1.1234580050198,2.40865647063123,-9.31871337010185,-0.614084038110836,-1.16202534807489,4.27563861110427,0.0808962438689129,-0.319892170102028,0.951079321834662,-0.115367422454571,0.541816557934451,3.46507883914738
-1.94359739938266,-0.516955448688916,7.81828694513565,0.609003481906698,-1.00596805247905,-0.759374904806453,0.538048274668752,0.514118020964072,-2.9247159802712,0.283847196559426,-0.588423729378035,-3.41467148363264
4.5614554079746,-2.95767728954798,1.69676778276669,-0.277138751309267,0.34772023715441,0.761816724168885,-0.556231287573359,-0.337067365231895,-2.46506906731217,0.0782578279624575,0.0671261618676062,-2.42676556439274
-1.9177757178074,-0.570406621570077,9.23316585621847,0.0898773111215077,0.438493868291379,-2.12404559016466,-0.451861386011441,-0.306444786313858,-2.94439642641039,1.53221962438743,-0.4226433061468,-2.51919597139829
-1.21922095068692,1.12674698903486,-6.83792774384886,0.352246016641752,1.1474274257334,2.49332930001217,0.150800791380072,-0.268420546034204,-0.0148064789355882,0.338044838807792,-0.80072756682208,3.59460297502028
-1.51343638441139,-2.29649551126459,4.31908389246646,0.24947039134548,0.312065613752949,-0.323154296708777,0.252831849930649,0.564628381113232,-1.15609799811387,-0.247586800779084,-0.0885845706264596,-1.79302600996736
0.424303756867031,0.843376778018858,3.56498963633677,-0.120243319342595,0.306614028635275,-2.43154491397944,0.315330638354302,-0.270504830254691,0.436440842792708,0.0818808223121986,-0.957924644921745,-1.92196658227016
2.89923760525818,-0.19192317924611,-5.08071744423585,-0.39963397909563,0.242494075771308,2.47115880739339,-0.0598619897620323,-0.0136539342987225,-0.302892594096516,-0.98824299758616,-0.294388226496698,1.71805002557665
-1.42353812245387,2.83447944862505,4.53642074124852,0.000972472936608522,0.172104785153753,-2.32763920437645,-0.0960428472800155,-0.682413907330381,0.282195271222492,1.90314914460412,0.00192242110212927,-2.84701647755109
0.335907557639957,1.4672589956035,3.06097127942454,0.273418649842271,-0.0981466915327472,-0.184808755648097,-0.26023792957759,-0.949568358771823,-2.90997725367444,0.898671113080815,-0.106916031286175,-0.274119881524785
-0.162793995424706,0.0321992071691115,-4.59146293893215,0.701869881200761,0.493876902384769,2.0387819559948,0.0956902517399734,0.661657805166473,2.52664205565184,-0.0820415829391862,0.13640705501416,0.420430978059066
-0.755404173753146,1.53912407620743,-1.99907523346048,0.260191136014804,-1.05108482435705,0.88745012909714,-0.0129485755243526,-0.160855849182486,1.83828412637625,0.217971441944487,0.0164250786136887,-0.42979276867261
1.70666598703862,1.10082549166155,-7.70471562270332,0.213590805174281,0.262642633668497,1.71315300383804,-0.0433565577089471,-1.59660185481586,3.56598089850251,-0.138709315080536,-0.159374586141907,2.22901015930361
-0.912969709610781,2.16163510059721,1.75069655008812,-0.720305563936484,-0.481336140491532,-2.27700362749322,-0.20659352781363,-0.112331231592818,1.91608471284747,0.571597238880672,0.022576829768745,-3.24587894348278
-2.47258282157791,-1.23037352772765,-6.35657169110797,-1.21051831271346,1.0104755227059,2.51976145093366,0.0209068552318439,-0.950088344897337,1.22625041795217,1.48192041034244,1.78859355015594,2.67050480521144
1.36665332703279,-0.688970649030606,-8.72704270479177,-0.680765281991278,0.254581257967615,2.71616327897309,-0.78853752578916,0.408934612444086,-0.279236480947285,-0.112599545822872,0.246737849655997,5.05667266690729
0.626042712271009,-1.78745948696117,6.57785971464618,-0.0819225616333507,0.0189309539048427,0.557430154787365,0.129703321749273,0.853212018578959,-4.41563010489452,0.0680553396740506,-0.0525244783754,-2.95542390230041
1.14455485704785,0.580120854573403,2.58815772286189,0.219397458474482,-0.20775383098124,0.965022773871573,0.0378533545585771,0.071321540735775,-0.982066998162002,0.334235941948373,-0.142656009544402,-2.24485765943042
-1.13774827912221,0.404261863785247,4.15143386207331,-0.387431396841753,0.220809489402357,-3.28482863395934,0.211606570808603,0.359868107061307,-1.40348645291575,0.502838799960112,-0.013858000532799,0.586501025197003
1.18363894272291,0.0369552158919921,6.55234182634254,-1.60257048514141,0.256181436032782,-2.79243209604672,-0.0844652162875217,-0.231437117875909,1.40502569211328,0.942806328303135,-0.0702831220099597,-2.83468332015537
0.983370945009085,1.7744146382486,-5.20276284155653,0.355752238375004,-1.32512562813004,2.91255366695033,0.291544094811733,0.519510424026951,-1.6310159935166,0.0463143721677457,0.101057239406004,1.72867960465107
-0.228441962072691,0.423134667328544,0.462721191797992,-0.22721111734713,0.100943052181591,-1.73602589030196,-0.344716932935358,-0.20686613566518,1.73831110153007,-0.909811634649581,-1.19401539113149,-1.10034390756769
-1.27138336352784,1.60558457379742,8.40010043449304,-0.0874394280172077,0.0203165351819,-2.1526971091986,-0.172454608453463,0.244150159325078,-2.39134682808708,0.982803760154765,-1.03653399486407,-3.54396894344321
-1.4554889496773,2.01934012215557,-3.91622912521672,-0.207049538788946,0.103208151860734,1.88653692520907,0.705682731609394,-0.400286709590051,1.19470492998666,1.06832268980492,-2.03541893082608,0.919962104754628
1.69968689094325,1.22841792990793,5.60185068090763,-0.0862871697854558,0.183779893244195,-1.02723577539905,-0.818460980257674,-0.868773887307282,-2.30577921879555,-0.0969100321354797,-0.328260939864183,-2.21446482123482
1.97602993393719,-0.248129308221148,-10.6112002383517,-0.344233698328624,-0.769491244499693,3.7343364692764,-0.122606682835172,-0.0186252610615385,-1.02669741503885,1.25120232055115,-0.326120070012166,1.87789729234771
-2.78634000930971,0.272905086003276,3.78115995539768,-0.00763477271556678,0.324823485647382,0.547632377539682,0.623408020814584,0.545172030781855,-3.6414320083543,-0.396636278820749,0.300734466999903,-1.90796068534582
-0.629278420163684,-0.190902952137923,1.05183228493298,-0.578015761604154,1.77754213272398,0.640547770084601,0.866419689678348,0.0425001685672657,-1.86230574241441,-0.164845751895179,-0.745509803359523,-3.86334393494328
1.62332086197824,2.88649247475568,-5.68993108993861,-0.211459679196083,-0.0866792698853788,2.05745380344041,0.12570678901836,0.165892483641769,0.147839089464949,0.083810436507477,-0.127212397647231,3.42914274360889
-0.883006424257535,-0.2869716865566,-3.57408497398454,-0.106298465864395,-0.0673019755757438,0.0147691756930886,0.490810545444686,0.0106555393813295,1.39908458768427,-0.45758938169635,0.0911746035334956,2.99868030071761
-0.284873829173084,-2.22073873428657,1.6090206146721,0.271976907162544,-1.27278935905749,-2.68428024018813,-0.120048485059758,0.127206834810433,0.11643270518415,-0.256719496980668,0.0273060157725948,-2.09384233612881
2.09799602315977,1.0672544327961,3.91460639504436,0.225723886363386,0.0618644046722499,-1.7366551710413,-0.039290659942198,-0.404090304916817,-0.278023665001958,-0.308657267280511,-0.127283748282395,-2.33065928182986
3.3613578130767,0.507060980984131,-0.46115457695886,-0.384553779614751,0.0225434252965353,-2.02706023963697,0.423118549647227,0.599324785981885,1.96538347308063,0.28322104266946,0.0409466718808233,0.79486663495434
1.49147221474931,-1.51613956672426,7.79135555758007,-0.165559676514844,0.238763840321923,-3.32175111263524,0.0361583065971264,-0.0797254110046273,-0.74247184891442,-1.89007659017289,-0.718172801962027,-2.20240850921159
-0.681787407047623,-1.51130336977833,4.50417423042758,0.393765504403804,0.720720281717332,-4.11784734166118,0.494144999081289,0.0428596169758717,0.720744099699641,-0.304380480419347,0.203203897368238,-1.58981096613063
-0.243310566158228,1.7438283266732,5.4531119281901,-0.318603409573188,0.200203452273617,-1.80485582205489,-0.167593700538317,-0.0245348791738578,-2.93696382683168,0.0482795974436335,-0.962565082313083,-0.65091383002394
-0.17207633555864,2.20497976672685,1.29213148922683,-0.128502785179208,0.679773679096747,0.0487157806547094,-0.216061581035906,0.102178504788291,0.710389660993532,0.522232712680807,-1.34627337231865,0.788312634048826
-0.857059623800168,0.156797356037639,0.192399515150711,-0.175982451552306,-0.40974893882016,-2.51286884929331,0.176911912473727,0.357623292810449,-1.2997896611058,-0.0545702492978416,-0.0265358480117286,0.493463116268076
1.58053812291445,1.56960849343485,4.53126601539708,-0.134578604962555,0.232788983639841,-1.11234649653409,-0.365552804745847,-0.347210675062151,-0.485384027193824,-0.379682417527935,-0.231381375405703,-2.62706538280638
2.46507271454438,-1.9002416010481,-5.74340580499614,0.155156818153748,0.062485282084763,2.88926218291293,-0.273200539740425,-0.270047313044064,1.40132626783018,-0.8082753879557,1.29244901317922,1.44981906604566
0.230577935281217,0.325458248577105,-2.27742391469691,-0.746765400465595,-0.70567116796415,2.58411976971557,1.01308184000304,-0.696308301426032,-2.34346138024952,-0.259898567164516,1.96721825857878,1.39258501608865
-0.422740502728527,-0.181063008948634,-7.25381875456113,-0.243386092455472,0.728323626059689,2.56913176609699,0.0462402614184893,-0.18483045021195,1.17034441795076,-0.412362828554969,-0.323701730276364,3.23611801561173
3.83812935065734,4.22745948467454,-1.21780220855243,0.147249853157241,0.0773310943037482,0.415461029581725,-0.5108277655378,-0.795331185398822,2.08604415834026,-1.72681447976632,-0.669083127829126,0.742627500411061
1.6226634518409,-0.0383706248317022,9.57043489613783,-0.69668801271109,0.233902947687707,-3.13313414850947,0.0125397161206714,-0.386286959221297,-2.0369639340185,0.4832970853823,0.705156978697619,-3.67857654680268
-3.62251097347255,1.2075335601482,-3.99945674126916,0.506782952686842,0.337510201342379,1.29319841533708,-0.349548552480693,-0.429087321592041,2.23030582496031,0.0786208854248149,0.00642205640170425,-0.737039438788349
-2.30123960287416,1.79073347943846,-5.67511164059945,0.0270786318281019,-0.548902174933663,-0.755968449382772,1.60578700191474,-0.843565883329755,4.00252920345825,0.00528186124641614,-0.490693613302015,1.66307976819072
1.43169430505902,-0.959434847417724,-3.48114092038582,0.089743077418852,0.221641488095852,1.82421865764076,-0.740110609754451,-0.127733411959463,1.25516165200654,-0.0193694077246427,0.0160609330179092,1.05789831737621
-2.02206500195243,-1.29736485024147,-3.15759484900856,0.628373624382004,0.134887379618178,2.23129791296043,0.880631715660183,-0.124649574388313,-0.29751407886291,-0.400014363467594,-0.388570734951602,3.30788096996061
-0.759365902690817,-0.706085242673656,-2.07913742173105,0.288219701560051,-0.136958214351227,-2.09407210806869,-0.0944856421251498,-0.148685721038553,1.26954395966177,0.153368728345643,0.266669139006428,-1.47873727083151
0.712059366525386,1.21272476234362,-5.15278314688396,0.0693940658584215,0.234085504630095,-1.32265403095035,-1.09146989942137,-0.0864385175929239,3.42145614340623,0.943928666135956,0.118071375263375,3.01335202632126
-2.10156183281316,-1.36389051652961,-0.879489692348146,0.24341147694337,-0.250836483468293,-1.05400147937913,0.140471602090293,0.577776424779335,0.912825202200847,-0.219011682505996,0.496167273273196,-1.67942631792977
0.653907021431736,-0.923676357777118,2.65163019938918,-0.326427574935214,1.04128744703884,-1.92549259071087,-0.099568892007101,0.126145245837898,-0.190781036588363,-0.865013278093916,-0.449366849813484,0.157895971267821
-0.261005209137125,1.26490339194761,3.59811272206423,1.1201855803215,-0.0123610521904157,-2.78092292842397,-0.980639004138833,-0.0850944056832359,-2.0268346623363,-0.00283320825050039,-0.00616327172024463,0.705062662192078
0.763943192898655,-0.98593797549703,3.63405541318493,-0.296698550983183,-0.367947586259058,-1.9160683017783,-0.00489000239700655,0.0258326376449434,0.0845488738984773,-1.2482882025522,0.296340665649026,-1.53602891558205
0.468515290498972,0.803032471425986,3.80816512210622,0.326725216750222,-0.26661299775848,0.446940784549407,0.203183264210563,0.0711418296858015,-1.72506677901022,-0.194312831779585,-0.232491056655603,-1.95695159293478
-0.52453183397864,-1.08442750124199,4.19892425476135,-0.55397334086001,0.125745687905705,-2.19459314745921,0.298771371804799,0.230580440568934,-1.78129297475046,-0.494252472267711,-0.0622266358748529,-1.17941397881103
-2.43904944017885,0.72743696581588,-4.30348654918589,0.0280171741586542,-0.524629798729321,1.48255423520162,0.0427497102592778,0.508280869509035,2.22444010331304,-0.128962427955883,-0.206666317866726,-0.979487325487027
-1.52106576173349,1.21607810790556,-4.11152854637176,-0.160274270940939,-0.0121098323007289,-0.502765401370171,0.186881544060424,-0.253602045635862,2.86039561298192,-0.182091968936242,0.106385426221718,2.36651191051832
-1.58627063081152,1.81483861740511,5.17714539253808,0.308474252850543,0.0540853964432831,-1.17083593368657,0.324354226070879,-1.08887994352134,-2.48237065714327,-0.685382135159221,-0.171949204480097,0.947837992856413
1.31318693431931,1.46164211757995,1.54446492040048,-0.363724514718904,0.0624323021971999,-0.501895396229986,-0.0305346042663848,-0.782592123606593,-0.990488456050012,-0.227796107205985,-0.35642469671298,-2.44114182371738
-1.08313478781688,0.119569339567682,7.06253430461751,0.344538391979362,-0.868081538380452,-2.48571641170445,0.345124747425906,0.026728204582905,-3.1378389347776,-0.139624455910935,0.262469628781647,-1.65574718945152
-2.47419240060136,-1.40549158752614,0.634959973902161,0.0899050929733879,-0.0855424856818937,-2.36219936657747,0.902821674640932,0.396982111802644,1.20556521899574,0.0746920177021093,0.0513723350232343,1.79447343868487
-2.65657851619762,-1.28049946786769,-2.80255974580995,0.332939839548089,0.37096416517144,-2.74881980326975,0.22435320564145,1.48707438484718,1.53802830626306,0.868798696318432,0.084553169350581,2.90117843432249
-1.65265087841053,2.17526686526685,5.9417728014355,-0.165693433750136,-0.367046956694434,-2.42932836613248,0.796928011818595,-0.0951428909602444,-0.0670886685150836,0.190662759851655,-0.508967777929248,-4.61337094686724
