-1.4694913238829,5.00673156264491,13.9196292150728,-0.105585245009855,0.209121559941165,-2.99737959008201,-0.476153804367375,0.458333725756811,-1.07316259332366,1.08699041611897,-1.28603107701089,-3.3961907869297
0.416599462053699,1.28215255719759,5.7897881214219,-0.587538554650475,0.415075208639858,-2.0046599217569,0.502675952992648,0.215231621288818,-1.87726024210849,0.354641235398614,0.159951174980598,-3.07395536474707
2.17241593052228,3.48812774236816,5.94686006197067,0.345800095658322,-0.558208942432786,-2.87911692813683,-0.706763164091269,0.131315242399863,-3.15805591263912,-0.878761255226257,-1.53591741436372,-0.390049723922627
0.702981286636207,1.21807791475178,-6.99638371879015,0.0947641241557871,0.797246985274114,3.05986430903105,0.074588885014244,0.320725344552455,1.77502760769683,-0.949737046542564,-1.07836082370885,1.91496194824501
-1.80519337832409,-3.02272521960804,-6.695747944256,0.452822300128346,0.529823912262105,0.494379477781345,0.0641715881366476,-0.00332425411918128,2.37980405825283,-0.542458885099748,0.108178331005162,2.47366252758506
0.791935190953731,-0.697722851300053,7.0398496663303,-1.13526471104144,0.589521076921551,-2.16076137627771,0.433349942527451,0.123128418351815,-1.52158209850725,-0.215796658031928,0.188692573702155,-2.37635139578363
1.32321053257749,-0.580860815787868,6.69480295276133,-0.0473921449440329,0.420634443024895,-2.39511002260587,-0.352247915792255,0.543969402769915,-3.25714259073286,-0.467943227676033,-1.24734065975671,-0.972579399304217
1.13680043375963,2.31994764551062,-4.49220544811413,-0.0415410918558781,0.174231735524116,2.74169770568566,-0.00285985640613281,-0.118146421915215,1.19127406857028,0.459661886196216,-0.196123976089987,0.338891898546089
-0.67547811908689,-0.415649691451563,-7.65822789889934,0.65710130674608,0.295540321167838,1.81831235217668,-0.190258312587754,-0.135699278648789,2.16588261791663,-0.18289391140269,-0.218313966083781,2.94825645750828
-3.12168932701475,1.06071820161902,-3.4209656094089,0.317147735597015,0.0779855021224025,1.13242930458067,-0.137148775880206,0.529380196197977,3.28855097618579,0.525998005334461,-1.37586242451758,0.632027428283038
0.423035889344578,1.25230915356111,10.3852092960989,0.0331119640848047,0.47904897043822,-2.23455910826486,0.511464916945293,0.0827339230434431,-3.20049651416917,-1.10482296314479,-0.394133258187338,-1.20796585848433
-2.54122380588769,3.74478124650769,3.75263883039583,-0.272256870822333,0.302338403872152,-1.54363681520456,-0.653911196905963,-0.0564364542970816,-0.871587905564094,0.853888575541499,-0.0845797847318109,-1.05006230150494
1.97055317527201,0.123775728201654,-7.50958066869865,-0.698135472792699,-0.418294015667932,3.06072672589101,0.130669216349833,0.184115906916864,2.16637887917583,-0.326256675627522,0.858288348997822,0.956411206289408
-9.46397507754597,-4.15249947469796,-3.68380004190751,-0.162011908745902,0.253163592932387,0.595193884550176,0.639685899331095,-0.0411191688594263,2.06246016779498,1.53795284544625,0.543262881258835,3.68754721503141
-2.61619661818338,1.89277377154071,-6.67128970692563,0.621465002729124,0.363528030755594,3.68060890247382,-0.269524970487712,0.080606097719726,1.34541639828291,-0.0426798111408837,-0.0287767492415626,2.68437480403083
0.0927187856090441,-1.17084883458964,7.92134529026675,-0.156947203178353,0.195745982333584,-3.00488322093085,-0.166304772602876,-0.119092125447295,-1.40795945352824,0.351418270226749,-0.618992918993009,-2.73177471334525
1.59480535073449,2.47326634070865,8.84867147376102,-0.471655263384242,-2.20091382805342,-3.91036426354416,0.308698747472367,0.211533844298335,-2.91264634446497,-0.142567121210165,-0.142119931020267,-2.79686709962085
2.17808437052578,0.220491596358758,6.86988017359351,-0.601041802522761,0.286847876509882,-1.55837016209838,0.843466584490366,0.276043591602902,-2.60931779726363,-1.58423019286954,0.147951290888695,-2.52756265730701
1.02047573421414,0.938854145312316,-2.37830618760236,-0.262737559146737,-0.14841962250245,0.50520607214703,0.370099606049446,0.0727991527136488,0.65514758798028,0.299209664347789,1.33936425416714,1.20351467596188
0.430292646056973,-2.09890912038891,7.47218653468965,0.0661825708412907,0.377374569167045,-2.66884997908185,-0.180694407228689,-0.298740022075934,-2.2888174465447,-0.476610721027998,-0.729202837809588,-3.86122057106121
-1.50756286140875,-1.99090006541449,3.71910275309592,0.0760458294671187,0.306078397538082,-0.7927571161245,-0.454925844824007,-0.0649311856289953,-2.56007468533116,-0.720101847172926,0.820324830182577,-4.05705474935017
0.0358389625927495,-0.507868458867696,8.05219868948051,-0.67785549335801,0.494032075778578,-3.42114301646062,0.356643404161623,0.385123789257735,-2.38142381289107,-0.549200554752375,-0.212549870955046,-1.77301223525299
-0.183538169816641,-0.0429454045922156,6.90762279398217,-0.0473407890058969,-0.0134203478693336,-2.73559165098935,0.119941024823436,0.537125793191259,-2.98912450776877,1.62329220127197,0.0491434514193159,-0.477100793418866
-0.867882564429296,-0.343624353671872,-6.90873042482308,0.131349054716415,-0.123533229002486,2.46894898997102,-0.203261347076265,-0.153045702908858,1.54763419202201,-1.12353030255232,-0.192437205641945,2.56246913520568
-0.966436204929411,1.67422203213514,9.72215111697445,0.531430793068035,0.580557180005926,-2.34213485500801,-0.528286365100039,0.249203231046712,-2.33176982643283,-0.507884673181251,-0.776386021103017,-4.88449295166615
-0.0816143194770373,-0.616721800897036,-8.37868394976511,0.356697288121799,0.443567640613349,3.04275662654552,-0.00382177488193386,0.241300717888026,2.08892773659794,0.0803307562830771,-0.246504669658981,2.80335761596173
-0.0498323815491716,0.891669603053995,5.39930345722968,-0.0957508601213689,0.596327239678943,-1.09302065209427,0.252904887664163,0.1579406309695,-2.2790877661617,0.402083782345533,-0.105615766939775,-1.37041732489708
0.574072807039029,-1.97391846628351,7.15829283920989,0.287580869384834,0.0525861633130198,-2.81326193564783,-0.445891519694963,-0.481262921297877,-2.64651907052367,-0.458615253348688,1.1052954468152,-0.132081772395395
-2.80256575518081,-0.867573920599685,-3.48875677956501,-0.0187841084925835,0.809522701292882,1.373888020954,0.996274012442973,-0.641425644192173,1.43041137350069,0.96178806515291,0.861372786813498,0.835991291940529
0.721887424020067,-1.35140888046736,6.70976087807159,-0.529607096582021,-0.138380571969816,-2.84372177569979,0.401192481871885,0.337916237707103,-3.65453567839359,-0.370542242523019,0.517016886394939,-1.70019522268523
0.796745589533485,-0.734210966826373,3.32195483880144,1.00353433830389,0.167515609291422,-2.38661879813563,-0.0541980104349184,0.518319739722518,-1.39005013956535,-0.169282457819782,2.62532886598205,-2.40416379162832
0.147047237880325,0.31588553713899,-6.53071636839361,-0.942550921022048,-1.1213455923387,2.66897208741708,-0.264212946066304,0.18129728239955,1.9834146886592,-0.0965247544116678,-0.224520770153708,2.86775808420557
0.833792859415087,0.283958950901583,-2.58431940552535,-0.693629344233049,-0.172419680148468,2.70353356073598,0.217341984792826,-0.0479934054617793,1.97179390293192,0.176752372016302,1.0689794438686,2.94733891286846
-0.596494777344594,-2.79752400295739,-5.98164445532144,-1.33090401378623,0.470179541445106,1.59361046171683,0.23494310313796,0.31682826321867,3.12647046055851,1.35958337677157,-0.539109520614954,1.92612774013551
-0.623890939734245,-1.81564025452128,-6.77736274850008,0.214075253007026,0.0125466097684202,3.19041745389375,0.149539134677881,0.894527307132782,2.37243013359087,-0.0669223923091781,0.0525954809535096,1.71504798973751
3.24811023482403,-0.583857943723249,6.44180341759827,-0.0558651400789013,0.442775517846778,-2.26189862049519,-0.62400304023105,0.270345755336723,-2.69591573689276,-0.271239399758176,0.538315591389513,-0.415320524644835
-1.90894559474485,0.705776828776427,6.21124597672272,1.31424701152836,0.198755278294673,-1.83178966337731,-0.603412786764197,0.422333695028755,-2.34367025883887,-0.59943600304234,-0.58697306171354,-3.1358056179521
1.77936040604786,2.72697031565687,8.41038446228217,-0.624959713295917,0.462972148091568,-3.23002483788179,-0.0268697042987963,0.316187740277545,-2.32303352335056,0.403725115660349,-0.0541755258848816,-2.45244584446877
-0.34064043997954,-0.684213371915939,6.39114222996189,0.54425815130419,-0.62723302203996,-2.43912279581123,-0.204273223782967,-0.391494054640921,-1.82714952828288,-0.0554241505729029,0.707308746134317,0.13296342102327
-1.41727092037827,0.305233980782059,4.94991669844227,-0.0732491346973041,-0.270656121281289,-0.808972015215802,0.885360006052389,0.117306082008402,-1.73745918894392,-0.667324783375627,-0.117763787289709,-1.89565594324542
-1.6081805638321,-3.19861618757497,4.91681556436083,1.07043532542085,-0.186274120168369,-2.75165238673338,-0.368246796519644,0.185528484518311,-1.50058568625408,0.416300610029498,-0.163283231294231,-0.859249828621273
-1.13088214703571,-2.68099751845013,-10.0557268418803,0.464409365318563,0.605833598091468,2.32348816444099,0.196698340625644,0.793914017969956,1.34296199733799,0.0145552701748315,-0.0337374501319996,3.76743034220839
-1.84778418369587,-1.88504187425232,6.1886831789761,1.03273256797765,1.47728028652028,-2.75173460630968,-0.126437266908729,-0.274859867500319,-1.90034493378999,-0.326527706812853,0.0043643585177203,-1.66991198407014
0.663815079645792,-0.636049029118601,4.9545475454887,0.0450455422368612,-0.64458065852178,-2.25882633805475,-0.177216717586096,0.0135419430066006,-1.86000717525723,-0.569252231293635,-0.183655152766127,-3.69101055507255
0.293092674598655,0.719074294649629,-0.298308010627549,0.250845891000816,-0.0107387627762313,1.30856328684326,-0.187176079988744,0.396898835230301,-0.633437652912764,-0.017548296815257,-1.31603257554465,0.594975257459616
-1.73508675690525,-2.72070104803278,8.05318785341881,-0.313102789050387,0.173396812526757,-2.2907313991039,0.539561109251214,0.390023767028583,-1.83271367864973,0.732489172600272,0.247663163341711,-3.67525534936552
3.25332958732268,-2.18886110667718,4.34590420796818,0.257310131609483,0.39744762637983,-2.42550136067792,0.514008672219277,-0.311643321784739,-1.92266919961757,0.576484052523954,-0.324910870851567,-0.209212958695881
0.687048837397196,2.31433257416149,-4.60130443383449,0.0989499157259449,-0.34028602328954,1.3090371194848,0.509907290317517,-0.326308464346578,2.57283600521862,-0.275729586565147,0.0543151570578117,1.88413019128329
2.83720653270515,0.209026511499201,-9.61566314942067,-0.63043244646641,0.368270683512243,2.67897215485685,-0.760494312254388,-0.47939756645542,1.89023997448256,0.279607214005148,-0.447954127091321,4.06378738706595
2.70440808898733,-1.38817827636188,5.93660590443126,-0.487999323519998,-0.0222725878943867,-3.46744279365958,-0.0969378461747512,-0.358351411369344,-1.15357570521701,0.458884104837458,0.411444023777508,-0.657103580175933
0.0954628180705569,0.913209681482929,-3.63066181485986,-0.497118684023031,0.32607721743008,1.56080915840067,0.272612638128599,0.161912299446621,1.05871486031164,0.0808183794439244,-0.2227099179892,2.05117912799134
-2.02438326792771,-2.31453557267414,7.86669854079653,1.70203298667177,0.182673478639077,-2.61629947377849,0.628511797384128,0.848828436855607,-1.58510285512502,0.0671637700714741,0.108790331408991,-2.83053197919344
-1.49407045746066,1.01910272949542,-7.66934097449198,0.331200066716216,0.448998586768166,3.43701400918341,0.0626673811855434,0.207717223832491,2.41695747395127,0.0937322572020676,-0.670558332390358,1.98177205962544
0.337579704658056,3.55052420760566,-7.77006917645332,-0.417161976264303,-0.870632410826685,2.34436132193491,-0.0255634365456444,0.632144254682136,1.6807252185114,0.482374553916988,-1.56423116444648,3.57350916651372
-1.40828394306911,3.86978337580939,-7.42633555679625,0.902889895266351,0.135472168967098,1.78471986206115,-1.10540626846194,0.212055889841674,1.43118390000559,-0.256823915205267,-0.814933983353042,2.28703359390133
2.18943378081038,0.288391446764066,6.85239140493875,-1.08160159624865,0.260045903814191,-2.91256139481881,-0.00578084752715937,-0.409024908148523,-1.77610435020373,-0.27672163189468,0.567266684863436,-2.19619470666577
-3.09342253980595,-1.78188228882847,-6.69681602916579,-0.275639513715814,0.134324224770754,2.18101621670146,1.89956839354697,-0.0604405248235471,3.13371743519878,0.53364135620927,0.833944800423045,1.35335628307932
-0.563386278624762,-1.11195607081852,8.394021251348,0.107889291782844,0.282660393000471,-1.627433071902,0.271035614947212,0.113306897281341,-2.58191627310023,-0.707916492867732,0.501699112154049,-3.35790687004391
1.54701445187982,-0.436912122792585,-5.41164127237477,-0.481282497778445,0.881615116273971,1.33983266244461,-0.256890411363299,-0.305497697709181,1.59543837902263,-0.0518209643909329,0.209203781002319,3.00055622592069
0.604460507426782,2.36536447202653,-8.90539147028387,0.416833771959964,0.671053474321274,2.89341199807195,-0.702306554509558,-0.0429104027214289,3.07947929711704,-0.425096668932977,-0.714246995789145,2.6134640302117
1.02763730221481,-1.79866419155431,7.62650173442787,-0.112500165037724,0.478583493731624,-2.32382833943677,0.327155211536342,0.056247012858108,-2.04246616509413,0.107170854930049,0.44335955153354,-3.89941983838437
-2.08974500025445,-1.81630283723092,3.74592537944107,-0.0402312523965331,0.894317463271688,-1.44067824600702,-0.393063489257824,0.423329224332703,-1.43229745535077,-0.331880258015723,-0.853564231918264,-1.08736360351937
2.0071685384372,-0.432765586468342,8.71027048847714,0.602014226202669,-0.82480222422593,-1.74918442633529,0.144759596878459,-0.016374956543892,-2.7516324528295,-1.1950238999076,0.075260922564346,-4.10323640670418
1.76725594492832,1.55756908652396,3.96891384921493,-0.177880128012395,0.121157169308232,-2.4352397840774,0.683997698314644,-0.451158605251813,-0.933523725476961,0.019259773559147,0.385179205992327,-2.98377132337742
1.45487934873847,2.15460465646453,5.1882539747188,0.973631673501743,0.356407710529964,-3.39900575798047,-0.208520494010956,0.225694224002688,-3.95492310029855,0.200990913721022,-0.801384925202042,-1.83125308889454
-0.822683246344116,0.586092403108707,7.0060373312396,0.0912582998906358,0.0527056650407083,-0.383083476402174,0.129989070550625,0.076290693667581,-2.66445900779479,-0.455348749193246,-0.978009540188267,-3.6400968164348
1.67071925896882,0.636551269253952,-9.37299811393568,-0.102421301298239,0.0153029896232013,3.14934456120471,-0.67379518342176,-0.841966418975133,3.1422830553304,-0.75623144679443,-0.37409240918069,1.97697491626501
-3.78621540989039,0.644313372846184,8.34599221405152,-0.179006926482534,1.03360399709109,-2.39115655672611,-0.157815275909403,-0.263604460082255,-3.16492108288866,0.563898002356297,0.215352123538616,-2.8998013568945
-0.233591402020204,-0.643727314451273,5.79977990095081,0.214555690147012,-0.361633766492488,-2.73850255894029,-0.169651475233098,0.163930957408953,-1.82656621188589,-0.701427267634395,-0.434273731117784,-0.807157375138654
1.78094506073314,3.09815057871705,7.48201194501805,0.158231448307043,-0.0797779791110297,-2.72739538354637,-1.44048138486047,0.143864393039005,-3.56404006367939,-0.450931762288699,0.0583114192951828,-1.24648274541852
1.32174758873443,0.37578121492436,-10.5474426896966,-0.452970976848098,0.0422400427412784,3.35764705008249,0.0978615664650348,0.378188124702602,2.66037979321372,0.333750937293518,-0.257608948548053,2.67402035658534
0.472474318044842,1.94261426486189,-7.84641595833029,-0.55026574360046,0.0641902921573078,1.7886603141439,0.336227449209082,0.344950152052988,1.03702894582726,-0.152925929130503,-1.50793006798427,3.30255002041478
6.32864546130808,-1.13670614593423,-3.88852282820519,-0.621172186092224,0.881095265378989,2.03218832443091,-0.264164575514755,-0.11933738250593,2.28409533114163,1.98193401746255,-1.15712601201562,2.86924363777744
-0.295413845436121,0.382959165456514,8.57422157454454,0.72822742396483,-0.106246388451176,-2.92697446360958,0.0679819676297659,0.425836236764514,-2.76289267737536,0.220610153167648,0.138556010612978,-1.37863817112014
-0.679728256104894,-2.54122983453972,9.17442209849171,0.179160049183296,0.368417685432226,-2.09079475696251,-0.0649441195181556,-0.0369125050691701,-3.74518861984271,0.504639603125805,-0.242612433638809,-2.10583322656914
-0.117375270442372,0.282438446033038,-4.82687011003404,-0.207206946345427,-0.0226995574919043,0.913147750048995,0.12046468236886,0.62637428799484,1.51672838100973,-0.164810833373512,0.349663317382776,2.74737893848003
1.05945828328308,-2.98253246654465,-6.78534813864087,0.0131762115717099,1.0192932439125,2.30199754764014,-0.77677289044831,1.49096979373019,0.936906942426539,-0.0238657732282434,-0.0719250219175813,2.74708738843137
-2.51188867912082,0.2426765653316,-4.76960743846838,0.261780082730083,-0.0654819416930391,0.625239234204381,-0.221846702901733,-0.432781152922601,2.66303531989083,0.727181500272617,1.66574889403802,1.38413047361936
1.5777305511152,-0.652626911772835,3.76056609293236,-0.369759346391976,1.1593613440325,-2.15644023024933,-0.402871061398916,-0.614025753922341,-0.61116562869091,0.130098268625595,0.0960394706038564,-2.38591724961958
0.675024913206425,1.00829418115287,5.01992171636003,-0.271248042101049,0.142889675678641,-1.17656879131956,0.443537852205195,-0.452590321851975,-0.680796431232608,-0.705122976012692,0.499375611475279,-0.712171349547792
0.338408909601427,1.73786960679487,-5.20204586977021,-0.0921767234477057,-0.21579364889794,0.303393740831568,-0.545462073567198,-1.05295940996131,2.54217920369426,0.470115611288838,0.340348408589267,2.90656256944272
0.209100751939786,-2.56076104816838,6.57428151705099,-1.90177959561579,1.53543576116111,-2.1591282617847,0.519090918489425,-0.0230151926305297,-2.69718043689347,0.450635088804562,0.978626215921251,-1.92193373012602
0.0290124933539416,0.444206462579024,4.22864998548527,-0.0781339860398149,-0.180831704993146,-1.08882322274241,0.138858921002019,-0.0979996206697566,-1.81220580486622,-0.146881382875501,0.28926521310512,0.415842459918548
0.0431085108800175,-0.129085146430478,10.7147009368986,-0.239742309779351,-0.648138385824964,-3.33013297702735,0.419174021826634,0.0177261567171543,-2.9315069657242,-0.98705157089121,0.767062690684817,-2.64743752807585
-1.33765137930111,-0.695840877031785,-8.87709851930962,0.12257199565396,0.625577671385415,2.22331087380794,-0.518204751550715,-0.453056186246127,2.63555731238992,-0.068421549339286,0.808542137428798,3.81496091996155
1.15062056750553,-0.663957667028654,3.55337048341711,-0.436742415197088,0.793900457422075,-2.45668469557372,-1.13067674267921,-0.241116234808246,0.17208658053847,0.145021377829231,-0.518418023606652,-1.06894547744621
-0.759638842778574,-0.334647616260241,-6.67260932424415,-0.0199890295968769,0.25669290627939,3.12654577580102,0.0735153826896594,1.15612433614876,0.726250242970559,-0.3400301355398,-0.118498109900323,2.19711566822266
-0.264908325528076,-0.0503452151712961,6.54742532797867,-0.530784428697458,1.01270481687832,-1.85608122646596,-0.0547287370185522,-1.22962169598609,-2.08660057839642,-0.229307075108368,0.249230610239744,-3.41317230558673
-0.973962672619416,-1.79020478888275,-6.51978135862622,0.498533780693429,0.417807413741393,0.574511460929679,0.596755375322842,0.793522735929631,2.12995177325675,-0.112822174939025,-0.0726966074509722,2.30834643437377
0.826760515471908,-4.4858461871855,4.52687626611884,0.0321597246497029,0.468730184990788,-1.82879919926037,0.167149096666904,0.0145448473519713,-0.785241886109665,-0.0750134357462955,-0.0769004166159979,-1.97788032216932
1.45019914497433,-2.69166295370435,-11.2905854737394,0.371842708545844,0.486064435208999,2.14731005071831,-1.09790683812226,0.951864557477443,4.03658921266266,0.531120206075836,-0.690517604105859,2.61511221342435
1.10572304594505,0.108823512432219,-7.24441860651665,-0.524353745571353,0.515154735779488,2.57860589875709,-1.1025135349597,0.215926414801534,1.1017503445474,0.263906801395441,-0.199355463205446,2.33644222906398
0.957915098420836,0.870266580397106,6.96477602864735,-1.06703234053086,-0.291947246209793,-2.52262853052471,-0.161744438015547,0.409721298119411,-1.95229510011805,0.385116345892191,-0.254762968612464,-4.01314226165297
0.600468904857235,2.26239851435735,5.08532635813008,0.726057250008597,0.652591217685329,-1.58509047021518,-0.157562200161797,0.164611280923595,-0.769687450730918,-0.978047517679909,1.09966049609505,-3.07980176028902
0.00993875556179613,1.5257533934304,8.28899637064114,0.241017497700716,-0.351586756791951,-2.48316335928049,-0.61845097941541,-0.0378801482843493,-2.1640215110171,-0.497941762037962,0.1791462688599,-3.76139528163283
-1.28069237802744,-0.815565656228969,9.75892263528621,1.08945841047205,0.178236945072955,-1.38273448460271,0.359877360684976,-0.33108451344462,-2.35182953241907,0.090674684485236,0.254963003748528,-4.26958277778252
-0.0454762483673646,1.08081846786371,-4.69630430870581,0.105005761382444,0.0912569018901133,3.14010518330158,-0.0558563395804423,-0.990809330789481,1.74858017202406,-0.468000766836087,0.798159750222934,-0.00919992114073336
2.20125517264047,-0.650687519346733,-6.51401637947494,-0.335570454858946,-0.157110900789639,0.543830930277215,0.286838956514996,0.180918684789684,2.42579062523201,-0.391827567018355,-0.292447125095962,2.42645147972372
0.235377296952436,0.555575580085546,6.06898452791632,0.131188039125163,-0.0543329471210059,-3.05799923644623,0.0557542189549248,0.553882804637236,-2.25729902165787,0.468267391128346,-0.343562386961521,-2.0127323785538
1.91528745363452,0.321543363634528,-3.55057719677039,-0.581625875281632,0.407035340928122,1.38959742259705,-0.503890582784351,0.406159168699634,3.52478682873243,-0.133779484014673,-0.20305426181488,1.9480624550509
1.55331559912685,-3.1066515318788,-6.16275274179222,0.347454574893949,0.353178255095147,1.92959258854821,-0.586133308055195,-0.158934772695047,1.30497026790848,0.758600176545462,-0.473673919816131,2.24115589640517
1.71942295763299,0.676199640298553,-10.0358966267647,-0.0217504507468218,-0.0709606793229461,2.75977275984448,-0.810038112770477,0.474060828465674,3.55031043116315,0.193724270632923,-0.0117565457705289,2.03391154087038
-0.0123361478919407,0.0840805888300831,2.95138680405706,0.285447913412432,-0.225308071474076,-1.01160032214406,-0.168282124449899,0.608672449873566,-1.90037041279381,-1.0855565896044,-0.359048855680156,-2.32575657500272
1.74911402811277,-1.10105884310381,4.44511062968051,-0.212310301594052,-0.061096281145198,-1.43234746834914,0.130486433744352,0.276616435050871,-2.54335327798956,-0.316318072369424,1.34444484917565,-1.60663656238041
-2.48381014854094,0.106721915625155,-11.3019038799245,0.465272878566301,0.316919773228724,1.79087485528535,-0.171453451862907,-0.157198282792699,2.48601829464261,0.569748218793901,0.0958586408790137,3.26767635621183
2.88846585078706,-2.40752776847005,-6.27113235003332,0.38116496207377,-0.238756735453702,1.42107719605785,-0.316542127297879,0.107334506397231,1.51776566087626,-2.09073908585533,0.366460725668973,2.70806261816361
-1.12313440868374,0.844335901949439,-8.49103363809732,0.209167144561871,-0.0363011411205318,2.68489108732347,-0.144181621367049,0.429293114111248,2.70286445349207,-0.59288265239922,-1.14408939292134,3.58158475962411
-1.70541997834909,2.37671288042831,-9.09506928761038,0.794060200822379,-1.27532687018531,2.9642181489933,0.343680518509126,0.477392165877485,3.07610281649419,-0.780305730277936,-0.138041913282601,4.29248296093853
0.581198721077451,-1.13612225891098,-1.69718023186076,0.73791571345234,0.0975722813021398,-0.37498340147656,-0.376611834976643,-0.417400533787354,1.14108331604012,-0.154862024501649,-0.0614499585749763,1.95945966467087
-1.34318131150184,1.6034753594069,6.53370707141398,0.353787257070432,0.226838345125363,-2.749415532889,-0.403448484486437,0.119211977828804,-1.49049943007374,0.0768339445578833,-0.519207240191747,-1.9664882284831
0.0619626075461594,-0.0184023336141793,6.53879231429729,0.61771527651768,0.688555791924387,-2.82496416233151,-0.306098232645754,-0.411515141112384,-2.05822666034824,-0.666078156512039,0.263065484158152,-1.87743701641631
1.08608260563169,-3.46601167705628,-6.26119176723832,1.16834798929913,0.580526989035254,3.59305956286249,0.134503015595061,0.0431328045222439,2.87724439964395,0.651270380148023,1.21620005530283,1.66913091575046
-0.736864734147658,2.88891191896317,-10.2679215958403,0.0926193039941966,-0.211247905211579,3.49700683768869,1.69996611526894,-0.158681356332048,1.88434975005726,-1.35126377269951,0.602901585649927,3.14935047301555
-0.557810522293456,1.15433415486485,-6.55120520940118,-0.0369284884409772,0.324069792640018,2.45477559797034,0.113177721064549,-0.0811756353107764,1.29332279823093,-0.0262892304928598,-0.303416035123341,1.80845698228768
-1.02736142405319,2.26263780330593,8.62316706883014,-1.00446653278518,-1.08918269657113,-3.74577728391294,-0.422386336770581,-0.14146308021648,-2.36940220588937,1.18849902499593,-0.50459291841656,-1.52169796825507
-4.67576899400468,-0.528901364522778,-6.11323466703267,1.11066382643797,1.17741235485314,3.0626040516558,0.600523835437231,-0.381235959964727,1.67791936476563,1.63897948220309,-1.25740467026765,2.68537718583779
2.4749038982329,-5.071938382188,-3.5354465537138,0.0151735256150318,0.72811424155873,0.024965811673484,0.182843618930144,0.598168012946623,2.82855498464218,0.0448795991989336,-0.593285363606918,1.94841935225063
1.24619136102494,0.684061356520798,7.6674141624962,0.586755896614773,-0.750958384535586,-2.16243400695337,-0.198624369087005,-0.166146424744533,-1.61427550902392,-0.988204501961404,0.651208678738367,-3.92498019505086
-0.490355270052502,-0.704979639206437,8.45965556577259,0.254951840566733,0.262627978276765,-2.99690252426478,-0.307285219340852,-0.15215356628279,-1.80052463994399,0.31463643432221,-0.106784632911144,-0.352564701317875
-1.7630234865149,-0.27522753563458,6.2086347621331,0.392204170944811,-0.405703746786505,-0.908716668499692,-0.50217130852606,0.0340123714951175,-1.65325519614288,0.0754351772766166,0.0287821148440694,-2.98453131133493
1.20307150802506,-2.54845684923422,-5.50433207151491,-0.151786175378963,-0.0750314393697653,1.80838080625219,0.550839116827463,0.264767633970687,1.19909530011269,0.387075109087592,1.08052678558444,3.54225428558433
0.439166231237438,0.182534472292529,-5.69691080642203,-0.297706034460636,-0.18432274035828,1.40789268466839,-0.154487514302736,0.63196998595297,1.91463804985648,0.176454628790449,-0.398807262990509,2.15320813010979
-3.03492790607679,-2.00515570809015,-5.37968169257387,-0.727892090509125,0.0396049459610707,1.29688385629912,0.121762682231025,0.135323283386202,1.67138379712429,0.0245906739213784,-0.0560909243578533,2.18613602981542
-1.66204154294106,0.934372563867177,4.87781972283835,1.05666760619232,-0.489846455609095,-0.102662811968155,-0.95236854808529,-0.156815463411622,-2.20930568389099,0.00744103185026903,0.310345726757746,-1.91728304972412
4.12249449740034,1.09065075193894,-6.8629386119266,-0.0726756523904497,0.225351678293895,3.13215896550994,-0.440701790298087,-0.393929876374107,2.18803376076775,-0.324836707349316,0.0832018854326947,0.93711267349707
2.41366758471807,-0.556454971064858,7.51801853287642,-1.27490312627073,-0.957049718248652,-3.618931935015,0.181083544009828,0.269848647839848,-2.40401107380033,-0.367196022290814,-0.907769595717752,-1.19243645115971
0.541879133841903,1.66999256135486,5.86828237610563,0.242035538227795,-0.717409695017828,-0.507252462401321,0.418563898346739,0.0986890949503996,-2.98456461678538,-0.256360335227291,0.00209307552547205,-1.64774820774058
-1.52346936471671,-1.97949298256568,6.22511807616819,0.0526217057369128,-0.722163651372381,-3.17807538015728,0.625030893699177,0.864968155697788,-3.26562893931084,0.211995772801081,0.657894023826586,-1.188738070607
-0.0468089374197658,-1.50226256141458,-3.26306883281008,0.467596273207434,0.488697678869578,1.69171981498847,-0.359329223433052,-0.203180730844618,1.08407015891021,-0.15718936948115,-0.198823901528291,1.9571838967798
2.3560712521107,-0.816366865815109,-4.4054086956449,-0.20069939318607,0.641958897957084,0.899553074656522,-0.157769083141323,-0.073566166445518,2.63331612075132,-1.08683726340829,-0.223851903806412,2.94664414172878
-0.945447159393637,-0.979498526712908,6.93443546091648,0.375269320515571,0.014761320248359,-3.44320576271916,0.570241329549855,0.262695800163399,-1.60855509677504,-0.945879126582243,1.35323334381777,-0.725661760622517
0.542550705579338,-2.16696429176864,-3.83511526885966,-0.413901817935782,0.119839137318548,1.71524583887936,-1.04638611646192,1.28847901409436,0.423830989822136,0.19162739702085,-0.106993586823109,2.41093652252757
0.352659095912828,-3.18343952972608,5.65623667025608,-0.324061903675805,0.0468791258323516,-1.94472855600667,0.0476070913697024,1.13837365669525,-1.90550605652587,-0.0162407319083483,-0.00817575016918854,-2.49929722717605
3.2836251365493,-0.785074419708214,6.28246347540398,0.0668544241761329,-0.247441044162502,-2.63412383753811,0.065083965603415,0.181344585955372,-2.91303271037706,-1.934376108797,0.301040247288707,-0.938575335032321
-1.88930072914301,-1.20614237814571,4.72115154250673,1.28571921174877,0.345641578068176,-2.67542842542902,-0.227231236238427,0.394561748127355,-1.84498427421779,-0.582462541059447,0.587687800651507,-0.2044543397951
1.49591020134506,-0.386098851782968,3.15143680916882,-0.129585378185273,-0.483715813036946,-0.89007318107408,0.500145319227408,0.344771009949364,-1.02864003563056,-0.724457567517716,0.546309232414122,-1.63710497200965
-1.17015197832144,0.132940729959993,-8.37021533728005,-0.120326339991133,-0.0982115195479265,3.09234134411037,-0.0290271649152639,-0.139210025973557,2.42378232540946,0.329223021410147,0.381197607162146,2.68046460492901
0.391028596714491,0.987955838153784,6.58751271615717,-0.155858935675217,-0.0655431647398996,-1.83842495727755,0.225867281065439,0.525914309859116,-2.77233240218363,0.235907757488052,-0.29926847721105,-1.2283439310403
1.03432678160116,-0.00648566778627957,5.133120537117,-0.0742038432184345,-0.291122940032043,-2.63233343470258,0.66173337460565,-0.0468553680099653,-1.14548892394966,-1.15478837834117,-0.217469782757963,-1.68277185376436
0.445428017902596,0.24112740365744,7.27322188955614,-0.489567048237934,-0.321482183842755,-1.7558808922671,-0.0481324437915679,-0.0218483178749816,-3.43073056433038,0.377007202301655,0.286015583744979,-2.1609524259426
-0.411788874158208,-0.730655874071215,-6.17062336279398,-0.0178438247346792,0.852337193704476,2.90044697464462,-0.141372656515155,-0.13322772807445,0.529367957216133,0.116696067567387,0.212459296881563,2.40562285689841
1.79551386723544,-2.45936971917066,-9.65245349519487,-0.0941096820928223,0.211592972291217,1.89217227711897,-0.976322236968035,-0.0605986973819738,2.88101382393551,0.592055006475244,-0.907765072558608,4.12418433905305
1.10629277381943,2.48544303385206,5.99673920285212,-0.0562872005724123,0.308789839351756,-1.29218977499344,-0.197654666250609,-0.0815064737630899,-3.30816405594674,-1.00555383025654,-0.562997357032439,-2.03493461516115
-0.598987621152367,1.16671077864676,6.25906090800545,0.268475994729301,0.122091008178496,-1.48525063687782,-0.553131163750128,-0.513984663378341,-0.718456773155823,-0.02093842593468,0.187255229838666,-2.775357780859
-0.362038115805212,-0.697142774022197,-10.1323324192411,-0.213733580228167,0.204188350337267,3.23689182839033,0.0682142626581252,-0.00172791069464751,2.04605128119351,0.812788749661095,0.852640683177225,1.64205635600747
1.67388925239295,-1.96453233636338,-6.57424417189023,-0.274053131406533,1.02305336944627,0.749306443307896,-0.0810962893154605,0.0237995081761714,2.63483680235996,0.973585837795724,0.416392912886697,2.69192351830295
-1.10596018141872,-0.684394717557352,4.90743147414751,-0.0269622940856765,0.51989295706106,-0.638975092702581,0.00470463494796611,-0.309228614731999,-2.12104742478501,0.324236260479718,-0.376612393379846,-1.57314405006795
-2.02402077884779,-0.863167511745788,9.89106007240373,0.221209156733404,0.265017020551412,-3.23161897604519,0.232518809718448,0.143119754078645,-2.3141197849516,-0.0135091542329173,-0.35723925437313,-4.11819519001871
3.09672019340562,1.67229429479013,5.78646635434203,-0.421248270966328,-0.127241823519319,-1.42568464307859,-0.138169293089219,0.0677214018082023,-0.285985876818747,-0.313650948147742,0.711408651023865,-1.09676092850611
0.444764943441873,-1.03134487480685,-6.10082023165741,-1.15012834024345,1.05713407502492,2.36340921366729,-0.167478850452814,-0.280702990220993,2.58011993339055,1.19387595152305,-0.383771476536438,1.88495742197449
-0.30584551309825,-0.970144228272592,10.0471814082395,0.34002352114965,-0.259662586700908,-3.75922558151958,0.437378750563599,-0.392012783571619,-2.87580366162652,1.40926621287644,0.247861960355273,-2.04440083838358
1.64550714833881,1.56669817800762,5.48663009290505,-0.348365732126313,-0.0409235838030656,-0.660063424217269,0.968779336786002,0.0223184002294317,-2.20101587493066,-0.333645154677574,-0.142112937971101,-2.89946088565827
1.45620991661568,-3.65090741304824,6.13387809038748,-0.657673674584053,0.528801209732834,-1.98023795221122,-0.475055069727519,-0.527782346257273,-1.80031813558212,0.236730776024513,0.475595124716646,-0.79716651225962
-0.607169567168842,-2.30688131991671,3.70499863941296,-0.203662600212578,-0.247984717270144,-2.04738895569497,-0.375293026958515,0.013267736428507,-3.20870015697613,-0.537077437286543,0.100492063927445,-0.795358291459992
1.84509540227082,-2.05565465145293,11.171812555678,0.0386209941901283,-0.301061531009931,-2.65135116080407,-0.578989895888233,0.182190221919202,-2.11701195373227,1.03920042967625,0.586049148526459,-2.97743635568239
-2.41402779267964,2.26567346403086,6.4171975367517,0.701296987694442,-0.0657818652377775,-1.96547568017742,0.0437741918564601,-0.488248023763643,-2.7970850378461,-1.88597587257703,-0.90032922420832,-1.56927002049263
-1.39543833400949,2.11024716737841,-8.78929780988914,-0.789430364083801,0.293531262830675,2.86148182142853,0.0973003805913909,-0.499181380588718,2.66910478049343,1.59301477701804,-0.47372717745397,1.35822771415436
-1.10382650689246,2.15323156509425,-5.10648122916361,0.0816420146323969,0.228029614033632,1.72236312598533,0.426209459102756,-0.624684990783817,2.609947584571,0.487336975944446,-0.0421627026018285,0.81337189136119
-0.0972711033711739,-1.71626562688517,6.55051656631492,0.926210604268941,-0.285536523619141,-2.69659769674238,-0.295374501339994,-0.349978473237791,-1.00525818408582,-0.480701829924057,0.382618244023475,-3.04750822279976
-1.30837488623346,-0.768264609137905,-4.17155784887842,0.151336188194052,1.21802236203264,2.1227216694226,0.024025973867813,-0.0756692608896189,1.42806660092254,1.43205317301242,-0.554962583221673,1.93110689929714
2.39094128299971,-0.301979092521512,10.3467551142378,-0.631793463226082,-0.247258629601971,-2.72126168808337,-0.063925905840425,-0.345825617572013,-2.11896628639254,0.115140804011266,0.166198747068802,-1.91650212882443
1.10936101724963,-1.50815679025652,7.77800690072935,-0.0784052420149684,-0.089120613073965,-2.84931980751078,-0.4378724627611,1.11794272388467,-2.82310288817731,-0.193813460600822,0.0817360774731364,-1.84845666064698
-0.534401733666887,1.01677570273083,-4.52274999668457,0.119367711217007,-0.000387215904342146,2.06926704675831,-0.283740161767563,-0.151383181624135,2.57239579553381,1.55879676374889,-0.972425875604155,1.39401507598343
-1.45278290451922,2.31183771296134,-4.61171285116548,-0.147204689976046,-1.42560608282653,2.82013004628784,-0.427410993701059,-0.0262976085913157,1.28726605341999,0.763809355431708,-0.353174238109626,1.87902747102121
-0.0880260507910388,2.75023628452614,-11.6712400769066,0.240602237637447,0.189723918618688,3.56065322314659,0.0767941074081158,0.133828665056189,2.68829833880517,-0.53893085102954,0.0535866770665107,2.05350970389158
-0.360020744423152,-1.49793237187829,-4.34904758569707,-0.229051472252917,-0.213934199638708,2.04419419769629,0.37172532969519,-0.0548828773135823,2.47791208571834,-0.963624671577179,0.711080016372907,1.9824966204897
0.648858813469571,-0.59719493257314,7.39936013431408,0.201164986812545,0.309659303980001,-3.03580210511669,-0.280572432281654,-0.785715063917924,-1.67579959556106,-1.54625311043453,0.243149009062727,-3.49219172460129
1.18585195043701,-0.84441079840832,8.03751921524144,0.413033509818611,0.143030319147405,-1.69990727042318,-1.6394894994543,1.04051863395237,-2.02641945149133,0.117587111926986,0.0901894716301809,-2.99371278013028
-0.468867790071478,1.33280151028888,-7.69929643436589,0.171699538640072,-0.203117830072502,2.54393571641374,-1.54992552350042,-0.529502317481868,2.33283728615607,0.55641713218137,0.488943043384571,1.09464615682904
-2.20702661456875,0.4893473497533,-5.64469166524704,-0.279008247103431,-1.44861266585678,2.35412621501792,0.109601072387086,-0.081031865434983,2.43940467372933,1.61353941878011,-0.473828968106254,2.67656622776984
1.02380411822421,1.15147579865234,6.58455808849236,0.235543462796335,0.120474041148155,-2.14556200893525,0.090773509843927,-0.875706643441188,-1.26909663422971,0.247023323021525,0.484580544576336,-3.01984513912957
-2.95573660207583,-1.50803798994714,-7.46240769529902,0.297002409242012,-0.234953818000094,2.27774514052675,0.906910787361621,-0.220025721898412,2.17440043874602,-1.27423471486067,-0.476159937139725,3.81291289983987
-1.65381654392835,-1.86400757045369,-4.35483660175824,-0.296978187004806,1.9866109367788,2.36112702122965,-0.0234076242921187,-0.534194020097403,1.13334323578671,0.512657180970474,-0.0764760923812896,1.85438074117635
-2.2094453609259,-2.05443185168972,6.56301831871897,0.472586559112317,0.686528238368972,-3.00048570142508,0.299982036271067,0.419460261460815,-2.12366883141988,0.00681895278542108,-0.166870310798269,-1.56325358261139
-0.451848488122568,-0.567112133411805,8.34044797017068,-0.284824330097547,0.186077328477938,-2.78180173590967,-0.113327208752547,-0.34263273678615,-2.69573287889867,0.5921364977887,-0.305024997885593,-4.10273055002804
-0.788260604433337,0.387371277210866,5.87337321231209,-0.0811220898942052,0.0624628565470188,-2.29864881756801,0.0442227533973818,0.705646849416958,-1.8044412108766,1.02454750092123,-0.599103703746211,-1.59164491147289
0.910651619729324,-1.55263524257985,-4.7063186221787,-0.000601807288080027,-0.215557413131918,0.894885523119764,0.516012537180855,-0.177692208891044,1.90012423532153,-0.350356188318519,-0.294304963630996,1.98372781466255
1.15666842135544,0.588126719354593,9.97322822257065,-0.428734393352377,0.22681192879823,-2.71053615092512,-0.090840266149039,-0.346002852263166,-2.77791581076003,0.675802225492341,-1.0732419368157,-3.72452243040241
-1.06530219700129,0.115717690685254,6.19213644467245,-0.45541125247597,0.0128925130786167,-2.58404565249472,-0.633955863561363,0.0602429662086447,-0.594660318764452,1.78231430034329,-0.0041794132203669,-2.71194250734561
-1.6485121827598,0.531965283676598,-7.99176081472105,0.0352729082193963,0.149202983622626,2.31487190430594,0.653640550978436,0.141649165598226,1.54990922087092,-0.266338622891866,-0.0116787919915526,1.29511869585109
0.511759161920432,-1.07577257441883,7.32175610364883,0.458299618214524,-0.44528106024987,-1.50532162821536,0.708848669569277,0.539865868708937,-0.701890663458145,-0.888957534047346,0.234219973404011,-2.57742919955824
0.251407735938777,2.14550376236942,-9.89732950121594,0.377412817554315,-0.227290597171745,1.99487899032216,-0.794856942380274,-1.12389472325219,0.748222803972123,-0.212421125475582,-0.27346965940578,2.96441285463451
2.50219926501542,-0.964191130872081,7.64745960434438,-0.270435205668911,0.435189113629528,-2.3492315743328,-1.41051050064136,1.70647277424113,-2.41059894453448,-0.0751326739674365,-0.148829685135502,-2.81245290758903
0.627741465803174,0.337329835122378,-3.07939011032087,-0.298479853866238,0.0151383530817894,2.8474853221977,0.297278397222595,0.255821605155087,2.04269969759061,-0.0304505622647372,0.467083329894865,0.281872752528132
-3.31127045471297,-3.86070715681243,-5.34809037501351,1.07881876510099,-0.153286822284236,3.06559811748764,-0.295195401623619,-0.0991196139818677,1.82654177693396,-0.425849309916231,0.333930712338239,1.2151775596519
0.769041257063573,2.29488562169707,8.07437523677478,0.390697563535967,-0.463284412109129,-3.51719492516722,-0.067184804357213,0.184977177621364,-2.55930013405369,-0.877347980902445,-1.56033348416514,-1.49126059150269
-0.223319995315272,-0.490963981597141,5.22173499698901,-0.0309936979528135,0.0843558822934872,-1.85180106994689,0.0291462819607012,0.124921224083669,-3.17848861832929,-1.77746927372276,-0.772618554922102,-1.34733985284703
-0.55537559150782,1.15186117986555,5.29485822745594,0.0871312792711698,0.435432266999336,-1.05513317411104,-0.229694512646594,0.112492816763655,-2.11567830849916,-0.624147325539676,-0.647989914232469,-2.34206487079571
-0.731686870461997,1.38119240668484,5.92269182684339,0.41012697469888,0.36783166819235,-2.5282243968799,-0.486236648488775,0.37068578234188,-2.3053124964623,0.108696884312919,-0.529461427000044,-3.96020740636341
-2.52394177881523,-2.64769139195916,11.1357006991818,-0.0329379551000042,0.584936712766321,-2.22300088932496,1.11065968901156,0.888260988146059,-2.64328323278596,0.0790563188309331,-0.298836239425762,-3.6398437118099
-0.991944178628766,1.27026369389854,-4.41202420992828,-0.498276372657034,-0.0315647902376787,2.49440539940858,-0.826900089143048,0.48096701433377,-0.185640375932081,0.35054778899397,0.34503526658602,0.929765422903616
0.901705563051725,-1.97166932910456,5.95052284831939,-1.14876719374944,0.959766159290057,-1.41976882087436,-1.09488847798501,0.213080698541398,-2.26840689782938,-0.0559190074807979,-0.167183463342513,-2.16582046328453
-0.486343500548181,6.24368882979659,-11.3474707789409,-0.227147171332114,-0.287374124776772,2.19716503745586,-0.177336679053391,0.0687123733634214,3.21310078108692,0.778332673118493,-2.61255805639302,3.23593383033844
-0.25365339334411,-2.10793212617336,4.90680375710124,-0.68378307886066,-0.267632060743529,-0.403591998600126,0.640064230026342,-0.465833348733338,-2.3393986752726,-0.0309323835090629,0.137559655122328,-3.41600726361065
-3.55034243822582,-0.639480367945849,-4.23944520146028,-0.230501361253976,0.121000214429545,2.76560838592687,-0.366582552440292,0.353557717357669,1.80494256177388,0.0220521794772615,0.00658038559715635,2.10709970811081
1.30502865775862,-0.815555629990675,-9.58387686939448,-0.588623217734329,1.02305133733046,2.52333909377101,0.185164453997349,0.193177132686836,1.86275795278927,0.0554902364544169,-0.383625320416368,1.78087724774214
0.903946851227327,0.284928008327358,5.26164562770347,0.695549986358423,-0.566068570925391,-0.433485946051182,0.120000066315702,0.452718349289446,-0.755594321907907,-0.0296224485205498,0.317231191743771,-2.49002217079254
0.743499961278829,2.49450942919895,3.81327474227271,-0.646629182970178,0.066648063188241,-2.0867272648377,0.0856008114971369,0.0938137600443021,-2.5297769022173,0.0381484762310001,-0.0352620739533589,-1.37116410362969
1.36795680082461,-1.20944374529573,5.4783912702161,-0.320677652556703,-0.79857955930298,-2.5819238412206,-0.19647127638887,0.616813756040595,-0.965337041437751,-0.596614773956751,1.01556080644582,-2.50076104115257
1.50418484685639,-0.339085264953548,-7.82572525028938,-0.00272593558122577,0.196520297735347,1.07349088693727,0.228404246104118,0.0566268895641609,2.47645487383358,0.183835898530885,-0.086475530095665,3.34937188878605
-2.58341355029784,-0.65021570156057,-6.47361083214775,0.120185176650678,-0.144922696366371,2.26603219744725,-0.268975589552292,0.506153713618577,1.42024464723849,0.528638816746659,-0.241338573986061,2.90443831472126
-0.712605528258996,2.00526394692155,-6.97316647984655,-0.13510515956207,0.224800076927049,1.92152406707834,0.348077618343409,-0.0794533504816254,1.15786810647844,-0.668473349401604,-1.01585615543168,1.06357839989076
1.21703577089692,1.213404790324,-5.63796995313977,-0.104329230517323,-0.14412676981122,2.73460414449503,-0.0618411824056253,-0.0250930482165876,1.71430672584592,0.172260186664517,-0.0367149910522998,3.50743896225693
-1.81687556215287,1.01022587091576,-4.37020512805396,-0.208201104148035,-0.102639167798997,0.810930569977448,-0.381642530728175,0.156027319742106,2.48362969763023,-1.16577017332937,-0.513223598752125,3.55996293505331
-0.931329232871288,0.395272052276183,4.69605846162206,-0.0852726316870551,0.142036301835228,-0.819436359687255,-0.180672001438855,0.0185514820659237,-3.37688234186817,0.457654853338783,0.098380783633385,-0.664958620967169
1.70386897523387,3.61573748626612,6.51028305366121,-0.0438411039676974,0.0920972063036631,-1.87909469802316,0.179093638054674,0.357551353048127,-2.42834619870815,-1.76758824547554,-0.679747319941391,-3.3293516833827
2.52116033590977,0.132298256457042,-5.12919937537509,-0.0353231075653643,-0.369431516843685,2.73599908509521,-0.369911306353286,-0.00503494166121805,3.12557004957453,0.173948314698585,2.08614343309649,1.99284717100867
1.52035220270823,-1.61507212384916,-7.31950833257017,0.114861625459793,-0.306702742475597,2.07917629563226,-0.469517720974791,-0.211415711682044,1.37823634941826,-0.389284131748174,1.15002532573529,1.79009425659142
3.19288573631756,0.93671436863332,8.49539129399564,-1.0186975078292,0.958967437244718,-2.81634661849622,-0.270773756287635,-0.14501676067304,-2.2368459426809,-1.03028159068001,-0.711050775600345,-2.02793950050847
-3.71982110641822,-2.24771423782058,6.19386341495156,0.55182236330383,0.928352627243997,-1.2867666445897,0.239135486053753,-0.627606196300638,-3.02042497580059,0.910478308968915,1.49326529524005,-3.13634616978723
-0.112895999142305,1.37797491123656,5.62994839108427,-0.469189035659957,-0.0793213792887782,-2.28796723895517,-0.456004537113366,0.694860605367996,-2.53956000247099,0.518119465502323,0.402292588982088,-2.74634016391743
-0.349737854658322,1.14253699847706,-8.51962942685713,0.113371762961071,0.430421139789859,3.57079327950045,-0.360512267848506,-0.720725369286958,3.49972964868259,-0.771810737502346,0.566947674082223,1.80530392784835
-1.91131602878299,-0.0868988603362371,-10.6163243540036,-0.274126130187488,0.772184227508433,3.11269031718171,0.358913970456161,-0.508195290440396,3.73804019169759,0.0829353226315754,0.0501465445616582,2.26975435552797
0.999838163857282,-0.0430963752471826,2.97817212098906,-0.428922276041894,-0.493164198367308,-1.17317601178147,-0.300155756930675,-0.697001918765968,-2.69423403464299,-0.0496449289676863,0.257269345770862,-1.40015991629494
0.110122153706979,-0.94584641536489,8.94704107666913,-0.639781198343375,0.471244483265094,-2.59243107489417,-0.620781092027493,-0.234234890025288,-1.82915783605571,0.591905750551197,0.130868816723279,-3.34524960044824
3.27167613500204,1.45275754469623,7.25131755646631,0.130214286787746,-0.0848724614244877,-2.40665435235731,-1.48717812304169,0.798210131519498,-1.5942253437915,-0.826266134244798,-1.2179064979302,-2.47727056788601
-2.51639098033255,-1.06844562120426,-6.79700837514168,0.314175697090832,0.0958972195669328,1.19384971452359,0.130232876382265,0.47283127404371,2.4676842066992,0.811945979840352,-0.242069926505917,2.94140867868695
-0.32835379112602,-1.3581119873411,5.9433867306414,0.254337979753611,0.0483529673866263,-1.8226605652005,-0.134300623967149,0.00154113918348553,-2.27057298280213,0.0306536983489146,1.79506299783809,-2.26573263760738
1.24564141755728,-1.41110121407117,10.5466487935544,-0.256077433055295,0.178918073964879,-2.60746692633905,0.477745618132317,-0.114754222658589,-2.2021367061976,-0.261336900013963,-0.447940576403513,-4.39237243194772
-0.258499674003897,-0.353931813364532,4.24461894888827,-0.432970065733217,-0.0487623271226265,-2.15559987303708,0.244149906383143,0.0739074080191784,-1.8862396614979,0.222392353409858,0.901793625750406,-2.46268427507556
1.79113389834274,-2.62194454289844,4.76963617974204,-0.83478999284224,1.31110981740585,-1.02274121046752,-0.557997047555638,0.872515264947256,-2.53830345293985,-0.119224969746696,0.0378077187095438,-2.62122961459971
-4.94475134632879,-0.265196337498164,6.32428182155941,0.5190855370757,-0.465677597362095,-1.94992582835935,0.942549417026696,0.12376055595323,-1.39922170337817,1.04914027790197,0.332280606523789,-3.30605647503893
-0.388656561152215,1.73935448724344,6.13385889699807,-0.00377134391049344,-0.215840958325023,-0.979975054011805,-0.286435980617118,-0.406106107766719,-2.65375263731753,-0.591318263664022,0.417428018168601,-2.38789790339992
0.459140686089157,-3.55845124307944,-3.36026586848385,0.108640281489013,-0.0983771657197194,2.8338470954455,0.0701960472421933,0.275843064618118,0.767385145481222,1.39362719500755,0.235242656892765,1.78997829989699
-2.12871872930987,1.25805334163691,5.68608328903868,0.694798875108215,-0.913218985478202,-1.36705714780249,0.258463148675414,0.566167174118767,-1.75547014075683,-0.0126123771968007,0.051788135559936,-3.4224446575166
-2.38885781838761,-1.29870822087415,-5.4702924133505,-0.256317332287876,0.489347243481434,2.01641602365544,0.74802430850661,-1.29994026763493,1.81394287025775,0.0860242795528434,-0.0420596800297941,4.01482385666087
3.86518896357232,-1.62613615016645,3.88516496324273,-0.116307696820738,0.66783404089477,-1.97434914687956,-0.621622299827,0.416255417610034,-2.47817219415355,0.455584701752849,0.315372580899304,-1.70171765806759
1.44998398429453,0.949977422770842,-7.39871234827539,-0.389958108934827,0.0426557228193793,3.86472556975491,0.538580480300997,-0.212341925042892,0.688571013145487,-0.621415792748661,-0.205214461066133,1.12691229577608
0.484790238606487,0.583490643522261,-4.90358475663456,0.317001959557565,0.255664064577707,1.20102183264377,-0.585077334506752,0.217030702058559,1.90375062195288,0.964203701878372,0.0189490838790443,1.41462840444083
3.02934463086928,-2.44286864076307,7.55415732341679,0.239696742291185,-0.0250129876412095,-2.94613560131967,-0.510644294716771,0.500067152232736,-1.60721461929821,-2.07869702641058,1.91125137982488,-2.45629825069905
1.18885809543837,-0.66487220922344,3.83954536296454,-0.248115652254028,0.283467641848133,-0.858843623742268,-0.0604679402822139,-0.434266212318486,-1.29206941835194,0.171996758714214,-0.0473332630612512,-3.27674376629101
-2.64572198717043,2.4611539801902,-6.37395828578146,0.25518696964146,0.261949935980231,2.37900833660646,-0.428767663837004,-0.0794816846237824,2.59300248771286,0.517431636903011,-1.7303505931617,0.720666002582224
0.560946504983024,1.06779638249872,-11.0882902318846,0.229584415522495,0.27908263339373,3.74963544322444,-0.124686163381667,-0.220341618969364,2.97218721482361,0.756709738426392,0.227925410117041,2.66816470408898
1.44276190162638,1.36153461791964,8.78006491761901,0.4186060224827,-0.0029745213855294,-2.19769683007244,-0.10327850020202,-0.385043371770202,-2.67652061103355,-0.109744003105042,0.175833557735602,-3.31606148851145
2.28241782102812,-1.03709018840135,7.12308189728939,0.516685578597113,0.80185600811426,-3.69236240019539,-0.264030594053313,0.662239620696222,-2.61797635561109,-0.953097566580746,-0.23907550679418,-3.15540633917038
-0.758294473230587,2.53343810705843,-7.66782693699725,-0.297790426630345,-0.0694411327297007,2.67232858202698,0.609840643208519,-0.17944133017694,1.46953734839832,1.03201331425358,-1.95755204289583,1.99593503506198
-3.62388300509212,-0.093137749520166,-6.87380140239273,1.95138954814735,0.498799001407797,2.95920608117891,0.728842706561797,-0.0877439600375365,2.58191953344036,0.4588365451773,0.00115919478041343,1.63353902166631
-0.197384249709327,-1.52629019436313,-9.52030025407765,-0.334099760392329,0.509317494479531,2.18349234917136,0.112482513222311,-0.0522253341399143,2.83190875249745,0.196843308994346,0.452526718032695,4.18862561986537
-0.978869314382027,0.819057254812877,-6.31714291651898,0.966217753271608,-0.144092890506586,2.37974373992602,0.285968412408456,-0.448527113803409,0.863187550294453,-0.503592446979715,-0.237138099149233,4.03140907187929
1.18996666708426,2.23958721333916,10.4171209301244,-0.104160563595917,0.366525416343206,-4.26032564192021,0.813453926975177,0.631194197878094,-3.79739714766497,-1.35099664502181,-0.200007728714097,-2.66677831849224
1.26676386129869,-0.0231966082462588,-9.2112379027524,0.0997677655216673,0.486112823223262,1.82098307515098,0.471687673384949,-0.0939550196991836,3.55191377202978,-0.389864538688152,-0.0412288503784363,2.21392003564994
4.99559250310026,1.81305008602006,-4.8248744400639,-0.15526289296365,-0.204806923856646,1.16754842973438,0.0547665170835646,-0.323455375185943,3.13194623716016,-0.802447227771469,0.313309435123233,2.3391622294557
-2.88022949776665,1.65347696574744,3.69530508269596,0.0886148438480451,-0.106445821946427,-1.87680831826528,0.07331317400685,0.5534731227273,-1.23615388221165,0.605258344296739,-1.54016062406104,-0.571947066775547
0.179459789255752,-1.08031930526877,-2.3793900038312,0.510506880043842,0.520271537159606,-0.16388969991125,-0.24115407380625,0.412671344403447,1.47616977521004,-0.0529030676855686,-0.278445762818575,1.78655388843987
1.58453533924827,1.45778258224229,-4.95050290689321,-0.417667918261577,0.0608440666005671,3.50459539660385,-0.313540084281037,-0.0667308813394115,2.53342050734245,0.172044402732693,0.0981729283178507,2.19370672693232
2.22893191652335,2.72484416663289,-4.0364302245018,-0.411674025476154,0.375232360694038,1.65645867504,0.0237923270719183,-0.612938618222893,1.46169269932891,0.173331265324502,-0.180273945811273,1.09449939805397
-1.95240246118328,-0.0945316469283964,-5.66770536738395,0.301672447024585,-0.372041673422871,2.8503312085934,-0.191876055542729,0.262293368990316,2.42755602083668,-0.0660168594965204,0.0457927542029015,1.44096484255124
2.22125146216292,1.09831443447328,-9.98239791223034,0.152030833859949,-0.0899348908631149,2.8295318024047,0.300912069280104,0.411526704575723,2.1021184584216,-0.0664377477670466,-0.351314652018243,1.97554723452335
1.08964824918907,-1.81669216876893,-7.21110100220007,0.156499378304762,-0.310503607550448,2.48096181206117,0.126947879625845,0.881408288701599,2.68325529947575,-1.19346953396544,-0.403986829036006,3.27659574565405
0.365260384098564,-1.14997285355539,5.65083915368144,0.0958232110843205,0.313933554038952,-1.06427921453888,-0.582835400840713,0.79531738510215,-2.09017701143813,-0.210247477744683,-0.14845532975007,-1.69139208719814
3.71885145871116,-0.769665960177159,6.80713810167861,-0.637768935971188,0.224546068972829,-0.918006027446838,-0.701538147963146,0.470064955930952,-1.82960575657298,-0.278880500182339,-0.0226533659865097,-3.70638331703084
-1.24983154225862,0.493924747525041,2.15856432952561,-0.025983392494814,-0.5886118574737,-0.550774858163277,-0.7513293598625,0.0523933589055235,-0.83929598207772,0.0779549772778687,0.347153362093926,-0.960770386471263
-0.186480439056803,-0.443810951479409,6.44100026044419,0.471423953999009,-0.286350345573113,-2.555535103488,-0.198351624953841,0.746634981617061,-3.67122719933155,0.54285021570831,-0.158373988636696,-0.768922814409434
2.09686211518557,0.00261556879976976,10.044055957262,-0.308473610425183,0.365002883323318,-2.3971745276415,-0.291551562815025,-0.693059183023275,-4.16654472582168,0.128198766102074,-0.471209541350252,-0.813772160644961
0.553898547688254,2.76839265024396,8.9624033363553,-0.247917055900988,0.148535953744252,-2.96920304094185,0.153553719766589,0.531133012889397,-4.3195759053027,0.0906997621653785,0.0563960189932643,-2.1100320720235
1.1631573890301,0.309277532931798,-7.78947997303927,0.172381657003704,-0.29899988129501,2.82977565190206,0.185466047823096,0.328954430415716,2.01167114838689,-0.409460174036338,0.322809582057819,2.04999617183564
-0.635521926963914,1.42170018158405,-8.93009456829216,1.53475661340981,0.29981702311592,3.2699974143266,-0.292179523079721,-0.548241000647584,1.75398190861081,0.325663004431776,-0.493628612142248,2.84480384859217
-1.23985475578554,0.579209884598538,6.55978751359176,1.08642015348939,-0.691253634438878,-3.25412412597261,-0.351683104538065,-0.994915845815505,-2.02113813202526,-0.570834606854469,-0.555388443262443,-2.52594528327513
-0.567561798253054,0.0941998793660443,-7.51991185804986,0.72956406257673,0.638605011829797,2.46204165621519,-0.388660582829923,0.316541685767563,2.76496053396664,0.0319309147302921,-0.0418391580845579,3.25894661114629
-0.324485208366258,-1.48557648730855,2.4616806308905,-0.525885526040755,-0.0129914799028486,-2.18699093812432,-0.15109485157106,0.021766480541759,-0.678016699678663,0.136026829449608,-0.145844724157594,-1.34101380403451
1.89479018705663,1.22991221805393,-4.73080236315985,0.11477368340347,-0.510742475783244,2.4756139971282,-0.606736101698762,0.678091804026533,2.35548852043221,0.0150036121475486,0.0729876853978683,2.01051024880898
2.99725426160459,-0.635496397573409,3.85235164563067,-0.316095565273514,0.137757596001646,-1.51949860013954,-1.04242107019203,0.00548220923806073,-1.20194017989356,-0.806443379766125,-0.0576065865377909,-2.70233609757072
3.56868705250037,-1.73529400860725,2.24324907243203,-0.0517090284520692,0.184855580027356,-2.40208984676365,-0.177472205513281,0.619336845910526,-1.68050986002304,-1.43389655762436,-0.442470298368626,-0.0705481332864045
0.596523981778321,2.51718756822186,6.37555221351762,-0.515778915878408,-0.450051312191442,-2.67365385786996,0.5385243684874,-0.405915738869622,-2.22193473683702,0.0143028971362405,0.199521380641056,-3.08215131995542
-2.35381811372403,-2.24414527841193,5.56507591337325,1.26809876158731,-0.25224208455529,-1.80313215135473,0.0651210410609147,0.25824872025639,-2.14929312919538,-1.11934234552952,0.78490143516786,-2.97711474471918
-1.13366486688543,-2.55326793623399,8.69169652401174,1.21026804725279,0.456532636614654,-2.02823066828988,-0.413990973947152,0.00674876091227398,-2.18737089285964,0.0226224519380946,0.0679862283392051,-3.49221564116111
-2.08036306635995,-0.33999802834945,-5.07956663874166,0.572102023538965,1.39143937033001,1.18847056332179,-0.0594011931838596,-0.228824625874947,1.39072621641047,0.974610244037453,-0.478114551571743,2.2576082870653
0.709691260711507,-0.478080493168228,7.07190121433311,-0.112563871579193,0.39845041743263,-2.37700662959979,0.0464360160240337,-0.087702711622769,-1.51241689329646,0.345542979499528,-0.246377931299772,-3.31573190354021
-0.877452788410336,-1.057520912593,7.85369991893457,-0.129998910351797,-0.0149632281428363,-1.72110891179683,-1.1386010412339,0.418477912751858,-1.61956177759934,0.999750499346229,0.617552260141546,-1.28311215140474
-0.338193953359322,-0.177462877931654,-4.71869847184441,-0.115088750766963,0.406856733395169,0.541618256928119,-0.796428974500018,0.0717002024965156,3.67479644759048,0.16805707485673,0.449639286516008,2.33180640116361
-2.81083246290141,-0.365575846983672,-7.81258173638421,0.0204564545811732,0.0741288314139269,1.30855501155933,-0.369818642591847,0.594938186740634,2.27861295213857,0.695502044357825,-0.480015611427854,2.45556624897853
0.412400600473605,0.437374943147006,5.24774594167838,-0.0649100722973867,0.0016388601931458,-2.11092608063281,0.385146060473275,0.479980813509992,-2.38449421668399,-0.94873793328852,-1.14420090452807,-1.15790462818902
-0.751254160596853,-2.02644218444872,5.82299827589331,0.0543436390071638,-0.0991345742744607,-1.90804430310721,-0.0451403989723561,-0.124721276091095,-0.7872666932552,-1.05595562994235,0.297811602055925,-2.13003884231188
-5.83322072583117,3.62288084961439,-6.07492419369076,-0.269108388631879,0.0646772465315365,2.82735810198491,0.235925531060096,-0.768385747404855,3.56394059135405,2.16850173554689,-0.639852892697102,2.13532823480693
0.264378439632263,-0.814512168404312,5.57006239929396,-0.791870949972535,0.524857144758998,-2.03115562972799,-0.122395222771879,-0.0333294489345656,-2.5058746312706,-0.134875751939104,-0.0669826619426622,-1.4421801813011
-1.55948343423194,0.714660201344064,-5.34276747867891,0.419608361175005,-0.339091080137098,1.72246689385623,0.0187004956744502,0.60055266150087,2.40908518540964,-0.124951634393012,0.102452545944923,1.61114499326055
1.65955583195411,1.95906531721543,1.63240701887294,0.812614270225935,-0.209297674599002,-1.64131063150811,0.335299730138376,-0.0720860882706211,-2.70060822870464,0.0195693616043486,-0.184022114098279,-0.617406255546201
-4.07971258158814,3.10533954471226,10.5404380917992,0.589490337268792,-0.371473607415101,-3.14938842867549,1.41711584855376,0.55187762766012,-2.86695760392776,-0.123820105608881,-0.0817208466447543,-2.40511237748745
-2.59118730601446,-3.06358375854906,-5.62741876770146,0.358731844891584,-0.345665333550059,1.53428599566298,0.535009220420833,-0.0018556213801309,3.01183745358714,-0.481202132100959,0.163866031505198,2.49831877926212
0.373318349638524,-3.42847143383946,-6.79233695599421,-0.673993683350177,-0.157854694435569,1.70255613082109,-0.497388205313957,0.874849977026111,1.81200115644905,0.0838109216279868,0.314784305897588,3.86111248575762
-1.57597065011755,0.565286322582126,-1.40962393478197,-0.130885619339514,-0.148703188622341,1.34031513411533,0.487087675548337,0.604701224910892,1.16241365095858,0.0816520632646823,-0.638569555120188,0.159457918132489
-2.07530858452066,0.599095876315199,4.38629223715323,0.794354544538021,0.0919717336073487,-0.888579170780353,-0.349506429876901,0.106230722377203,-2.32772742991227,0.634953403711982,0.0594476271452802,-2.66631531016971
-1.45713734204528,1.10016229142794,7.05916010100558,0.828423668902084,-0.408538195477906,-2.72044447431852,-0.237387097864916,0.220396363073025,-3.13215252973165,0.915159917453473,-0.669730718895126,-1.74895955980879
-6.19937022576042,1.74362820783118,6.15817380140714,0.496184155115959,-1.2026542824067,-2.51263030227038,0.341621004821783,0.0901157124129389,-2.29038191541165,1.37423162153627,-0.00039966035174026,-1.60494202010818
1.42597297966951,2.88179044237741,7.18863994648181,-0.0175010598696447,-0.172197446216719,-0.895223507151585,0.467888751393096,-0.349144086428313,-1.9285240586427,-1.13752330021066,-0.237739200043866,-3.08366718643923
-1.04527306768439,-2.2921939573774,-3.42200111686445,0.295303898061106,-0.396888454006116,2.01486299903898,0.0184680299558456,0.55924694493448,1.06381798314023,-0.218412584011984,-0.452453257540669,1.3400361419295
0.99684267900301,1.46703373905677,5.09422346257065,0.324359262535509,-0.681139816152234,-1.59399071321971,0.778980352027878,-0.421088317650879,0.0835487659976434,0.326171497501559,0.33442662487738,-4.48049578666976
2.33570725599085,2.13958193976566,-7.71610365119564,-0.432327285038006,-0.0223468310390995,2.37026561035771,-0.681618575752695,-0.142834606234856,1.3658156881224,-0.12233681851988,-1.1518016215424,3.46823675523363
0.394933657409962,3.39465725138892,-9.45320153431385,0.795763087552398,-2.48927497662198,2.35632592499674,-0.769088883780255,-0.27631179415734,2.73784784184424,0.0481935886151203,0.0907828095983721,3.00543782414108
-0.201637321527759,0.87869799205781,6.09416551627013,-0.748857764263984,0.661672170614319,-2.87228823058813,0.0999715330274543,-0.207704023811918,-1.36274236985033,-0.817656734974473,-0.778011234635479,-2.88610172620766
-7.19662108633672,3.68405062617622,-6.21840797541041,0.347000115272121,-0.385240168171799,2.94641010037739,-0.225762045969698,0.194557594456235,2.36388901875076,0.382974164487486,-0.848920933516092,1.56879403714294
-0.73095145816386,-1.8371497505867,-2.36064655724615,-0.141453464479278,0.0790877205402128,0.532390151162335,0.572439972507716,0.15431533475423,0.382335549367507,0.0621219891910406,0.572458296779323,1.92369111737496
-1.6027771808906,0.622235811533621,8.00792754326565,-1.33490751339265,-0.543199401212693,-3.70863038238894,-0.139389899689331,0.33606772910372,-3.1628006420289,0.353380704410644,0.502900861591187,-2.22620945980124
1.19495855259576,3.10859566025477,-5.87784480846867,0.193945225609619,0.502631568609231,2.25147331540193,0.679852144310841,0.290286625665914,3.73708210959961,-0.0322953175716788,-0.195391944140143,2.2072449221369
1.38784625183337,-0.257407213568792,7.77050753280895,0.176040326277293,0.440861774466743,-2.65483055662131,0.869802828917573,-0.282864676329702,-1.69862226030303,-0.14067620640031,-0.32191112158371,-3.02211941824023
0.78365919802716,0.323027310007966,2.32694774573179,0.155985047685237,0.0371512717167361,-2.13484825368087,-0.273102264891959,0.320102965298871,0.0941104948212697,-0.559380278574474,-0.724717189203019,-1.09098700429762
-1.30211652657698,0.0954644038778843,-8.87457130672969,0.729717189472154,0.453194688881695,4.2406389633901,-0.119144931823131,-0.103823764324252,3.01280935711162,0.238314479838053,-0.117047263855757,0.686296801304628
-1.89068048348164,-1.27595401577276,8.14165727538389,-0.0653234689283008,0.424326652691562,-4.22916216659126,0.483423085880401,0.0744768561029173,-1.89697179943178,0.00730028755690972,-0.208723211376823,-2.76056936073464
-1.3793331545542,2.04480534450026,5.36111169128053,0.0138020397028887,0.0109077708441967,-0.862916083562983,0.784648648986867,-0.958500356558057,-1.44157592606586,-0.119562741831595,0.0403394697977525,-2.64716880409441
0.433052384044945,-2.52689149219488,-2.63502167497811,-0.561827255123583,-1.14616105992629,2.04648702160553,-0.691310060209836,-0.0110482054315474,1.6945430900516,-1.60762765996309,1.31268321563675,1.78032189356893
1.62912367841926,-1.58953882058282,11.6583324093882,0.267001783302858,0.173805047917011,-2.80893496298306,-0.386592278101388,0.130961887917245,-2.76752220275128,-1.23900864434033,-0.541949178254795,-2.75935704057715
-1.83936010672998,1.69455050301256,-6.64470020334362,0.935730330884516,-0.0122996408269048,1.89763238965261,-0.768292397971932,-1.04031227036115,1.30912982345608,1.39641768722454,-0.672715345345593,2.63489237056439
0.819062262652692,0.215687801643771,4.54307230873186,0.172867722334077,0.0727542406405774,-3.08815407696464,-0.144965352873021,0.261675335030352,-1.85377633929448,-0.110305594827533,-0.239841858311237,-1.46020677180704
-1.3207085013785,2.20668179402085,6.67193034024682,-0.585213783035163,0.135454783094856,-2.0969177532055,0.0302663301740316,0.409752465218088,-2.29365693850688,1.1621070954938,-0.22406886064692,-3.55434457260679
-1.57069819186196,-0.419547039571789,5.25905020253117,-0.214743576630691,-0.209538288629384,-2.22436832942478,0.721112887136622,-0.510227400052795,-2.26268557222104,0.0380600416049869,0.180609243284467,-1.13713847003023
0.514331980637875,0.00846378663754499,6.02473721059169,0.18323917955224,0.0224834448393797,-1.56733951766702,0.0824347550880973,0.0514857666827045,-2.20725131593729,-1.361100813444,0.334588511402874,-1.77408894928889
-2.6475029997292,0.200633848147999,-5.60909213677277,-0.526269613198235,0.564311874073794,2.97356397573013,-0.0636387924405081,-0.00699773264657034,1.25289419258915,2.23799113226929,-1.53698317672386,2.50368678961028
-1.26620171911753,3.62378716439029,-8.99028057240592,0.209336852822348,-0.432633008255589,2.59292026473608,-1.11006339176089,-0.878670978402843,2.98233407479888,0.50461935270626,-1.62208557243185,1.76531137331897
-2.58290018785776,-0.662093239689678,-2.13368071534898,0.450009080387217,0.292859006352818,2.23156978359901,0.0014187907932914,-0.42417924505587,2.4140475522204,0.241895971317837,0.261270303016725,0.534069820365473
-0.0052266532499281,1.00533666178472,5.41613945517166,-0.27440348402966,-0.750884956988436,-1.89171246584139,-1.19614219199624,-0.399073010375727,-2.85753158397765,-0.142233756297962,-0.358435716328551,-1.64076112416757
1.01581647134711,0.770393025090815,-8.40060773472524,0.00253738966512111,0.128965489384847,3.16437015566458,-0.352423994925779,-0.413166529015206,2.61197118529822,0.714687112787282,0.620018326397845,1.73965791566726
-1.21214225231428,-3.55387667229991,-12.4540044209297,0.0622536878228001,-0.522692592215991,2.60829912145999,0.114172965374825,2.25064037971343,3.98307086756921,0.20375922092698,-0.248780765809837,2.12645865011756
0.644318672664877,0.745363620893399,-7.18164633720206,0.480361352845663,-0.469458059065218,3.34981021091965,-1.83120827473679,-0.431600036543735,1.98928375287538,-0.133149178076196,-0.111525582678923,2.72375060836865
2.02043867593682,1.89107033545968,-4.41905040513108,0.187391009044272,-0.443503455735735,2.13136068724525,-0.208127575116861,-0.427186074896233,-0.271850662129264,0.449153364951037,0.294725650866878,1.86798158552269
1.65062516771792,0.133094088609627,-8.86795741635793,0.163903779241393,-0.326534469827729,1.9462305059716,0.179674559329509,-0.44680822928126,2.77510377956032,-0.215453269259692,0.463021305129044,2.95008042519453
3.51813045270455,0.0440650442575126,8.33150633769969,0.153643929287713,-0.116735177712919,-2.83604711317847,0.00364475536611091,0.161167966856735,-2.29376822987272,-0.71708154569348,-0.728999500255847,-1.06523450649032
-0.773020278272154,-2.35462476985035,-7.72149834873096,0.949532350530025,0.739167683360372,2.58687857758826,-0.434093941712959,-0.151675474204043,1.09717944384542,-0.395042639068987,0.141075663969071,2.57060816419209
-2.42377534109236,-1.04636971447211,-6.68848506990252,2.08352187902422,0.46476890514761,2.20079507753763,0.375554986439696,0.15549893339913,0.666609774439609,-0.727834529881749,0.996436962408158,3.47469157688743
2.66937049885929,-0.407473987341152,-5.84031328864189,0.0357115593959221,0.00544874274037424,2.99099338938017,-0.820558097659348,1.08656881139095,3.09257940689402,-0.694622620374803,-0.565952339796823,1.14373380116319
1.54711811134213,-0.462420055128075,4.93909795872167,-0.0508778018903224,-0.655358630171271,-0.886961611087422,-0.781835251943386,0.467754419018038,-2.88888600395405,-0.438765271992422,0.356784369559713,-0.961025940756113
0.630450161061085,-1.82389101213011,-7.70993916621202,0.0264299802290516,0.202609984553371,2.64810448765554,-0.528057947083908,0.00536838868632238,1.72236749302362,-0.305597735534705,0.757983006846345,2.06438337585666
2.17415099569311,0.468185253124369,-7.70487948316482,0.216688343854001,-0.241450962475227,3.05399987446649,0.0689291668874868,-0.342316798655466,1.73872082060366,-0.183192129477926,0.517390906958249,2.6437172219266
2.1758896490393,-2.50351292809937,6.60122408700643,-0.247236200193708,1.17804992697062,-1.95863481239859,0.918691989391409,0.609024319379127,-2.12961289931361,-0.114668848332136,-0.0325424988829574,-3.52624321330872
-1.44764462171562,2.86867614698677,-5.45223954900415,-0.147844556365543,0.230227782886342,0.954446828809716,-0.0658789517498898,-0.636205856872919,2.41422238115678,2.34071675560137,-1.10935225610224,3.35250133866542
0.986056809203622,0.791499624461957,8.61899555375028,-0.396353936374593,-0.172093624748911,-1.84571675616795,-1.37080023792748,0.26909743955998,-2.51070051382599,0.220250691123849,-0.616634758410177,-2.99311289833733
-1.07031638823828,-1.07226976877193,8.03314614113129,-0.610532359460351,-0.280844136973436,-2.50058865107113,0.0336877665592122,0.522071085196587,-1.98320736598907,0.258281417739932,0.4975656851249,-2.49551185039302
-0.794402941052991,-2.86358517130461,-4.51452086928935,0.822632376488823,1.124634157044,2.59518119350949,-0.162694091435082,-0.304377712194901,1.73672932300718,-1.68452104725446,0.0987520455239203,0.764843580259383
0.633981754467532,0.42980987385713,-9.3310563988585,0.554785639899721,-0.228360572977121,2.65697374996208,0.0259819515618472,0.500525659095143,3.12368324528818,-0.0247320221182311,0.406067808539535,1.34762775376316
-1.76504073616301,-0.782339796915597,-7.18996965466002,0.854150063363263,-0.210019744825628,2.16672130384144,0.0575984965503244,-0.178934811664197,1.63147514131838,0.113793395441044,0.00785805779875623,2.639956430317
2.84548856421423,-1.59579358588409,-2.07296137954664,0.535997721000295,-0.275282821400735,0.0253163417302081,-0.511600117739745,-0.0595459222790931,2.76241049350036,-0.651694815891655,0.815007364213701,1.34005468457523
1.23234949144448,0.655125177264304,-5.51763366125124,0.528460752988779,0.0330668906814095,1.3724634258212,-0.273896246357906,0.244633389306152,1.30951015642536,0.269629869239795,-0.528449825325927,1.18146317990091
-0.0409124868625674,0.331911451308045,-7.84459898401654,-0.0139374106059285,-0.0347442508328355,2.76911201014802,0.670901762596052,-0.0991323733038772,3.42219545880888,-0.980858238393776,-0.0642380862747823,1.60873026370068
3.71148383517369,2.1264951538893,-7.36948466819114,-0.372661254479105,0.203457385108761,2.79154498015409,-0.25579067130591,-1.54274229191725,2.42354073967163,0.371692079991017,-0.0129837457328796,2.70863934781667
0.368982242312579,0.749371405818975,3.06194852990493,0.4449073146882,0.486464108706708,-1.9301976636441,-1.11593154709951,-1.21430148018071,-1.67138875561,0.416076989294894,0.117383156475381,-0.97736610649394
-0.727841626011021,1.14839553918965,7.94416199355659,0.201128634665777,-0.665016776156777,-2.18877709480334,-0.584793943438569,-0.47565030384425,-2.71658923125725,-0.203014000361403,-0.0972130631047261,-1.38417228365142
0.406657638855305,0.411874177958332,3.03315361529956,1.35088978799681,-0.180173106420535,-2.0566998370873,-0.612798839559991,0.257460394413443,-0.661246042468129,-0.604151295958143,-0.631254688863196,-0.000736114355532823
1.37966244916798,-2.17499518639536,6.90496408002152,-0.33737893750323,0.0431690672453688,-2.30915832935112,-0.188876422259777,1.34545396735711,-2.18430599961228,0.468627304645417,-0.226433249079532,-3.04082900387304
-0.810283516016722,1.99600833488995,8.90066596090481,0.334095511520464,-0.635961410969382,-3.00571617068975,-0.762893200020298,-0.793961275596228,-3.09441948467614,-0.267209032037597,-0.354658701594162,-0.955926432436089
2.31683652272023,0.0912427556161149,3.89906696317077,-1.61365002100588,0.463182910643509,-0.177133913384126,-0.27653738077402,-0.243629620514943,-1.4072346543952,-0.193812438064879,0.227105234017749,-2.69931432233069
-1.04764594846244,-0.627677774126948,2.73472800553873,-0.107549006956898,0.0186176419307596,-1.22712051383402,0.692679693019441,-0.312956737213883,-1.45107971693546,0.123897170160329,-0.598963951502322,-0.0184164399289545
-4.34442594301277,0.809810267356881,-4.1831749928141,0.477061381612407,0.119466380380557,2.00073086164,-0.525877329851792,-0.185666638926567,1.38224697842649,0.837352442416564,-0.12827164288554,3.82498150147821
-0.324633401208925,1.85873403826696,5.37416880173386,0.642981365419015,-1.14277304140817,-3.50754089495694,-0.617617715827602,0.225463580990674,-1.04947936552252,0.285874464128292,0.125022077415468,-2.29548710965847
-1.21300606941471,-6.03093389631819,-7.41089932277111,0.403341220124146,0.0409595918274494,2.68511009227394,-0.0395224148533823,0.494833835982055,2.39577975879874,0.915378737554754,2.21539351830368,1.4658303838433
1.39213869270732,-3.57873965385005,-2.6275309425334,0.226969091347024,0.0710006741543571,2.678524436056,0.920778683603219,0.308993953512137,-0.309676813621133,-0.371510196495554,0.196230287501344,3.34876382973823
2.58892895713624,-1.9610903829936,-6.3806838687441,0.14359081895827,0.490827711194234,2.77961176408576,-0.513858535224985,0.0394943835375084,2.41226859339119,0.40219493239457,-0.248745323697408,2.03610529719735
3.04538577318737,-0.243115152542713,-7.99198508148133,-0.556339696229826,1.31815348410692,2.10475677866618,0.122742470178109,-0.488062180536087,2.01624606626167,-0.99723933030144,-1.20221635787113,2.98252347104911
2.39159435126299,-1.3437819938077,-8.20479603618205,-0.0168753149005752,-0.1604996091668,2.78571798670076,-0.0286450919305694,1.09140451210681,3.73240321213588,0.0377943432716311,-0.659494360385453,2.99065095118109
-1.44313388356151,0.0460429273166713,-5.76278326035005,0.624343664377017,0.113941565699076,1.32494153975425,-0.232850302619769,0.0592922416650689,1.50761515048867,0.72536980408862,-1.12243307986232,1.09714431018535
-1.251906680536,1.2120296872726,6.66548359153772,0.318641136867041,0.584660922574235,-2.1938759343496,-0.520498239079098,-0.28450888060967,-2.16962837684985,0.722532389081071,-0.524519845217693,-2.35293853373486
-1.55075118077488,-0.0611237189411913,-1.88649667227733,0.201153591761018,-0.435817038105112,0.733873853997204,0.00281060218222543,-0.497974755644009,1.83428050548381,-0.140968798179167,0.592884003813515,0.410181584150484
-0.680268169706822,2.79381234312746,6.03422823624311,0.694540697294199,-1.60915611938046,-1.75603684443182,-0.372891934271374,-0.112712207853235,-2.87371312561682,-0.174667708318354,0.239456780513384,-1.22024142032438
-0.134573626535389,2.05304500027377,-12.4260507367928,0.000182429869605661,-0.217117756265554,3.85588155340039,-0.039789254752383,-0.363275066187233,2.61936544824673,-0.0335868332600795,0.140715081095828,2.01168093350192
-0.781085019599791,1.21250875420668,9.5156629774447,0.416777722768994,-0.312529258839667,-2.59767739222717,-0.183634372963072,-0.0242662925949726,-2.22391634031292,0.0512546582160233,0.110581200883341,-4.1022471516985
-2.11372834046083,0.381060302161713,6.6267854581863,-0.346784570009725,-0.303999899632194,-1.14829696462233,0.728294571222706,-0.29511856413423,-2.83421149158094,-0.392620376369738,0.477568820480997,-3.08805575120256
-0.276491330878525,2.49358354773995,-4.90777531075896,-0.346776612934875,0.1683425614967,3.57064935004615,0.480164242409337,0.79191428898771,1.19658350863464,-0.0324635799196857,-0.0501448327117515,2.580393701996
-0.528965901493913,-3.85481291929753,4.50947901813333,-0.23664270016951,0.0206176055361655,-2.29546390381515,0.245150982871832,0.321589792143981,-0.480042739373837,0.914617080360847,-0.11421678041128,-2.30496273242432
0.866449412272583,-1.10459427406521,-3.99878708626947,-0.455529387226019,0.114495583753399,1.42594821854427,0.032533186193468,-0.269784940226111,0.570073511365408,-0.825715703469273,-0.563262150513391,2.45607323192773
2.06324828722708,1.40344063473001,6.9589017024795,0.0660785010177002,0.199620877022532,-3.20296210467608,-0.430325262103083,0.95181031406446,-2.83827128958745,0.533661237029535,-0.035996091244696,-2.40738756554053
-2.34779192489584,0.262613121251682,8.32724489839159,0.0111821955918943,-0.0048867539670476,-2.27782966243554,0.859081132603459,-0.666781147520334,-1.67134100288578,0.923831163227592,-1.25531957629497,-3.89361162887494
-1.60240815187516,-0.731367781521785,-6.20627184665444,-0.198107838988656,0.123320821953997,2.71395668397866,0.545533369462526,0.206900152676486,2.21152151264398,0.776233957375693,-1.26811082948702,1.53310489057573
1.33621666496054,2.58951436445615,6.72072236091977,-0.0934246114415959,-0.336091793637275,-2.66047236113605,-0.220948880121007,0.240567228056682,-1.93875774292161,-0.928870105553789,-1.00605352506682,-1.59019518337281
1.48065652033696,1.48030167626934,-7.39793488646835,-0.459490893608546,-0.121690385069641,0.255755314735267,0.048053268030322,-0.0565428588350083,1.88683797146265,0.520825249888843,0.221500135296307,2.12466718248694
1.49241018936377,2.15541301866304,5.48201424580485,0.141370023909852,-0.0501260353240357,-2.24620567370778,-0.311680264130925,-1.0200369051643,-2.42524318999647,0.0249849356883372,-0.110422852723489,-1.65589677994885
4.55828309213426,0.692420318058086,4.01130884180924,-0.0699614732964346,-0.394472633688699,-2.26638174264285,-0.158033625955163,0.172426167294506,-2.47625145194972,-0.431090607323341,0.0158428919605643,-2.9184269751949
-0.851832711682763,-1.7930678469905,4.85593851439298,-0.335950220955841,0.00162456301226051,-1.76684041972038,0.0790371109853613,0.0530213645442782,-1.45618013709829,0.0500351131404411,0.554151210255209,-1.04568117563427
-2.26197583297785,2.84061278688646,-8.93213353460066,0.312848863475642,0.283005186570034,2.89201517673561,-0.0576663113893502,-1.39173809916802,3.30394006465344,0.624098464795917,-0.414467765330934,1.95012330462799
-1.27187447282117,1.48545359289779,-1.98411788990685,-0.476113576157093,0.0155933709027931,0.24122445914776,0.165386839744,0.869007768084675,2.01341002593146,0.145009844531542,0.322332459765375,1.14704553191938
1.83188180994891,-1.15606226074793,6.40954510085714,0.135472169476186,0.501128310639203,-2.51056795367383,-0.0177170907193322,-0.139639443389905,-1.97492346453229,-0.35609509858399,-0.740631514036772,-2.70259377020376
2.16843429736576,-0.475828341195095,-2.67634890868225,-0.244410382206863,-0.0109740722473895,1.48048094111527,-0.867339677987996,1.05896090087638,0.781985260863469,-1.27353663263297,-0.882668729132151,2.76441005082109
-0.533722829831457,-0.762158876319743,-7.64376960637618,0.231270375015509,0.176983926876093,2.4424449891313,-0.0598455344105941,0.0180362984329791,1.74918241603667,-1.02472561950343,1.16654101834822,2.46721250022336
1.48063097972625,-0.508983186077083,-9.32983219587122,-0.953915201007413,0.507673194619673,2.43215207296224,0.563162589668212,0.981518658555203,3.06199838584326,0.120506025063463,0.0481313670478882,2.43950293438396
-3.32656419824266,-0.763458765016771,-5.00340967604222,0.320686426632698,-0.7128246298883,0.874842023169063,-0.266114165854829,1.38424252993168,1.08750241506352,0.612552251923665,0.941580063116988,1.79761497532701
-0.694557320119726,-5.0493509721528,-6.75670103455987,-0.785511701499424,0.259763174976783,3.05719482936425,-0.154737583768515,0.406121819054643,2.37544835256332,-0.242612275541634,-0.0916066715629762,0.589886760834126
-0.322929429844853,0.186009890016653,7.28966892545925,-0.0962318330697824,-0.575325134753575,-2.09688160612141,-0.574244505689622,0.689395643472891,-2.95867293087192,0.039729889714628,0.160801808655872,-1.61941226047494
0.691282676108352,0.374806555510551,-10.0451342537166,-0.0398062852105458,0.0954862725451083,2.5704337560802,-0.123247627358782,-1.20703537486951,3.01319603088226,-0.301737304250788,0.0694843576047118,3.48745298976232
-0.970082562199927,-0.0191312806591326,6.00162670886232,0.425927956131616,0.0866652395511,-1.85966837526132,-0.439065315275677,-0.198366930147802,-1.86197775577182,-0.0375780896109861,-0.485019554716179,-2.94628733942215
1.15700181676286,-1.83215680470994,-5.10925971935256,-0.316638903634018,0.637299801499365,2.93361231977088,0.0852702740842386,-0.0153816521073965,2.44633715143338,0.574273465535331,-0.763453394810648,2.5514712281844
-0.170310149371587,1.34681395894142,-6.86308832880423,0.0384293463186587,-0.0967889568871257,2.78794805290151,-0.478223686764398,0.474974595532837,2.93915571130297,0.297475272275589,-0.230126324987592,1.48371200521251
-2.54922540052761,0.613582713283185,4.36805345740165,1.09529254251458,-0.470514755860059,-2.0271092546482,-0.215238495242452,0.201867821840118,-0.708626403767094,0.922160773820669,0.131927363947871,-1.05823910726523
0.153788407038754,-1.74477891440694,7.5907554934773,-0.194180171615243,-0.00245929973561136,-2.5756780245944,-0.808357512858947,0.756309316834315,-1.50223454303673,-0.0147804381855317,-0.0810484209900039,-3.1345495226781
-0.198268516346507,-0.308020323176967,8.22153850385357,-0.0230960964557508,0.104675040291185,-2.29914837863249,0.134486272569744,-0.278834159992519,-2.28838371653276,0.431689812808657,0.693321680288388,-2.73392630932473
-0.897308494331086,2.39440196169462,5.39316616750813,0.0587751127204148,-0.25788973791808,-3.54358398766306,-0.044163578143044,-0.716482441006313,-1.37754746030493,0.702960660852877,0.242928076092308,-2.4877190887401
0.875555573302436,-0.0988036974107813,-8.7890050348073,-0.323746579823353,0.237056575899892,3.01395662664635,0.114710546359352,0.91765496704037,4.24611542318918,-0.224456790060698,-0.0393294501432944,1.8801340009384
-1.14151573656724,3.42463478907412,7.1280567418177,-0.123713076622043,-0.060927019668392,-2.15241420200002,-0.00501875221538142,-0.879143638137656,-0.462351405751877,2.20422191637693,-0.262744363243597,-4.20188984322562
1.24809992640228,-0.847229912343305,-4.45114254014816,-0.701530723639096,-0.113076436199128,2.56776804006893,-0.135925456611578,1.34770358956335,-0.156969564272128,0.513115446667221,0.436575006982013,3.00493427489542
3.65971232453208,1.15986899096758,-12.6996447035237,0.23154083727615,-0.429735780746397,3.23716329058793,-0.835672112502615,-0.123484856719869,3.17012690988238,0.518723769901913,0.161237366032364,1.96807383636076
0.213399545096273,-2.71292984641231,-2.88705206182901,-0.137021706536044,0.0427857718083495,0.36738032061577,-0.4292836364589,0.234621967768197,1.50665226390242,0.229472240911573,-0.0943802478217406,1.5076948807112
-0.40400533549964,-0.0182969093394543,5.60592704883785,-0.692710184422762,-0.0923416157516903,-0.228002295494186,-0.122616758873466,0.201104103889733,-3.17475773281064,0.0418601445201959,0.091910949257403,-1.69904288524067
-2.2649105045587,-3.23835720278736,7.00190930667526,-0.467360755395212,0.0411402553274306,-2.36156743057315,0.128960245349481,-0.0630337505724799,-1.81638262388082,0.372466054012635,-0.193677565450171,-2.7663167504613
-0.982828311130075,3.8346920631332,8.01619778082678,-0.245201528618287,0.182194661480659,-3.72538696012999,0.141666732842284,0.156212775789799,-2.7461975294394,0.0684799126823517,-0.525614484975069,-2.09514112350199
0.935850882047413,0.188250600741395,-6.73358870004979,0.301510973283747,-0.431082373661775,2.45975371166132,-0.27637931477316,0.851293745161973,4.52139854234431,-0.120463679248512,0.492912354523172,1.52544566134797
0.663210953433126,-1.29644590488183,-9.011237182741,-0.227691147906855,0.649592155855401,3.50151726059021,-0.202822644611781,-0.466499308519057,3.76189990444369,0.265176124039883,0.0329282666283604,2.63332321650282
1.62813031937318,2.94727180913924,-5.49542872199588,0.375979572625969,-0.369264330606834,1.61317149788128,-0.841730583854862,-0.682232730176446,2.03586802442214,-0.741786342880395,-0.010287806443799,0.981647119491926
-2.52193142854026,-0.60444952125705,-7.01587876165584,-0.0524856980412988,0.706409705282793,2.44795402373561,0.32074968362603,-0.997140780343653,3.74099221559634,1.15319799538022,-0.0974049274289197,1.43415435428678
-3.4547250133033,0.987307828293788,-6.646312229041,0.104452510354837,0.232939506824856,2.53485431027571,-0.314630582983418,0.123609039412506,1.28146698371757,0.605565907364824,-0.533443323844658,2.05908184579991
3.50573464315596,2.06621361489698,4.44618165021128,0.125265850264939,-0.392711651899275,-2.67404784364714,0.151810372204215,0.448582543007811,-3.2499509584982,-1.27601543506179,-0.90034276244548,-2.37824882282839
-0.642884478388102,-1.48940838041508,-5.70856586864731,-0.623254176098621,0.245440431239947,2.09512411420182,-0.660632842950492,0.321746783768334,1.01358957297689,-0.147647684810642,-0.599964591696925,1.31144622821169
-3.21234872024894,0.969669831546867,6.44814379983486,-0.257487954703942,-0.488091195222077,-1.25809578179834,-0.662482049614273,-0.146274071733614,-2.17573192636615,0.563156441351819,0.0925945551941683,-1.95344432760161
3.62460782596341,4.25771746380093,-9.90253185170812,0.136609955460123,-0.0396968794110307,2.85972957243718,0.609646142962059,0.54073162110543,5.10639409587617,0.188125665361732,0.293232399691012,2.01043317029363
1.67077247226645,-0.518334440936423,5.83791164709727,-0.693545050748799,-1.57714637996011,-2.42558669149215,-0.0417282456080555,0.299548447349824,-1.70090108626529,-0.922224669528256,1.92831113261581,-2.4088250359233
3.73060652526346,2.37031889680677,-5.29826656588631,-0.768480312328414,-0.619189934447776,2.95635249452601,0.146077479291736,0.301656702452237,1.98843137097006,0.118449453004515,-0.324729189216713,1.23790734670278
-0.187124199649977,-0.483986968326071,4.93944765693374,0.291374551651662,-0.539837800971045,-1.2708530445072,-0.449627037234814,-0.0305282700263097,-1.46547628649759,0.0625362912301663,0.444025769326135,-2.58058870774042
0.508680260071335,0.535639203167978,8.31947138118412,-0.181748124408581,-0.129761665114516,-3.19410724481267,-0.075696882137191,-0.0613113904036668,-1.74930903416452,0.184834394033308,0.169653789351772,-0.906607324253463
1.80334305288683,0.472760970528391,-5.89771889975075,-1.00759163540739,0.600831791623955,2.67934990107618,0.724533161903668,-0.468682970975193,2.36769129883057,-0.178593819769747,-0.0195014236550063,2.28911210325315
-2.82866525674838,0.11418516170649,-5.10929930622247,-0.0668376571663371,-1.0051528367075,1.32388989694157,0.303408474520331,0.206330282748055,1.40642507272093,0.878122102342944,0.476725613890217,1.81674851849865
1.99977486794622,-0.961570389955225,-6.09560145022408,-0.711086806105741,0.719956027495586,1.80283696077461,-0.00426803569629865,-0.131337568326015,2.23020368663737,-0.254899329491077,-0.103314406215479,0.829881480822242
-2.61571732911174,-1.810848834353,1.57118234487963,-0.569847941649584,0.822255801328576,-1.82614543840369,0.115914322926131,-0.169802759102027,-1.49462402976613,0.318085704072089,1.02484441533385,-1.0492299330982
3.80698488857871,-3.48109979414585,3.57314610080675,-1.21423474525301,-0.165614219455212,-1.95295879289794,-0.683224049292287,0.00623661315560679,-1.31282911376145,0.573323689112424,0.741859264479621,-3.09364432957013
-1.45500343920883,2.97975940780936,-4.80092670625135,0.578745959507901,-0.163709474143686,2.66142473703975,-0.68997615549069,-0.947961711870933,1.167151997792,0.848750773207156,0.306945867933999,0.878690541280785
0.587894475174285,0.979521031089097,-8.44805079529032,0.509433880277833,-0.28030970122337,2.02968048747087,-0.617499518474565,0.339662489654324,1.47837292655644,0.293907634523596,0.00714859598488939,1.63279695597394
-0.93744855003582,0.0741534272739054,10.8651463014876,-0.0313979022041208,-0.743698496749465,-1.14778106945492,-0.325844375848519,0.0232965753003953,-2.49838246634609,0.508179889507428,-0.126570929767816,-3.13693228634663
-0.138975014374124,3.28820675241477,3.4469752503089,0.190889576447457,1.16953844654317,-1.32723282778183,-0.154830141438557,0.0694218455953606,-2.00357983729854,0.749217243277754,-1.66703342564974,-1.84018411896069
0.0779001200519129,1.58760669668469,9.36768337625432,-0.0491069308304749,-0.113849494424734,-3.2767425031717,0.792824769622296,-0.252273537651753,-2.20695129280401,-1.97759023298472,-0.776691757753878,-2.21249511295134
-0.037981083379404,-1.15372030828913,-8.33888607454717,0.167433972761472,-0.486492781282309,2.77183984379125,-0.334972001569883,0.133413059968667,2.45856054855647,-0.221893640440672,1.65349427873086,2.79195843236338
-2.14028641871128,1.66949398359899,-6.46135239236835,0.593764889778819,0.574835479853918,0.977289300815023,-0.151476275747409,-0.25039379373821,2.43131112760697,0.186110583640666,-0.63212177067547,3.1377291108415
-0.936884523106134,-1.6456031418237,-10.6220059189289,0.346667772901687,0.202028986944996,2.41601561487248,0.370801341202869,-0.355478000955667,1.97492938069493,-0.515167228232365,0.470216032709361,2.44755804792935
-0.491028269504721,-0.569540993438151,-8.95681810357029,0.0168472764360254,-0.111987386352205,2.52887128256401,0.0395740527495209,-0.211096674321402,1.88928225794119,-0.197658728307213,0.35167452432206,2.00424743414381
0.248200089174694,-0.0437477122542357,-6.31066735670059,-0.125694436668404,0.0617197851582768,3.19587435137209,0.961217294767856,-0.504909963831671,2.86796181300969,1.13493107473822,0.116833484370366,1.15697893598006
3.2465040788215,-1.8619952681313,5.88159925096568,-1.5892599503322,-0.475425837415885,-1.30492607248176,0.00777389143309084,-0.0814956026804239,-1.09691111682342,-0.418463276120035,-0.313175449239617,-2.72913830257706
0.41479395443412,0.95614818163084,-7.87075920810731,-0.503931712670143,0.141262581662962,2.64619324772025,0.0248726386659627,0.0512534494796987,2.06699712133268,1.72254454074526,-0.647037173994462,3.50745471649361
0.376218891306573,-0.882211462640906,7.88400866271629,0.434794106400862,-0.754975713554307,-3.60514117785304,0.668874282736346,0.194496653238738,-3.52610955851301,-0.214871466415415,0.523327100685263,-2.79324876574101
1.78049078999433,-0.666293072708075,-4.23301948469359,0.0901879790505464,0.169681316125602,1.57787455792121,0.169377745754138,0.230900966692234,2.9122495671762,0.42420909779702,-0.205682360369173,1.06920872653984
-1.32868582923445,-0.478140931901632,-1.40719695764634,-0.2775680706215,-0.121182761757518,2.67602906666982,0.291899363927995,0.499540312489318,0.107292974995082,-0.085945552351498,-0.214847658310721,0.930361804134355
0.647229425021206,0.0199622848957781,-0.151921637827455,0.266900264618998,-0.126297874933288,-0.0848929187498617,-0.556929623259584,-0.091998945390254,-1.26463219777775,-0.278350286747849,-0.836991975398877,-0.913405220662599
-2.62473485461608,-0.207952505758569,-8.1640472818218,0.0845238124360816,-1.08615509639739,3.21447759376107,-0.91145618699055,0.410095197514856,3.02594741582919,1.48708927786283,0.453765632650655,2.94605147536382
0.575662246778199,-0.305669981096721,5.77125401840095,0.420316895033952,0.227108398206099,-1.86208673835556,0.442406488389237,-0.321427704620134,0.102966520344335,0.0200773242441792,-0.455999628914455,-3.06156113541303
0.324234419335349,0.176429273620766,-5.05686533630144,-0.209193817772893,0.601393170693531,2.22960891554069,0.684053077606908,0.408278075167288,2.27972111137766,-0.895902134700332,-0.0443727205762219,1.98973028730308
1.36393425700699,-2.32291356640742,-7.15950350115028,0.147357179538846,-0.0546118558880813,2.43699938869568,1.09304199968083,-0.1546643715564,1.48895095321333,-1.03128333627708,1.27803144805817,2.62296124550641
0.206878201980714,-3.38658404799457,-5.24024469420945,-0.0296073771754478,0.136157114274031,1.05857139186462,0.363130747558657,0.457942704607608,2.10426397625662,-0.0172402279463093,-0.692625943497132,1.78121431370396
1.55109259109544,0.350532633768372,-9.83367346821103,0.13891423266384,0.216834065282498,2.62633064750929,-0.311579598123244,-0.249125326579685,1.7314622102753,-1.82704056468014,0.408433176205704,4.56249931262151
-1.29261186965931,-2.35162524788005,4.00224924875257,-0.116654979700887,0.600626403365187,-1.67964031564654,-0.119254342569745,0.792090937214504,-2.47739805049892,0.142074434803384,-0.14758502361931,-1.55996069422604
-0.755015604598498,0.378514281035209,10.2255112577703,0.519434033296035,-1.0073106560763,-2.02533382614573,-0.728030958740158,1.47671733837035,-1.92382024914263,0.379107656486736,0.114996948680447,-2.2324070810746
0.194616051213515,-0.716347737990389,-5.87084271129185,-0.115670827962146,-0.164620562753682,1.70351285098078,-0.465034590542925,0.707097111796106,3.36071347244918,-0.305852101600102,0.305481721891277,0.706075059417799
0.351470751156059,0.493110016584759,-6.91345748589082,-0.428277672806439,0.515040905500477,3.44262330556576,0.0714846760281572,0.0185625712825309,2.21121181173081,0.305197203192966,-0.528119207870345,3.1117766678148
-0.0645469496626303,1.66360596244781,7.11902208572862,-0.0292145465698573,-0.0989785477124781,-2.22331383065664,-0.841328837624573,0.0698853069756152,-2.15089039379559,0.0644444161954949,-0.874185052898093,-0.812539124372111
2.87276248659604,-2.37094881188292,7.84993693444005,-0.0977080183480629,0.114045598086045,-2.57648524960504,-0.254044430229344,-0.364642991449461,-1.3326899907777,-0.832832858146066,0.539718468335889,-1.96238279283905
-3.60391680592481,-0.351056063012875,6.69754486374101,0.623126512084865,1.23202780422095,-2.22691281868436,0.414366880233173,-0.0902952705902035,-3.09638153642583,-0.607230358649764,0.250416746054334,-2.76132035852455
2.83280199011763,1.12539759220982,9.57990247078845,-0.066804191895953,-1.07451713426323,-2.959414872637,0.294631762719528,-0.0410215323506146,-2.66621128648432,-0.963030236342124,1.3311431566927,-1.28042697587284
0.190257545421958,0.834916697885634,5.67306833562609,0.299854145285203,-1.14712406209219,-1.54389477341626,-0.136190252888304,0.245947243852403,-1.86159822665949,-0.367706410220121,-0.234707087433389,-3.58833017955346
-1.21643278496095,-0.332091591264671,-6.59627292181873,-0.498260328473257,-0.201467583662576,2.17473856435712,-0.28613763908696,0.320078608553917,1.40774027422451,0.0655511408585065,-0.20413951721492,3.34318008461275
0.661658384771305,1.07405240300277,5.27112875877237,-0.345482106679194,0.097446312005626,-1.35394865028015,0.0744803476824994,-0.0644854152969238,-1.8347456962037,-1.36996153489869,-1.55095845797364,-2.07481777316289
-1.54971047181321,-0.841970736805905,6.15704628527671,0.197344241528664,-0.222723914206381,-1.23831385625077,0.0295901663782315,-0.200304894054606,-1.79842367271407,-0.0399661588142289,0.0701338681016969,-2.28957898323624
1.13969007300794,1.35425034244899,8.4946301223604,-0.0323080176698126,0.252963230208563,-2.6225718532922,-0.920733538026664,-0.653568180055609,-3.07963181572046,0.2410420426175,-1.7981705920116,-2.19547956335399
0.648393064604464,-1.4007228295935,8.2279777602359,-0.0139890053439935,0.322838224125151,-2.25653968017013,-0.379644440404404,0.250105231522868,-0.588048065048957,-0.623623231714422,0.114878266628962,-3.77228345669901
1.17031782066769,-0.0410975097943552,-7.83676191494795,-0.18804623129822,-0.285209172924804,1.39364692709899,-0.892305331007739,0.528219870063191,1.04461221748221,-0.0973844110306158,-0.0538228391618616,2.27480977501471
0.393126743187206,-1.02035067965632,6.78272435675137,-0.449594951263064,0.339823042364868,-1.9873756544393,0.35315184312314,0.229113019860857,-1.35263326991442,0.432471442173748,0.110291573834505,-2.62295100069611
0.616210590512438,-0.199188877835465,7.6659480139525,0.611487204645004,-0.0883854353976262,-2.75241885017578,0.512497822960057,0.550484016471833,-3.63597864497458,0.0370214852801547,-0.15180333558995,-2.24530092701273
2.00137735852683,-2.66476143938046,-6.21113826603763,-0.474006235719443,0.637415574797122,3.48208599324114,-0.371589162160882,-0.0597714071389867,1.53259562926151,-0.779972478692996,0.576091252040809,0.694253970356602
1.77729528440238,-0.862057477589529,-5.6364637774305,-0.197623693537442,-0.239251559395949,3.49600392208457,-0.178937054715125,0.404502032718703,1.41028202919405,-0.639300287976676,0.647822510362514,1.15442077767695
1.09395593405879,0.570245533162283,3.99726096560127,0.576737980439407,-0.818013069257293,-0.256059982269304,0.0474449440114169,0.45173188292529,-1.29680419017253,-0.299611173789075,0.292221520943406,-2.68073468184914
0.284903978193699,0.0104063222233286,5.28366247130629,-0.32334677526264,-2.19978147549154,-2.37220189525803,0.0953087349704941,0.0223382231101447,-2.41464660808279,-0.0537759405858081,-0.0859027561402238,-2.97365105027433
-2.51185109123157,2.41478036928843,-5.34665968651193,0.353829913667139,0.345338353037036,0.879679696868702,1.19090862312772,-0.726542415853795,2.6276955022117,-0.31551068903691,-0.0739910102216312,1.94027490133738
0.840469774155806,1.50863309543327,5.1427073689753,-0.142757773785154,0.16061689328261,-1.44520039837712,-0.0831870365910187,-0.0120993672707962,-2.33030102769662,-0.571900169662607,0.118930754001259,-1.60638433122798
-1.70087114448607,-0.0312179735918188,-9.85445957304082,0.583786615822265,0.741758315443297,3.4322443505109,-0.168682860449306,0.248742979588053,0.874179369325727,-0.0973085096760673,0.0495309621842792,2.16593613821236
-1.24264042620907,-0.881664024520018,-4.66479349890857,-0.169123623568584,-0.126112879612415,1.86271574580411,0.122638699848378,0.250406535516046,0.751912634362363,0.223510168230357,-0.0964883731827365,3.51274792341939
-0.544552095154662,-2.80519741003848,7.2236746897149,0.388424757835012,0.0676494049128387,-2.93247890852124,-0.0526418590731467,-0.127888148557053,-2.57813485529583,-0.298156855174813,1.47697683272105,-2.69628534209669
-1.17284915740837,3.51626732465278,-2.73796033126576,1.05911910749619,0.0992749880589318,1.68956068885016,0.188063302007921,-0.997433679931535,2.31472389471536,0.0432761234661285,0.494451397005176,1.88729033267765
-0.729447548310741,2.84125170785137,6.56582199220081,0.377847868749139,-0.32806761822628,-3.34605538111577,-0.342241956133101,0.0184933503351466,-3.20898298841877,0.371512178446744,0.576764806057892,-2.10900304840464
2.3986696570875,1.19732200236672,6.37610519982755,-0.394172644665462,-0.0968787494774184,-1.2324367786278,0.0125967439365983,0.479805853724789,-1.96658205298831,-1.02282464152331,-0.820945261221848,-3.29141260924895
1.16657941734258,-0.177356858953701,4.72024157009852,-0.11804534873577,0.0172233031130906,-2.62447577702192,-0.208198377856113,0.0230648196992106,-1.80481200622966,1.93822666616292,-1.05653302505607,-1.56319288563722
-1.87013785728007,1.64589980535484,6.26775295040016,0.392560310584387,0.867145832543897,-1.46425600723348,-0.246329383709723,-0.0632137026093804,-2.0048773422866,-0.0773711384316598,0.908222865843155,-3.50766890455257
0.0458262615556316,1.3611043575997,-6.05190390131696,0.356642565486144,-0.14806232807334,2.75749706370222,-0.298954485700045,0.156871360732454,3.49827642171023,0.0278173952328021,0.0170836676109276,1.48071144490186
0.740238015685363,-1.69404836776634,2.33996598196321,-0.365880473750574,0.112834544173254,-1.68921358712079,0.146926210923302,-0.696785003333825,-1.51160551793995,0.0444013762260492,-0.0967730228364264,-1.01974087023025
-0.209280272702058,2.06445316176974,-4.28178658981583,-0.284973194477634,0.0712560014973177,1.30235688453251,0.476274896052064,-0.227369669679022,0.482566767247456,0.0645688972626003,-0.710157104667953,2.29318801297856
2.23160806066972,-2.51404553451537,-5.48003627404958,-0.11271907448414,1.62229079339717,1.6907810957819,0.136659069921227,0.287230654291761,2.79396452647519,0.152488563570413,0.712989320557453,1.86745184039276
0.905606935614718,-1.88139029589948,-7.635288810202,0.429035621172708,0.154387514725707,2.31506850409194,-0.263442747948092,-0.181675360728191,1.64279863906348,-0.0983092498350748,-0.225908386973529,3.49787839293069
-0.26452153900231,0.535005146554789,-6.23419943597687,-0.239607266920113,0.525777844262507,2.55573105964122,-0.259295721480619,-0.551389402232712,0.432028126991841,0.507861886805412,1.0056280127829,3.23669759203707
1.25309232379137,-1.02733790803094,2.7333822329496,1.40610625296082,-0.243140156655939,-0.768020191396481,-0.0370000213034969,-0.163011170951567,-1.65895560927535,-1.15018968023612,0.185477404919598,-2.00438256214786
-0.441233489048521,0.285588348616428,-5.28741912452924,0.628758232587984,-0.226680931052087,2.15056922020573,-0.5579677345471,-0.251147008427526,-0.0144731324486057,-0.418592856429002,-0.0521537842530054,2.47260734398292
-0.341317369119595,-0.394142673616491,7.41382950144223,-0.086799760811597,0.631087364543678,-3.11365053879416,0.256759202331363,-0.00631343063216358,-3.35273011030845,0.0604011998187873,-0.0494577471465028,-1.85306706043825
2.31781400843143,-1.52544834539621,-11.915365080177,0.0127043373250415,0.333994249480588,2.29312900236312,0.20671977242625,-0.180988172991777,2.86718259082979,-0.806116334679653,-0.00963577890345279,3.04701674050167
4.14215347143157,-0.0974034320640667,-5.62204048387169,0.167176762240654,0.250312122424282,2.34949049628433,-0.0244231381805851,-0.250791718428164,2.67194300716702,-0.501195309101004,1.55486945077459,1.11056026243464
1.65304329108653,-2.96761775812493,-4.51762224941136,0.981647597606972,0.30032629600118,2.16984243405849,-0.948517594622241,0.0987595274051729,0.528746095605583,-0.220902195565752,0.385363101108644,2.38518277324113
-1.82007926962754,-1.23878598242445,-8.04021746361598,-0.369444240372132,-0.373060900122055,2.91601270550164,-0.0181447180211593,0.0868745861791857,1.99448099295644,0.934558688888896,1.82372881224043,2.78730314915797
-0.625608183269886,0.18807075877633,-3.50565265098534,0.126984203580429,0.180218851266049,0.311762008915994,0.503525577330761,-0.120332442076417,2.00742637241459,-0.209874162242474,0.00976838713307929,1.71576302602872
-3.43395883101129,-16.4313239245772,-2.92349081042314,-0.848638545101135,0.433965936468703,-2.75153582507459,0.10692725410956,-0.0313902494787979,-2.50629400272718,-0.28353766839848,0.831518959614699,-1.38104097967204
1.35581905182507,1.09533162374802,-9.99515508531437,-0.374395391735899,0.400761215602361,2.82048183242651,-0.47523904279309,-0.515778896561064,1.92612030235769,1.25505102687328,-0.87815088946506,4.38409081729759
0.208851670816054,-0.219903988214553,-5.783338619528,-0.16671980416906,0.275134960027277,1.36513835197006,-0.0673614622309126,0.112404334186085,2.79830716300374,0.430490018793277,-0.91144477139187,1.2631940253316
-5.05707051021631,-1.35051947796569,5.29893010838424,0.0722079531858816,0.0262000281449247,-1.48609862861848,0.0667043199853389,-0.0667435660470627,-2.61046249562299,1.97397569682941,0.575801125136369,-2.96429193219345
-1.21371787405206,-0.719224679648946,4.89096150869129,0.322861570230953,0.0149866765196666,-2.83483420596527,0.48433551104531,-0.0401945640425438,-1.0022700983152,-0.10899491144217,0.00539612683076084,-1.13724789102985
0.618652134253451,0.185501533943223,-7.29487216407518,-0.0103579482622965,0.439280112667707,2.99047940642021,0.849314039959676,0.336723399542381,1.33615076317532,-0.381515388402825,-0.329509926397008,3.05332190202562
-2.05498013223883,-2.41234064903251,7.58522503665191,0.221455225754905,0.795389572243318,-1.65183293373886,0.898853849503862,0.697206294322089,-2.44891133382351,-0.0886888359478387,-0.0680991825829524,-1.82853309274698
-0.19194082138416,1.47312978796854,-5.76936669929438,0.536832106835119,-0.611912615327325,1.85424460890697,-0.904683739406243,0.0652210338713879,2.27847366182586,0.00938775253692865,-0.0456245623605898,1.34669634210822
1.53383534116843,0.146894047452511,-7.4723821720449,-0.0104781509244322,-0.0284063527574252,1.33778892444954,-0.2230517487949,0.0923327013904334,2.49738202288564,-0.0149851055368975,-0.102415061682921,2.794921477678
-0.77449318923929,1.49047474624009,9.46727746529367,-0.756642349013235,-0.481577336479444,-2.80655391715935,-0.347447187344403,0.334723010548855,-2.97240691315814,0.508960403289333,-0.142637928802657,-3.71473508568391
-0.94149432332585,-0.345370917134663,-3.73247279181442,-0.108410970733947,-0.492796669661385,1.25420068563173,-0.362750120158184,-0.000364538110655218,2.38904230672333,0.417461882723205,-0.181467024439031,-0.132241202997519
1.25149215024572,2.22535111208084,0.559083961082822,-0.146178081366119,0.0542767839635927,1.0158317246814,0.173887555148045,0.211376283421577,2.25742746759049,0.642876851078922,-0.836388057944071,1.32309204906491
-1.61090326651614,-0.936636357200455,5.51521936163149,0.404338219152427,0.147912620402913,-1.87290322343112,0.200308084806468,0.889626862366013,-1.88784960168136,0.194539260078838,-0.664396967106567,-2.75586806311851
-1.45906659702055,-0.325211586503889,-4.56614407596238,-0.0882634896843381,-0.5855177598547,2.57370914297287,0.800052365127786,0.705509260654825,1.89955411917176,-1.53093750971495,-0.0265592956758515,1.41307454980486
0.359629782561968,1.08783303552782,5.82233768962483,0.181657121457982,0.339666477196731,-1.97408002299119,-0.0197854068048684,0.106641345431469,-2.47462226116253,-0.508662905247169,0.157568902072129,-3.15212135698457
-1.79683867664152,0.743131057304306,-5.99508790731638,0.70680098141985,-0.88498242490115,1.70990121139966,0.304363577314426,0.292287908749292,2.94510240075546,0.0470927629512665,-0.428956725710861,2.20805628450364
-3.37478787074854,-1.43936733559583,7.27890970612553,0.203145988886381,-0.261469565759539,-1.4641579900665,0.998204528153719,-0.388772074301445,-2.99330293118509,0.0605890449388993,0.39255290260557,-2.52764915495444
-1.57198405830199,-0.969679262710388,4.43916161964871,0.30815964496633,0.128995005194857,-0.609393729083439,-0.0576015661371139,-0.410684108656289,-3.37443080267893,1.69952999530808,-0.34390794207397,-2.30153832056818
-1.93797924793063,-1.04725705907931,-6.90954440892952,0.400240482901293,-0.664371498196536,3.74082346835971,-0.212951879030527,0.382447737071426,2.56499464815693,0.344813113857652,0.618555806516416,0.962156439807381
-3.15368073485169,3.0299740998342,6.76557014304728,0.806785432524495,-0.335913880520272,-2.30980255670375,-0.239688635098738,-0.464726977224959,-2.05413699065887,0.128504544198949,-0.094183717629815,-2.52179809445096
-3.76478863214041,0.275684837682154,6.56440894447365,-0.891530362854234,0.110133853918139,-2.10005496421578,-0.0398476552779885,0.39317338155487,-2.22148502803858,1.49894022485799,-1.56117957666309,-1.4968967892851
-5.74857088486922,0.519865370578794,8.40794139612487,-0.234134783179485,0.111276178773481,-3.94358540313616,-0.0488415317594613,0.274288730783415,-1.36386868173696,0.157980507633294,0.0367360817912176,-2.45002293814339
0.020757837060386,0.349289879748886,6.85913011701899,-0.0774943541028556,0.175884454386336,-1.66373868465553,0.500065766556813,-0.0764562806461988,-3.05434917244014,-0.07468638546037,-0.187908308335843,-1.23368356198568
1.26789392741312,0.842408012080038,8.36695248565675,-0.398636326530784,-1.48357938710427,-3.67761248637726,-0.119064834261979,-0.150895184557313,-3.20327776531429,-0.239060240563916,0.263937398554291,-2.25290902995259
0.410465778218592,-2.19358252598406,-9.61987616367634,-0.393541414087969,0.424355196365108,2.69265257621407,1.0588027562987,0.111941682127819,3.6717379853457,-0.365798378935298,0.350208148790504,3.43818499487109
-3.04118230597297,1.22476198798667,-3.08860248387578,0.25761124705508,0.0511585746340324,2.41412832390752,-0.167112489863315,-0.202848863321552,0.794312291319313,-0.0919112127064901,-0.147697748784767,1.7271364344032
0.028845547085687,0.928520472244627,7.43755801580941,-0.754003418896762,0.886214287756382,-0.783708405082999,0.112167458394027,-0.0235615920273826,-2.74606211969167,1.28626073586008,-0.337816323927138,-2.90308266350974
-0.703351911329918,-1.3813271979195,8.24488083554517,0.263378875211501,0.555510001932531,-2.78905522419638,1.47989904014074,0.999345254905659,-4.19795491720331,1.09769203817506,-1.09937926766966,-2.54633779407734
0.181957064083383,-1.66355677694294,8.18503440895611,0.69418595815904,1.59228742161799,-3.04212410251616,0.101881741301415,0.3474382004576,-0.893182069557314,1.00906419338758,-0.699475318986829,-2.42333224008508
4.07442558258355,0.333242237440854,5.60127183945895,-0.349359319770122,-0.050560662314125,-2.07302682415235,-1.63884457304839,0.0148800253910999,-3.03972496803323,0.0743471931312125,0.0251871446412043,-1.3815495986264
-0.944492871750945,1.40085422778357,-5.96444223258989,0.232307939993394,0.430943935665789,2.19450492171459,0.240431434274573,0.176267576155876,1.35923646334771,-0.331966668650723,-0.467410883159713,1.7777759224189
-2.21990778846572,-4.10373976445704,-4.52675719214978,0.0614103600474427,0.215668004520204,1.52742519044643,1.36739640410248,0.639947741893799,2.83205406878074,0.844728517534203,-0.14056661492109,1.1245270081957
0.772613499171339,1.23589349142055,-5.83887494142873,-0.436973537950731,-0.457058503931908,3.25051227590353,-0.217861593799529,0.888324271667495,1.97544626947657,-0.0175336326481104,-0.297016377252413,1.63001101802631
-2.63588824755663,-1.01535511044168,-7.97293059278834,-0.137702743219422,0.225785090332257,3.11835946422905,0.149148420138157,-0.071060212460677,2.39917202135218,0.142299654158176,-0.0997641268546731,1.58048053051312
-0.106610237525288,0.700561491018123,9.24139041435352,1.52640647703475,0.314422308626682,-2.81744121292774,0.15258822606873,-0.402157084600571,-2.41355837034084,-0.913635002195208,-1.231449922144,-2.89164334892909
1.28572641619113,-3.59919092976866,-12.4358179894593,0.480423460799204,-0.816452055853616,2.57993559971392,0.259137985619781,0.0751811012614739,2.16874167744216,-0.0521066577507607,1.85136435472703,3.63608584230679
-0.53395273557186,-2.47004340318555,-4.72250042394015,0.487963540847993,0.765438018870417,3.45334638111132,-0.132439207027579,-0.290648364324273,1.67239555423478,0.0356231472086854,0.281631988884124,1.80504851307196
2.02592181719208,1.51236848546662,-7.03452951498736,-0.236173458323988,-0.370041593894359,3.59863630873238,-0.344276719788411,-0.581343420246591,2.17064739869744,0.119441074471936,0.284542096624001,2.35241063206566
2.89076116856867,-1.33831067414194,-8.89138668440802,0.91566369420463,-0.542857822736497,2.18152308010703,-0.612672830062021,-0.191366464790227,0.581383155558953,0.0448562113392332,-0.0394385931230421,3.18309180863452
-3.18424188066822,2.35909085269594,4.52886128758374,-0.387859132199403,0.174733448128676,-2.79905087369983,0.0179433980263062,-0.0715126070773533,-2.3487165570214,2.17399202265307,-0.609483867595117,-3.0493978332785
1.3510762601574,-0.194082536362235,-7.59775457634588,0.302901300770865,-0.858568225754413,1.47483261098429,-0.00994889531010276,0.229766267583551,2.25409932421854,-0.144183962880757,-0.115678472330951,2.99750652881987
-0.482959856712851,1.30193339625349,7.23168268088192,-0.244142490267917,-0.649024258153309,-1.54260545476646,0.153342950901198,0.187929729261058,-3.04741104376899,0.458009660305336,0.383750341667968,-1.57121854294182
-1.59074812388644,-2.51697199800385,8.61637970004531,-0.155581681217898,0.381330535180964,-2.58501512592749,-0.151832114382074,1.47576619521243,-3.45055530174645,1.05408112377536,-0.110847973782913,-0.97120523694726
3.46464519488679,1.28772618285061,9.09654758251837,-0.416760549265956,-0.0694782899583025,-3.96440120900663,0.0985918438094674,-0.487190619071664,-2.88637572053835,-0.522728009531549,-0.0138900111261633,-2.19220469289156
3.10977074944579,1.80358701030612,-4.79463775919066,0.360071198097898,0.0678455740739413,1.40945111422972,-1.12304268337485,-0.48372078531878,2.85422238637863,0.103967471957628,-0.0585746438427662,2.54305664994448
-0.25053401401419,-2.38662975147557,2.55943743921298,-0.238171060567639,0.938572400421968,-3.19872387533189,0.510442343806941,-0.118930401968373,-0.425901218082009,-0.0544844903184697,-0.0049757563870012,-1.24913701590534
-1.71844997304636,-1.48593499799589,-8.76230346630786,-0.0426564586318243,0.040106320727048,4.08994097268359,0.0082581329825765,-0.178994223786639,2.6145451964486,-0.425187242291064,0.961077666202297,2.83085408360322
0.125775763205577,-0.403964908405688,-8.0633298355698,-0.258037048597709,-0.572343290434138,2.96531921986687,-0.119694069831258,0.242468188313096,2.52589677392054,0.302203907220384,-0.343949461357217,1.41348946968974
1.64683232957983,1.34156141829236,11.2705595935504,0.183291681483247,0.181039168357177,-2.08049876887451,0.175899766781618,0.158135688681224,-3.47766028341017,-0.812373201247754,-0.253524988897583,-3.06140846976451
-0.144462615642416,-1.05068836641161,-5.56277676756623,-0.976835693789838,-0.649883139977183,3.36132618614868,0.524448872060992,0.0830178953518377,1.38503729099194,-0.336168742485774,1.27228368606005,0.969093970461436
0.61380463730356,0.960101550437433,4.01491583865122,0.694101414627329,0.104271539095581,-0.659658356044067,-0.360383789049332,0.0154598950039026,-1.40586131803702,0.227801051591325,0.0979640129142788,-2.68480062966504
-2.43419187057607,1.63713186904476,-7.67611648327775,0.357042575762065,-0.0406018852381842,2.77276694243265,0.0224120594165778,-0.0422349568862717,1.70256783963737,1.50657728125008,-1.19834578804274,1.70987472284894
0.94168670000472,-1.06259729798674,4.85849841597305,1.10646176626223,-0.181507160653039,-3.78592229690233,-0.456859345560228,-0.189728068543522,-1.68616630953141,0.0956185331221348,0.0288246164618408,-1.95909129515425
-2.95618997024191,1.11223454099188,-8.55480534780684,0.759935422627344,0.266431960557785,1.5348999003207,0.822551289610666,0.429824113458212,2.47588523653868,-0.162325211776553,0.0307615556733647,3.0105128915062
-0.544173397898691,-0.650098965950815,3.25367550311451,0.326719177341154,-0.72823850206886,-1.9382678348282,-0.101157916867157,0.556802065984135,-1.58970174039709,-0.822891464796002,0.132354454005017,-0.963809131575533
0.915698874672703,1.40124581994477,-7.88469754884461,0.516597644518199,-0.0177147021729169,4.430266793064,-0.139405997086193,0.888327371303611,1.35116716493649,0.0926048932931573,-0.3037019980655,1.97880421715228
-1.42479730508238,-2.79138401931264,8.83279256411816,0.7001253788372,-0.610911937986252,-1.91086156130498,-0.0385263858635012,0.0543846221916132,-2.81595005856568,-0.00387871908494418,2.40029373530562,-2.70615763900715
-1.67088452273803,0.981187648228645,-3.97694941896842,-0.625385967245383,0.197668054458528,0.75723250485148,0.575944037834909,-1.18100012651041,1.7573018323295,-0.263897266795354,-0.054715941821149,2.14498882513431
1.59200731021467,0.313350958456033,-7.74397628966,-0.204799807978197,-0.0692850414873508,2.11417010622715,0.350466353067663,0.774074396269863,1.730097087155,-0.213981697128052,-0.15743167624292,4.38653201924125
3.64890211335412,0.248616411839684,-5.30686587652386,-0.629762992705127,-0.0481755612049752,2.11268500615042,-1.34156518940603,-0.317058243494896,0.901440745710515,-0.387755897007991,0.231738542173731,2.43220656535053
0.29751176691139,1.47407525936141,-3.23342347725069,-0.0566560916862574,1.00894180303452,0.984768440232891,0.559526456091167,-0.149577092426437,3.86461410238393,0.237152060905322,0.155450967539453,1.30778120859459
-2.06152190019483,1.01899053845934,5.71132827989761,-0.136301203247117,-0.168663281304584,-1.07653066052421,0.489685816565563,-0.459149520433754,-3.31479217692806,-0.249106753515282,-0.0577742006134369,-0.549060721543839
-1.19918260762376,-3.98671828986166,3.80736459664476,0.153291716201607,-0.231833021389874,-2.62613335133819,0.0692385244725961,0.332209948364222,-1.73364868753841,0.049713916164523,0.0466059263948523,-0.397765443276683
0.63440444850108,1.82300043742556,-7.95611370363612,-0.629320719487249,0.10517758362047,3.4288219499554,-0.143151624481871,0.433631787599929,2.04288956541904,0.693692120962061,0.580818692071241,1.68435181842348
-2.15695678878531,-0.441194695272406,-7.38966344238976,-0.355303037332894,0.544853556182863,2.46323553351438,0.101220890949579,-1.02688249903318,2.06420587887944,-0.16127905286487,-0.277261162096613,2.08271726864523
-0.196495261275119,-1.37633291021481,-9.14785007913719,0.10875585761341,0.0730580064889929,2.42621754801916,0.972615139779458,-1.5081688833915,2.04340902235755,0.381576470149681,0.376409901149964,2.93190148267275
-1.74654643475849,1.70753946496927,-6.93711942322985,-0.455740730741274,0.578463481881527,1.98681532843067,0.0162223883474464,-0.177403010630577,1.8152276851703,0.697603045571249,-0.266210523359863,0.838625384255345
1.09088182559548,-3.04574631712738,-2.29185231077205,-0.081162921850721,1.0509902392864,0.753419838094887,0.0158966948946182,-0.0634456382958561,1.48752500770859,-0.577687240780151,0.998330597286935,3.25017542730124
-2.10211486516033,0.324508254617427,8.29621279187946,-0.681902604867884,-0.222251847592077,-1.57608820197894,0.135100400888664,-0.00789651554114471,-1.96033528417913,-0.25670554086363,0.482537666379681,-2.44090934478146
-0.553371803245923,1.37507081606235,0.112183507623612,-0.276787021044595,0.170523150899232,-1.91032604506737,0.529671947045682,-0.368934484160282,-1.22143832418108,-0.12944270448982,-0.408462689023021,-1.02958140006211
0.339303227814889,0.656632339238863,-6.88712123424133,-0.55172200725936,-0.19561215303041,2.00173660226799,1.0945458206145,0.0613691434351874,2.73412139147264,-0.36120507341584,0.146890305706653,3.16492780341138
-3.10898788129035,0.871394961986496,6.01912436843576,1.30644411686858,-1.11144254383254,-3.22832498214145,0.0626161383421997,-0.173186933242987,-2.89777002674595,-0.10573590381669,-0.115022463963907,-1.17277225295163
1.3817750302586,-0.785374400650357,-4.72819044746164,-0.266356084583718,-0.0322161337446401,1.17996581350904,0.350367060295883,-0.6748876511719,1.25113960290812,0.100588154214608,0.742166263279516,2.82780510693203
-0.611079469843154,0.278814865133919,7.16604428578096,0.62342627327121,-1.01972723836158,-1.82789168363651,0.365831616715794,-0.332621267257785,-0.102271849811242,0.124806712400843,0.422705583637242,-3.36733350600698
1.20857353667808,-2.19615577291458,-4.93573826323628,0.348398996434601,0.00653563779434688,1.36965807984753,-0.431232145862472,-0.106190564221897,1.1452027333017,-0.41297197101701,0.161850880486646,2.26642033532795
-0.302473936425986,-2.27527123208782,4.88868768652696,-0.132039277097663,0.1335142746139,-0.465632242247885,-0.0525527430345223,0.133701526003838,-1.41728270782107,-0.0694577389359887,0.032265641618004,-3.09423377899179
1.95386367793737,-0.469032218590641,-6.61273490875433,-0.357217943767791,0.00693026311796931,2.89581314293195,-0.0664652462710644,-0.556817708253708,2.35441612894171,-0.332473160944364,0.417631925602674,0.905901328011954
-0.146246622309978,-1.1517746909469,-6.83098819440129,0.308026442706081,0.385959103838713,2.82040727088088,0.487179431145128,-0.0167030061579707,2.00227801398117,-0.819993407057947,0.88425011756216,1.91916520976504
2.5486272845102,-0.548709020228922,4.0727965519516,-0.277063824751273,0.60962114421146,-2.46998387612382,0.734216611532729,0.130103748357735,-1.8089805621764,0.279659209906411,0.162115303193285,-0.486370657220183
1.97433626056199,-0.659307508756901,-9.87201828610212,-0.922986594369409,0.201519813449755,4.33642099124051,-0.795756789091156,0.754491686199458,2.83075279730373,0.0770139980663528,-0.0906990047638581,1.74611453286678
-2.30134371472158,0.168001820583275,6.5809075839828,-0.162646782768017,0.0385735498597695,-1.30433591104624,0.134647355071341,0.189446536843706,-2.59387024814026,-0.127287414745515,0.512989700099241,-3.22868720786265
1.52432203226175,0.947423903252155,3.6264647389587,0.149464986506455,0.840943513404616,-1.58602866677098,-0.0357704179853647,-0.0149270402701284,-1.57583740246693,-1.18456121240425,-0.763602704107548,-0.400685817955295
2.37370878824097,2.17812944423872,-4.26818727163928,-0.392476750563283,-0.392037300654795,1.45139661682373,0.507421209645063,-0.549877585566442,1.00397478466176,0.473081337646213,0.110593241401905,1.21059515651188
0.561120739632932,-1.94577101503329,-8.39647132419889,-0.549301670446143,0.837366244682519,2.71498533434439,0.127084393748855,0.0925474307703806,2.1452955986291,-0.235056989535228,-0.289279542462615,3.04887667057961
3.7122347005499,-0.50004969967203,-8.87856033952973,0.432062118818769,-0.419137568479256,2.3596581418912,-0.637045395532379,0.80560532138158,1.68819113977878,-0.0882836533650228,0.136635743573307,2.93716297712925
0.746035048003016,1.04616976627139,-2.9799133268535,0.134817352495001,-0.0324770662628564,0.908600909907908,0.423558146438872,-0.58394118984053,1.67688445559826,-0.445656606213961,-1.20181498996973,0.503078987708519
-0.595172072706879,-4.41081957912853,-4.33956202118842,-0.163070258374593,0.423514170235462,2.86471440886103,0.6434440888803,1.47003176980625,1.95027913176966,0.132901322695559,-0.209576863053587,1.55816039721194
1.02651139922654,1.10633738099876,6.64453208416405,0.302837789359178,-0.0320303533265984,-0.421775311375469,0.798673938608499,0.215178177608521,-2.92198239266748,-0.00642670854178135,-0.239898675845528,-2.12906341157483
-1.29733447244617,-0.476275187201325,8.12732197009325,-0.0585459960251042,-0.290524702340803,-2.6165673226164,0.541176210205465,-0.957611040808853,-0.783919652233791,0.631501822065675,1.45772305539865,-2.35289741479672
2.16883950164876,4.14478842565236,-5.05125581656234,-0.640797359537853,-0.512516482001889,1.94493058437135,-1.12793710209405,0.19267987692348,1.95280841410495,-0.679461047986584,-1.90432930149821,2.64402954383671
1.59728258941703,2.17328140300488,1.18381535507462,0.144023780613353,-0.740561184817554,-1.17280515134022,-0.0235147221963648,-0.0002227556949259,-1.57847543125381,0.678179551030099,-0.473417458671079,0.19189586049421
3.8996257235992,-1.49724979265767,-2.24034668286157,-0.238585502994533,0.0399181118893726,3.64839679292116,0.0196610200066115,-0.0388886461451978,1.86168686681736,-1.82158255960648,-0.169351324000117,1.98542162027888
1.50944654251983,-0.514492714553322,-7.73189031469263,-0.183194613554191,0.246774474381216,2.31212499066569,-0.12094050279485,-0.37696780400958,1.50866868653501,-0.877331271467928,-0.52107358784162,3.66209616004529
1.46234846653759,0.954323238052512,5.81909408396907,-0.294074337331233,-0.10155553833278,-1.90225647779827,-0.35211894560939,1.02419867367188,-0.0901146797388684,-0.0302512901295419,-0.250338150311431,-2.37572081501422
0.234719972552504,-3.05812165335729,-5.87283924438999,0.0314618884061181,-0.11953712678955,3.51135495133865,-0.0592399104987773,0.573469628266138,1.52684981490366,0.238290827981264,-0.391734280311673,0.541254374246173
4.96163572311226,-2.35099809379766,-6.59913732147192,0.137506370156709,-0.0214727739387863,2.46064860303183,-0.611930803595647,-0.435645544445895,3.27946892896168,0.234260409982967,1.41708382043441,2.96282172782778
-1.01108769860964,1.34390343311862,-4.00000563035818,-0.42981642316717,0.0298595136054353,0.378568099728575,0.301281329329738,0.585414655647106,0.995820083905423,0.00287092916024262,-0.159723822688562,1.46445671129649
9.23849008702831,1.02672170541796,-2.59747352449988,-0.4464966483252,0.565265132938949,1.65473987215674,-0.152848265117722,-0.0318469782308259,-0.776130694902603,-0.0106659970337578,-0.308753747199885,1.80482415896722
-0.737289178096526,-0.0142334608653829,-9.0437104958111,0.166580214674086,1.06271005063377,2.03274574047816,0.194232788132435,-0.0349251626334671,2.34947291467276,-0.794980856878223,0.800290735637446,3.48981255489655
-2.99592850777548,1.28495407245461,5.89918873259721,0.647629623052893,0.411933713093926,-1.57407885340654,-0.328070959912902,-0.286090491359177,-2.32588084395249,1.69631237286625,-0.604507185045345,-2.88160843329735
1.32683433433687,1.99182427972012,5.69627340009911,0.557556813227381,-0.499795975215654,-3.21936374703457,-0.440520047018389,0.372961983202003,-2.83572553736585,-0.638194346142636,-0.498824203600821,-0.65473483684832
-0.236175480183143,4.63495857510126,4.20114654704511,-0.63726443393847,-1.3227936189186,-1.72293424581487,-1.10885236068691,-0.0308333889886063,-1.03435591558875,-0.0684481924893076,-0.0961701488276521,-2.68024183401686
0.931030143509177,0.592319932326967,-7.28068721863276,-0.302127047653093,-0.132651778192376,2.50140468499055,-0.165749817203938,0.374833498869601,2.91109288578571,0.697982054342108,-1.01815645386822,0.451297574433018
-2.82592268810393,1.28542550971698,10.6213762876033,0.110913416666011,0.0923471518709432,-2.62444151843505,-0.192469745309365,-0.0854901475091271,-1.64297884547287,-0.0187354328136098,-0.176817985090775,-3.93831786542189
0.417270072949898,1.46169871435991,11.6531386094386,-2.23557613669373,0.00502435051756509,-2.64744045406779,-0.0555188631823229,0.465582583696583,-2.74067227077345,0.188724913666026,1.08479335068113,-3.9535117816827
1.91698555288627,-1.54417139742759,-9.36605452369889,0.392906767551049,0.295510592179973,3.21091119647207,0.498535368302116,-0.167312517163935,1.8629570618771,-0.564302041029989,0.404361531988813,1.96394388185887
-3.69068338781271,-1.56623242446497,5.27521788650618,0.701220345959275,0.214197292721727,-2.15049094203329,0.112974952179422,-0.190310508410324,-1.89015487609826,-0.399258667098151,-0.402460102375566,-1.96785839931198
1.69535664120114,-2.66510733587165,-6.5898837517856,0.23306947302692,-0.0791312742777784,2.27604615101728,1.05567355155281,0.363466170520366,1.41216477751091,-0.216906303894366,0.499469040931535,3.51873997301566
0.60806667917388,0.594347328315636,-5.68484220493897,0.180414794720939,-0.273538754683898,0.860288556751454,-0.155113266022719,0.14084634291448,2.76975564053593,-0.743194779197588,-1.07535660817455,2.60486514354426
-1.12718799258075,-0.536208115154643,6.01893034962633,0.396751987745537,0.434774909714326,-1.29359062152755,-0.125938063990352,-0.0343221828443558,-2.86879661443777,-1.05943734133016,-0.111124237509374,-1.89530143286454
-0.695032023076758,2.79159220066999,3.76773763687968,0.104622668741535,-0.0412147590501291,-2.39245257099624,-0.503010199780565,-0.254849588272626,-1.15820603441903,0.071529251285639,-1.11450703508462,-2.21650158919287
0.228203238831601,0.955310052100348,8.53221243877024,-0.0412937012715053,-0.195493545812439,-1.11778127599501,-0.131226686598662,-0.109790303410675,-3.54791133136759,0.0362332059237729,0.234223703749101,-2.21239805569325
1.10084248714259,0.754547608051684,8.47538509900803,-0.679324481382948,0.396043193262163,-3.51623746560802,0.0299540285885483,-0.934171273695771,-2.28634960974775,-0.231208192010803,0.093872661041985,-1.8288246774099
1.15816557906394,0.2659251505126,6.01113475370166,0.320868992143846,-0.213785827855337,-1.06191234099113,-0.378212907462155,0.213219205925548,-2.02740532142812,-0.799619200780368,-0.486260362316281,-2.08321906076686
1.06894613387564,-1.06976224949524,8.0550113480352,0.243936024885954,0.0256904370221918,-2.84196164366447,-0.22358725631193,-0.161967715397437,-2.22000525430187,0.165903930797172,1.75588871247269,-0.912515979586744
-1.35096058614988,-1.48146440376677,-8.37645110614415,0.314455001571656,0.244235464488219,2.14958159782352,-0.0506124603067858,-0.0765288567828228,2.45140856153275,0.265500803414404,0.213172776775556,3.89156860548324
-1.17281096962813,-0.110449086561649,5.3492212509586,0.395609123407108,0.143571464712229,-1.7066927311265,0.270363720673317,-0.321114525476401,-1.62092072960388,-0.238908519137889,0.125544305212605,-2.44946515962196
1.73462428548838,0.434730872573605,5.31376985268416,0.0373616229503366,-0.0859479077258984,-2.13710492723439,-0.752451795577954,-0.24640930488805,-0.648672312012067,-0.237984714749627,-0.132407753379835,-3.71717667533999
-1.16901210419737,0.542562545561044,6.99323444695226,0.76764192202614,-0.222863391547444,-2.72543718373842,-0.144516964521955,0.341268805277755,-1.85803886324036,0.344042391881297,0.667603961903149,-1.80764190158803
-1.00414713701293,1.3512742834371,-7.20667772601382,0.940322518277887,0.180210709624408,2.60527877948633,0.0712238353690495,0.129469761492237,1.69822751188182,0.549258920191099,0.621960318320142,2.97832449112422
0.118132331485611,-1.49350156309923,-7.54198259648535,0.558509375592485,0.256303752826203,1.40378123838362,-0.342235624020651,0.345933010328906,1.27419809739932,0.128009819419989,0.444282931033358,2.33070239970539
-1.61165389261491,-1.05450561942846,-8.10881280466909,-0.0383569009610882,0.669970384341841,3.36093834321059,0.329360129359229,-0.251492643790394,2.4567860144364,-0.237707905163765,0.763972178718092,1.88892932830863
-0.377386825339409,-1.61081194140658,-7.27701680620479,1.39607053294267,0.348709129475019,2.51752959094178,0.243015771176826,-0.0446376219808898,2.47026856109159,-0.456709359839789,-0.236345953027015,3.05597727704813
-1.04318700411669,1.32266864250871,11.8073877611866,-0.0389425598600484,-0.208656888319603,-1.62329797782931,-0.156003312741994,0.850678236015478,-1.54643265698013,-0.272723579202612,-0.652679867425848,-2.74487290874695
-2.10742844241936,1.66868298934008,9.62369499725059,0.746452656160706,0.785735128958285,-1.66368896127105,0.0528063177808042,0.331917799288293,-2.57750265071346,1.54262307194273,-0.454675563717557,-3.81727118785546
-1.42492984345672,-0.074211535130112,5.69271666933801,-0.326023337741036,-0.0253639197509044,-2.58646611535771,0.193036205704003,0.027470975339781,-1.77965367451687,0.487642565156877,-1.67605641019657,-2.89196201792042
0.53463497910728,-1.31403472411207,-5.42075805025888,0.098467833803466,0.257281074049947,2.16733075253582,-0.209798210052162,-0.57839956607485,2.87492831953336,0.183447459644612,0.279420873869892,1.17431815159772
2.22712150639365,0.227044586120239,9.91324611714097,0.382402068261721,-0.201967745479796,-2.22711042803708,-0.684446285556971,0.566644343494791,-3.66870701636742,-1.26747513361064,-1.40972587783604,-2.97860560451033
1.45783628158904,0.931596115526573,8.51970178126568,-1.88321519951161,-0.829729332968163,-4.15988551853276,0.273879406836141,-0.101463927662453,-2.99961594893812,-0.493236997833932,1.10655579669563,-2.58301811725734
0.786363646252492,0.010544183213454,-8.29359678090914,-0.213385912845519,1.29097402318928,2.41881121465443,0.0436793329171904,-0.456888064602098,2.41595348304466,-1.0485996374592,-1.47563995733051,3.89402282889703
-1.13762027026984,1.8370680881826,-8.94505343874295,0.766532026218339,0.291707445342825,2.53498139705997,0.106660204492247,0.049249676405429,2.1581988731466,0.0594356947721226,-0.480448020695962,2.08057072311634
1.03483487869371,0.0954509935180231,3.5084920708608,-0.255744277919325,-0.0702091897532525,-1.05314848753166,0.419451273768823,0.215608594531396,-2.4492557111518,-0.455499407234108,-0.0704936392944859,-2.17980685019035
1.4884021612775,0.590488022126796,-7.88220050264369,0.304875977416185,-0.199562505683378,3.0986567982771,-1.41561047164264,-0.518805301741042,2.49667295615597,0.022262724728255,1.15436400138893,2.28461552506507
-0.327979473887262,1.42749584551738,-4.16033661193145,0.221892566303628,-0.360815573414372,1.9117810885331,-0.587721044469957,-0.35703415701144,2.9828369499051,-0.104109962932568,0.164263500706982,2.05163663848722
1.71279060759454,1.06033846296943,6.03481999620832,-0.200925450350927,0.121119902542012,-1.69989457990009,-0.154698759954214,0.0924326060256796,-0.58295271206763,-0.103915550853009,-0.812518032143707,-2.4859972244795
0.581063728931249,-1.0858258847327,-5.06207362140052,0.220445063564941,0.308665918525496,0.568174239562019,-0.821930148605592,0.37659068801166,1.09757759929405,0.828558198453061,1.4776416011117,2.93816326209935
-0.362471155824303,0.614179529707732,0.0596992445452584,-0.325798474756856,0.322604030124923,0.328429969288506,0.00550509721208998,-0.10337475095928,-0.75970115096226,-0.0204196141972185,-0.025908989010941,-1.9445902832372
4.57313553754996,-1.10025948973146,-11.1135256358192,-0.742420653539482,0.393655987198026,4.23443565133642,-0.210224304192737,-0.951634041473101,1.38819226911271,-0.0460827634637153,0.329798760961136,1.2273490931991
-1.71830351003092,0.253666496148419,-5.7997878785064,-0.268024702955006,0.636022544554371,1.81130596817478,0.123778756277464,-0.213080001505528,2.30242970402198,-0.641505582352492,-0.792682326787374,2.25480487732133
2.92782636112274,-2.94989080358042,6.42449451740922,1.7053589065611,0.409970226392111,-2.70742246333309,-0.100467571548908,0.450627451534835,-2.39011019640343,-0.33151651756064,-0.101091445743894,-2.08618774363358
-0.788860193290317,-0.0156366654676235,4.43751003724574,0.645151607637603,0.441016230422795,-1.43425454310006,-0.735960180860702,-0.694976988132738,-1.73686315209598,-0.0775141905875936,-0.139838605421908,-3.16951085511998
2.9845619356841,-2.0305354933385,-3.91370870627215,-0.00794181492907325,-0.113467874335464,1.61718972370178,0.413425933803331,-0.411818672070433,1.24340707047567,-0.59690083217223,0.930455943875184,0.463459330651875
-1.87281431321078,0.551778686764347,10.9767607286682,0.0597518377144644,0.560389701387338,-3.19994159154342,-0.370699760314474,-0.0622488295642578,-3.06869558551482,0.948326296566173,-0.157391849558057,-1.64363624484355
1.8070228198943,-0.93453951486718,6.73786770521514,-0.162145472723707,-0.838344552716406,-3.27480274329692,1.45039457564744,-0.415993248705008,-3.24006748773431,-0.325820133566036,1.05022940097918,-1.86395992502868
-4.83986286528394,4.57344536382876,5.10457521615839,0.429383556278075,-0.0344486509475586,-1.89214116639381,-0.0503276392189899,-0.370027699820061,-0.779439561786573,0.894596851484248,-0.583654887340962,-2.63743603859548
-0.00266877600005247,0.0404255947154559,3.84121337118069,0.0323150108046944,-0.167041326195725,-1.94066724423774,0.00866497378534546,0.021461716399578,-1.38806394502059,-0.0406511331137732,0.0823402661220776,-2.76700015362201
-0.500678985604388,0.105035048203956,-7.50015480509523,-1.02022996632245,-0.234391856095791,2.26810611535694,0.836826822589814,-0.0587144453765893,1.30039424103947,0.504692201929367,0.535021092201398,2.55935350881919
1.80460429619702,1.18978714924235,5.12366095474744,-0.224702433386271,0.0848765025457036,-1.17011335726577,0.361890128857646,-0.166066370079748,-2.64920587765912,-0.777979806681416,-0.107377505719547,-1.740180763689
0.216530703293414,-0.274750338067357,-8.23998822373281,0.53705449886245,1.66494058701378,3.32521684518435,0.348555653640714,-0.112328820673452,2.40129757833346,-1.17629974297384,-0.572350879221826,1.65105985594105
2.80187624991874,-0.998692686390938,6.36736265859316,-0.379813513982357,-0.222312941080126,-2.75266035140447,-0.553897351273855,0.918602790650281,-3.48643365485515,-0.161723494943014,0.451309358946281,-1.08648365238485
0.0109346325944341,-2.94828133201321,4.86171147655519,0.0154962878252956,-1.19414274618548,-1.62045364524245,-0.138782292803486,-0.138218423234756,-0.988849793993372,0.00849092208044633,0.605560330109837,-1.22087800890636
2.19523627399663,-1.93686841649294,-4.01111881506045,-0.604475077035117,0.00578603041595654,1.66739978419551,-0.052184447416868,-0.198929466054391,1.37689125302218,-0.364049564178961,0.622109392793042,2.48931048075932
-2.20000792932512,-1.79384383641755,-6.76675417794827,1.54464842398542,1.96124444677844,2.98109641404498,0.157709039289469,-0.317638864719959,1.88314398109924,0.168149841428857,-0.0199964441158866,2.95817470749817
3.3778972739954,-1.09951096281921,5.64011896809071,-0.474211645415027,0.38390032407298,-1.49604796576982,-0.477245416590982,-1.07217512587135,-1.79955431182647,-1.21030689381186,2.1855740061471,-1.4301057482041
1.4958408884345,-0.561437551078138,9.68654616513358,0.479848258995861,0.0737612963828806,-1.30359682920476,0.327470264104921,0.124106855581097,-2.97406259337424,-0.79846490574287,0.243743900878695,-3.43503970736152
0.0971593105470369,0.74766049282458,3.53879055228413,-0.271470806520702,-0.0842404390206476,-0.477572074487015,0.185900004517455,-0.523451158199154,-0.922874376450504,0.340263277810384,0.184625287529236,-1.65932378051105
-0.865942928351867,-1.14382975553924,-9.51492768234476,-0.530736045010667,0.790380851392357,4.07190564960218,0.157502755799985,-0.103476939924624,2.27200627419175,0.23288253491695,0.678621381099554,2.08225826917334
-3.35363367005076,-0.76427036901159,-8.39402418892284,0.0860763700727268,0.0408323467997393,2.6810124738996,-0.418368191406257,-0.966040598529394,2.25292468739694,2.04114886152247,0.53163476014954,2.11647187854472
4.07867101542633,-1.88562786963721,8.98746620258163,-0.602212883435713,0.290617269741413,-2.92140143509154,-0.430706621749813,-0.184850707252832,-2.21327911957093,0.414431427569157,0.141449765499344,-1.9878072763467
1.29255538118046,-0.208819804700778,-5.33847909821278,-0.118248917547539,0.0838376476006186,1.67977839540868,-0.814608986439569,0.600245772002829,-0.0671997470656492,0.740974013049122,0.0641766980469283,2.33624556710155
-0.129689830404167,2.71661681194844,-6.25823376664427,-0.0672969998440539,-0.535836046302876,3.46773705277835,-0.138797198355576,0.489114873010284,1.51452290675559,0.332933816404555,-0.109059889252097,0.800781914729471
0.378855562178212,-0.240625145545729,5.13507630465041,0.430990567628478,0.113675788980863,-0.893546989828283,-0.0837840834556746,-0.194056595925665,-2.46161582719747,-0.725403228716521,0.356160076986895,-3.07535708700975
-3.13263727164173,-2.63123497571275,9.44628746058511,0.424831963553488,-0.832214424092106,-0.676177672590656,0.129945304603576,0.0534511007396915,-0.454908998633901,-0.605550506536618,0.55080925348685,-2.05000246444358
-0.878388167919755,-0.0142779419509566,-5.23354715051159,-0.317058775553096,0.0571868346770319,2.85232278577978,0.748789845551587,0.20569043209055,2.66272741638025,-0.112193510250977,-0.0590740078330227,1.62700623482944
1.22446535563597,-1.61463610877478,4.52484251060297,0.488844019630798,0.102137574984181,-2.65449425744182,-0.508893548076024,0.423388413259689,-2.88300081516894,-0.0902474346590806,-0.451504332324376,-2.79967630768717
3.46274081756931,-2.85925644270625,-4.11561220996585,-0.0421103071354394,-0.194425946865318,0.848050405978277,-0.126729362842536,0.627997240619846,3.11949303445342,-1.51318954310885,-0.930118086248565,2.37040445916882
-1.25603313453181,-1.29332508587475,-8.54233536223646,0.693904638034789,1.06192134635513,3.85688501327015,-0.154023717577476,-0.35741462073174,0.97601583750618,-0.084409702948699,0.0548267327959515,2.78332105494227
1.95216890485467,-0.174918784463099,7.01444797948086,-0.454376975201157,-0.235693024760097,-1.65044838969334,0.0873547257800196,-0.43939917149003,-2.22623688130228,0.187100075560396,0.683962119887885,-2.95463039074645
-2.19695021488073,-0.647547622959446,-5.71591125755853,-0.969738907126586,0.450801425169236,1.45455124393649,0.895191863241818,0.179028193457397,1.96845803200878,0.282531087936597,0.86467917035925,2.39574794139857
-0.476253065212012,-1.47799287544338,-3.5142730677753,-0.498877208826828,-0.534127157225989,1.88641541093219,-0.199700499938155,0.21093952075963,0.696917088810299,0.290470146410827,0.724855748531947,2.4278760705094
-0.549870138627548,2.45328598444987,4.93292267656602,0.202331584398349,0.23069671140723,-1.86819388879965,1.12256449124217,0.170062705157278,-1.35334572579405,1.11034613429739,-1.36062669365177,-2.08568331261694
0.701641397214927,-0.108840037562486,-7.38587321939399,-0.634785953920265,-1.44590423428018,2.81219847114583,-0.128185362266823,0.228616293122317,2.89202912871532,-0.118800404412507,0.266221377131585,0.843345823462285
-0.0871809891730361,0.0395091854669337,-6.01186645709863,-0.165999526764244,0.522495255280452,1.56659689151927,0.677114581606542,-0.177499767420756,2.11808585251532,0.254277796882068,0.0701129016242404,1.4864492252186
-2.20285785128983,-0.729830352583254,6.51024350317036,0.112127840117344,0.260193605166721,-1.5698154915716,-0.372482060694182,0.61057520146115,-3.02573136117542,0.926407077626323,0.0604320565425384,-1.83238489147555
2.68091812156987,3.79522730688574,4.11523148759185,0.29088489200688,0.293088473005269,-0.547274783098032,-0.336797641703914,0.168719973415442,-3.40439082651143,0.537999654087666,-0.900665508390951,-0.851734199740143
0.533891130686813,4.41662637374054,5.52191250563387,0.0704751457057083,-1.39442978846024,-3.21199884784113,-0.336793837443197,0.0764419810829929,-1.25500683041625,0.121711135360911,-0.270363027683196,-2.85501482619614
1.74174903362948,0.381636138465137,-6.72512425119089,-0.638266311822698,-0.0137182818058059,2.17896415209736,0.122732029398058,0.114166980306004,2.10544839225693,0.145524194965628,0.0377499650187493,2.94686344416217
-0.0731360757675739,-2.02874972290834,6.2210785621234,0.145118095242785,0.00310676267160466,-0.820717331655649,0.317784299766173,0.181329702368249,-2.5169014998996,-0.808487415913352,-0.455338902838513,-1.18839749337232
2.60204647850525,0.803370712932365,2.32919033922827,-0.606357123379376,0.067465093904612,-0.710728849450014,0.183943644058583,-0.503057718012345,-0.838524410862279,-1.17305949060624,-1.11593472868297,-0.816597270334572
-0.977131902950022,4.01482983918864,5.00796180127265,0.0993998089537097,0.0454279865961419,-2.4909829815291,0.106575669443492,-0.376141335327821,-1.7352963358514,-1.40444721106062,-1.07436476216652,0.465524497362773
0.539271494484603,0.632851619176335,-6.97216411736874,0.3650816326606,0.161712754734933,2.26961714412977,0.145539072183804,-0.140947204134495,2.86057240760232,-0.587213816778986,0.143429804453606,2.76081410526109
3.61277047790277,-0.746966894716538,-1.27887803335798,0.383624173906676,0.746912311719217,0.923970128912101,-0.642115682119462,-0.28548757800619,2.72913285920129,-0.687349027603734,-0.564493404254579,0.293602373069598
-0.871680591892878,-1.00106444315037,7.89461696385913,0.596595714211463,0.370404052284371,-1.41137000496675,0.46975195439417,0.278973500136676,-2.91914057914006,-0.572437248178061,-0.138312632830542,-2.01264363308118
-1.24479905914914,-2.06834983219695,-9.04516008263772,-0.1737224921641,-0.0985313846638704,2.4425163043501,-0.363193171758753,0.258704112367041,2.21478783921442,0.421491512581922,-0.249131590627251,2.65681669000932
1.63371184005427,1.35185096153317,6.90984407287733,0.22363093134056,-0.47465479578532,-2.49467555929349,-0.174274919481578,0.174155615967609,-1.94115605275803,-1.33185875177626,-1.29555430337753,-0.890349189739791
0.692601406115127,6.03031121121916,8.16410113904195,-0.149846521102428,0.628388937782916,-2.41726972282889,-0.143956899401521,0.00986665661051493,-2.96839715691899,-0.138228296713384,-2.3751709971025,-2.48566911728812
1.89890447601469,0.790532149880553,-8.91114600374412,-1.8728216194322,-0.361412098960103,3.3711970772327,0.214959609015555,0.399199514874766,2.18377666380105,0.106459593909434,0.295861459323323,3.84780305723515
0.927748104316414,-0.400908639342986,4.99212641478098,0.355097763731691,-0.56226255286999,-1.71991227963167,-0.468926073564719,-0.23641844290734,-2.25574519476446,0.197918942254244,0.281537643181068,-2.37058972630276
-0.527243888192564,1.68437441549156,6.22713030884634,0.288793783811428,-0.653407164384694,-2.20698058946,-0.0164260276949403,0.354868173330147,-2.98358734021198,-0.016087291947464,0.139302026439355,-1.40592906636588
-2.16096958935053,1.20254619193332,-8.29933326637064,0.148094733323361,-0.483656913968412,2.80618201822177,0.581586855228509,-0.0185163764963319,2.33282220389928,0.13111667573459,-0.0239388826977131,1.25275405123848
0.324671849545993,-0.735244825059549,-10.9722077893526,0.99610604779914,-1.28345278236405,2.05256810407358,0.641461893614749,0.00672014234699358,3.17836577196356,0.599664911224902,-0.339358505385098,2.21573297118999
-0.317516855114948,0.194322995264272,8.63491419655677,0.501882179780173,-0.309196571916161,-3.70548103731684,1.06934040167302,0.439784969604628,-3.63381403599076,0.425596824222274,0.375053188006834,-1.08214732555639
-0.585230540843659,-2.23337067562239,-7.33280429702083,-1.62675242946017,0.719952770202824,3.87835729523978,0.637559901348105,0.574067536187708,2.6476713426574,0.438046668639154,-0.249570803725091,2.34967858854432
-0.828612415547406,1.12779941860143,-5.04546292952978,0.154983246188953,0.572930310509713,2.14765731712466,0.576086286638744,-0.21341243682081,1.58792582504756,0.04058805887042,-0.469398552908525,2.52785333631809
0.267323309886623,-2.18419086740419,7.64137336161424,0.555559558274333,-0.0127710611986747,-1.04864214020234,-0.593225388970217,0.0716005571709085,-3.39641749392127,1.91699665435188,0.553830095370053,-3.76039249008062
4.3512509341439,-6.91819813446847,4.96051456048452,0.339413459352122,0.860615365210494,-2.17761340338622,-0.121696292302118,0.0643424313752709,-2.90847361552831,-0.00634637326497136,0.549964477035899,-1.17497419006872
-0.509163167928575,-1.19941587649093,-4.61864662647321,-0.164663722467837,0.0259509195861195,2.51720440802014,0.0832989207029822,-0.335839768092297,1.25282492925214,0.0332610062068568,0.0944109938766769,3.60435415439023
0.412661195444911,-2.68935927758359,-9.08755522884687,0.0743028515719305,0.112577150421907,3.14479117700768,-0.0405232990765355,2.00241279161839,2.03353304678879,0.280799107755421,-1.08438993903395,2.8686632725338
-1.12032116423371,-0.934410460189601,6.4596662828755,-0.534462261226533,0.365258634484129,-2.52473995246434,0.959120319565793,-0.666666168951909,-2.55985552565669,0.445775075394736,2.16719405105661,-2.64108978876287
3.68327635043477,0.53936125053635,-3.90996496723994,-1.1431993507341,-0.865292735773077,2.01399185567223,0.0809708381469628,-1.34309334589,1.24046416584079,-0.91007810346192,1.21504493990688,1.61152648697963
-0.140470378254233,-0.744876423969305,-5.38136549902268,-0.0455827704606565,-0.246117840981836,2.34095143276187,0.577234735623157,0.296776150887966,1.20902143631882,-0.145067143756134,0.34484178028301,1.9004723052748
-2.9570176046239,0.0523520006838971,-6.97457741107205,-0.368125794436686,0.114031787513519,1.27179469414013,-0.95259638465399,0.0293573466106166,2.90063835392679,-0.291059848568982,1.06606781983152,2.55682044578558
0.925912981606136,-0.409785569542479,-6.49591703908313,0.749906895903459,0.100668409091513,2.44617222506939,-0.529376439076394,-0.29933503325799,0.872878253389406,-0.349045540134033,0.0312251476077766,2.0659701187653
2.63135932380299,1.67513315617323,-6.15231332764523,-0.994124330219511,0.128993489123038,3.51231132815186,-0.484062163631766,-0.0318506534713411,1.41120975037169,-0.263303673932427,-1.19366159003811,2.04474304714952
-0.23797028019179,-3.91022083384901,9.94187140781774,-0.267787775452788,1.55979729318552,-3.29182372425506,0.250266651040837,0.211701598695897,-2.69858556707322,-1.03180969020125,0.304321394480131,-1.51596336320135
0.632788613294377,1.6172008508441,3.88457033438664,-0.432388285995068,0.23266269108852,-1.96529750179543,-1.13489150241492,-1.331677571723,-2.52483022589859,0.406204634157632,0.0509451730800229,-0.488020276291079
1.16730316219124,-2.8784289690208,-8.45353613659144,-0.179413200888232,-0.242459942968291,2.04322328679133,-0.0909339924310465,0.57530676787905,2.52203655272762,-0.541672772837481,-0.647577577357503,3.61876133193494
1.1378390018099,-1.41373022306597,8.55452032878443,0.120876254165252,0.362747006385359,-3.1517940809968,-0.495636882918564,-0.20803335655191,-0.891553270529094,-0.577656331880433,-0.926264519691518,-3.45858374660443
-0.703766314467472,1.5381546183699,-2.58699828987858,-0.11035513851964,-0.0385896062908297,0.833595894356253,0.387351004388695,0.587402815849354,0.30338388751693,0.312650915725879,-0.853634440577352,0.35983112448303
0.829291823595796,-2.27462037310589,11.3947847653194,0.411064542683595,-0.473915191584563,-3.47975753610312,-1.02785063856436,0.212877802114781,-3.95946091195023,0.95737349215252,-0.151860772974351,-1.55798036147158
1.57678637544717,-2.61511281476502,-3.94191677442314,0.0563392831290325,0.126549635887401,0.768458271987613,0.591936817106013,1.51733981854855,2.80617619868354,-0.671213961971152,-0.0801569257145495,1.58162225673122
-1.44914045835548,1.28071154374237,4.3289903871718,0.294825677133093,0.30438814889748,-2.86342809775517,-0.142186797157325,0.347952422273028,0.310577447752128,0.179750807527617,0.0405447465312498,-1.87850461892485
-2.51916053215491,-0.633496962967711,8.40965038860587,1.94234521241101,0.0060579913780385,-2.84448087905498,-0.125331077695079,0.0792589088229148,-2.87670109093451,0.287784062235853,-0.181487836201754,-2.09491951294179
1.02285267552565,0.470578726268443,-10.2260064205223,-0.0486163113833643,-1.03600740221959,2.74478687465714,-0.256130548352959,-1.17153474960496,3.85681909059932,-0.268661701956571,0.136782128386175,2.79240850179572
-0.651560923434417,-3.06812630353303,-4.89537167232151,0.715564529794748,1.31838094467722,2.235681106866,-0.195402091985718,0.677413210392392,1.29786439905909,0.63581443504716,-0.00279911117882079,2.09352708497323
-0.723456292606699,-2.12364241629871,-6.75526230185377,-0.444991740059835,-0.596609499823761,1.88190587359298,-0.118076176205688,0.101010529577128,2.05067343947624,0.0660817765516206,0.287452797627988,2.73232057630203
-0.322928011593008,-0.10282221417477,-4.94724226408473,0.167085619157195,-0.309553524556114,1.64125715337273,-0.0351326778409998,-0.0778097909023805,0.774474536924001,0.63222007263556,-0.414570738447107,2.68296963278889
-0.11434714359571,1.17369460253479,-8.87987266650821,0.720467353450221,0.214282934691752,2.88005125064759,-0.0992958541820349,0.238278675170645,2.57466665567693,-0.0484848998301109,-0.407333257479697,2.33910044083579
1.87186286024112,-4.75354870789342,-8.31554537834318,-1.75998875812035,0.498258334471777,2.70982267474081,0.239070463091947,0.56035013369599,1.60595418803433,0.615055227321527,2.10425141454077,3.36342453291478
-0.271441544542303,2.23428703217392,6.76439904549428,0.860315226641825,-1.13080026450358,-2.00260546838666,0.227357471423566,0.128929082696152,-2.35371687026078,0.580483103599381,-0.345862661405866,-2.68376652462753
0.321119680040062,-0.512816261261486,9.3541037469976,0.486355608730937,-0.0867078667365608,-2.07948403696064,-0.417344088695765,0.350059785400949,-3.10721727439248,0.412452648333761,-0.892575077255972,-1.65503421130402
-0.671900186066484,-1.64662901164143,7.20284860217193,0.0959311482116879,1.40633514737474,-3.18829010715102,-0.29998715232947,0.213835837110308,-2.24148570488574,0.113347252184585,-0.0953169141053716,-3.35788136984873
-1.0506883585121,1.35991950154496,-10.6874485489493,0.033396135958838,0.0334650165279426,2.82924103288141,1.11991535548969,0.163788185451982,4.05319522136957,-0.689827662471485,-0.459046644855883,3.09817276762061
-0.625549239458533,1.731924634148,-9.00825401540127,0.0591904381209981,0.147945473391502,1.1260231299822,1.07378486657094,0.463905268824362,4.31534192788502,0.382863496160615,-0.541835865537455,2.54570983452656
3.26832556803596,0.130981506363584,7.31342636786112,0.294562035276527,-0.20266400424647,-1.72013601044107,-0.388488598738625,0.712975554102244,-1.43347985079502,-0.298359952673461,-1.65382587400222,-3.13683499341363
-0.412022823287768,-0.135684635586899,5.15414188423195,1.07840776795809,0.797561834170151,-1.21460982080804,-0.230464887682133,0.183508889154358,-1.1919215137043,-0.342859420526335,0.0704741692425911,-1.51221282534919
-0.85214191327255,-1.48314782453464,1.96329683321089,-0.252257569544988,-0.207101926064155,-0.409715499527839,0.701444561003477,0.21210240033426,-0.246816622972244,-0.221920220534996,0.280608018022482,-1.41660144654422
-0.216788437696245,-1.35173656966594,-9.74550774329283,0.346758267012302,0.593686987069058,2.75237521249415,-0.34286683349589,0.284127978346624,3.22624484513083,0.227712493305753,-0.188320944339606,1.89039782091615
0.317233987154958,-2.06307060643687,-6.66866186337121,0.0347621568875255,0.0021419492973229,1.03789110660115,-0.756440798280025,-0.0815603590063452,2.89554116346994,0.487623434160277,0.730764903056342,2.26278454235324
0.842652414876236,1.01890291749195,7.50716882910076,-0.778350771481204,-0.284881616762084,-3.84656701885829,0.154662061807188,-0.168669434469054,-2.86756743099353,-0.0206996535874822,-0.399251994993687,-1.83164830171488
-2.04461284690532,0.00438271258490142,2.99811660146103,-0.00113886430747762,0.0845440602218783,-1.65110418625747,0.105925771931318,-0.00953848038680655,-1.18100446044251,0.0519916134888343,-1.559604731579,-3.37282197446881
-0.995580447980278,1.20270208360971,-7.62814045752036,-0.54079679136182,0.585428139506389,1.29408588621749,-0.241787182622021,0.045485305167869,2.32432346007483,1.30443328976095,-0.983449271388197,2.52760608546538
0.135215868836425,2.27680915259004,7.13099756608877,-0.160595480804146,-0.431591403825199,-3.3675430663158,1.02165154722602,-0.106170278218385,-1.50580540605454,-0.746491962821069,-0.0252757086979166,-1.4912327309614
1.86626706991996,0.322336882177511,5.15194768911178,-0.451468653342479,1.2360626916674,-2.00231652537779,-0.101499328274249,-0.212418431469747,-2.791828103362,-0.529983306546386,-0.937536345947469,-1.98916142006735
0.724747623704315,-0.54416851779358,-8.8161474341526,-0.286887514255558,-1.05007117399341,2.85660772608588,-0.125274877646963,0.194703699962789,2.12994326454576,-0.159880231111557,0.103756599861952,3.16485538334161
3.90904637519773,-1.32883060934223,2.21496666240596,-0.126484695863338,0.424009491489791,-1.12462547660554,-0.147614382022852,-0.411344428242286,-1.54953733768383,-0.572490887699819,0.765205843393001,-1.7302863558176
-2.38392193668323,-0.719523231442942,-7.06338180367934,0.00136148309666327,-0.469510434241024,1.83150212543699,0.999964823346162,-0.205368532826621,1.10371309511576,-0.00742890821845494,0.418021483285122,2.5164485643347
-0.104747513965346,1.12776745967611,-7.04819215550298,0.59115999515336,-0.0695512522537655,2.27000156768762,-0.0660381565233,-0.10467769333657,2.56863873326871,-0.583814935763876,-0.13468096159729,3.30761950640329
0.965746620133199,-2.56964159286201,-8.26895582952231,-0.169050264868762,0.156426515604329,2.67003837666338,-0.910228384155942,0.899650124470303,3.24823714239407,0.5073165247002,-0.306940004012976,2.74307024984593
-0.0582924797245155,0.753296236506071,-6.00927941430167,0.317517605497067,-0.470771450823222,1.10392356298682,0.267392979272559,-0.732240903411879,3.01718249051704,1.2423798118885,0.496153757175533,3.17874251742194
0.637812792856109,-2.02106263856373,9.03893465541422,-0.017871718171445,0.623727360196906,-2.06911750183944,-0.210550766738311,0.518073566968907,-3.32432139082889,-0.563215999834848,0.124355793011328,-1.74980062700349
-2.19290832402016,0.0494128095383051,5.74305532227541,1.98746783273651,0.0249117645075783,-0.904526394497024,0.00702790158424533,0.403386410496347,-2.57119069197123,-0.0649963317702896,-0.253224494473994,-2.54714786519793
-1.07230262213725,-2.02929429086697,-6.88605082353005,0.0969593213079411,2.10972322867736,3.03694646770411,-0.162505083240536,-0.251512500517359,2.5911755188526,-1.03375262705771,0.551705919132689,1.52955640560993
0.280238464949987,-3.76635633274178,-2.44316092357039,0.212991230734042,0.20453315793576,0.28857877705344,-0.0910100653874709,0.476092778762691,1.44713699696931,-0.431266809836406,-0.336026946857951,1.40247659918769
1.13196614268725,-1.61865338241927,-3.87106452419228,0.502094204088874,0.352473872690472,0.871390609887151,-0.218336520330519,-0.00916667153239372,2.10711401760003,-0.725465654998367,1.02603245593813,0.720367340777362
-1.15881399323822,-1.36654665495972,6.1196141222104,0.208617223148074,0.131160118079679,-1.36359618040281,-0.0915233297667478,-0.141911347916748,-2.23148564602512,0.845574331045477,-0.168445043691911,-1.02715129976005
-0.0883518572143147,-2.24309119920022,-9.43802001894828,-0.18428960914029,0.592433612200964,2.94253753493089,0.320306439220342,-0.385577794219437,3.37844990850712,-0.191428030071473,0.231205788119762,1.19101819784452
1.39874879438391,2.98914258368628,5.77800202764114,0.522758928604036,-0.202760266711963,-2.58532796967309,-1.58291339086603,0.217213358184846,-3.45957287210998,-0.27378428303956,0.338380151492711,-2.3745235909959
0.551635570336895,2.76408176093538,-8.62050229464672,-0.13473163631454,-0.515941324925042,1.95596790465295,-0.334731375048957,-0.631292929617601,3.88101078538315,0.995998063400083,-0.356543520628713,3.62873654051427
2.04195043449275,1.94866116751584,-8.4622328926318,-0.0427022498328558,0.18136036797365,3.2222886338204,-0.599397267358016,-0.197925179541887,2.42295683435134,0.226318258726513,-2.01199292952315,3.52498258742023
3.72240046710966,2.99261402580209,4.27020162789799,-0.189290571350431,-0.657654020997923,-0.679141678196191,-0.103314529234369,-0.667643237195936,-2.26704566385941,-0.515566683757715,0.15115163308024,-3.02393356698737
3.09090476770571,0.985305262027362,-6.19438374261574,0.126535855973715,-0.781132037059194,2.37166787864804,0.668477777851278,0.380298934382328,0.940808456738454,-0.348376922969596,0.0125336025003468,2.99894312728931
1.60810078000907,0.547566290875403,-7.31662665439692,-0.268121008133494,0.161796714627222,0.743796064905575,-0.0813393834113908,-0.561687015766564,2.57632366914103,0.146303150475494,0.315609325010415,1.93127065092607
-3.7741341077882,-0.0843243704548468,-5.02075132149338,0.304126372234328,0.0888319007585808,0.997024852679121,1.64579165168706,0.626401813019309,1.15831309773958,-0.0421718089597309,-0.343851301537998,3.00475972776467
-2.91349841518101,0.162248332788088,-8.0717872264927,-0.142884960057007,0.494596947707897,3.12262342038462,0.174329042204155,0.0346659800657378,3.13615270834718,1.29353054915663,1.09933907710989,0.879286003559624
2.45597446852204,0.977722870233187,8.53965368046757,0.000403116636236977,-0.311465706292928,-1.06564322591475,-1.35588265394408,0.70876065295686,-2.90260385676698,0.654098953047197,1.06452351015732,-3.72891554798401
3.8018955866829,-2.45686465394652,5.71567073267635,0.00316159569325103,0.0956163886121701,-1.93668743363083,0.0967728803256679,0.379262870217907,-2.78448024491579,-1.39578784793176,-0.874399168292313,-1.63883202921344
2.06555354888374,-1.49218548598335,7.94204959991939,0.142024295625167,0.656105249590323,-3.71440002897094,-0.354832162097773,-0.0108919505340011,-3.05833615390482,-0.352608853096646,0.26503817221922,-2.06146268376195
0.37182275984481,-0.365041135638736,-3.68775655834301,0.198475535112267,0.36088818260673,2.87978528459475,0.0765726023530904,-0.293865147648562,1.4382042504864,-0.300923009233187,-0.293019324849898,0.942855208435531
-0.792993516303378,-0.495138420848783,-4.97444377229735,0.342386567076852,-0.206443764397241,2.66664496092765,-0.466556818105274,0.0336508260962684,1.73055244713088,0.478854561735492,0.766969327400138,1.76766522957477
0.119673325320943,2.4391176705396,-6.64842123468356,0.35024067614458,-1.5554992452634,3.01311216933508,0.140296052641845,-0.351445209780249,2.76014525131433,0.199598371753652,0.562236036507507,2.75462653666706
-3.28758925638448,-1.81922591176198,-8.92033109769023,0.535341753476222,0.735628250188411,3.63830552103301,-0.42025901539229,0.885137366504329,2.7894087633566,-0.036293409887365,0.149591729024908,0.82377192614228
1.8150425033536,1.92386022592386,-7.21816814646951,-0.841039473289284,-0.550620812444482,2.00585972932569,-1.10275010759046,-0.193805621988094,1.14638648897326,0.0351568746362947,1.04882954439143,3.56125969504923
0.657659255818964,1.10785148946674,-9.07225354782905,-0.0026720658237198,-0.358126280400574,3.08096909756861,0.18327985622155,-0.817011622309829,1.32260117416025,1.48162580609527,0.781501947512024,3.32164859121569
-2.58865903058957,1.13411250720745,7.24464367931823,0.214285317597577,0.324012613373647,-3.80651698665195,-0.035567142664743,0.203457505777866,-2.18268753764283,1.51165825448185,-0.243842806314895,-0.936102378621563
0.600043880025071,1.61983967536228,5.76206746874621,0.0996933466765044,-0.399057604954991,-0.949856598418823,0.0440282144621687,-0.127237773159271,-2.08897159857991,0.203869738151993,0.225729441138949,-1.44677166464554
1.11631602862968,-0.314224143701375,-5.35871251954079,-0.586727736534048,0.578564769290216,1.21836035423263,0.184087964222845,-0.398090831107768,2.47871293447888,-1.91675901163169,0.155464217564806,2.32629392189367
2.4039719057197,0.327749767799895,-3.73023742108217,-0.253753612322623,-0.401878585885206,3.095314867728,-0.435511202419092,0.50419983034404,0.713305402277124,0.88550056189048,-0.387687064303927,1.7247326882061
-1.22872750359878,3.27263464151943,-8.77729471282742,0.479082747630926,-0.81593777107188,3.21899025662033,0.25187748733282,0.0790631496467302,2.70952676590677,-0.681837544074746,-0.221061694568438,1.62431378540014
-1.54931170387103,-0.747520635221456,-6.49623748582424,0.273677962343875,0.124275491125568,1.77821755540701,0.571584559974083,-0.0279418448624275,2.48877404986353,-0.256023112691542,0.184717579196661,1.28502166189146
-0.686681567608163,-0.533536461469954,-5.32196911323911,-0.0435716078707449,0.462039987220805,3.18056006897857,-0.307751785941344,-0.593531428885438,0.6641119440245,0.960519613971836,-0.4304911456825,2.55929346751449
0.321034609401193,0.490945270239073,6.00980077743991,-0.0911414154258429,-0.257198608492354,-1.98663792324972,-0.40139667373412,0.498432783269197,-2.46853111667288,0.306708636099722,0.116268228968826,-2.98054478280418
-0.842755590996127,-1.19889436729351,-3.11652490413742,0.291198189706219,0.922644470694964,2.44410157633169,0.25962511069282,0.226979449365505,1.93690217420243,-0.893457539357132,0.299951207379281,0.418725282160235
-4.26369559825153,3.14099861651814,-3.97044649689885,0.732821452267453,-1.41043957495196,0.936973837842195,0.437178561957174,-0.286323154313646,3.0692394468812,0.808869956283461,0.572214822958086,1.40519057181399
0.385486367000898,-3.25820219057105,-4.17921552142087,-0.0884252488104955,-0.291908148927912,0.830968521920441,-0.547249936167893,0.145408380229476,1.26655926845281,0.343282503724584,-0.098839124700322,1.61427833842895
-0.0681281421683335,2.05621143178168,-3.52470166931282,-0.098885403998513,-0.483739213027935,1.35756283541254,0.214742580105193,0.918856065566674,2.79103033610416,-0.481680599087225,-0.0878126876750475,-0.290181442877685
0.386178810288556,-0.704910807851349,4.18141337418627,-0.0497472210177015,0.201007701693277,-3.51332271047121,0.0607130709067748,0.592407190218161,-0.299395712279615,-1.0175233227735,-0.875429191565402,-1.21572220286268
1.71751722779809,3.0311398305686,-3.43125806985423,-0.752279537720941,-0.5527986959272,-0.406574311538251,0.0673830422024695,-0.0495924187250609,2.11462628186206,0.0967324314569469,-0.347350357515474,2.9091476056453
-0.532093476080038,0.440384460687838,7.86056152661204,0.367036449139636,-0.671653899920022,-1.06397911055561,-0.264900468113,-0.103386670329054,-2.56746513715884,0.722116162969603,0.365246412031601,-3.12751232425545
0.610625565691118,-0.623694091001176,-6.50363592125521,0.12427577173916,0.283410176814054,2.74670406231269,-0.591727017556595,-0.088259072007219,3.28673527332207,-0.305056980053842,0.754260153467462,0.911976382432036
2.81154076358115,-0.514835402291108,7.46393060599954,-0.676091739563149,0.352068478011312,-2.26543614155901,0.145245205657875,0.331617124042319,-2.39156964293053,0.0459949460828456,-0.43295143815651,-1.37658372985039
-3.53057578071575,0.28127674371285,8.87862004230123,0.853473930998343,-0.59606448909258,-2.55523770546074,1.08391804619715,0.263680509907938,-2.10605563800537,-1.78795091031939,1.2514025026402,-1.54157354686147
-1.94887370129886,-0.0983617951890485,6.09120791813446,0.0942725962736613,0.0708878913729743,-1.56505765941502,0.337542527754859,0.624523865950504,-2.89387313768861,-1.17241699136237,1.36915652942279,-0.973220561582524
1.58740685535116,-0.27387320333184,-6.47897319371175,-1.03161221923695,-0.783885205908616,3.43261246367418,0.156499051061826,0.665884632435494,2.92306970244456,-0.351745240738773,0.563473813215194,0.806590636532205
-0.565842068276528,-0.878945451537061,6.13656133645753,-0.0160711362493915,-0.0211379764598304,-2.23415124466433,0.139116277263328,-0.006771709086885,-1.40225852709072,0.740032777615441,0.196077280032105,-2.46258562577691
9.97048110650842,5.8949967036607,-6.05536649299205,-0.568185715570205,0.127055661774891,0.386641052191578,-0.449329230012923,-0.203384317181717,1.96620757281119,0.22246744718065,0.116868828089874,0.868911353476502
0.594369253053923,-1.27871186445268,-7.22143619999599,0.147603627203607,-0.212543350300411,2.72248285211624,0.252808922044738,0.0703945853794544,1.58129522990603,-0.606206630314312,0.641395092624937,2.49437779655697
0.141752271657474,-0.847310575979647,-8.22381530340638,-0.195714670770344,0.78521077646836,3.31215096224899,-0.0748172105785656,0.106160464261006,1.39273436368074,0.270647799117797,-0.331743594958405,2.68066358306859
-2.40070915800466,0.3278349899809,8.11630417871669,1.41501565789374,0.222224990272795,-2.69574520689814,0.964985626669341,0.448159648414594,-3.45331048411718,-0.58823697752624,-0.118342495125597,-0.685012920301363
0.110085901207558,-0.248781908613505,-7.64397603373459,-0.133502578958375,0.251445667565013,2.44086675506059,1.20201765870832,-0.448690058427235,3.61025909965345,0.0766067986679826,-0.145038362427485,0.88840536011158
0.830370460670648,-0.0904106703529074,7.94168361556355,-1.01514292322414,0.230343763402333,-2.02269566204812,0.196461762647624,-0.446286259141953,-2.41599318770696,0.166062131559068,0.159279497985475,-2.27469354471466
1.39692224749639,0.451945630525345,6.40122086604934,-0.325694378727731,-0.0222129586177544,-1.83924991225051,0.153808816709861,1.93779573844434,-2.72264531720224,0.317883917390262,-0.885660220913707,-2.3379908338593
-1.6982397184783,0.909678729863012,8.77444908159274,0.331676376702402,-0.259900081249296,-1.98629539231141,-0.0155008050674513,-0.269613214271382,-3.32674886409588,-0.0250290524329202,0.534759756701398,-2.02150975160266
-0.375292330718712,0.541026491625577,-6.43467052753384,-0.347294141928526,0.247037225475175,0.870965592881023,-0.297051800170572,0.198274498167872,2.22083227021175,-0.0201905247672545,-0.872456948713073,2.64655474389946
0.410513679577704,-2.3021744069168,9.36137982462326,-0.054173981557026,0.21661280238048,-2.65639825992266,0.379646107079792,1.49985034806293,-2.10182692830708,-1.13834484280451,1.16165695323078,-3.65635436621538
2.92313893060354,-1.85696845259443,-10.5633410456429,-0.195780776246485,0.288215192343647,2.40960863470364,-0.0893282410049805,1.49544665122397,4.18690330686528,-0.903368292700125,-0.101883800380572,2.46863625424577
1.72455145749662,1.09678535463934,-10.1696416110366,-0.670961751690124,-0.194870730542102,4.97453133564614,-0.585332165531584,-0.0125117557417661,2.54577748823128,0.462781763457161,0.149375547653155,1.77506230242099
0.601936138808261,0.209225109023976,-5.43007679309906,-0.231589865004744,0.626008049839452,1.97846682126281,0.120688132625719,-0.0953406084209328,2.70679558308789,0.0049460082258605,0.116730125192683,1.15164376246698
2.55671483326238,-0.309995756802206,4.79674898046691,-0.120139945962066,-0.118809478105557,-2.08089643369506,-0.723165809995599,1.76715502015632,-0.788489939716862,0.299879901284642,0.242822768093129,-3.00651991007171
-2.28546451967581,-0.394697562756377,-5.97212315864435,-0.209331832457915,-0.25932188644629,3.49874635652963,0.316060128012281,0.3644690611955,1.13926195163329,0.661392908161033,0.283805353258261,2.85569842142082
-1.41531517562163,0.691918248799206,6.55806679589949,0.188552749305429,0.0532407136349586,-2.52383961720528,0.48986974018368,0.598483948937861,-1.67278625590917,-0.296343029849729,-0.240873237748343,-3.56031298714461
-2.01520175353927,-2.19547329015904,3.46655721959577,-0.00852041997509796,-0.130240945632166,-1.91046401976793,-0.356090586784452,0.0175063990978488,-2.75875838210252,0.237667945533889,0.620830191485164,-0.68027140619896
-0.349835720651845,-1.79245672278972,-5.69378111842784,-0.271142687542253,-0.111491061577873,2.90537425295106,0.276977804307985,-0.0568440314060016,1.10945855126522,0.0295955961600072,0.97404296984584,2.17528210848766
-0.217083171910257,-0.718486750221714,4.48164031574244,-0.355539051009366,-0.0870218088330678,-2.2237228162422,0.113226528993017,0.0904476305206663,-1.29760059829084,0.794830009944317,0.54957036164002,-2.02495599995892
-0.350428228925391,2.37502662689194,-9.01409909567316,-0.297089988646036,-0.450631440709201,3.61914074854233,0.0040427584110366,-0.00202275052494679,2.26305720872543,1.23576712046223,-1.38110001275037,2.21157653571733
1.87316739188554,0.781831196664647,5.26203210501394,0.107383811264697,0.0108014299993071,-2.55194964634419,-1.10182594455927,-1.04193204622034,-2.08298247268409,-0.566917004186277,1.25051386811693,-0.505790763049657
-1.74496074782314,-2.12213744153123,6.95343244411215,0.334423658730355,0.248436276731201,-1.57328773008863,-0.332831851204451,-0.149688681285495,-2.55912089619348,0.819203361647394,1.42811342330782,-3.75187456470657
2.96481151224638,-0.0324740577384571,-3.5693262068956,-0.950091513768934,0.100405545196401,2.42925144161217,0.453521298696794,-0.526675370908917,1.93872962797739,-1.98125882527552,-0.0203542508740969,0.923973462045185
-0.846628030418493,-0.205999157128812,-4.24590626860516,-0.409571247068657,0.131412883015777,2.37944768944105,0.50319783493874,-0.217874417868298,2.12239941398821,-0.306788290763961,0.272914629678187,0.958186385003046
-1.3015603878449,2.87870511804579,-5.28166606116885,0.0228491793790542,0.190911691885956,1.0449498360847,-0.522035925146573,1.00974625679052,2.54679782779349,1.86578621227661,-0.249055109967315,1.51992965157907
2.6042315587767,2.67399013706615,8.32185425283529,0.44649978758722,-0.189942664486729,-1.39153450066445,-0.0274044617410827,-0.209228973421838,-2.31295166275616,1.68266096878687,1.6761562754562,-1.48861342894471
1.90537719198539,2.69663259634771,-1.12337260321733,0.103058460065056,-0.440291509429279,0.737550150188378,-0.161956706356599,-0.0128405388185977,1.75453447107903,-0.119846076302181,0.929744032123897,1.51701493951907
0.699680117493299,-2.41133555074339,-4.38823123902728,-0.207199920914346,1.48517204497752,2.34676701936127,-0.194209743118281,0.239600546373897,2.51380296848378,-0.160660596670674,0.481151346598073,0.304338073707484
1.90031151755328,-2.23593911379142,-4.96188525840769,-0.12256229747856,0.0278610727723075,1.55139416482307,-0.117764667552673,1.57285355929107,1.3490681619054,-0.782936653741156,-0.0485464090653709,1.84454796819
-2.45058887633488,-0.976089261144672,-13.0509126911016,-0.708350507074372,0.130027463193042,2.80967974607232,-0.0784492378868699,0.220344344043812,2.96339603293727,0.385787220242662,0.0835595818158555,2.5526014875418
-1.17717616930347,-0.760622753681259,9.3517849232903,1.0814363572132,0.592438935780679,-2.88307031734515,-0.740636840282798,0.0656994745794061,-3.38910966537627,0.114290691292348,-5.70076567282767e-05,-3.58014522043305
3.22051019283236,-3.51797479940436,-7.26730013948494,-0.32536466615859,0.0200770941428129,2.3670683430302,-0.0248158410925452,-0.279280793333556,1.87082523917443,0.193135755787028,0.241225039905926,2.40765445295116
0.708266062007516,0.15698338487164,-4.28873189817586,-0.0931247194590237,0.119683336881529,0.928933555363795,-0.129803008786181,0.150139202435399,2.55145148621662,0.735766242082598,1.01832642550654,1.87589034303041
-0.60254990371899,1.57459433982149,-3.62803417743492,0.149917134488766,0.855966133517309,2.67754596759694,0.807482189219454,0.128674623037577,0.633101722132974,-0.014400727807271,-0.0562551639462755,1.11485387439819
-0.0294762207281914,-4.4379309853125,7.76592133012459,-0.828763753061043,-0.0984366684907424,-2.43269454306147,0.512368530521404,0.692379845454375,-2.21114643307808,0.241613944293411,0.62086602144499,-3.19129587904252
1.2934477393271,-0.410104107014783,-4.82221760805309,0.0271327949685031,-0.0973016841128431,1.63627751964902,-0.892640847526132,-0.701246231674154,1.06705697456506,0.0426296517001733,-0.0966290788934378,2.17733328122842
2.78404896400718,0.979933821756573,-8.6388670883499,-0.434978732343094,0.353146860021793,3.76579511056925,-0.0429903853374184,0.154570524012982,1.18192675355418,-0.377936347780137,-1.00521777258438,2.30589780972012
1.65321937921128,2.87840840832458,10.0705301540648,-0.886111068766704,-0.315375128789535,-3.52826045197908,-0.0621749809639984,-0.940084408329163,-3.60067586124033,-0.130919677369608,0.291378446089144,-2.14646201768007
-1.95390467890587,0.411315341860542,5.67205175558351,-0.784535407866697,0.890805875443927,-2.13407088639937,0.618186170816836,0.506121951812943,-1.52417009757029,0.353635306318733,0.00504692682429936,-3.35288019309707
-1.11498202953884,-0.568877274349873,4.41823905920989,-0.109633144201518,-0.198441009221236,-0.235588008896797,-0.75819400429693,0.487051678991344,-1.57500304398549,0.675541915495462,0.48459176537859,-1.11922045669403
0.220946337376074,2.48455012113642,-5.40846284721727,-0.16350366710384,0.0679925399346447,2.16959696371832,0.040061297312597,-1.10644424003328,3.03034114346118,0.0267378699326592,-0.123234093247922,1.22224435072137
1.03444434552126,0.0849392533574467,-6.59464604838838,-0.435566373427728,0.691063577514093,2.52262121588224,0.413556345087967,-0.438773360079482,3.31839458374465,-0.0618594018782604,-1.54743445175856,1.56554231834136
0.218937627381585,0.473074251583594,-2.95144632657728,0.229973244548507,0.425878784386187,1.02699081702841,0.192766431927197,-0.0238161746751413,3.05053430478032,-0.062702512112141,0.721237109647238,0.122324181422932
-0.596784766467594,-4.00013829952189,-2.82083841114262,-0.104808868011685,0.112093893804106,0.636230511149183,0.115558547619742,0.305125103902057,1.85376711817194,0.400580662023039,-0.336337443588308,0.797369016403716
-0.569348208587897,-1.58615180921445,8.22412954385862,0.246661620672875,0.162480498367024,-2.11795386952927,0.145698830334826,0.0687891799812829,-3.25921080590433,-0.0980126822865971,0.835048742362137,-2.70563646904955
0.946433906778596,-3.15976712773568,-7.21808123799896,0.24650067732402,-0.213467317319378,1.48670442240705,-0.398289680422314,-0.127173399161093,3.51248502049672,0.0173541893409414,0.999351905051848,1.63363432801272
0.857275273301558,0.461863140297793,7.48314314959596,0.46569398370751,-0.849818160190139,-2.33289979586584,0.439646607899298,0.129219997119242,-0.424560176465873,-0.148875648975168,0.08018725322478,-3.01560768439962
2.24771691333568,1.00317991290841,-4.48349362089033,0.198537212956709,0.339622785406235,1.20567359726523,-0.746711694568989,-0.0280563228699451,1.16978373083147,0.703500453561614,0.267172280271316,1.68190774373125
1.36196382107092,2.51568155823465,-6.29514332115938,-0.0547569901825711,0.168029294264223,0.957700721689809,1.20988384194057,-0.460880639527626,3.38579887512573,0.282953665327468,-1.08360010072814,1.112800717929
-0.561328785200139,0.372123091489239,3.69341652259023,-0.0994148103533423,0.0059860341064861,-0.593684780537357,0.809740062136113,-0.223636128622823,-0.25761129077342,0.0059296675827875,-0.391018383132203,-2.4445245494972
-0.521538518035361,3.11907175539141,-6.88338431321951,0.142297873051335,0.179017188374175,1.03681017482399,-0.569304616042053,0.829624292164095,0.828291122435371,0.128528694798044,-0.434762234272304,2.62006759700079
3.08218665886064,4.3026275272847,-10.4354918013544,-0.528833530828353,-0.0445714976893719,1.36569390939098,-0.327792382932545,0.303245621386223,3.33911353923666,-1.02107241216521,0.229174821589409,1.31797676293385
-1.25079297690913,-1.00865910428939,-6.90178169939627,0.450628426158066,-0.396219406722946,1.98714801195167,-0.554157291893547,-0.183297881717705,3.29218431826096,0.191756303119447,-0.504962585750714,1.27479714602115
2.36597635246557,-3.64609746220031,4.5385684116504,0.136009226995238,0.16788434841342,-0.810840129469771,-0.364957594834163,-0.0467926422743544,-2.63249615200253,-1.35331225779296,0.86627398379586,-1.6636349756099
1.56555565221014,0.058703319430624,4.16250342743383,0.0585960259059188,-0.0783214904444401,-1.78493025046084,0.149363974945223,0.250560223081101,-1.09876001846214,-0.000205664583794363,-0.0231876337656103,-2.47416568497888
-1.59552855803804,3.58832476094247,4.92545496999318,0.22036709142046,0.179638590074985,-3.12694533270672,-0.70498908492208,-1.3319093346556,-1.20056028453817,0.0189340924621777,-0.0586714874741344,-1.44068904223986
0.423981354445393,-0.909881092419832,2.97232232544117,0.308709374504787,1.48513732789145,-1.82484679572376,-0.661646380529156,0.441044136839913,-2.12674557252174,-0.547770302492533,-0.244092009556435,-1.45207080779842
0.300225586766887,-1.72711649912083,3.72062729317545,-0.113355040738314,0.0551006590659478,-2.47530937004651,-0.0931977922334129,-0.303444640468793,-0.144398952425357,0.869158015169433,-0.346241321699979,-1.16113746341008
-0.65188551705336,-0.872807102781535,-6.64950707311636,-0.114114409598164,0.192865771819438,1.96383694346363,0.711411423541709,0.874796121426622,1.56134832441226,0.0757071942055923,0.300093561057474,3.40301018433564
0.36074217618485,-2.94755645022713,-6.37699154490587,0.156040622609614,0.514193155694132,1.87231642237055,-0.124705795742279,0.87673572896131,2.65496265669113,0.622370444953407,1.24466002950649,0.308517198666024
2.59131011286075,-2.02946635251918,-5.48363365923016,-0.320544856662428,0.312420789142141,2.32951764022793,-0.180953432726881,0.476625274746516,1.50370700915311,-0.47888584682583,-0.923376028848144,0.868936358187308
1.39713697472304,1.94483054413554,-9.22292406576288,0.166376824231223,0.118417871057607,2.87077340520397,-1.35214274431426,-0.261046701843824,3.39009130408643,0.031414456215525,0.354091662279041,1.24177900383776
2.09631954713363,2.87059580928639,8.19989217456365,0.211009282083423,0.104841276113451,-2.47949809895461,-0.135127545099937,-0.40479672545614,-2.14884977059612,-0.455758027274845,-0.878937625205279,-3.45302771436024
-0.0685346616797614,1.68721244399036,-7.16031205925979,0.729193975526495,0.0819280774728305,3.24666260134279,0.2536917823701,1.03570154529071,3.26475093150655,-0.62525062014335,-0.339834653290677,2.57615569679176
-3.97339460760434,0.387987210589088,5.93335331588856,-0.0795572831612788,0.465152357294547,-2.23663693865879,1.8314974687719,-1.70789787404981,-2.51042563473181,-0.598480829493119,-0.183141089477645,-1.69439650863191
4.55072078315668,-1.71259497270814,-6.2992948650049,0.130305900912565,-0.0147268072075196,0.890668404540595,0.0940240058960988,-0.077082645343822,2.33962399520473,-1.73853801695288,1.13037442666248,2.90546465047851
-1.8662053890617,0.48327843622275,11.1052077968415,0.434637532989642,0.83961933579587,-3.68802124099314,-0.0988202304924719,0.0472839968600222,-2.89369166860879,1.9136305139556,-1.18189059467857,-2.97660287674684
0.870101852656233,0.141627208840556,5.71024607319652,-0.110477453808782,0.12243523399359,-2.58617472092982,-0.174703043347888,0.31768384589737,-0.811915135769071,-1.87845234691796,0.121115048175129,-3.79902616092281
-1.93588299671246,2.73921091116481,-3.44334933436565,0.140209074806885,-0.573970353149565,1.93477878512701,-0.0541924252318604,-0.377751906215463,0.665107855292889,0.621231335448168,0.168283144168073,1.70785864718977
2.2043519751228,-2.16309190829968,-3.36137234236766,-0.562329334726407,0.971870105152913,2.24061212277632,-0.0547735567569189,0.0408919685384548,2.50770177038241,-0.295172740777721,-0.0776118548557505,0.42012839375606
1.47700027353086,-1.95225314696459,4.72264816998751,0.181093237556533,-0.0890619775731145,-0.656517135445751,-0.270375391788598,0.429392308220466,-1.53362056291789,-2.1027483381026,0.651342792426535,-2.14755116146315
0.124059124006137,0.72270060768706,-10.0315614013186,0.673602145014278,-0.00389245654823901,2.61031583395472,-0.272759992681818,-0.208177162815415,2.09757154013005,-0.19465657339243,0.496052871616069,3.61815587189162
1.09221058190196,0.506661073853468,-6.48405537491761,-0.0688361952058071,0.0287698716524299,2.24162013923473,0.388836654654124,-0.230831649904826,2.58469665369138,-0.366710539310622,1.74143900256249,1.85869809990643
-4.65083952511127,0.305360576101739,5.53123752825203,-0.47053694381385,-0.34733097050003,-2.22185577968236,0.528152835296113,-0.949787609160122,-2.6754162102159,-0.10377485244831,0.566921608835473,-1.43620990822134
1.07731617609582,0.178502623364638,4.50348510302029,0.148080548141494,0.220316118235177,-1.22577064015418,-0.102014158568241,-0.62390727550369,-2.89495343482129,0.192984113370059,0.0205601612273322,-2.56320423152524
1.83111088043875,-1.30014165807785,-7.19066339373938,-0.122120696457327,1.33535421189265,2.08416498753267,-0.0761775565198258,0.0603689886205686,2.28179387491343,0.317197773600388,-0.0721039971267381,3.89721114245149
2.83065272784343,-0.0986819741337301,5.53759387048907,0.0939060188930415,0.0495506437016665,-0.564583452840106,-0.308699772528686,0.519131950594266,-3.03993108272556,-0.874359586530671,0.493795264019541,-2.39146077714168
-1.79569015784154,1.92572624301878,9.75849510973939,0.640841865791809,0.330858158089233,-2.46958655421381,0.0535344237534203,-0.393138789064284,-3.03294937342281,-0.481049480447074,1.09471632969159,-3.45379278760281
-2.33515365827769,-0.114028702062828,-8.15659706161387,0.339277105360304,0.16975623572825,2.73099258411047,0.188449095840851,-0.756791975246227,3.51975192750327,0.860796898980319,0.470732568804449,1.52515138980295
-2.15518601299265,2.21553312534169,6.52581671113944,0.400074567526811,-0.0960518113957213,-2.54930013859413,-1.02917756846257,-1.07442471694086,-3.91776193259621,0.280394748426452,-0.281605150095037,-1.89453625954003
-1.33408949763392,0.765296106442154,-9.20556973958645,0.154415923577842,-0.0826382225840008,2.47004637248016,-0.198756051978036,0.463549339092793,1.36075643526911,0.0696136012966861,-0.0452001993282197,3.56650179237716
-2.42532982244264,-0.570310972654307,8.76962060457978,0.164424807170544,-0.843878171287269,-2.27800387047684,0.228522158428984,0.40024425368658,-1.25873453810883,0.901187520106367,0.147510725732552,-4.50365285514055
0.543485800963578,-4.38623580950006,6.88309437767609,0.237431395192167,0.201420932432796,-2.61733388620447,-0.728804060607746,0.324398227632673,-4.66348505563206,-0.503864241205832,0.50396725448839,-2.90892271335967
1.75214585459901,0.695411565091853,-6.02373461647218,-0.080548707296918,0.301079936761255,2.1689139982472,-0.0696775973061796,-0.157511585362314,1.73565422926093,0.856741992912223,0.187441264204377,3.65766358283855
-1.75613252859726,2.55818138517476,5.95838707055216,-0.703438486885985,-0.0868492644871829,-2.08990042994509,-0.501937980822553,0.958577954724165,-2.19273419044297,0.375019457816924,0.0991827942191773,-1.0746695584916
0.506735124191859,-2.60983634990689,3.69534240768272,0.385393016768204,0.0729362320471421,-1.18824090619777,0.0761188926132053,0.0535539388888706,-0.436379441742589,-0.954324576260358,0.826181690593913,-0.767499178115864
-1.36912677234863,-4.31853272805851,-8.00858535430186,0.0750340984248625,0.553610707124871,2.78956279422462,0.066781714376023,-0.442788673868641,1.91177524546637,-0.140033764945939,0.0073295120155871,2.83986042090455
3.40703919689472,-0.501241931227175,-6.79146755588709,0.161546372782791,-0.587712407973478,0.234952532245724,-0.175405655584364,0.146464394789772,2.7131517182689,-0.411409534518809,0.280646302284697,1.80916962666567
-0.986433438526189,-0.361664505788413,-8.46516687027695,-0.211888151109775,-0.0985533519322063,2.85223340315913,2.39520197903928,-0.224765273622071,2.16194564046446,-0.798752724975255,-0.124113279997694,2.19266782176389
-2.98121786193008,1.27773903188006,7.88917147909139,1.3548091559852,-0.483416067447634,-4.36542008433368,-0.281603973055783,-0.741991747079113,-2.39980678264525,0.128539453960668,-0.0582099308986201,-2.57976889252015
-0.82216039160687,-0.340921141132053,-10.2933900448221,0.0432618282384392,-0.0512156152811035,2.75679843090266,-0.0426666202826796,0.593941164702335,2.22176892979313,0.337602157220742,-0.71282187924071,4.93291397818903
-0.864141950774761,-0.152368411872119,8.12334475592252,0.333817221608457,1.61253517920301,-2.55689042867891,0.0449355898681192,-0.120244528759101,-2.96611929943778,-0.701788904144438,-0.723638651466051,-1.80956375319541
0.645878334894811,-0.602286405355154,4.00487343495103,-0.751959645023769,-0.15088274973185,-1.41417800278465,0.055235637140753,0.274724204968729,-1.6755316532213,-0.496526454833994,-0.0898993508819897,0.623053648579917
-0.456883136945131,-0.927996574837821,-7.94178154527238,-0.859740992262216,-1.08023519883277,1.24320271644852,0.804430265629685,0.427425728081618,2.91953896402472,-0.309761524711918,0.35761760388694,1.385194667822
-2.5911397429698,-4.88215865296369,8.19548679276339,1.06472834309241,-0.963047799695098,-2.09744769152286,0.513346293030857,0.816077014036761,-1.43089346852417,0.636934361435678,0.775223539362126,-3.37551125486282
-0.169715067834168,-4.1144802906669,9.47901602467737,0.275721046758502,-0.120732832782694,-2.12437702628709,-0.352212614323852,-0.231153037833126,-2.46063505421103,-0.489146660920393,1.50946667316581,-3.18967446303295
-0.512645642435241,-3.71464181970595,1.95996934539467,-0.226190338878135,1.06136288699302,-0.278351254280308,-0.0749785492563876,-0.0833926523153552,-0.587380102208531,0.0983555482860806,0.760496486100032,-2.59438114461838
0.0656256065930959,1.80906206804166,9.24945055741087,0.390695035585281,-0.593382388388818,-4.01163403631913,-0.365077546450329,0.0815024770710506,-2.69908169489963,0.334284153138241,-0.161516677220124,-2.27687010673363
0.285653486574223,-1.25050087519776,-7.72288073935794,0.391281636393852,0.232956556310114,0.438993437277266,-0.679539181761637,-0.693725456924831,3.04442715705271,-0.311624962113127,1.56481076218342,2.33033325238916
2.01495635406917,-1.9521108541531,-6.33400450817966,0.100040349880542,0.160207498156928,1.21767777646791,-0.435107888961476,-0.733292060543864,1.3543712881047,-0.466701184195583,0.115577442424051,2.30564688863802
-0.100948314082562,-2.50399556029866,-6.40567303680506,-0.014767021117577,-0.0239978612959829,2.05447877967036,-0.405430151123652,0.0533970819253208,3.54878752489957,-0.128994120376334,-0.35484000393518,1.47249382395246
1.404141899413,3.10778084854237,-8.64397946168249,0.239625166012352,0.0754863065040725,2.89291118654203,0.623199523668109,-2.23171950433087,2.4255362153396,-0.316631230458328,0.257405748428065,2.80874302328421
2.52791824274508,-2.53450553150118,-8.84525396870306,0.00478765969291642,1.11875814345362,2.17679246048675,0.166429014612655,0.065018133334108,1.68145839156645,-0.996496374678284,-0.484538823090337,2.29152747428933
-1.25725157622671,-0.1635461682495,3.16266746072879,-0.0367849471820315,0.214523377635182,-2.76836072702034,0.628135618126553,-0.146005557283208,-0.560810418569928,-0.269393673264866,-0.0757559887758349,-1.67474740531806
0.461226608455937,1.05230654334529,7.22026382352063,0.00637299041644892,-0.336031079807893,-2.42381504726909,-0.1243266905452,-1.15995396992854,-1.65571881679731,-0.153227049924086,0.417400952757442,-3.42808455468457
1.75138697466992,-1.57377298073047,-8.06149172119938,-0.184513356661971,0.0620692544362401,1.27266351813798,0.0918673654125733,0.236663421141706,3.61089333483272,-1.37578079744032,-0.242160692047885,1.89449556464543
-0.48817233534891,0.930638723791304,3.93757916791328,0.14324160022104,-0.124297693372006,-0.924241653093179,-1.09301882570648,0.133658466016767,-2.54281075358681,0.58495455546879,-0.528573668357531,-1.62958670043248
-0.540033934540223,1.13520707137221,-9.17456589080704,-0.223789323362974,-0.200827163089835,2.66365354928209,1.59381426597531,-0.355047780680873,3.19393509128114,-0.252405559636204,0.92136062491202,2.01763671382424
-1.91399724589718,-0.557053343646608,-7.04476661650827,-0.113470503418881,1.45003400930564,2.64114980619005,0.266737622797423,-0.0618227860380458,0.807611401901615,0.722834728093609,-0.384824156273909,3.14831850329652
-0.781264905322381,3.45457750642656,-3.25175080793889,1.1674308495873,-0.190235415223164,1.88634856667328,0.836244169756768,-0.542117455220114,0.29362441063439,-0.30343646337592,-0.110931720607352,1.68241621993278
2.72123309840889,0.681010012220781,1.88508856449906,-0.0138099687253971,0.137458661222151,-1.51795239405052,-0.283301303852228,-0.233118404787096,-1.83132925993556,-0.238116930273047,0.282118824549627,-2.93120883899619
-1.9074358647714,1.53917960675453,5.70662853528341,0.808029533200172,0.122002972236984,-1.74177437751646,0.0895322916524067,-0.0335186046812489,-2.48010859372798,-0.0924875539523657,-0.101097895854927,-1.76560950040094
-1.72745238821576,0.499429811319745,-6.96925167445675,0.213804560100127,0.0496147782616655,2.56905814286218,-0.276095919813314,0.0148247714650677,1.67094802604008,-0.720508869712689,-0.681236446590079,2.63918798372508
-1.12986742249775,2.22479753790725,-3.94437608382082,1.02693438740953,-1.45609005404806,3.54221957878627,0.398136589692993,-0.272762018015241,1.78971327653229,0.360328382150192,0.661688536727101,2.28660552937553
-0.163542983884738,-2.08228738753443,-9.99800620691947,-0.339902945203383,0.187284297443533,1.98311402639841,-0.458153874734993,0.572807254175807,3.57124349943289,-0.6346672228794,-0.622309495881871,2.48431667167061
1.99513163806426,-0.0516329990123132,-4.01135830556126,-0.189160747036576,-0.212470669211066,1.02810541350685,0.367906930953395,0.232348428665691,1.07512449149394,-0.458083525261888,-1.30374105448629,1.68300546305618
-1.52941405146629,-1.31058720001286,-8.16347257308267,0.582382183624948,1.21102378206303,1.82461472045544,-0.256750216620689,0.00123888582192877,2.78631694888252,0.777805179045526,0.668123477571118,4.08868417301538
2.97942334949676,1.21340187422209,-5.08433713041823,-0.670661378716408,0.0534617361659705,1.22246826213929,-0.263623794308952,0.013486113333216,2.16834492782502,0.08628042926789,-0.859054976562129,2.08946498971879
-1.9015345104132,-2.29681168452138,-5.61049209335095,-0.46121104948943,-0.15972066523019,2.85133645968395,0.0488514473005501,0.302129809350169,2.94150844920308,0.138348570979701,0.772811790970109,0.805836461175568
-0.0475698156706254,-0.495696711336931,9.21596134666197,-0.200413208355657,0.41956268968836,-1.85581450200815,0.278646973289716,-0.450809224117612,-2.15767409589133,0.200409386356366,-0.508516721958117,-3.98734209966627
3.06932491235485,2.83636436004797,7.1617483329955,-0.942194199512343,-0.0926527985376476,-2.20699584527671,0.236162290233258,0.0550189844268914,-2.80298144529184,-0.0580916666730213,0.154886683415963,-4.07121549113775
-3.22464189218535,1.1619921559835,5.54922198932277,-0.0676449257953725,0.0593216601800728,-2.74768086462514,0.092451039951326,0.273956928546925,-0.692879478445666,2.20615689326442,-1.11620838129465,-3.57143019024091
0.246995725838138,1.7020559554068,3.67017048981836,0.881292467448867,-1.68811145899829,-2.33437723405839,-0.262718370236057,0.34262602697321,-1.811327645167,0.0306251258089497,0.359413166057392,-3.00835555723191
0.455094335436466,0.11945934362968,7.31479407445482,-1.35529035519535,-1.33853479164227,-2.89192242285417,-0.856986072781571,0.553619448218772,-2.58073541711807,-0.0347478625469121,0.178108713468861,-2.63831171686589
0.0924240060431472,0.165741358685131,-6.66060017997448,0.426466407615537,0.0619654139397171,2.53473361953563,-0.605553195013669,-0.038827868953631,3.05930700437667,2.16261305156397,0.458450336026576,2.07057327411947
1.52837914892016,-0.744063843525414,-5.83960103580466,-0.513662436722511,0.851698361693848,1.97111082410997,0.0592844141462912,-0.132504214896452,0.79148481799645,0.560338571388609,-0.200795613667812,3.88188389546744
-1.74718155985411,-1.09696943769849,-5.45087883376232,-0.457820709596866,0.166018126590517,1.97869826538826,0.274173303557939,0.325132512426386,2.74884926167394,-0.330197622577019,-0.222546824968936,2.6016773661718
-1.5159614095056,-2.61825504536638,-5.10541824436108,0.240458107665592,-0.556173737040981,2.5163332613698,-0.0182670181648039,0.310719948711339,1.22260628987674,0.793052591082106,1.89113137178489,1.88171880105982
0.831342877511413,0.0342576155982024,-6.58834768215142,0.350238293419726,-0.346005131228145,3.155251591261,0.391958029573819,0.173931399445638,2.03215128255405,-0.193432072541699,0.0201635733233516,2.53318838701688
-1.28659232415119,0.0679554966667452,3.83523322602935,0.126797872653263,0.0801597195890162,-0.41096028388564,0.686624642226554,-0.906972031584408,-1.05821625649319,0.0236405042551978,-0.168329017963769,-2.41579000659091
-1.94940287725387,5.27426982580737,-5.36508352503928,0.949945367450655,0.857271684521874,1.2858594116944,-0.00873303685524696,-0.350878897144439,2.16466373798984,-0.0363725553701099,-1.34198775372297,1.12390636285244
1.32602368676873,2.68274500687681,-2.99531022855897,0.0317859577281424,-0.914327412150745,0.232317276878807,-0.65524419514606,-0.502025145876453,1.12073078590767,0.10286985124832,0.362782808785885,0.764984638445418
-2.3871746516993,1.88374946577941,5.20096936761425,0.132033313132761,-0.0251228580689848,-2.39330042631477,0.950052732950516,-0.393160506227493,-0.739329178290043,0.710628509820237,-1.59569893534275,-2.33722604692813
-3.02862504562555,-0.0200442203845841,-3.6480381327118,-0.252771351414723,0.210155395546651,2.74188816160001,-0.659256175632682,0.17904861850529,1.4447938791122,0.13397618085723,-0.132956880613366,1.46248006777464
0.726680097066156,-4.20492550496953,-6.92647160831152,0.193724937992009,-0.327051363266116,2.39726583073888,-0.167855359757719,0.140408100114942,1.19002888919841,-0.0354875554187124,0.220215446960653,3.53138319446165
2.45184833553398,0.0835434422342671,3.99009060010279,0.191300538598469,-0.104254198125711,-0.708958215336847,0.106968094198994,0.274451234339185,-2.87272001126632,-0.685903712565796,-0.828324557140379,-1.33998346385068
2.63089981407166,-2.04331194796917,-9.1482663185399,-0.526504676962263,-0.732930690809246,2.75257962232018,-0.602971895335667,0.140480316339578,0.886560993555312,0.244150163404706,0.141508262880315,3.02992665939052
0.0926274057823171,-1.17624346441738,11.9138306988174,-0.239176200374475,-0.402332685748857,-3.64590776926447,-0.641288679322393,0.275953257607371,-1.73463255339894,-0.262346575117013,0.532463357443274,-2.90853754412794
-3.12056037033247,-0.18775075639598,-3.24757018772221,-0.378275391591527,-0.408017263174391,2.45646592864387,-0.0903677423038255,0.000578333211295091,1.92060582053647,0.602599956560841,0.431254846691451,-0.164787656071574
1.01262169491027,-0.954268291877919,-8.29112087653618,-0.211170200380584,0.287834538977419,1.97345799454305,-0.258656625353372,-0.339621656928673,2.46603101522329,-0.0252087928228531,0.635959452266519,1.70058872011075
2.74852550812472,2.06798473804761,11.2921190220633,-0.457078399665559,0.0814944426661868,-2.12351267101558,0.5601837304541,0.36792484620525,-2.7082793171576,-0.69640366217145,-1.24515949541962,-3.64702485834897
1.66640747215453,-3.91650086531931,9.21994666850386,-0.249166068038435,0.738627319566751,-2.35013674776413,-0.368525383930416,-0.343250776074771,-1.87593150050927,0.166154807470032,-0.279063393933625,-3.47997838572029
-1.31172317269957,-0.0196474820994517,-6.94805434016827,-0.449026992158374,-0.349534254572567,0.538396068199441,0.379505637045197,-1.25438750010305,3.96677551636495,-0.236239265483876,0.0572579090520071,2.80685423659454
-0.122346679751633,-2.88264470846123,-4.97366921434732,0.377791334518393,1.34337274242432,2.27023845519618,0.209220497331743,-0.143956656775941,2.14149643977895,0.334950866237375,-0.769692609486079,3.01351080394288
2.54895465933644,-0.917018010555765,8.84860070655268,-0.445471197865716,0.00598445605676563,-2.65364827381531,-0.431252996578228,-0.603842054647494,-3.33942088872462,1.41398531844501,-0.278783937210198,-1.21809121239218
-1.03000620807543,2.52965809735033,8.9929542837242,-0.0535256639128386,-0.518448358037123,-4.28356932625311,0.25032987832192,-0.0825398053956046,-2.79198888052834,-0.843436598605978,-0.334594673887542,-1.06742625458818
1.46471297332823,-0.230310733179685,-3.56214684915471,0.0348099142442217,-0.184262049837605,1.06298903645214,0.0193554776760661,0.0218579386042377,2.80244955043572,-0.605207814507931,-0.0464584357096083,1.22252636667631
4.49558555247993,1.50922936344387,-9.03475248090099,-0.083872995250418,0.330613431994785,1.77713137750907,-0.547928740241181,0.242988854898639,2.91749833587233,0.466904259547757,-0.2830897010055,2.42579046863615
6.47297672080141,0.187476286881036,1.7332048081753,0.187736077268115,0.601837453944276,-1.38708152713728,-0.307865256202496,-0.389326634828691,-0.351959065389673,-1.26164643262983,-0.26507081385883,-2.5078855817997
-1.91970168778789,-1.33918917975216,7.90408390727885,-0.280418634085249,-0.206852625073064,-2.64137189848881,-0.48575796701431,1.09934331050996,-3.19697326237192,0.760194534799742,0.641887799495549,-2.30316603645246
-1.75878050480899,0.671548994925052,-5.59874296763387,0.203850879620787,-0.162171766370168,1.65027530392084,-0.48595994712693,0.36209142943578,2.19918069968311,1.00221416652617,-0.222519951821114,2.19825192248778
0.504081511604223,-1.68788870710759,7.25697645250793,0.20910134982356,-0.202357259270149,-2.14084591112316,0.430276970709561,0.693325918075594,-1.60310425456551,-0.456226313188669,0.102986325993931,-3.09984812738957
2.13257984325451,-0.483816470988247,-5.22498595871327,0.216526264732458,0.11490650185765,2.37183307865372,-1.64441498585093,1.23051816917929,1.2145585197278,0.0707791740535251,-0.315339840833362,2.65904714003498
1.10003498317915,-0.122187142336058,-8.45395713191523,-0.127722117173811,0.580289520919563,3.03528588210757,0.264719432349882,0.0703298502773487,3.82632589597503,-0.0033818853035616,-0.679994096746871,2.15483850523135
0.301405579297802,0.199590965648664,7.54559975019008,-0.0600552947225157,0.877215804305319,-1.63078683787159,-0.634461878941388,-0.662589590782539,-2.95229919611373,0.215905549832019,0.889249566896652,-2.79198590324705
2.86450021696866,-0.56975727527857,2.70286529696981,-1.10766591397661,-0.161094022772512,-0.431160674175324,-0.739498241711223,0.395516701851682,-2.16645928993461,-0.543882319837153,0.0301241484705815,-1.64865863242835
-0.480864213486754,2.51663566918105,5.17574255779024,-0.196165876892932,-0.0359808447350636,-2.34818099841535,0.460221222777008,-0.461666371086543,-1.57654794815805,0.229881751783013,0.181708742856269,-0.582466317108878
0.187651159228658,1.79734873147124,5.64012193231327,0.147213836767049,-0.0962922509923693,-1.29513194334036,0.263184050853187,0.0957082655537976,-2.87248814993389,-0.460276766624795,-0.695349264230817,-1.87099444113263
1.17113575305289,-0.855783167240117,4.69501652353078,-0.460273543085348,1.22587718158201,0.137464658573223,-0.835816868651639,-0.192023465130118,-2.78395228481142,-0.121415253635214,-0.0239374887059019,-1.77136742078634
-2.04708855699098,0.61210859347268,2.27415058342306,-1.16932181275886,0.705125886655422,-2.14753438024038,-0.775035826671134,-0.133051499133537,-1.9646033122989,-0.110000666284162,-0.299240605981355,-1.15044225728371
-2.72269584748622,0.262687195036929,5.74411726600093,0.187283203191383,0.0717336587502251,-3.16973179091533,0.223266380408989,0.176700793346596,-1.55341285491995,1.16611835867511,-1.31598182106992,-1.16644110276554
-1.22802846778014,2.14716322226759,-6.83596491211313,-0.094642576049847,-1.89101484573179,2.98738465127061,0.147992767633665,-0.149020599290192,3.50952029195536,-0.258214679309933,0.0648955006235937,2.78505042986122
-2.5840696423888,-1.2674339684958,4.16165614708724,0.223926050258409,-0.188885119485312,-2.1638140491499,-0.383432573473818,-0.483256118521174,-0.343547609026822,0.161261196638977,0.666079751293587,-2.35079923841298
2.99298427381776,-3.21716573611027,-10.8185983776701,-1.0390760612963,1.68221655488167,2.42719635433418,-0.763505985009745,0.996096050457217,3.32675307927314,0.405259283562219,0.316235001711148,2.92514914110498
0.914181394858178,-0.715825713287176,5.57632204639835,-0.436839126362169,-0.167188550044467,-1.51350627879452,-1.16510700024772,0.678846637772512,-1.83623120398379,0.852309270822864,0.341886378571275,-2.68853484811596
-2.68381225272523,-1.66609890568839,8.05632556630411,-0.917374987026073,-0.448544140875273,-2.18976079600078,-0.288217077251212,0.744087918588795,-1.44191023693051,0.941048131011804,1.84900197044596,-3.15516521035941
1.85345701984514,0.291015385205033,7.45314533231326,-0.554513477988081,0.863661727329127,-1.94060038764533,-0.0600557861341017,0.201252745511662,-1.95281931498768,-0.553018553540508,0.964647644128422,-4.31272998031268
1.68206540448936,2.12339924963523,5.97147523054639,0.2680514812836,0.0992178251537489,-1.55936761781041,-0.799430119194884,0.0107607472692681,-1.21709251124419,-0.0628897355741494,-0.541616243761799,-3.11519569029319
0.894262016655327,0.480452198374347,8.15740054000208,-0.486504133104193,-0.151552789456401,-2.12032202443164,-0.332427095417663,-1.00323432270997,-4.28850030148647,-0.0617255330867904,0.70061596589724,-2.12795329733767
2.33096422274643,-2.17433076085618,-9.26093230856949,0.64881212748666,-0.859731052782664,3.11167394066805,0.0465270881341588,0.258697035564927,1.69804303421201,-0.184172036080992,0.333026904347963,3.06675772227203
-1.37623528344391,0.111801629865559,-5.02665945710411,0.34911375343515,-0.0388138618138898,2.20514981927811,-0.9034205760196,0.337226714094308,2.19702501572534,0.0672942631457007,-0.503646393622744,1.64516219664037
1.7312472692723,1.26346866661237,-6.17583575601,0.406590093634313,-0.410886826143801,2.50487520623681,-1.2001147975345,-0.0511539265716968,2.84718245792348,-0.144825845059325,-0.397675879783754,1.64473223636417
0.214513667244934,0.0186746939541885,6.11371202392475,-0.191282227027492,0.222305399270118,-2.69304793114233,1.29251205420508,-1.07031545024594,-1.94598791796994,-1.42638761002993,0.58092277584354,-1.85549156578058
-2.17382160790277,2.7704442316912,10.4872329645996,-0.118829334845078,0.818271736504601,-4.08736178526285,-0.110128983931816,-1.15918834400501,-2.91209734921414,0.287694170214334,0.189245631903908,-1.69555664580608
0.169437849694199,-2.12043238050679,5.97326611839972,0.675057319803161,0.155361764157886,-1.33191698491501,-0.178068286170548,0.484110982164133,-3.01601256827893,-0.159711720623263,-0.121783777963755,-1.63708177656072
-0.484114294329044,-1.20214821772927,8.16740872124638,-0.0283276912517048,0.69314953839741,-2.59957430543761,0.578683499335443,0.220757304599516,-3.05018465848533,0.0503596975730171,-0.567340435424894,-2.27386486875037
-2.06397612464976,1.9008810190991,6.43061815920872,-0.354319083229137,0.401680214176426,-2.40473528580628,0.75815031087423,-0.23610813851039,-2.93048256794164,0.821510438390199,0.597561311799816,-1.61538808170792
-0.454089030134412,-1.06916549001789,-3.8997110128118,0.0150554033390075,0.0736967572597256,2.12791694380712,-0.351555479599225,-0.146083492188095,3.62164945858693,-1.88087471767215,0.586021162185822,1.77257086154412
2.76542354549423,-0.0606678352363107,7.31474077477255,0.18310041536376,-1.08373509146953,-2.88278955177508,0.276094292688466,0.404699800864165,-2.5173388538735,-1.01285441009896,0.898006523828918,-2.07721412965837
0.981383748989008,0.300563484892288,-3.91623682661377,-0.534967734731483,0.0178308270206139,2.23999758305356,0.175709548754951,0.0842682649183063,1.43973140807842,0.0944573704754001,-0.0747034338771539,2.19432813471009
-0.711354993737052,0.434215286680405,3.76365045263102,-0.11514048987984,-0.386215175418661,-1.43526141141629,-0.401921897778193,-0.426358331498258,-3.04604815010525,0.27955508502308,0.228494868435617,0.0341133072442554
-2.52537583950977,-4.66675034176439,6.65127958705364,0.430691260270208,0.386658917089638,-0.898997538292316,0.315079217551407,0.57914431937043,-2.49688093485328,0.908102170602272,1.69456046226119,-2.62052090615398
-2.03245566668394,-1.17317540437498,3.54851444345584,0.198630887455835,0.257639311904419,-2.87334195380598,-0.027580019480756,0.554560387497993,-0.381486716137566,0.75565888707039,-0.963326032999877,-2.19500432056593
-0.711084300053894,0.577479175508843,4.54355136562922,0.00358256007821427,-0.470269036299218,-0.749310734629627,0.167011320631988,0.0661954163834601,-1.47545856295354,1.87301156795305,0.515646296817516,-1.88084920526621
-1.63481392224444,-0.31468333388255,5.15220597248729,0.171969415150054,-0.533431518463083,-1.78037864969124,1.05415186064881,-0.633266601784345,-2.15348230797241,0.448053692025193,0.555297548935502,-0.650427828633522
-1.96114187457771,-1.60355067547396,8.21485690491184,0.78196256290963,1.11579981650754,-3.78751152876449,-0.323413837139858,-0.011531994761596,-0.937876383967135,-0.192643607433334,-0.07969308244878,-2.12877494643167
-0.164958446449425,0.450372765057182,4.64654210599628,0.876720387221774,-1.15750284342941,-2.67302296471493,0.804661665337752,-0.443728641657213,-2.01394928654519,0.460029560791422,0.471489424903554,-3.46347378724909
0.598552194399196,2.11231146317659,4.71543871358665,-0.0388538167414906,0.548151665060375,-1.12313214130792,0.192967503344522,-0.394021662234622,-2.25329521640937,-0.0218996820004984,-0.789155998139018,-1.15830360571278
-1.24157655540712,2.11355279729207,7.60252206691786,0.00733524886086151,0.390541851448502,-1.61646223182669,0.12982887559391,-0.372228491593852,-3.64662644429176,0.760526083729006,-0.79393689575848,-1.64774819193852
0.771522765457133,-0.236425329036393,3.64822723761792,0.0116844631790085,-1.80054882037155,-1.6362296772299,0.563570309638721,0.0466443517915148,-1.16839369462262,-0.0708840396502418,0.387318350014893,-3.35601074903953
-0.973049433183539,-1.7181165176082,-9.09882209344762,-0.680438429946476,0.33007885543673,1.76919423444013,-0.372458781400806,0.770744910655698,3.03807345461889,1.76064278467977,-0.00125252992449848,2.89947093453694
-0.158626195900845,-1.678151343456,-8.04884668623134,-0.0819556488228884,0.384917514857405,2.09937673197302,0.487220018241312,0.939229088608025,2.75894911041685,-0.48912083368073,0.0301388416096628,1.86383816396891
-0.324361480653669,1.07441540877051,5.26476445438324,0.319186212261942,-0.610720045779328,-0.457369807232424,-0.297801992431428,0.209228136383628,-3.16688935219387,0.921373996847755,0.41790015219728,-2.60366787522514
-0.960733110355982,0.217037471519206,6.15607473794426,0.0461318941204758,0.00265251305820944,-1.32695897775131,0.390219383730212,-0.411148375403713,-2.56239584140088,-0.694503346252747,0.498075698688351,-1.15459358433205
0.411340283899191,3.52027345200755,-5.19375622026165,-0.514009387605695,0.132526249019393,1.44204630602312,0.0202893130375337,-0.328911808102741,2.8692897903788,0.221256848065742,-0.978748120539757,1.90010372213957
1.32315997847045,-0.0150937115551583,7.26851612470634,-0.630698346882265,-0.152636280664436,-3.08636255116841,0.0115704018849572,-0.903268150826004,-1.79359451659395,0.210117861288023,0.258936405948949,-3.54125199185737
-2.60224359802931,-1.83783443378129,-12.6686840125396,0.769192512361841,0.637289358342993,2.67429349844721,0.293894179807748,0.212459668850185,4.08834741966404,-0.0930602132266756,0.518031075576744,1.43303001615702
-0.431002942189166,-2.85934560742538,-7.52729152636246,0.158799061803787,1.68664662010692,1.01428191946731,-0.0854555726067028,0.548903547831142,1.23764520547267,0.603486001787905,-0.237342621340113,2.21817440709179
-1.21019141354442,0.869010828434111,-7.1784909981601,-0.021829608102762,-0.750354629636363,2.47608344891324,0.138058707077259,-0.160842169536947,3.1243588583776,0.405310576147078,-1.11723348115114,0.588006034861246
-2.1669628910217,-0.10015636237174,7.34051742091137,0.855312663745116,0.928657737297421,-2.03721307192615,-0.248886261571327,-0.162368027222704,-3.89889508452291,0.482806362599059,-0.0550279401159326,-2.61927702741698
-0.990022362110849,0.98974896708932,-7.59556634196703,-0.0697496306351086,-0.550065632361265,1.84590711565806,-0.190161534758061,0.24084114914763,2.78310607516071,1.77351596294637,-0.259343616962731,3.69609645639327
0.157852280414749,-0.22052348636087,-8.70521997353187,-0.0589175014099673,0.939616382028917,3.29230371960222,0.0434918721020485,-0.0631206231068145,2.23733710325161,-0.18770230963373,0.244292686097993,2.68134443139406
0.215594171375295,0.351495762036607,-7.54389327589704,0.217231794480549,-0.299802808640609,1.56654531316658,0.905914975466175,0.697638884692447,1.67113427045437,-0.152757601615248,-0.464207624284384,2.57922965118588
0.986207819375147,-0.430948441726689,7.19187741644421,0.140874194353723,0.240743322094353,-1.4780807404485,-0.580403428261629,-0.551976049160665,-2.2945740927963,0.356722984147875,0.783167727113517,-2.02130367648959
3.06706999621939,-2.62843026247392,-12.7726115915234,-0.343327208196056,-0.322234604323881,2.14919511293319,0.209171113808649,0.0779188447428466,2.21935946747915,-1.08599013467599,-0.573145092089663,3.77290627138108
-0.374990825092625,-3.23361551835079,5.94271261430279,0.133103613270827,-0.673595018038776,-2.71563231180679,-0.437912880377699,0.259270157754459,-2.07881087263548,0.117991241629274,0.360374534763467,-1.44903663683388
-0.465112278695774,-2.09254853894045,6.4766939935306,0.103371130788925,0.327361010246464,-3.47590203965037,-0.131664356656374,-0.279484510530368,-2.64293160764099,-0.0180733614438485,0.365960687517932,-2.47243359624133
-1.40059998303262,1.5605558134108,1.92509996623215,0.671506146560036,-1.56981777140032,-2.20379340763574,0.508378432579338,0.272409720471929,-1.9335520380067,-0.196118522415476,0.106800553928692,-2.21282445655099
0.0373898079848374,-1.77124385595234,5.13027380358898,-0.774359002185053,0.280864551723149,-2.01069646624544,1.7749510852987,0.905975726789029,-1.90951351532337,0.0871050658481237,-0.498475973092914,-1.55180344048602
-0.546211372687591,-1.10318181470161,4.54503746819136,0.268963851534309,0.68946317263403,-1.88569718206319,-0.360352201105654,0.433002401050318,-1.48291361240244,-0.0127947472032552,-0.197691362209627,-1.94371833815516
-1.2174222789594,-0.959257693163217,-10.3097628167557,0.344686953216225,0.0230594377104103,2.84531925968055,0.10698764575454,-0.748337803133964,3.02860833503893,-0.128798611609597,0.917917880577994,2.19216750219102
0.119201446036441,-0.389023622142201,7.02950303920696,-0.244554020793333,-0.207044634916349,-0.828737610334947,0.378916208683224,0.869625650577714,-2.4181652325197,-0.68997609451082,0.146127425011092,-3.22256567421311
-0.0372277093509066,-0.942520601476104,7.75760786777358,0.0824702725675958,-0.205370324195106,-2.65188090583332,-0.852871398455317,0.241721860813373,-1.46645904424165,0.343195998692653,-0.378250625899006,-4.70466903476882
-0.967147435895591,0.487050569113378,5.07993568965423,0.515112633673547,0.285038094352986,-1.28938127927564,-0.559233232889255,-0.318958416865242,-2.66730572127231,0.452225905859508,1.29599047304289,-3.68794511259066
-0.276189203578946,0.0895353994885367,-5.54785246295874,-0.338762695392779,-0.29148033184506,1.72693885537134,-0.0306226789970059,1.70073678179162,2.42864105889871,0.1106135149716,-0.411129642215272,3.00349262474002
-2.76556051049391,-1.62809152889079,-5.38222413880186,-0.671524079695916,0.307814505271548,1.68031180066159,1.15041948433968,1.13776509732264,3.1917295344863,0.0550183416207257,-0.0125986081842843,2.39907035019983
1.03329961263679,1.93663938231924,-6.28503651183581,0.0762076935104813,-0.0829040358668865,1.40626323104005,0.573816169674605,-1.69792608755376,0.726770930985604,-0.0384488729461716,0.0759243274853474,2.49951372107725
-1.07332562226209,-1.88084610969414,-7.71668260652152,-0.726629124056508,0.423655866213658,2.34693235351559,0.976663489836415,1.80075202354375,1.40836975357318,-0.0331861743057694,-0.056288886877425,3.29618060318729
0.163458474071161,1.50619799049019,1.97880020405274,0.522921510322496,0.119455095497598,-0.0460479261275689,0.177775199851258,-1.00392867677584,-0.503477769035184,-0.89933414882443,0.0249999323112459,-2.84345402806631
0.81857184444812,0.628797673607802,-6.96227703444706,-0.503165545739229,1.2566724346062,3.03630697659968,0.138644443388042,0.24641510077103,2.8575429396803,0.0455224104105941,0.53206814814222,0.686002319947456
3.54771079046301,-2.27901762557423,7.49668781227238,-0.254658003464836,0.726897368038463,-2.78321464543864,0.283170399072201,0.0976455569709019,-1.74725247323968,0.86567291566116,0.857055835703387,-3.04301012492119
-0.720492599853337,-1.86302188434743,-5.67602905832824,0.0236560117644883,0.273356485762186,0.844189473194378,0.0717426552246781,0.195670669397067,2.08389254381423,0.893746660027792,1.34089052397691,2.78195069473784
-0.771918401701766,1.47416762647479,-7.44825799518248,-0.427864809096656,-0.303577185111706,1.679986390442,0.801866097778029,-0.541803090044081,2.75952392407746,-0.217969843915135,0.389416884505186,2.39700090177856
-0.389533377355697,-0.849983535679135,-8.11679175187805,0.465875763508075,0.0939491984647575,2.95549803818997,-0.239951994216413,0.163795711917091,2.37156370752206,0.0401864262737992,0.257088761642522,1.5232008403458
-1.31217246071533,1.48601733838237,7.52576591096455,0.0702479520486227,0.391309479315429,-2.82677171897222,-0.581613031806609,-1.4160494160126,-3.91797411372523,-0.112961800062892,0.129547272980271,-2.25571837908559
-0.875609192067435,0.847503408539041,8.65806045825688,0.288451211595292,-0.16522732710088,-2.2260951036653,-0.607605236063288,-0.0307345115148206,-2.85032794523526,0.271830155712259,1.2492344258544,-0.479398067467772
0.916702927038359,-2.44395647599569,4.47203472636168,0.110116707869393,0.168569873893377,-0.504741997844801,0.0931960113930937,-0.109121694366512,-2.56699391193663,0.594503283593555,1.83007357928717,-2.46924704965221
-1.21840412924397,0.0921147278523931,8.01014435732105,0.419403389460592,0.236683120166779,-1.89719757242038,-0.267782178487804,-0.307705824659624,-2.3650678682252,0.0716558676148997,0.417862108793534,-3.60331474349359
-0.723759292707025,-0.939030797768841,8.3422729827996,0.344591305640367,-0.154789159551868,-1.78907648776581,0.184897993812039,0.497893705683618,-0.579091114141083,-0.744569275973099,-0.672192378990525,-2.01690394366188
-2.4620030862048,0.585316227908383,10.2791831885502,0.526563995151032,0.490207019786176,-1.6844967885142,-0.165962239652988,0.0467608101930196,-2.02002745954416,-0.829996912315541,-0.0601934721491386,-1.16992865982581
2.24267329013536,2.64877567610037,6.95246560330312,-0.303155184647438,0.32683133555187,-2.85484186931462,0.0200611971954745,-1.63991980607584,-3.2629432030023,-0.526303817496885,-0.325962409030713,-1.85541294665387
1.15479630056228,-2.19511349168897,-4.70333204947867,-0.00935095671309431,0.175454192546096,1.08475985053321,-0.772650891300147,0.289135138361602,2.9678953086876,0.407262260924607,-0.129339644323034,1.51900571435134
2.26679321447191,-2.68938888974564,8.57291905585076,-1.19040950506907,0.611522775348861,-3.70941781581946,0.305961333433637,-0.0523299931087326,-1.20537495383844,-0.337679022496363,1.32455529601302,-1.01199764130393
0.308154536130447,-0.26996032676662,-8.5836112476245,0.263021119116962,-0.235192620583406,1.77091891995075,-0.605430618294676,0.457411226584086,2.89205921418418,0.477598057104832,-0.439072486409171,3.88559096110898
-1.62119852631792,1.29566221357343,-6.28724103295998,-0.445414021719242,-0.454366587324664,3.17679603034118,0.722736061797219,0.113109461665944,0.585978742881446,0.61099442681251,-0.958254649537507,2.27980720324597
0.834504785718365,2.78679674749414,-9.89161100407329,0.0826445097582313,-0.204549294668789,2.61741683767926,-0.643030895526513,0.597138570958168,3.20597392372205,0.886824606546929,-0.41891709604766,3.60149089614403
4.60756825282694,-0.877010916557334,7.57671894026926,-0.511623402527259,-0.440562128920743,-2.27493710144808,-0.00314949991203489,0.355603090688687,-0.609039635682227,0.618136503235593,-0.0617697819180548,-3.3914951112086
0.207517057246577,2.3013425104836,7.06511286119235,0.404788054433477,-0.124622939154278,-2.30724279351636,-0.332272917754794,-0.486666193334328,-2.86720947575035,-0.479200173491928,0.0498104164321052,-2.03800112377241
0.262054294573217,1.72665642511473,-5.37165753857932,0.110431965564783,-0.113283101287689,0.694436934263351,0.556619192738508,-0.78904004780536,1.18205690225258,-0.512781680635434,-0.0515058306361186,2.90775073008819
-1.3596253180238,-1.36136794847287,-3.7232411227934,-0.144430901254547,0.453116783033086,1.26481008776313,0.18445808044924,0.278673461904556,2.47447337142688,0.183880300106287,-0.457386512045756,1.9829655797385
-0.107347724357618,1.82926292678952,-4.86153018640601,-0.207954822937036,-0.00420188058899723,2.90499978195568,-0.532363798245285,0.104594223063352,2.20228518895205,-0.00860607914212936,0.0763360688221498,1.5248905685295
-0.222665383818071,3.19053209783695,-5.94600527828364,0.477639350987451,-0.34530895998832,2.13055677937004,0.817978182058562,0.102023534135123,2.54714711584568,0.113297079346656,0.202772234217412,0.489060006620401
1.3129744585585,-0.290695360055399,7.46431690462572,0.0118006302135353,0.0255810415597445,-2.14693977176623,0.210162529970496,-0.936930121277679,-1.70910122971046,-1.45822005766364,1.20980692895895,-2.60579661520339
-0.163792279097721,1.54369091270291,-6.27383765693767,0.934774863632429,-0.315175055423738,1.24405027111892,0.273961315259071,-1.22009626265505,2.33447475680181,-0.318068328814325,0.704958150296615,2.90016849543915
-3.98502215102333,-3.00090516367519,-3.92307867713557,0.815180204874351,0.42506064941701,2.65419512136251,-0.546525226345129,-0.586138916425885,0.516232796875873,-0.143429342325741,-0.075015813546113,2.17813933402936
-0.299585562146738,-2.28994668970405,-8.1888764390076,-0.0988342128772848,0.121141525313729,2.74008529181093,1.19088104431922,0.794292551420554,2.80798701528904,-0.109603126372131,-1.1652441520739,1.38047106057344
-0.325315309346769,0.803241317932212,7.82243850995994,0.00186019778277436,0.159687465131161,-1.52010482978949,0.177574360897255,-0.110919429679172,-3.37621346021553,0.0292082164699302,0.146901228720457,-2.6360430073478
1.50281250253128,1.15739929348893,-1.53625023785933,-0.410687658375255,-0.385118185589797,1.40974744080103,0.251150511684969,0.467971861709128,0.375051996973029,0.155635416705681,-0.100451452825166,1.94000787343292
1.67176360696526,1.72194406234574,7.63356008050581,-0.423445804121057,0.406246313932813,-2.892715436206,-0.537388871336869,-0.336998020789623,-3.02247599904074,-0.274320123193842,-0.625550463787066,-1.40832041418776
4.79484748445818,4.13499895647663,-9.08098929581474,-0.372263714251865,0.202075249312705,2.47307177988117,-1.12408721019741,0.0445087978121434,1.54319229782454,-0.116617701150145,-1.9508465453368,2.38656510120672
1.60892464864501,-1.04029548074199,-7.96705274490037,-0.761637599944321,0.436396659111616,3.79681141765715,0.145569645462606,0.103246286470024,3.9506232848391,0.202089611732606,0.316473171389498,1.75698659643055
2.16325079262927,1.97638059807078,-9.13229537550923,-0.406174937565517,-0.86456814443396,3.5504451612522,-0.117032111374838,0.0737576972242273,2.81459384974746,0.18667290790578,0.298605097201439,1.37381279470235
1.05111371215611,4.08957614364914,-6.8020672692354,-0.909926120945937,-1.21794044381465,3.30805630472197,-0.048172812550951,0.107035999928828,2.23766559580049,0.676987829710537,0.342717513619852,2.73030010951374
1.49030275337837,3.35296029594979,7.01583628963446,-1.04347172358897,-0.809064681543691,-3.32784639842368,0.114113442319001,-0.619291732871497,-1.75481381612007,-0.368173164033534,0.0584587099660836,-2.07258413074606
-1.63990536919658,1.78741079395871,-7.71450501166371,0.00801973311110379,-0.47021724814046,2.41446684800351,0.921143650883579,0.262454004978468,4.49050568916597,0.165299581352422,-0.413055253286464,1.52803429313655
-1.58252649964942,-0.808967780146346,-4.18577170238097,0.0835421429646486,0.49419144563962,0.801469747382769,0.251002941711668,-0.366008929007159,2.34867070081595,-1.82265341661731,-0.117240725060647,2.32458078651017
-1.51978239707405,1.06780791208201,6.29003836559272,-0.0643049853956563,0.542622427545528,-3.01032743934144,0.480339472177462,0.292041732950052,-1.60197782353439,-1.63248593239298,-0.192701231087413,-2.6788246915989
-1.69679340560862,-1.0780481707559,-3.94782213857766,-0.0473746998086674,0.029301065567632,2.67208447817487,0.58054680204569,0.543765421946758,1.91935646181626,0.028384295452814,-0.334100664839105,1.80886066149072
0.705773339102611,-0.262037323947351,8.29342622216985,-0.110179351925281,-0.588663875127863,-2.79425096596756,0.0157324777762774,0.122819112342185,-2.25376661714789,-0.498457687199485,0.782080758326667,-2.30668185722099
1.18574711985524,-0.0817335847271512,2.59510501489841,-0.698386138162315,-1.31239416415303,-0.908014221756054,-0.207279296371702,-0.0737923655433751,-1.32839939898948,0.292970965391814,0.204425096077533,-1.55721237891155
-0.466579482052409,1.98143340334917,-6.25085846078994,-0.18359217189955,-0.549997466505062,1.10319606279081,0.0176019819490113,0.287888937034524,1.95200434123519,0.543551108465864,-0.824087707688158,1.99664883832216
1.77657357972815,0.0263797360659968,-5.85622120340296,-0.0932098074731778,-0.267650935776831,2.38055990155719,-0.416198188699253,0.806831951235569,1.46914728508681,-0.0796289175061382,0.257553184734823,3.2397799290904
-0.87152874191016,1.69649216450797,-6.40676820520691,0.0438792479428383,-0.0267391787509583,2.8907465109422,-0.0128775731267841,-0.0165886525040965,1.6462944928993,0.0811872813267752,-0.859770686119511,2.30617735758811
1.86206943900265,-0.669695467927075,-4.87207585232446,0.304451021919413,0.00356645282318363,3.30906945915544,0.00672639206004212,0.634936395980328,2.63636184430028,-2.03642323667333,1.69290977420249,2.4202476057965
5.15108092922211,-1.74078181365668,8.80516163563252,-1.87811738398962,1.48794170778826,-2.7245483123817,-1.1465487338925,-0.673003227371729,-2.31751999463121,0.129077043423152,0.732062693769132,-3.2575943520013
1.70052424435896,0.00377357158172861,5.51397433589127,0.247686263562488,-0.684158428486415,-1.98990177125675,-0.0366365311226895,0.0349382249144321,-2.70071261920559,-0.301444529580703,0.687048590709033,-1.66858524161937
0.177613125889452,-0.99178203136796,4.41413671164204,0.0830135090172592,-0.0185821192752453,-1.31751848972467,0.281703560951523,-0.633084489277219,-0.397162844528649,-0.389613349790316,-0.104059106124478,-1.6580145422254
0.630044379192876,1.90470116921345,-5.81325542891636,-0.0494519968060919,0.00286905317353174,1.9502802513022,-0.528733632327722,-0.465959848758401,-0.000903555239226583,-0.323637647926336,-0.0670762532300129,2.2232526412518
-1.22966382056632,1.77047253852264,7.0571857749004,-0.0684747182820341,-0.505807439731382,-2.57369871682686,-0.827299048486074,-0.237644714771937,-2.17707650172384,0.253620008397796,-0.541930948917156,-1.92038734054295
1.79266636939,0.475501436845389,-8.33138479903358,0.188331913495462,-0.00975765376655442,3.62514707243337,0.322226613656266,0.315111970699299,2.91441259084263,-0.116287669029559,0.430383617415154,1.79203817660889
-1.64981163681016,1.37891287976043,5.40469188151559,0.69022803279516,0.249925758149676,-1.33472700935479,-0.152226208747097,0.848572841651438,0.00961480373913038,-0.00621486216961607,0.416081673257216,-2.31306155023213
-1.50781465306346,1.00556150612342,2.45019219769535,0.00395534103311204,0.296310939469292,-1.47313083108786,-0.250331904107725,-0.289091795391701,-2.06755160982235,-0.415344175908635,-0.233435216975781,0.776186286424338
2.55478259169499,0.045507939257149,-7.58314521040647,0.504604346960583,0.0916611533198483,2.78018498450485,-1.67982951970584,0.500840720281589,3.64581213120983,-0.295828492368306,-0.307217887305808,2.34553861594602
1.39729949262572,1.60398586507482,7.73660728508987,-0.603054699027478,0.265187742002366,-1.22832898943598,0.0442805133089388,0.011248780940617,-2.70754673915871,-0.121809646171366,-1.3731757900996,-3.82619673909732
0.630680149513909,-2.0006286732578,8.61223709549371,0.0685926420996713,0.0597498643740624,-2.31044854300924,-0.277126790200318,-0.241925009619171,-2.40274118114462,-0.499620491540741,2.37807128788791,-2.39276602602894
-1.76152985331259,-2.71652494706165,-2.9687006705492,-0.684504525231559,0.506976705053651,3.1383811072652,0.209774203028912,0.0957784684827158,0.981530584438186,1.24858505124458,-0.151528738490882,0.664286351725056
-0.487641567000919,1.18096862992216,-6.56024818740105,0.380562027208544,-0.111599400631704,3.24687282763163,0.0326163725333331,-0.0850806278666106,1.81146741446455,-0.355431431440584,-0.286290374749125,1.51280812286945
0.0106218184213633,0.422132352300192,6.09289547278179,0.178514666710118,0.64508401131912,-0.882547815266956,-0.0179243835479598,0.165008814581295,-1.68466930218348,-0.103148700510555,-0.175891116347337,-2.54080122363179
-0.92707784031179,-0.456225489320636,4.10215501558534,-0.145319324454835,-0.748280737831583,-0.824388758966749,1.4321270744483,0.0202914637507136,-2.46271387751545,0.280625432226383,0.29403303687865,-1.16075110003633
-0.616188570694383,-0.161659321825486,9.7133367890353,-0.0358775400933152,-0.207607051160789,-2.08920853591672,0.406615981334853,-0.651952207855956,-3.34129832127601,-0.0580799608566986,0.146014132158114,-2.86060662684863
-0.910376840646363,1.2645818259767,8.82037862558512,-0.243526742201869,0.415536519173861,-3.34017425234301,0.261566647761186,-0.332538792006021,-1.22300890252086,1.26497567273868,-1.16559063126003,-2.63201077650247
2.10722196169472,-0.740864325238751,-6.52033116843829,0.139693401837902,-0.186336213993441,1.23630367826567,-0.186863420451946,-0.350555727722583,2.79435192945741,-0.953876909335223,0.809927527281046,2.05737384246272
4.45313268935433,1.40046061980889,-8.47372302160777,-0.196994463556054,0.425312340050641,1.15912401329154,-0.00385992285486661,0.347853230335611,2.71116458220074,-0.100186148463257,0.245435216321926,1.86248086923328
-0.731563150543695,0.991687758037238,7.49412311060421,-0.427254336097957,-0.154435847036262,-2.33220642183282,0.396715260558683,-0.0901864334096912,-0.437557424015883,0.525603853564587,0.25425249521227,-2.9648142471284
-0.20314749011052,0.18650232141626,-4.65774862650341,-0.972372189927364,0.637313880815655,1.46135113530585,-0.233231192432711,-0.692602512578468,2.28819003603195,0.784702363545099,0.778542692136918,1.31821633436205
-0.0388871300690392,1.58532895896726,-5.87753198835153,-0.0539655961305486,0.0681161745974811,1.13175885349112,-0.145668591426838,-0.948071901740386,1.89152486102267,0.160447011778389,0.154078610751484,2.85422524795946
-1.57487026943408,-4.40388440741414,-9.19864578257548,-0.0121107592963805,-0.101683992804497,3.22708560691407,1.43759890096899,0.971516736448969,2.75464371541987,0.0374855828719649,-0.394842660065285,2.49937894214504
-0.404358759162846,-2.2187772763562,5.53405283647677,0.415043651451071,0.47083019338782,-2.45031134081552,-0.355994423189564,0.418576787589357,-1.21428543294935,1.06468252616592,1.91837750285139,-1.59776780833649
-0.0156756137346753,1.56386191464724,-7.28010239587012,-0.502676713827875,0.163524692271167,0.809114095065485,0.0430115540095108,-0.944809830820062,0.66924787336642,0.500367996396677,-0.0156219247790753,2.50296727743751
4.17811384861742,2.28154490924393,9.47373016075868,-1.7699834472545,-0.847803763187227,-1.53788287893994,0.0252513202247069,-0.0125404329993189,-3.31374390749916,-0.0365546545972789,0.126830031442656,-2.64467399941213
0.573710511379604,-0.384173125906508,7.92535871123349,0.621504448773724,0.591718667175522,-1.35900360372522,-0.560961305805207,-0.314621260306026,-2.14653315089783,-0.240147241640185,1.04750455978695,-3.18474912132272
-0.145779969296256,1.22004901553617,-3.43227987595211,-0.145449841074214,-0.198060142139431,1.91778211748666,0.685376908501707,-0.469068323665821,2.82878086717213,-1.4461113972097,-1.58242553034243,1.14114918207661
1.44098986329679,-2.25662945882636,-9.22034282010305,-0.151221649812829,0.114943231338718,1.89409132302378,-1.43709665996632,0.426775995075549,2.33157324406484,0.669170508871211,0.531183810824331,3.81930204513501
-2.2285832038275,0.267129803504735,6.19950946387995,-0.246261398024833,0.188349405061828,-1.76376674455778,0.150307166566544,-0.212972409165687,-3.45598117475667,1.46453554741322,-0.844153078197123,-2.28784267340308
2.15426540485991,-0.243399577504019,3.81879044584518,-0.851207970078807,0.900842124212299,-1.30711343782706,-0.0731388673290898,-0.0265639728495285,-0.71076820748588,-0.306575425956977,0.137606461810715,-2.51446628937985
-1.72344397467463,-0.0305041110771446,7.81945577141679,0.316956553880177,0.52479999096821,-2.59093527219966,-0.0757128500547078,-0.272035943221784,-3.40567388773368,-0.15703371216449,0.492415173287913,-0.296173422212816
-1.85459510797995,-0.422228359832004,-3.79111055593996,-0.10823311328315,-0.293291375818252,1.47353296877191,1.0353196600839,0.799585749027286,1.53916506109153,0.425973385489265,0.283949507241719,1.98916382066853
-0.361302033470564,1.60336814457779,9.16143791882302,0.0878634986871983,0.0338727333744058,-3.06255851825655,1.27389346921396,-1.29649295411714,-2.60752407940984,-0.389960759821833,0.424283329170444,-1.59535272673704
2.53486190864024,-0.188715523862872,5.43035230824586,0.327995444404124,0.0213682664570316,-2.98716873860694,-0.341587955133571,0.228573197315032,-2.71792686692191,0.0555557029929105,-1.12972228253295,-0.566238520188031
-4.80361758164104,-0.832004769938658,-9.02417223168074,0.972268071369593,-0.47159886505348,3.17335971258999,0.100450539696098,0.0365475029030354,3.27496003208312,-0.0430148616133712,1.3843458565698,2.53962452383332
0.113387734864306,-0.572144765980593,-8.53979026127081,0.451798210105233,0.059306490490633,1.39221990902883,-0.688520987466072,1.27329378935719,3.20397540243909,1.54775403372319,0.403941410223144,1.87501864394109
1.37215896670673,2.47905086895481,-5.7492590780008,1.06859653364337,-0.906085260989843,0.80892084351411,-0.310849660711942,-0.677432641407701,1.68807197879666,-0.0899313021963612,-0.698650712768472,3.33897930721716
1.76283538945541,-0.428929822604899,-4.85427037564007,-0.34914459610691,-0.35567014211199,1.69011927100044,-0.0446073798252169,-0.218112489977224,3.22111662282148,0.537713297082334,1.03127051664849,0.701473093282586
-0.0671540226652057,-2.76948680545925,3.07320938141597,-0.22875245699699,0.0348820960199269,-2.66809382290081,0.11690061200299,0.937562368150778,-0.0461528902440437,0.303869870101004,-0.217879766721969,-1.29214951171293
0.662489096093435,0.0310765357646854,-5.99171122021737,-0.0186162427613016,0.035283689184277,1.59520313988036,-0.148263650635225,0.0616620093216849,1.99539859606202,-1.73126091912353,0.900000733938259,3.16454904795268
-2.8459475106478,-0.99835365801082,-6.86049196320259,0.578899218593525,0.445581372474182,1.51266953210829,-0.585783036625201,0.547188549026173,1.1221344354254,0.952884459054425,1.40506807975868,4.37008500424405
-10.4462499265097,0.883769731091132,0.331552348421935,-0.267758068044261,0.13640269954183,-2.70717407889694,0.710037923476517,-0.436724976705688,-2.6741723291018,0.702471567948809,-0.248147644871313,-1.40478673232527
0.302750239314002,-0.590930697445587,6.69063094236706,0.961178929669352,-0.217323325731768,-0.783681245972692,0.0844127201390294,0.112457916784149,-1.79969343616547,-0.104516164174668,0.0915444069948435,-3.22422040313041
0.667643293054553,-0.51934061061658,6.85288015633093,0.75266891084057,0.613359219021415,-2.29296915240624,-0.167310088310312,0.481028209685648,-1.82121234707425,-0.388699406231101,0.0397315422879499,-2.72406950782127
0.729803365053421,-0.516819333886878,-6.93464669520019,0.0840772379484388,-0.08884156091698,1.13612325735454,-0.135632913733858,-0.0301047495528583,2.63730053337281,0.339029963040751,-0.766022823026649,2.33368607410073
-0.235711690924633,-2.76598936474402,6.20116351978275,-0.401505784418456,0.531971417227563,-1.53376069926244,0.606358162038548,-0.371075146834761,-2.73017234622912,-2.08378200149583,-1.23080436779408,-3.09951037207204
-1.52350927452635,0.786583218875048,-7.41160867401962,-0.409376807420861,0.503215553371081,2.20770120911743,0.388785222214217,-0.0912684087181578,1.94685803944677,-0.133850311145684,-0.155051800468538,1.34056845864682
-0.486506445647132,-0.398507346782595,-3.10711314619901,0.655900737549793,0.073364379839864,0.308330003485616,0.0601403777472436,0.344506118331932,1.17036329123274,-0.880548208585856,-0.201488064300392,1.29411896736483
-1.55698946301046,1.41326481924322,9.34130458532962,0.291967079255039,-0.10398113183766,-2.07554986314889,-0.33556870024068,-0.113936693635312,-2.35086053566301,-0.166881364225732,-0.0887377967283088,-4.08500977952323
-0.38418450513344,2.2558017790733,-7.57229208322914,0.502576218998123,0.786854951507554,2.99214687446984,-0.878298606346655,1.15504806557644,1.7169523524647,-0.274774546307885,-0.659894936096293,2.48220010524997
0.455805281155235,-1.04726421255752,5.59945528067282,0.143326205660388,0.347401393111261,-1.76909850652786,-0.936815822902812,0.0373550108130977,-1.39163010796925,0.709409937823752,2.01856773186284,-2.73193480762338
-0.962894607315987,-0.974928645662676,5.7895833742052,0.00379641447361035,-0.14373227427262,-2.40409168126063,0.608024509430717,0.400151389917954,-2.52652554786672,0.538665052236998,0.336441208172262,-1.89852271421277
4.44911348865247,2.84237441860207,6.02482273949144,0.339052236591158,0.190397937743396,-2.4193079065234,-0.038211729870147,-0.283568809875988,-2.46665989637651,-0.375138007442932,0.784368670841083,-0.911695847829393
1.48795841586229,3.16618156048648,7.46874751006472,-0.0840696997599748,0.181420041322354,-1.25392385013419,0.70128468234082,0.0402847877206165,-2.53415991140135,-0.820405471098134,-0.439159111464426,-3.27542444177573
1.42833239710017,-1.57086908846224,10.528803205443,-0.19848292181826,-0.0163339775592317,-2.96166322466215,-1.35730083913865,1.19466412907143,-3.441796840468,0.478000246504526,-1.26852125047672,-1.48344833768542
2.77234702075091,2.42039686960266,-5.01578511934757,0.257276605071549,0.786673331821061,1.34612955562077,-0.383209431493789,0.110564076307884,1.40715750455287,0.0675403653953846,-1.87449549397567,2.40845128398053
2.94346276599834,-0.0765631969463681,-8.06195271843062,-0.6088375694124,-0.227657717280095,1.61248433411047,-0.500536648802711,0.345738392292706,2.21514258835028,-1.91379377515951,0.14708899608837,4.19582867250041
-2.62025731300322,-4.89757616051244,-5.11332783817699,0.27264287179069,-0.185921526023774,1.3977734735707,1.40323485519725,0.680751680008644,2.20247661750246,-1.67952342761178,-1.19281336689675,2.07057154876738
1.09354882336922,1.22216603181549,7.72860274663444,0.585690856223209,-0.591901980425471,-2.13386983527021,-0.00276974403698786,0.0632770024325138,-2.30169669229497,-0.715017800998194,0.832886380809579,-3.17446890881227
0.970217270167854,0.535514762466973,5.95424598585179,-0.296701051058249,0.167580984209617,-2.50312376536446,0.422741606651183,-0.0165386126285511,-1.19926402658452,-0.152156082053953,-0.210241082213199,-2.78441721558565
1.82287831882042,-0.218346751153746,9.73188904053172,-0.64978041663741,-0.0496373622878778,-2.82858226786353,0.0647195868068158,0.549106834350946,-3.23282120726484,0.37743342119705,-1.48999720345523,-2.8153920359206
-1.83841407494628,-1.72650035012097,1.16023550893092,-0.143003241953424,0.674127430779319,-1.35049788086029,-0.246047221556778,-0.195979383803957,-2.58121151591189,0.521410961560681,-0.901868546721601,-1.42134150162692
-2.23770389002046,-1.12722495026696,9.14550508711785,0.557252700982578,0.235609174012061,-2.42979326287942,1.62818761620417,0.335194600532414,-4.44163634854658,-0.61497797272522,0.731690762776958,-1.91224501286681
-2.23454333755102,-2.60972554338028,5.59180127827574,-0.119777884550838,-0.288679968863736,-1.17679197656332,0.126292636058345,0.246071905395566,-2.30873906163304,1.18212679752199,1.17778654436784,-2.20911012620687
2.39001356000344,-0.452310007055454,7.51879724549465,-0.17957536274743,-0.160290110878351,-2.93805321499108,0.254656621822461,-0.218853121557817,-1.28637227944408,-0.389248997348995,1.37976705583272,-1.42037872735006
3.34784242950988,-2.09884639879362,5.97725275370332,-0.909384373665119,-0.436424497925875,-2.48358729219908,-0.0571190221639851,0.10185296922642,-2.17007016714107,0.15122911779226,-0.783996864949871,-2.74372337787291
0.944974751654953,-1.3016408404908,3.35355009890222,0.245709081811733,0.0778166358755112,-1.21319186695229,-0.535485738596556,0.0908724090043004,-0.664442236101896,-0.0471450593347794,0.138756041566177,-2.24051918721434
3.00673988487321,-1.91383715205735,8.87212954149632,-0.527971634499572,0.243228846910566,-2.11423882205788,0.0450741328451878,-0.155565765898202,-3.48549466844177,-2.05992189103799,1.57997828979925,-4.02374640408748
-1.19333149768447,-0.819291960653027,-7.46098755532821,-0.153550700958661,-0.140764330304261,2.02002482278734,0.264908779516648,0.0209402891564684,3.08957772901554,-0.331542347244067,0.187779633329657,3.02141383449649
-0.0419473671310013,0.817253668611791,-4.30144970585273,0.268244529357359,0.291537817804225,1.27435099762208,-0.24249333300024,0.0292658020344563,3.08253641616394,1.11049309164585,-1.08344589675051,1.88588579961854
-0.313261280282876,-0.796320281709058,2.72044738808393,-0.208370038403784,0.17825681326736,-2.00586825200121,0.697560633467546,0.334496246914791,-1.92688825228257,0.24485852437613,0.501625965945443,-0.372968899534956
-2.49614426182103,0.654015450354427,7.83907631586689,-0.263176498267733,0.0939783857163776,-2.77187420035952,0.425683751431716,0.132143934239442,-0.84261629300747,1.70039615407318,0.547293244314691,-2.59000444023471
-0.861303686142337,2.58432719316792,-6.95025751095626,-0.265241969347113,0.593802158468201,1.5827887815004,-0.329284694069555,-0.0047345253352152,0.780968120191817,0.143595872862004,-0.757169162860378,2.00315620597752
-2.67742230642976,1.4015554971859,2.54606722077988,2.35193009542565,-0.718136407399678,-1.61979964430342,-0.426451664982525,0.0497034616660051,-0.910372663215534,-1.20304034013071,-0.279557366267404,-1.75345942398702
-0.820744796345752,-1.86555607595363,9.33949441352955,-0.0198082005026938,0.330309033471928,-2.92394608273059,0.42246184010415,-0.250332026683174,-2.59395311128051,0.544732001937318,-0.466289873993954,-2.20019746975941
1.87408091893254,-0.734983535149273,11.2119498582542,0.0702980834802485,0.193207283452754,-1.87569640039503,-0.191646481975182,0.296298669700084,-3.09263148756784,-0.0305266799091496,-0.334726163097239,-2.90843296312023
-1.26732855016507,2.05444873996764,6.41149096477201,1.13358547101353,-0.40821441456236,-3.17661014130607,-0.587490752181352,-1.08865925335737,-0.894279081875662,-0.0555738776203421,-0.286764731026634,-2.27506239275096
-1.23958339509043,0.456662683028711,-7.19728183828195,0.505561684943902,0.167410102160851,2.7038216294459,0.407770531283471,-0.857554158061325,3.48941024535064,-0.0563807831760226,0.0557321179274609,1.98763551420859
0.34250162232567,-0.756180774946728,5.66307368129428,0.901066195068782,0.507771196096164,-2.76801966534189,0.316337528738832,-0.608781261147309,-0.890365855827387,0.755555575699955,0.276224908271757,-1.12934555997873
-2.18911678738967,-0.522966662775999,5.93843303143511,0.842751090301128,0.373421102002166,-2.32101787371466,0.0878096903377332,-0.457200132863595,-2.07229408846298,-0.637793583346486,0.801518699731901,-0.684335338960982
-1.08619002071513,0.716721670063997,-9.40712624783832,0.112561450553999,0.712298330030877,3.40890049902823,0.00990601503615331,0.00570418594767425,1.82376076189499,0.119220062401112,-0.159542830130859,3.01024375775214
-1.49390075510409,-1.34494913371266,-8.54208744551733,0.495324737975086,0.0832318991261065,1.81078055525922,-0.283969418263886,-0.279229404899897,2.99222422486718,-0.164705070592223,0.00378975238090446,2.50757522040354
-1.97059621860469,-0.491811809371861,-7.05263989269107,0.499901901663117,0.16619662432495,2.45992497357761,-0.325344933972614,0.0393783382477119,0.910592905728741,-0.270984895231818,0.168862617540238,2.0646229071385
-0.79087666787901,-1.61616347766022,-4.26142462069097,0.531716625078041,-0.117401942358862,1.0199703100495,0.0323840758624606,0.0200518039947158,2.69859766226121,0.450176756662812,0.460594326851929,1.07741215621649
0.175932180437548,-2.0172280931227,6.45694618313658,-0.27150632340548,-0.130088222053059,-3.36410393607686,0.620847398021028,-0.310832351599753,-2.49708848600577,0.699623404446797,1.45916520520857,-0.774530561478305
-2.10232277467904,0.261510862112826,10.5361705385636,0.0104468131539936,0.102458349573178,-2.24490961311765,0.428988687413298,0.237981684206173,-2.80449679180606,-0.539576324119034,0.480006250881608,-2.29423421707773
-0.311849984264344,3.12251389521963,1.75398333136159,-0.0923933051269844,0.295903114214182,-1.38373819213133,-0.197083969196419,0.117119437060302,-3.07668493278413,0.312043116814067,0.533832463239273,-1.96910243201059
2.64568886438193,-1.97727427134422,-5.4068750621664,-0.860912073224983,0.397097123313543,2.51368987637906,-0.144571594143276,-0.0129276835644968,0.531323129948904,-0.371043215634581,-0.312105765337753,2.89384405556473
-1.47661205244649,-1.81759204164354,-4.44079449987168,1.06507835635851,0.726132667312897,1.46573247970428,0.50186930829652,-0.37985904473409,2.8443704769648,-1.0495175723993,-0.225927793154848,0.101708072014983
2.43897951096079,1.33501864351454,-6.2794464321798,0.0197020531147978,-0.721175584440199,1.77137020505972,-0.789982264299201,-0.278244150522642,3.06437000172332,0.508804441535284,1.16577796375816,0.209618501085539
2.77263656436197,-1.52386322948778,-6.64761589004812,0.262522044000648,-0.147291596422584,2.68839365754361,-0.142143995819244,0.415342476538474,1.88998991522524,-1.0696691086283,-0.664041487215962,2.0616607140164
0.775453170933521,1.46793520787418,-8.55056388929771,0.668031868344013,-1.2978822454428,2.66545928065765,-0.00431593998298527,-0.881074611993971,2.5265133554542,-0.922353975647779,2.19300791452199,2.90065197763135
0.465324957338153,1.28544151858132,-6.677812207711,0.237813723129305,-0.374535058399878,1.36482306850492,-0.827564064199857,-0.246695275564745,1.39164135091473,-0.904950290632571,0.10007317506382,3.22985518065908
-0.748392132628888,-4.78691942836146,-3.7016235064738,0.352330993930141,0.564719601719849,2.94091066078477,0.361980969330561,0.734939993240897,0.588000041143858,-1.09204756596195,-0.911164898503905,2.52008532124637
1.72967883059327,-0.801875727656684,-3.6146634661385,-0.0887740990045322,-0.176603097777876,0.965875484730208,0.393214884468496,-0.793264820671374,1.28951649780546,0.0783061035365764,0.11151938767866,2.01480146151327
1.49549120602726,-0.721861887479895,8.58979086907152,0.468142404839747,0.470825048680841,-2.0360821552628,0.933812654599095,-0.539403157796391,-0.175205220983615,-0.784696734108472,0.077522324931504,-3.19787806716643
-0.447494972328788,0.413563308163911,6.61116967355321,-0.602281573954959,-0.306156309347633,-1.23649408806296,-0.111074146200033,-0.327770641665733,-2.45290752396802,-0.526929017153076,0.466372264519299,-3.9630122665609
1.49055714138872,-0.0406348023088712,-6.15797226476116,0.32055551064618,0.253713006662127,2.10517717332145,-0.349165934265932,0.218700580558761,1.67391243864536,-0.145565228401817,-0.329902552705328,2.45236694909177
0.994622262541936,0.490693842145323,4.03826261988303,-0.779489091753259,0.132851384297779,-3.34680889291144,-0.285199614329867,0.639479387433431,-1.21025583226217,-0.700325787116234,-0.808548461451742,-0.664806497828649
-1.57621889487561,1.34666626669294,-8.54453676822635,0.159822057284398,-1.5075572977539,3.99018829937956,-0.0962777046022156,-0.0969227858445336,2.71738414559677,0.304332725049139,0.106077953699984,1.79560656570549
0.109744490273672,-2.48724598842499,-4.05484140433784,-0.102667713469483,-0.170482617212429,1.77828879830577,0.456747113529953,0.0840521956097761,2.54862345383464,-1.10922709576369,1.20412239235142,1.29275623045979
-2.43334751581618,-0.993843212871094,-7.56397083800432,-0.198609148951052,0.513086507934602,2.08084817341668,0.4046692254691,0.563960482790315,2.55739971233001,0.0544110091661446,-0.0425681346615972,2.41830667276164
2.01988932457328,-0.676518153718517,-9.24658787958429,-0.0954711172523105,-0.208903699542337,2.09201973658783,-0.0899932680098823,0.35529505501053,2.45667319711479,-0.0450788569912461,0.138003965343001,3.71247094449609
-1.44286099173808,0.38856112605055,-5.2858379872938,1.32757896500647,0.732338552982996,1.59140577285579,0.780266059417273,0.295805819086898,2.76735863440498,0.115653179164137,-0.107633337347362,1.09311366307504
1.24278437161027,0.0416908015587469,-6.55473753774224,0.42074723990157,-0.348314731524757,1.22006353599775,0.0730188072222079,0.136854213576447,2.53564406943336,-0.852553862142475,0.240677161344335,2.39384794187489
-1.74194787996324,-0.967810731858443,5.34184063274547,-0.0217431179078374,-0.0546718371507863,-3.26621037375544,-0.563082696329544,0.539078574631676,-2.88191792993305,0.79518130798634,-0.39198889630134,-1.1125592730483
2.50791616715437,0.820359783800474,6.1239603045241,-0.944627971946461,-0.522739150416825,0.0831780505894463,0.101299534735821,0.432526181043858,-2.39451624400328,-0.46293757615082,0.00709364501025745,-3.34290390240755
1.84403003485166,-1.10288643755586,-6.13796871732344,-0.439663187560585,0.416965682192445,0.055129671298012,-0.525597774439663,-0.169114962166112,2.12709721512821,0.666473227495051,-0.263586841357742,2.62578289896559
1.46580523247278,-3.36225722929545,9.20775516112196,0.235932275887377,0.84937696922891,-2.89572153270529,-0.597119333138093,-0.0103677934030599,-2.98500381302637,-0.25323510133568,-0.160763435407194,-2.33244703088622
-0.798236272079508,-0.829883448404522,6.42823284270809,0.591978466776644,-1.00168218541717,-1.94885415083719,0.315312493403033,0.44224005097673,-0.655558994390809,-1.63454977965824,1.68976785264469,-3.62675157464145
-4.42296538359093,-1.94668163866778,5.77288021612321,-0.240244166327119,0.987615515563098,-2.84920937480424,-1.17787423448441,-0.351388435149282,-3.25234687480121,1.46598785086168,-0.569018857780471,-2.54136305113528
-0.998081921263946,-1.47862206713818,8.64234460486445,-0.151325295327409,-0.100098778444869,-2.35905901002423,0.150529166921554,0.570545977705658,-1.61447696514199,0.00571946345598376,0.0380527766690298,-3.2765490273231
3.11499880636586,-0.333889249161822,-6.40734104511328,-0.607312175640015,-1.76862932943366,3.15939407736049,-0.206634628584187,0.671686662237281,2.21951202067593,-0.645577126971911,0.0314608322015154,1.13033746969837
-3.27877713923832,-0.497904083706079,-6.12094239133674,-0.380886469821696,-1.38636424321736,2.82757407567426,-0.12263866633179,0.166374866849158,0.902195238139971,1.40952471389213,0.651149955428958,2.58570063929898
-0.0655183124834561,-0.784463246382519,-5.05987281462626,0.215723594010485,0.13512237084839,0.805742615914766,0.42679349845921,-0.373819727719152,0.568553094212738,-0.565933214616,1.78054388087345,4.06501387524149
-0.177727159194566,2.44731687745161,11.184651446352,-0.126692857001632,-1.00564178520036,-3.50766267545565,0.373641932194285,-0.248334686473018,-1.20675165379873,0.909367463992198,0.54202303680599,-3.58302192418303
-0.688604576856614,-0.622328920981009,-4.91130830421038,-0.295244956583545,-0.159387595387726,2.08678510784848,1.07003650311258,-1.21880423350541,1.24074382144324,-0.0841370188743455,-0.304774166099756,2.73231703134798
5.01312801437681,2.86281712268895,6.17996606550803,0.0284333731134388,0.937467498061508,-2.12177666021167,0.117394426630891,-0.00608126742777062,-1.88879751986163,-0.580899527160876,-1.05206862740404,-1.907975761566
0.27018094191552,0.425052681192822,5.28559871849146,0.11357426365959,0.266600112802205,-2.64983552686911,0.574037724286205,0.0719876376340938,-0.648579641861109,0.0796448004982795,-0.911244705726734,-2.70293981596181
1.16366046551046,0.0196607762786654,4.45762360764728,0.159401241310191,-0.0603643166863964,-1.25108162078845,0.0134141706052073,-0.257993537443987,-2.97672503207817,-0.424746852077876,-0.200163505139301,-1.82926573355313
0.87175390108873,0.418279703883919,-4.49459492298737,0.245522213716835,-0.0890372898362259,0.853399503094918,-0.536374616525152,0.4135658105817,3.6589811815612,-0.337155066179623,-0.512839576163898,0.204211996312447
-0.734708641186942,0.566447212793921,7.08444462790707,0.342983976823176,-0.00507429574443791,-2.48889378873639,-0.449998617294303,-0.0727665494833429,-0.916607821637242,-0.463440667094908,0.106661489875909,-2.75990828827351
-0.430149186802,-0.441405075188149,4.96593130718547,-0.0375232679174211,-0.0431485138385291,-3.46052339174589,-0.0682110416596956,-0.244719859053822,-2.49732620035699,-0.229643156843144,0.0497826229685178,-1.58224519209264
-0.58607721668458,-1.30617573098327,7.35044820850092,0.237882968915528,0.334005173622053,-3.6604703257265,-0.0233187709777867,0.124274931390563,-1.81069944189371,0.491436607808377,0.907456403724179,-1.40671909659655
1.06437420711989,2.57271600241676,8.97355029096206,0.0747192589281912,-0.406816211582933,-2.7268573004522,-0.974507036102453,-0.618553043633982,-1.8793794119804,-2.09202368009625,0.841989515456853,-1.31484770534491
3.04473031398648,-0.958426459173798,-5.89028891632175,-0.326608409367295,-0.00572917005017408,0.970716620968066,0.189077582248967,0.428330927166137,2.37306893769994,-0.940836650055612,-0.586910416108435,1.64997258827809
1.19295166047074,1.87503428748324,8.94420158867097,0.210810229950137,-0.885599217311259,-2.18933704092756,-0.602914784460677,-0.0279289951633862,-2.56169676100836,0.0163788081577749,-0.153972472092101,-2.96850140907094
1.46237143627433,2.41024490492223,-5.88000758614044,-0.263288554463188,-0.300956277627826,0.781027948187237,-1.72436521375443,-0.763765147568458,3.35504549760905,-0.296531553900246,0.271829767829176,2.96371498012902
-1.26087664153357,2.2074630737315,-4.86566942451393,0.212934706913165,-0.130571194162505,2.14619308004877,2.01046638284297,1.43921914665133,1.04421229331639,0.119862427943676,-0.0206581544715346,1.01096148661208
4.59827380540155,-3.4355756986104,-8.54998212899625,-0.157796293652008,0.774478160509013,3.50935843110854,-1.95926460845491,0.979363064227449,1.77626006426547,-0.16674502378358,0.13613702102635,2.53779448013057
1.59954458765882,0.195155052382,-5.7244682811507,-0.211173717440134,0.270271754591687,1.1418056669114,-0.333765333799054,-0.253506860883253,1.98718081013229,0.480207668208849,0.094386404740715,1.89180460469816
1.61227710878231,-0.910147250324616,-8.17432284220241,0.550570643161714,1.32304755360977,2.19531431386003,-0.237180610309593,0.0512923262954128,2.89999754851354,-1.95375409614072,0.141176775456477,2.80537384007857
2.92386676657418,1.54087423269689,7.2548673332523,0.00741497187253426,0.488602659579837,-2.5231818702464,-0.330820838654944,0.236921646593399,-1.49967089878502,-0.780188311864322,-0.74796557049696,-2.72914002660923
0.573992758730002,0.99751685592973,1.93740110963466,0.3499086433455,-0.10273828069905,-0.541885446318752,-0.126285737865579,-0.458484869312662,-0.475084981663044,-0.249498127096364,-0.553934416189415,-2.40590874751248
-1.27585147174672,-2.44589392826068,-5.28926541973591,0.455375510891591,1.11476518337824,2.49855861960463,0.956615619818199,-0.0717488334396986,2.58869927584018,-0.53849941656622,0.231564198496234,2.06864446885983
1.14309226950308,-1.71189991883654,7.12099428467523,-0.416586795241495,0.54838665844181,-2.09325932643655,-0.0495687343896903,-0.27386657228333,-1.68069925705797,0.135135482358837,-0.421170973990974,-1.02901998782237
-0.76542272436781,1.20033295814511,6.45684992306962,0.802134783617054,-0.743646250002369,-1.78555794828754,-0.487139045533303,-0.0987368132757424,-1.82139995720014,0.440791367364175,0.351918502891545,-3.73261633039132
-0.0341976592482515,2.83993079367721,5.97806635944611,0.452693586802433,0.246235279551443,-2.30125378269648,-0.397078915992241,-0.0364305085648385,-2.79812042920119,0.535751733055201,-1.14440891191769,-2.34437708296325
-1.42668069995905,-1.23476370053705,-6.71096805712008,0.287535812895564,0.22856079985312,2.00653779435242,-0.23803503850746,-0.103511639041131,1.80432058020123,0.40766548015898,0.253192562672368,2.98065800970601
0.0822190062280213,2.11195578936764,-8.30603189105009,-0.568681419389278,0.434838266917082,3.11682679458207,0.0772298846986864,-0.34479447870874,1.97752622146284,-1.22836976448752,-0.57499783582771,2.83860063189158
-0.855123156416162,0.112178177518335,7.74196641901986,-0.314334010868393,0.626519026428117,-3.04594420281266,-0.0486126478362787,-1.484851490295,-2.21356769875195,1.15303225470231,0.153785276126232,-3.47761078349514
-1.01670793753765,-0.0270666412811065,6.0297780298059,0.166236091129277,-0.261694758535948,-0.901947126714744,-0.0986711652612197,-0.222302989699033,-3.48590368121699,-0.160642149176759,0.0149590768967346,-0.897599591661193
-3.66238103414898,-1.91448005625486,2.25684418741208,1.07610851495713,0.217699703824358,-1.6727905196643,-0.10944290124513,-0.127523850415264,-1.89374005838816,-0.718418314695931,1.77893659481702,-1.92975501419799
-0.857687778958064,1.71120209124458,-5.76692894171654,0.225971062745997,-0.402756989750617,1.88367984455851,0.224388437029147,-0.249805918229328,0.763745330845827,-1.15142849342936,-0.500372577146481,2.21465832604092
0.643835652923143,-0.106915958301133,5.73906792261018,-0.176177988307305,-0.539066618649854,-1.04740973090999,0.401845071602664,-0.0116234847778984,-2.32592878265165,-1.81628721957715,0.633993157876745,-2.16976002434262
-1.20950503799954,-1.11042225019305,-7.36998504626889,-0.652220576624834,0.16029045280716,2.17133365919775,1.01996155150874,-1.32610033289996,2.32555838905163,-0.336118805983355,-0.14179785754494,3.10271716856997
0.917749722074326,-2.04904660962254,3.62960568826574,-0.152228669990035,-0.0485248964355711,-2.4709663315267,-0.198389588993449,0.532741309854161,-1.97625936633094,-0.80511674506107,0.890486533615828,0.100783969959595
2.51265545738873,-2.32126520015081,-6.38921373796709,-0.684310578957747,-0.0485123426720027,2.94005572357827,-0.76713642188788,0.94242993902261,0.497856298130813,0.152440801215514,0.47190337725336,2.32164353593223
1.81220685587824,-1.00848547728863,4.81408731041516,0.161284627658086,0.0218325863712128,-1.03521193175327,-0.463554964694261,0.524326595658818,-3.69269497417321,-0.737274008806443,0.551204534097675,-1.74492428781552
1.22375962819077,0.822945085478674,-8.4020393721965,-0.46956752453094,-0.013235897888949,2.54659179473377,-0.0197448127313281,-0.793405755917712,1.67144734844009,-0.940762437891472,0.449552511046801,2.98224750968398
2.23604022508879,1.72894315780971,-4.69476435409285,-0.248415334591833,-0.602439981649254,0.172469666452795,-0.857190259508014,-0.206814559839853,2.09624821128477,0.330087342745986,0.0331237264909832,1.21533500976358
-0.0847467035621006,1.28333932074996,5.00943286780379,0.125743231946955,0.0171942041272065,-3.04867174634513,-0.268991599643232,0.237786720524359,-2.34196082426551,-0.77681592529112,0.686132304548485,-0.818749025200342
-2.10155127192556,-1.24880826474001,-6.9139604826764,-0.0279738186426571,-0.0708903337080478,1.70038351397504,-0.235585433989165,0.237944933836249,2.42219405845292,0.603857046323518,1.02909952849698,4.41190449198655
-0.201421604075786,1.97388519220118,9.34616753394151,1.1168498092366,0.57505598207853,-3.05299992152423,-0.453660986732009,0.0245640793810937,-2.56722932182396,-0.881434102841169,0.239905023211735,-3.96414552416421
-1.85310802627224,-3.90718132620914,4.3940355157165,0.938681372786075,-0.1735641015372,-1.7208664875176,-0.068405749067757,-0.0561368879308757,-2.78838835071198,-1.00219432384136,1.50551021920593,-2.09180636627139
-0.890608493207638,-0.807946156667314,5.73811255204272,0.891077466792229,-0.182205006768363,-1.09525746181946,0.0150975113992769,0.307746616337437,-0.944855649617046,0.146289483405536,0.283743388048762,-3.50290748362362
1.15986361161859,-3.00590208528408,7.55715092215987,-0.268607595181751,0.521181077811833,-2.37513114455222,0.0908912074011732,1.08200680274074,-2.01495637602505,-0.476361335707133,-0.237372854676018,-2.46840627018789
-0.6805510986735,-1.49954550553627,-5.02452934411201,0.000730075548690556,-0.223439002974142,1.18693957434019,0.325944356323905,-0.12147613498143,0.280717673868795,-0.156947736187223,0.187949583370406,2.67586544466124
0.936717701058694,-5.61949552525899,2.88697741421964,0.271287884493744,-1.00495617785902,-0.863306906971472,-0.251809404170129,0.672872684658082,-2.46328320247651,0.257033626079983,0.120044335142777,-2.20237620698983
-0.139690412476707,2.99818903629165,8.49500981689789,0.335815591424797,-0.451769701622491,-1.80751933475846,-0.39322861243657,0.17570437543353,-2.74670681050494,-0.0246996936807436,-0.00886882383936296,-2.36968864738971
-0.700713086378259,-2.22425666411755,5.74696499603905,0.0776089503462412,-0.773798401224057,-1.68797400258429,0.609398118110033,0.350808643432995,-1.95499218429441,-0.829563646024322,0.908222196735225,-2.59466413501224
-1.59197875397941,2.88383754124528,-6.6244484729599,0.389823071300091,-0.915278622338993,2.89825672639066,1.10631612713164,-1.43323687180084,1.87894233701585,-0.232702393859329,-0.169772445794619,2.53167953096148
0.21251480112377,-0.48948341103997,6.83820498538933,-0.475066313359714,1.05229189480085,-1.85748918731635,-0.719907987576039,0.677780387389986,-1.53263844151106,0.202527283808662,-0.174459094300157,-3.34819234140011
-0.22527696522065,1.04451871511322,-1.25570202525049,0.7929889506014,-0.428102234872371,2.08029258790024,-0.203852526892913,0.317401114004978,0.576545142415064,0.0146442441770014,-1.37623756410885,1.23246113569807
1.16640494204619,2.01335294146604,-5.59613326986911,-0.867646287501683,-1.10518427323303,2.03491304906051,-0.312738781532099,0.0635251447523128,2.08086985930824,0.212228010421875,0.19493478213889,2.24351837451569
-0.104567746903328,-0.423342047305221,5.44507359107087,-0.437953892507382,-0.327314030338928,-1.18428518167364,0.797620873288388,0.38803035860435,-0.744225599430661,-0.229253678584204,-1.06163784584275,-1.96471820721445
1.28316964269721,2.34459020733125,3.87632007569177,0.492067405995535,0.935926059501113,-2.15247672106983,0.116982821646185,-0.339855506487663,-0.571147708301016,-0.514109959937309,-0.368507304536653,-1.83793767630459
1.95743440001834,-0.213451238116301,4.75318355554956,-0.609672819371713,0.555540864541944,-2.36220045171576,-0.874236093536123,0.482458992284431,-0.172688331849167,0.489015387472967,0.250067923113776,-2.43575699068086
-0.0545314124301635,-0.891022419423513,7.57292709861569,-0.13194188252935,-0.026576184289607,-1.92788284215155,-1.07939935118204,0.712636912451877,-1.91837974597037,0.412045951488649,-1.11217857211567,-1.60326824544831
1.30659340512204,0.878537508742351,-7.15078728377205,-0.495530638989483,0.215529368740781,0.845351606938946,0.251317348866211,-0.461642198183604,2.53673496445622,0.0355588421165987,-0.0511857019505273,2.22364876382103
0.718144091109796,0.320174045108592,5.31320748673234,-0.640714034593431,0.519371920844485,-0.880994752052288,-1.10417384981563,-0.206429952793813,-1.5909043381998,-0.27656551298349,-0.544217140020899,-1.99475370109403
-0.224371172302686,0.906524038719501,9.23228905951734,-0.00726566863014131,0.00519673534572888,-1.41646361875732,0.0906066948192622,-0.114468156553624,-2.76803041608924,0.609002063047423,-0.839895788920698,-1.21595252440477
-2.25289433466376,2.27347651507147,6.70256416836416,0.266533705546184,0.686119029325031,-2.28478367209706,-0.198475845202592,-0.102342428480278,-2.19800239018077,0.849320168631681,-1.95643343159522,-3.03350076440804
0.330354552178167,-0.664086056207015,-7.98045165693049,0.126043835470981,0.429095846087506,2.19462770417649,-0.162179002968598,-0.142749678121458,2.77107304239549,0.334299436124012,-0.0981839957462948,2.35106738329114
-3.10616134535585,3.09206225967711,5.10345188815561,-0.0736841917439456,0.318184961083357,-1.80579679992159,0.278656489305915,-0.402542001548521,-2.28670781647586,1.06680855180245,-1.34837450499334,-1.7338668987977
-3.00065436031988,-1.84179759881016,-10.2459232198316,-0.138772611294853,0.176092055170294,3.05645650079065,1.11742413944025,0.378842970561826,3.53045842172685,-0.367784568441399,0.139972619476674,2.27963724347404
2.04074543463378,-0.92538171286907,-2.57556299625141,-0.428968326467148,0.382876350864061,2.71752068789979,0.151784348864773,0.0221642935167606,2.17843387296464,0.161545332543325,0.622377929689747,1.23329069747825
0.487254924385524,-0.15932353178058,-5.76211350239427,-0.422303834040012,-0.539074273079213,1.18282241011722,0.491032442689355,-0.562181090409782,2.0350032895804,0.996315605709631,1.61536965239437,2.40167696038245
-0.342466006793903,3.3850935923211,0.524050311872943,0.0127775517663828,-0.249654813292304,-0.459818019098898,-0.136037689877606,0.1990522109661,-1.05499369245369,0.28743517226117,-1.06557696762607,-0.304393878762922
0.698447353578163,3.50584447072134,-9.7770660403996,-0.0838117688549759,-0.169983435135166,2.58098280580662,-0.185464918790854,-0.111548309583776,3.70902726225066,0.0255424483479008,-0.891296675585319,2.93670316431077
-2.20990042324907,1.7501172139619,1.45920110615317,0.120642448627819,0.136808055221622,-0.952278130919376,1.24476388839767,0.939595383711015,-1.39891088458231,-0.2444480208406,-0.24588090578216,-0.732820424439506
-4.17966461524376,-4.08230370524614,1.44817261671483,-0.165879730950359,0.0187238177537037,-2.82123246784304,-0.941073184088088,1.4340435845756,-2.23167423659613,1.03234606782092,-0.695117598632166,-2.04946607168556
-1.51699095545732,-0.984346799832247,5.92247575343833,0.545274534006041,-0.22113496531383,-0.547011346348454,-0.0516780702471868,-0.0384281883627934,-2.73037705326197,0.47883560668095,-0.150865806811266,-3.05082326553172
-2.25657318429719,-0.06934291379327,-4.73945392415918,0.52850761031664,0.300997015123579,0.770447928544361,-0.137006650866436,-0.398076186018094,2.72062993637657,-0.437182073207299,-0.282870430460704,1.77915178936555
0.0353896462985623,-0.275792449310648,-9.20124962120594,-0.659286220505024,0.418593479109264,2.49570011847249,0.10621744011215,0.161699185243494,1.84572394969032,0.283286053830201,-0.176853845675301,2.99281843367021
-2.05504293016486,0.592914181795099,-5.57749492661932,1.90961904819862,0.518024210180441,2.54415396467592,0.0359590336334507,0.0686351129740633,1.9065518111344,-0.740255786022613,-0.577167477782802,1.80496088185228
-0.089806021356438,-0.617941451527247,3.47697372226718,-0.245749201305062,0.0931079106282408,-0.512798901843796,0.0983668158109092,0.734329332034588,-1.57135140775694,0.344916217214741,-0.156376689899069,-1.28859307077861
3.43507774339091,-1.69055854386522,-7.28712824992879,0.101815968343545,-0.204888500372257,2.35367877539646,-0.530142505191028,0.783401736197453,0.988874683246403,-1.15650211748245,0.708740152928849,3.17109775708033
0.145019753969532,0.112112647693146,9.85831841193112,0.376488140782597,1.0968098254981,-4.38211821851693,0.324563748205941,-0.491997598266813,-2.41304354690442,0.0211444963354353,-0.369177675565589,-3.17639805799172
2.46587296351965,-2.06856624081277,5.39327162931861,0.0909615675138295,0.283453765311921,-1.6664428701766,-0.0431305715170963,-0.220453816318289,-2.3406041001785,-1.2167253937579,0.569157809532488,-0.602852720020593
-0.423560393966828,0.275106092276082,-8.39484779324423,0.277400688025324,0.286038503664914,2.81765145745241,0.151165917118943,-0.114859057292019,3.93263112411602,-0.666130557791731,0.60395110330112,2.06671695934514
2.64989526749776,4.24168923031423,4.57986714967527,-0.173747241175558,0.086897380492241,-2.26185470063351,1.07189270040149,0.269856494772663,-2.73102943965863,-0.148605046751749,1.11335238947892,-0.299368839010406
-2.00059004152757,5.06102467907297,6.83226148550868,-0.37752499625911,-0.518245290568799,-1.33037700262173,0.0737432341966736,-0.0230419768121826,-1.75349747772742,0.0845011156493444,-1.06237062145825,-3.83726692926404
0.123889796234196,-0.68973112244564,10.444229823097,0.0797097820073894,0.356328196221857,-3.99768799802692,0.119627213917497,-0.171360220835636,-2.40080783328839,-0.162571210821549,1.01167785141027,-2.36801515395703
-1.38225521871072,-0.572207931825981,6.09956548498739,0.000850621216035986,-0.286137007329351,-2.19736654315115,-0.240044358905158,0.0993117031373185,-0.970948344763063,-1.06538190591376,0.951687613298016,-3.9320125009729
-0.933487749333143,-1.51754547722356,4.4310934026441,-0.413737821929496,1.21658592749817,-1.80933253299031,-0.100249454543842,0.0934707563127008,-2.88496323775361,0.309135346127512,-0.471869477052934,-3.3115417083657
1.66238884463858,-4.52766079461457,-4.84600957807478,-0.413962742506775,0.252984709657826,2.52813856545394,0.0939403090504763,0.0433540664138561,0.99628849358584,-0.0786804617583449,1.23329831807323,3.43088453678559
-1.31407667054555,-3.21582743725042,-6.44554362288505,0.469037186736001,-0.410491126425481,2.04897369683004,-0.0588875578928244,0.622594520094444,3.29913062924674,-0.373690178121854,-0.0105368819699722,0.62092258189114
1.17972994678022,-2.09813074903884,-5.28379796429803,-0.0459529920068869,-0.494065128631938,2.17959947088605,-0.192292541929349,-0.213739288514761,1.41056118666641,-0.393167449620993,-0.414731709160171,3.11372739072205
1.74538709492577,-1.76637380785157,-4.91216207237004,-0.286441778557641,-0.436493951158783,1.57569085731677,-0.180719021827611,0.519033701576597,1.81539434584469,-0.147817824285931,-0.46314942536991,3.0207748678927
-0.128892605364221,-1.04683179254617,-7.51252112084462,0.236086226854224,0.83040522167068,1.85267994424233,0.81384144323198,-0.425637872642589,2.94923615074197,-0.228440320286735,0.269202515815486,3.10307039391612
-1.57651015737385,1.24395032838011,10.209599202704,1.16445686040204,-1.40526483181227,-3.60210549811014,-0.0395791994158771,-0.121756205586728,-3.66005230484675,0.215526577306916,-0.0997572803970454,-2.09692264274808
-2.35113814424779,1.41780056787484,-7.12334921407361,0.476673767022015,-0.167227486075162,1.53370374574178,-0.16591830701754,0.376225293950759,2.09585872762976,1.20366016775467,-1.07460204922239,2.60448863626337
-0.104793733940223,0.196022062362845,-7.52093188256771,0.252387867839761,-1.11899933161306,2.68445899706706,0.153080751146723,0.347259974225793,1.58872883516264,-0.293000337772784,-0.265096925980688,2.31151279899222
-3.56355566435969,4.2721573074233,-10.5839197101736,0.786948756949568,-1.14080820989786,2.52830517518687,0.47250448803726,-0.0353196400353576,1.89612737684907,0.0743815804846089,-0.360057850173196,3.70350938582171
-0.875368680393853,-0.137823077804476,-5.2236291367834,-0.146934393147672,0.177655970924643,1.72363562710604,0.378979316962311,0.247009094515793,2.48662563599086,-0.177044153627244,0.356583758639032,0.743672423733755
-1.54392077089409,2.58804922835796,7.02423975825699,-0.453026408642729,0.0829190765205664,-3.66761870284647,0.485021307361508,-0.245750096253311,-1.66643097845868,1.43489094020548,-0.96726615343042,-0.946486585005197
-2.62922065450354,-2.74082745544235,-6.84179419519629,-0.356330467174595,-0.0460246504510135,1.23964269039984,0.372936017645241,0.169534213107938,1.31863043585288,1.74758575346094,0.588874562211563,2.96712697065478
0.810139728120204,-4.83679945164561,-12.4456927904568,1.3375496609333,1.49128387414917,3.48876469007609,0.171897121402821,0.293254886956286,1.75772409065282,0.143188131250969,-0.288259337924589,2.96270336731424
1.24722551262025,2.44389156318256,-2.35452372511725,-0.645825903109564,-0.0408045680473698,1.03857012157071,-0.211571664254202,0.32038239262528,0.490405671659789,0.268563266903063,-0.520597821358284,1.58228483473932
2.60959574642372,-0.738841528117788,5.82002705522669,-0.578281742772218,0.22209945257271,-2.7311523602927,-0.134103459615347,-0.11569593458033,-2.28374523731535,0.498523196111501,0.144707999222035,-2.62043554683307
0.953735023292083,0.338823444481728,-7.45628529408936,0.845484978919155,-0.221202706013676,1.80781037678826,-0.168398105352348,-0.474687451777407,3.09344638845369,0.412482871433657,0.0878547494569222,2.40140257643475
0.521366442428018,-1.95457374826464,-7.32878503217618,2.19077243666131,0.500135037608013,2.03276283438736,0.0368854542633362,-0.11576963129452,2.59809980764165,-0.0607014573198551,0.326662415630587,3.31038878143338
-1.47631311220886,-0.108939384487505,-5.99698455428992,0.376527708443073,-0.65566173251574,2.62879324109262,1.15202721614858,0.503027675607931,2.13086354457605,0.427318611445472,0.0294838795057317,1.60567294305623
-1.98054680253932,-0.339586376926148,3.21339210050892,-0.157293973884965,-0.0405127936236024,-0.530204469609779,-0.386224138998169,-0.403474549077961,-1.38398848228945,0.984956023319887,0.668619572551095,-1.53616231225653
2.30010905532546,-0.998268755227583,-7.05223231419099,-0.306864715490425,0.0618188817177572,2.26538428958088,-0.913861714533467,-0.580192202951246,3.61351361326849,-0.117628029114387,1.3341431889579,2.64498226290946
-0.547633040736323,1.97581317777451,-8.83262704686436,-0.0836960096872457,0.21841598015177,2.31856703795748,0.269473510284238,-0.212205665562831,2.84004755058603,-0.468669168166701,0.6666499205242,0.46227574708865
-1.03207584146994,0.171954385595676,-4.65112183391599,-0.327048817525728,-0.142136697022365,2.1177905500417,-0.548055798204334,0.351419559557975,0.549518375443513,-0.157519617758519,0.432941069343521,2.67843619567133
-1.13749881641827,1.12573825979895,-9.02125154972153,-0.680665496957448,-0.560256330232427,2.77595231148561,0.30967003476626,0.386483774305748,2.19310643738601,0.171266800240791,0.116420694630446,3.72374957027917
-1.8578971289025,0.0919720420964531,-5.88154939625668,-0.248237706711828,0.249561437355525,2.32941651961066,-0.024951343474639,-0.271121877640354,2.75459098723798,2.30831243738409,-0.46949650038095,1.76591142436761
-3.17715284864207,-1.80354394904983,-10.0348584353791,0.14737722336526,0.800924382820563,1.93161885035787,-0.282983088954225,0.464878291978259,2.81262228973827,1.76105558412063,1.44437842875538,4.43464839056937
-1.1843411173657,0.540691364367817,4.45918945647095,0.116688841157499,0.263281460534519,-1.01233009520157,1.28041468703854,-0.207615768789648,-1.51720308700127,-0.0584587053233522,-0.256741999944233,-1.75611501139609
0.242923676413117,0.043971040526143,-8.54133821096038,-0.290619930803856,-0.523873558241198,2.33820007442472,0.297481699987478,0.183337915994365,1.72952296235975,0.32567613381773,0.0350905150277065,2.38445633421157
3.03623670711428,-0.937457836781821,5.86383702510206,-0.300915504276018,0.304394604684509,-2.07612421793604,0.132103989849277,0.465229090805149,-1.42514015493868,-1.15473934162493,-0.636913751887517,-0.369846417831157
2.04317381456689,2.95223239179515,5.30595153371255,-0.277824796997953,-0.370775226501899,-2.54197687021891,-0.325626258915302,0.0577716446312501,-0.675919456999089,-1.80756509385552,0.203816800878578,-1.09921499447751
-2.8058685021984,0.572515413523874,-9.02525883704103,1.02039547050203,0.254789395051548,3.69232384138148,0.153052203929911,0.536765070998449,1.94684299280037,0.569524720149224,-0.827230318890881,1.10270971179051
-3.1212890615344,1.0128875911348,-10.7320395422765,-0.135859796333936,0.18198945869204,1.25667272250374,1.28567627553917,-1.13550632000653,4.01700817812419,-0.259118834574148,0.175745641307965,2.3906789445707
-3.91868053924092,-0.706190605895046,6.78692656036407,-0.011602878500544,-0.411799760235253,-2.06315031143947,0.334605613080647,0.0110812000932865,-2.43730272614934,1.28922364709915,0.358444815691233,-2.43024087232741
-0.294780921859568,-2.1600222396483,8.61898762639267,-0.12648079564183,0.497115072782375,-3.55605489791939,0.0877137071463711,-0.123136314395037,-2.5017926644274,1.7866697299267,0.809660071410497,-1.69026305232816
-4.97190924201967,-1.47128459841508,4.85801610359865,-0.282523073624531,-0.203741552820831,-2.97328988371972,0.191159889224919,-0.335146924994393,-1.55377472818778,0.187370720309112,0.414717913366993,-2.66628052099751
0.843314454218663,-1.48272890065949,-5.22543937763417,-0.121989650659823,0.450551754770004,1.76730757383278,0.729884223795194,0.0296173937456219,1.94957448871146,-0.455469178114885,0.731251849662523,3.6229753927467
-3.24654307743176,-2.21122503431944,11.4455749071894,-0.585042810191637,-1.07719745215634,-3.03285881151656,1.53866175037921,0.804754967348746,-3.93127868208484,-0.00197537363037277,0.0425524300293265,-2.46358995902785
-1.95186989605004,-1.6342385754366,4.24729051978723,-0.25683288361182,-0.168571331137556,-1.76634185682849,0.664431746508874,0.151312326928592,-1.39640014018231,-0.315855676941494,0.734708906924558,-2.41240566028602
-1.367966011704,-0.609161229570055,3.75074619915277,0.216076442740877,-0.159364285824086,-2.6179255742048,0.13633295493579,-0.410799072197312,-1.70648096721936,0.0412159790823546,-0.00929973627885951,-0.776678655991894
2.47033521719287,0.488055164453303,6.47908884020061,-0.713418583972693,-0.107017340527268,-3.31652872386545,-1.36081521806744,0.403235302584468,-1.04503860648732,-0.096682336071975,-0.0299127557221051,-2.63892524271971
0.437418654533267,2.46336617858807,3.39090836705872,0.829177718814706,-1.49657264683006,-0.428113782034007,0.0640704667011376,-0.0390863318346172,-1.77836502935058,-0.0606566164054562,0.0114651711556309,-3.08318397757948
2.95784685533099,-1.24716325731319,-3.25134816966074,-0.421325629407596,1.16178020935875,0.215233497453103,-0.189451828931136,-0.412967534133366,0.702776721690227,0.603287954940679,0.23665197762351,1.61548963954333
-1.94286207120068,-0.46633987843276,-4.42601270146978,-0.253495023383346,0.308877983782047,1.13326607966087,-0.780479511536569,-0.210243548553551,0.995905295512762,0.399805421422536,-0.398502231916472,0.978087449580732
-1.28229884564392,-0.836143490127493,-7.43364360206474,-0.0293588980461785,-0.133630630347867,2.48593814981153,-0.183361690120313,1.21561731669419,1.2784888647651,1.47909223587872,-0.494163323755468,1.07083833983573
0.709725459944076,2.95864534525639,-7.46053641846202,-0.67465943563411,-0.0106248013059381,2.46932280473729,0.309757489576375,0.484656254682471,3.08606116779027,0.669083208967755,-1.9789341592798,3.01776633949234
-1.05622109504168,-1.54215963998367,-6.96093886743872,-0.128610511285892,0.43885458675368,3.44591269295147,0.504822324546782,0.171222839067441,2.06236339319448,-0.0892965696378293,-0.011956315523309,2.19219057708817
2.830964708178,-1.28629142082905,-3.47314768330476,-0.589690476347542,0.210813354447817,1.2068970022525,0.202665473173865,0.271018676592286,2.1230932284383,-0.0637404268101922,-0.404091331331163,0.793812781668015
3.95809613190427,-1.02240400734164,5.967366088891,0.109957409018719,0.22319247631757,-1.0228650539071,0.385642827511255,0.348570459667017,-2.05961852966728,-0.062678054477668,-0.301468620038647,-1.2288703024498
0.219455694007352,-2.15321804073771,6.75201750177028,-0.267057553594859,0.0147566529776427,-2.36369104723132,-0.741131965289335,0.676109884017907,-2.20140182681411,1.47011073768519,0.866616174676672,-1.22065105780284
0.0642736056394655,0.398650837597392,8.08313950795849,0.231444511314967,0.159842172628808,-1.51162565996477,0.204393263360658,0.0546418946250028,-2.82240342300742,-0.481146571829134,0.487410669702876,-3.55287558693606
-0.607723921363365,0.490188287003547,7.03410499508156,-0.139693149367819,0.110189123296928,-3.51553082374094,0.372132279161473,-0.0645238982642172,-2.85815338222709,-1.00314365042361,0.48463889218486,-1.98744380163507
1.81699193150387,0.562778446188181,-5.50825848149583,-0.0587431704128385,0.547294013328086,2.74547904594853,0.474183853756804,-0.183905764245431,2.01426552178001,-0.335014429118733,-0.318553500517764,1.00782363498838
0.000208065215391851,1.77589837713958,9.04342227446822,-0.083863691873305,-0.228374611175233,-3.86769351228319,0.0791357220152171,-0.203832003104148,-2.95532544598906,-0.650601814461843,-1.000123799841,-1.68711650594867
1.71184131806638,0.737565292777502,6.9269390424762,0.150374994579335,-0.454202905816727,-2.31897313807385,-0.615425129224877,-0.206038377523649,-3.37131101003404,-0.547597333144782,-1.41962247843117,-2.7653805048685
-0.793759339087534,2.82234760255344,6.04322617625437,0.21531412028505,-0.309951039703931,-1.67061410060457,-0.0602978567499156,0.0989438926881227,-2.78612041487081,-0.320907154261854,-1.66454168469327,-2.74347941745046
-0.176468514564404,-1.3307887147617,-7.85324550759098,0.259629281031733,0.25919967761516,1.75865679591848,-0.23862728731143,0.0430285950465292,2.30275098599021,0.0671321827321393,-0.223219522537189,3.18401266818537
1.65859034855268,0.929976405931999,-6.2464826867515,0.15283906890596,0.43271704459238,2.14652698078085,0.650487184798979,-0.0135503297788244,2.6736450250975,-0.603571940676232,-1.20025800734,1.67446677720511
0.873453134413243,0.234755663422493,8.74892647070947,-0.709728257471712,0.485011592250256,-2.16130167540307,-0.50720905694953,0.033101747341069,-3.04675598995349,0.332468251750828,-0.344310861272294,-2.23745879965066
0.823329558080193,1.94400457161816,-7.44995332561262,-0.0700002827140141,-0.145660673615744,2.60640100792995,-0.4431839461971,-0.114752925046762,3.5305784079152,-0.0404032681296777,0.190203767960373,0.798379145574897
1.97316533651585,3.27121720480837,-8.28393639727746,-0.938592064784089,-0.274901453181958,4.00861152667084,-0.110708902380037,0.53168480495685,2.13493127366751,-0.0291212142447753,-0.134103688212976,2.53289872296973
0.459837047014764,0.120021738597395,7.17479724259302,-0.0479727188431266,0.0235183883234244,-2.28134610797293,-0.565371449837642,0.00219226219555312,-1.48116872495037,0.0161655114465322,0.0973925610917356,-3.20260724616877
0.3992745221711,3.47322104112995,5.42735465803516,-0.142416238613932,-0.051539158593626,-0.982120538357777,0.264437480514179,-0.32275267941723,-1.80963593058536,-0.970621847800509,-0.0609331941473161,-2.42776833435506
0.181098550880721,-2.23837663871402,10.0910946029529,0.145214753477914,-0.290454906480528,-2.42383667024503,-0.15830618184748,0.641325355484714,-1.55837686521476,-0.810451499228943,-0.768652764427508,-3.89795277619178
-2.52979777599315,-1.27891593189435,7.87300984891007,0.146178073679104,0.725828634479061,-2.55523632383658,-0.059765996999076,-0.194487339007368,-2.15872773008665,1.24139819549367,1.13754680844298,-3.7723447732241
1.82556271873356,1.24522713363433,9.00179642757244,-0.822670535577362,-0.80663440311987,-2.14739605536904,0.335292686400233,0.275805712986258,-2.17206062872852,-1.09027106796918,-0.84469728503091,-4.66116636638524
1.94610382433082,2.37493629046171,-7.36780898946999,-0.235774955478588,0.527918494771346,2.6266088982569,-0.10280932523407,-0.546464724577806,1.01397080572321,0.603491949660566,-1.58546976563849,3.4907294536393
-1.31496797324044,-0.842922372334067,-5.5682370733992,0.0818314068684046,0.1540570295299,1.19706785864327,-0.346717426191054,-0.0599915746385942,2.33509153730656,-0.158116852853884,1.30743965598042,3.1516738605033
1.54043399961928,-1.41945792825731,5.78018652787132,-0.939790216099717,0.275585205339949,-2.61522944314344,0.159590379622437,0.323489018979008,-2.56818955032608,-0.26410852454577,0.097990492961584,-0.617477927718414
0.525054315313221,-0.414865400597324,-7.59657911834213,-0.35321073596128,0.443743666359393,1.53536339315009,0.35597396494746,0.714613031570671,3.47220654587304,-0.0916685015395897,-0.263200448301424,1.77634641272485
0.758692223948833,-1.2853193792966,5.59276385252742,0.355724234120751,-0.150290863208439,-0.268522886273342,-0.551266071764799,0.167267559507232,-2.93845210382135,0.10613883766637,0.434346205026222,-1.32925131115099
1.1636121242372,-1.81415878196032,5.05623795212927,-0.00873983854636353,0.635027871087394,-2.43008553781479,0.902782699747845,0.0641902450625575,-3.43588209422531,-0.87841625525104,-0.160243681891497,-1.47335837573345
0.405143590481299,-0.738677466951687,6.35129595723455,-0.0674370653079691,0.0839534919314374,-1.41247758372655,0.343179855057658,0.186374660927083,-2.36686438723209,-0.0117874779106257,-0.719279636427209,-2.25552596741451
1.34629533527646,-0.60898005586821,7.86802446343199,0.311994101429102,-0.199826217712688,-1.51833502790623,0.0941363935590201,0.277600334022232,-1.33654312507266,-1.49097027592805,-1.22854009795181,-1.30036849915192
0.882367049198846,-2.31013297085722,-6.79133567003509,0.491526588382295,0.337659136521108,2.96047050032269,0.211159395929565,-0.868978205436025,0.722701334993878,-0.61393029708212,0.157742936187299,3.10541207913237
0.228481654643146,-1.0589781531233,8.34159213374885,0.0488049235937321,-0.466206938732075,-2.09844261093104,-0.0802089251864811,0.218085013324825,-1.81150918636715,-0.0875721205077651,0.540849087317335,-4.08923254911017
-1.90803614801449,0.979271701816265,4.16595228875389,0.355908483566102,-0.48564220805017,0.617243367670045,0.264102498478413,0.244324374736683,-0.932865030340359,0.0380151972250608,0.459415083589101,-2.30194956788373
2.38193445413159,-0.436008904977892,5.2948484250749,-0.30735262217753,-0.191763930948643,-1.45956546817696,1.63974751632206,-1.48703970846954,-2.21119293022643,-1.45435112645855,0.207341357703925,-2.29982219452386
-0.293326034448105,1.79181216435813,-7.09925312704401,0.012947372663537,0.22451188744018,3.27581830299629,-0.375304315781622,-0.390273125501838,2.21160536428739,0.944380051172176,-0.612374417366354,1.9673581851542
2.12793404031743,-0.241606603656808,4.90103988130262,0.81744583549517,1.38405527841732,-2.97363528791729,-0.150489509422223,-0.0690347617176665,-1.73922062226222,-0.798254995720879,-0.724424674339393,-0.863438719214386
0.14144984418039,1.46144907107388,-8.95617454326014,-0.20970412200296,0.189678077229795,2.71425523034893,1.014771013032,-1.04031862183399,4.22407858049178,-0.60518986656706,-0.369897254910545,1.8172400602662
1.03129910494403,1.92336983931533,5.42150626887427,0.333211537001597,0.476213714435126,-2.49854700637923,0.0460252165214648,-0.107531847760061,-0.926014018847958,-0.461512453039434,-0.574078581245603,-1.65546761739059
-2.9066470703082,-0.975051449143665,6.12568111073008,0.142437581941463,-0.860524325233306,-1.64429883310946,-0.0916520330000376,0.374119518567549,-2.67336327281676,1.70612336256794,0.114082602028625,-4.0026753355099
2.64608124412517,0.296074723085946,-7.48378770832095,-0.426460425826588,0.318129733695937,2.27034567099273,-1.03311279471241,-0.522704048938146,2.3099434571439,0.239217417112445,0.571130386478812,3.60555663491541
2.15512527014101,-0.879220405905379,8.79313394976006,-0.283599835810284,-0.433156598342061,-2.59084998288543,0.0505668641159783,0.0563426306639132,-3.38061149065034,-0.627864929801564,0.600343331969609,-4.55771234469867
-0.762193556380092,1.54013934221248,-3.9895404280191,-0.170058389475504,0.0854431173282455,1.99685170026766,0.307888812875673,0.466232585020669,2.23621034128241,0.573241823567951,-0.165130261292683,-0.308202144737241
2.08167736525702,0.425828114119107,8.37461544402599,-1.26799083447151,-0.757014180638715,-2.5301703609195,-0.519049048026439,0.129236031096051,-2.80731078652796,-0.133311797887992,0.0420194039954531,-1.7817302269799
2.04139896265278,2.92486305884924,6.49638758940181,-0.300683332205762,-0.389000474070899,-2.27222195646018,0.411771339261923,-0.0870730635455817,-1.62405655608999,-0.364853344446219,0.222806125339232,-1.67531544874058
0.455991591201322,0.804541850320504,4.46904775822252,-0.232583921732032,0.102887378036018,-1.76354388114434,0.20276703687773,-0.00846499181495107,-2.03563317995204,-1.19403851976166,-1.13021244555336,-0.735521134455877
-0.169288530679248,0.215147584491981,-7.2631218350963,-0.107842887739873,0.358710418834098,2.48009802948069,0.655382893430194,0.397151291453017,2.93133761784825,-0.524450310706162,-0.678192314017126,2.44693869655436
-1.71552350051414,-4.21936360262395,7.71377610221951,-0.388898233976359,-0.350878804433432,-2.0637208788423,0.500571638471885,-0.141646882759974,-1.90002972204363,0.0189580657947309,-0.135799842278126,-2.8446571651225
1.21604679359313,0.0929314354380654,-7.13323725825812,0.0688941550563193,-0.041998277428543,2.24281989973691,-0.94724613262635,0.57157871715676,0.319458607001194,0.468232873112321,-0.135029465988672,2.88191270913487
-3.61039257429312,0.261928568519141,-3.68579691972907,-0.16569938369557,0.241995925801951,2.35934462252541,0.141523818465068,-0.113890272664891,2.85786406275228,2.13208951396568,-0.43744391788173,0.92368136311131
1.30026956955679,-1.13498646772929,-5.46681809819742,-0.630383064376779,0.929534396695924,1.35548298104357,-0.241856791673808,0.740272836062243,2.82348608536825,0.0872924542511608,0.146120326418604,1.65540652451281
-0.752855516463056,-1.86082604863842,8.87938678077657,-0.0979978357996557,0.0456318527459451,-2.60881778466808,-0.220442750111607,-0.40840985646639,-2.72380100250253,0.384898104003533,0.688142775111643,-3.80586447158486
2.99073748903867,0.639221483730993,-7.16348980730959,-0.35564477693614,0.104387425447137,0.755306578578964,-0.302655974375675,-0.804684554647098,3.92738087567332,-0.788526420530074,-0.244871014412666,1.48546481459861
0.376092883002606,0.404430766269758,-10.0464436453109,-0.121683879798336,-0.201823526224057,2.93349300509751,-0.263107746627709,-0.23988697774131,2.07225488766489,-0.250934255983757,0.702941656441309,3.69082532470032
-0.68999571827002,1.33395695158724,-1.8096592642592,0.230812550428487,-0.0854797409349433,2.09007599764662,1.39839007055628,-0.122174684268617,1.88847461545229,-0.467371790840061,0.00511312110900474,0.527903722913686
1.20742545590911,1.49596638611719,4.63794652940927,0.593167419526383,0.0894364392273302,-1.1381663769369,-0.256537420469494,-0.0538218544558422,-1.33205235168177,-0.687633270033303,-0.779104167525543,-2.64462690137541
-4.86288233520212,2.4743545191832,5.8339428439862,-0.439593796686073,-0.293127064700491,-1.49586028670299,1.28171153670401,-0.856336970329072,-2.61841679919361,0.286695222081846,-0.600229883513728,-1.00821242003065
-2.55036509550561,1.05020648036025,-3.55343793527852,0.750379660739546,-0.318783513679713,0.214769558285665,-0.0512912570443971,0.265328061816215,0.7143668956758,0.517649521318181,-0.980261333716827,1.3880293418749
-0.0744588048841905,1.05350673300883,4.02608791190962,-0.161454754099961,-0.954110107485473,-2.49284860430707,-0.858979562735459,0.53309693800579,-1.36245550657129,1.50511938119861,0.327147085979055,-1.7491580643104
-1.11210883221209,0.870316657641718,10.1607825984297,-0.218643530893699,0.17146440694608,-2.09307971842367,0.536972422073812,0.0531864333511506,-2.28846106407024,-0.693050512939999,-0.291573037804622,-3.1565502363764
1.1742485860358,1.3642192278485,-8.79196430431729,0.783494268188142,-0.25958232415343,2.76429428882399,0.225555819066552,-0.156894367834813,1.77417588840877,-0.250459447365169,-0.264228502790705,2.6540555527194
2.10795066635617,0.273963346124248,9.4183964448953,0.0378149649403488,-0.252149103424789,-3.29774143217929,-0.555862963166863,-0.159033403633009,-2.03216675608194,-1.04712281728772,0.179921908855593,-1.03767571149932
-5.12106495938243,-4.34487153103219,5.36350163939064,-0.42010621891845,-0.0265980931994421,-3.1805210285688,-0.113022119784876,1.49954832505368,-3.2029832110893,-0.330447895640711,-0.0622541159623777,-2.04626412676718
2.53556694923217,2.88854218865998,-5.53074551657038,0.36227641399731,0.137816099729776,2.48802167507139,-0.731917588864991,-0.214342361395143,1.66456299066213,-0.330127868332804,-0.742542559512849,3.02166472903393
0.0336071123368546,0.882369012325125,5.99450325572811,0.120890552970919,-0.371925737522659,-2.17972265606907,-0.740752174810194,-0.0982574726249962,-2.01966484105882,-0.0202520367776344,0.0480762377919584,-0.920163204102297
0.388541434755143,-0.80134858187061,-7.42175960915582,-0.885678476795185,-0.922080668537752,3.16836173991654,-0.201625695421883,-0.00347595276632535,2.14729170821443,0.260819712501354,0.691700174966297,2.46427190061022
0.0833488362015904,-1.6004272556245,6.90582738057256,0.337633777844306,0.359144113278183,-1.50505212717904,-0.672904635164135,0.444340123613369,-1.83159041765377,0.221858219430318,-0.330445118952904,-1.7243804892802
-0.651297308459281,-0.54464226851003,7.81043217187295,0.656578220849863,-0.729370133769743,-1.6488839828403,-0.382231929177351,-0.00970593233848119,-0.679098075492597,0.984089896749639,-0.0615497380710585,-3.94472031149196
-2.13938771027923,0.0611055208627294,-5.4501006534963,0.278367801893655,0.0254105599484725,1.70227344245457,-0.255852489379294,0.212475380168095,3.04496925366588,0.7493073236884,0.466743907468288,0.0845642816009465
1.18041575202776,0.716956581730256,3.99884434549492,-0.291251625155347,0.371557794933719,-1.91086320419984,0.996243587354272,0.855717906761626,-2.45205577593873,-1.60138048421199,-1.76631729098968,-1.68220670739987
1.7306753702636,-2.82080701453049,-5.39700832251362,-0.412262310709976,-0.570932401545772,2.23391861827705,-0.134651100436544,0.19887930954718,2.09147236288614,0.225436777761946,1.22293822250638,2.22836422234184
0.209748097978134,1.62622879642425,-7.89787483073801,0.460094643159371,0.0162225838936574,1.9453194666935,0.11280350485885,0.103773499691838,3.0827284662961,-0.0724204080801271,-2.42465067300453,1.9450169189575
-0.44387750958662,-0.644252971598858,6.91093522403165,-0.194256885499953,0.26212003370753,-2.99629574361245,0.0577101981004121,0.0345902129101239,-1.09080215623837,-0.0411616153797444,0.782674754615575,-2.21737988964685
-2.17939167986488,0.482397076188692,6.95280044728709,1.24808637617085,0.568171501184118,-2.40549906236752,-0.359054570803662,0.483494029791002,-1.89559074325107,-0.11197511823201,0.225843306276281,-3.05497341115787
-2.44862572847356,1.19556589842343,-4.96166959366716,0.171026874037254,-0.117176752035478,1.96099155412792,0.157213876501887,-0.33727541654964,0.935605695878257,1.18746976853202,0.685564507446454,2.91622467441289
2.26354316484972,-5.91597945023928,8.01685230994438,-0.0238232520235648,-0.180001686167632,-3.51345128743529,0.21641278056481,0.690668878622624,-3.4048848139824,-0.501177621867388,0.136543644240819,-2.00748082923217
0.217926737354995,-3.95507480169856,-3.60597361751259,0.0616446710808359,1.36694103994292,2.0366202982322,0.237813249569461,-0.144082655282629,0.900670424429918,-0.0409676336362622,-0.258565519579714,2.99574006243339
-2.38555932945165,0.328457490987821,-5.89862925351666,-0.402490309455441,-0.503545125092228,1.32971235457193,-0.299643944451933,0.268402689005979,1.28797534692968,0.0472202294021433,-0.0852540418585415,2.38218183061777
-0.456601729959998,-2.03417294640406,5.21188008657285,0.902382821301554,0.360200381070696,-3.36118034614543,0.598162710984558,0.472405684864685,-2.01234739857454,-0.48584699949815,-0.544400598946735,-2.26449666132548
1.75943765927054,-2.07515577520167,-6.55849942538301,-0.214051114047256,0.315015949572187,0.943378918706918,-0.103305725913726,-0.344013603957452,2.21140035282453,-0.963483502461314,-0.369506107562001,2.54080065763895
-2.07519940345286,-0.201008882583649,-5.46081714842604,0.498169512341929,-0.0953737307849322,2.04015549712066,-0.160154279951583,-0.276871882902987,0.87612253992358,1.51381131783853,0.206371238566667,2.80537031379597
-1.38884122672271,2.59615727808674,-10.6245323988987,-0.118869900797298,0.757594576141012,3.39451132725168,-0.256275901872821,0.138399930501126,2.93064903202322,-0.401678163151109,-0.0621787044098177,1.30126088763037
-1.7852852293433,2.08903029201449,-12.2144692603934,0.306665635037482,0.375188654011559,2.59164825800037,-0.417227767585755,-0.168064954021999,2.6471265268391,0.665036446245286,-0.155728032557788,4.84505227812797
0.797049509710487,-1.33807764195872,5.81889348403488,-0.00914400655105055,-0.44946725047017,-1.09718634981459,0.565477590465234,0.220407448516226,-1.63895245886017,-0.462529031390772,0.230971773020912,-2.55967712485151
0.506134929291813,-0.45064957024298,-1.50928834335102,0.319362874953377,0.842159408703585,3.17147206382264,-0.296815328568937,0.168175796520283,2.04326667610759,0.0424194036696697,-0.050456791976973,1.19883507234021
1.36850096207001,-1.95049674496437,-5.91348279026988,-0.671398119250604,0.376636719584933,1.2262504796948,-0.52802936690353,0.343106261026282,2.24107263369075,1.21175215800306,0.847109956879221,1.82363432907688
3.66283715068275,-1.24420730387137,-7.24089590915828,0.72863971822311,0.474135732635317,0.91795088743014,-0.654285189955704,-0.400313833294969,1.57880255838042,0.0942606734882464,0.221571477430766,3.40042588923631
0.332953828567242,-1.68484923205573,-4.17835394720362,0.0177544390633231,0.304021284143746,2.00542622170866,0.28407752243093,0.630690434488715,0.775870138629531,0.0195664832611304,-0.142036695709851,2.80041440691457
-2.54914618348853,-1.23335575020185,3.38986416044446,-0.337489989448416,-0.61145541500225,-1.84292409610348,0.429906322199531,0.664037074891252,-1.5826235605521,-0.437289988628515,0.265076837360576,-1.70899812341528
1.35232525460439,-0.0885603186344912,4.72661161602689,0.0979741668695623,0.772152048099405,-2.3333880965761,-0.48486282003883,-0.426294948598128,-1.876393017172,-1.66610622449014,1.53342823827437,-1.07162947034908
-1.39067992510068,0.367556568175744,3.92097658083954,-0.163611477921601,-0.00122086462296757,-2.53349488880765,-0.741092598659006,-1.58475913204596,-1.75874115778334,0.602677075913251,1.27032865366398,-2.28789072431054
-1.83658105294671,-0.622979524668353,9.82580445157786,0.0233312459863195,-0.127553092185296,-2.08742712554899,-0.314891114380086,0.342925996022349,-2.31701852451366,0.996232595509631,-0.894529333565976,-4.12523703925054
-2.00390566244861,-1.10665365517024,5.11919308263018,0.000547145402256818,0.0675691453400384,-0.566774934696934,-0.562208563694752,0.332029423797461,-3.04109443087388,0.673426330867613,0.15798392006064,-2.9162329142543
4.3666804613277,-2.98472293763065,5.55201719216731,-0.208649052474106,0.165035716867802,-0.999311200869071,-0.479038003745531,0.0252798944053918,-2.03330043010691,-0.540086432842968,0.427859454749823,-2.53796199274347
-0.163972958262408,-0.227740443833048,-1.52580717607698,0.246606891079488,-0.237408369858724,2.53746645922184,-0.817321928951077,-0.427476976145283,2.65510003060984,0.20504968606739,0.519999141454461,0.60071528432909
-2.01524901135624,3.48023615101881,5.54321672147408,1.04560250370585,0.87067448103835,-1.58319673057134,0.603081096023752,-0.0870813105291946,-2.99961875015315,0.502094259158848,-1.62543339579601,-1.15139889444581
-0.189621751645677,-1.63104524628199,6.32747036668482,0.0882419267975115,0.310313466996351,-1.39078208861362,-0.0459244872330377,0.403415972443479,-2.82230798536387,1.00172207987624,0.508776627805295,-2.2854061250649
-0.0702080979299026,0.357468560908601,7.69085183570287,0.00974225051418613,0.405926105922665,-2.0138154306711,0.0917243783985968,0.609368698678872,-1.08206237048406,-0.12623364268584,-0.387234235056822,-1.04157951425111
0.163012393133859,0.380165825582941,-6.92614918525133,1.69950640000262,-0.137574043340918,2.75833193219968,0.268550289354297,0.581436532549144,2.84712375938461,0.017964525907888,-0.314857631238706,2.55084759099465
0.103256832619193,-3.09674577683058,-4.82735547584543,-0.331827922255153,-0.0499516248501186,1.63986227564244,1.87630788062139,0.153748192154764,1.94707010304539,-0.360783311025409,1.07794090658557,1.16435962094995
-1.79063643736064,-2.49115190455923,9.72004276202173,0.300684665000154,1.31999052633974,-3.52182293475998,-0.132149728559992,-0.112657067252633,-2.99050745419123,-0.12700920287212,-0.206759928437355,-2.11311245960188
-0.448930212417141,-2.63926057455868,-4.9131221602231,0.175673465406337,0.0200903728942217,2.69667211998429,0.0439705012643226,-0.142649235200861,1.6329777223667,0.259892584493727,1.7847584361944,2.1635800763325
-1.78294922118538,-0.881507265373515,8.41823341772246,-0.0222062690453143,1.2117688656194,-2.22350280768522,0.334970880028797,0.0790737620152002,-2.70425760827129,-0.163013031951615,-0.0324875150737269,-2.0408849620779
-1.01072797057868,-3.59204907508688,-5.34596184725832,0.297723070353846,-0.261459994070074,1.62533133983467,1.13396005992173,0.224074714338551,-0.0300051182398857,-0.324507964936008,-0.212376585657062,1.36876521973752
-1.52188173298121,2.7937342723254,8.60363812404833,-0.360171464250399,-0.275492223717218,-2.43473006233164,1.21728101857574,-1.03865903283017,-2.79695071139791,-0.22400401559582,0.23136911237345,-3.03331031896082
0.914449383107562,-2.50401156829346,7.33311532007678,0.0447488846758266,-0.0520092325289029,-2.51346569516489,-1.69694595036425,0.626473914793518,-2.69142378325835,0.612726290093203,1.5674790581507,-1.86877580552265
0.999517102454208,0.876643823883752,4.83651326381568,0.00277566170793433,0.317797591844129,-2.51802936846004,-1.15707987584838,0.415637180242314,-0.137909499808264,-0.304772934230893,-0.408224693956927,-2.90347882554594
0.590164865096646,2.9332590656188,0.137164861697076,-0.144723040624367,0.0965422615973303,2.36625907886931,-0.289134387728647,-0.088580302477901,1.45098770575771,-0.289942247305958,-0.157891769634638,-0.335234142211709
-1.60179965889386,0.101750369347292,9.74159844411137,0.354635733038576,0.405444029806975,-2.37917819923803,0.0649245148712232,-0.417123923989997,-2.55049277711567,-0.506379835943407,0.385340538210609,-2.73700462807086
-1.13388474781048,-1.4002334635887,-5.23967106334692,0.0767288740375909,-0.0680273313932608,0.582579779529318,0.555438647063221,0.592387362449848,2.04532030807893,0.158489430540983,0.390829802871712,1.49638722628237
0.375580506069159,-0.628180019867622,-4.45014695153753,0.2480413841005,0.697070680819029,1.33219145559569,0.515858387905002,0.088289265461763,0.725031428701799,-0.181776042671372,-0.248463557891537,0.876182596442045
2.41529614097274,1.84572849852458,8.22149112893334,-0.52481225734639,0.527155286569022,-3.46586483561681,-0.536330132944731,-0.824408860231385,-3.55202910495204,1.26523274125151,-1.37020853701791,-2.81522910480808
1.98673946977199,0.489674043867392,4.73129075240454,0.244484672636079,-0.234736149856634,-1.42243064782784,-0.465607137533733,-0.605718043580793,-2.61596780172952,-0.130082714328518,0.673928991603248,-2.28088451403368
-0.321677551946859,0.031711053163949,-7.60638503701039,0.228711472863724,0.0448054145556697,1.99839243791721,0.404771111954732,0.0878275786416151,1.63295822920463,-0.205953339506042,0.0998695701835328,2.96675950885652
-1.53993609935798,0.343110611506236,6.55732679145112,0.732102409017577,-0.283376712919416,-0.417661773401354,0.199897520518755,0.268379737594611,-2.9213547895729,0.28703226017525,-0.678057216001894,-3.18046485120303
-0.593586495020413,-0.863555985529413,-8.35880514759017,0.00475417400741802,0.841279448649256,1.78550002048756,-0.658506279554223,0.0817242848638667,3.38220185680821,0.372896667207523,-0.471512061373662,2.76283048834711
0.853584907836747,-0.800236848287862,8.03196287286104,0.141744017399479,-0.298902354097036,-1.83924524416013,-0.102562524011283,0.440143172986538,-2.3415835449168,0.0940765234553791,-0.827264919347874,-3.64376709975245
-0.0526167179044376,-0.591206337564574,6.35261483115672,0.199329338652228,0.879582873277895,-3.06539450514612,-0.557389512962903,0.553321217615368,-2.38793759108366,0.108947217727472,-0.0201549298806601,-2.52644940268637
-1.88473999162914,-2.73340908985411,6.06904382531346,0.265668870959563,-0.0572896026901467,-1.21206027296737,0.85818952275702,-0.457923478159286,-3.03403487028179,0.0236282812899945,0.720084139174663,-0.266551544958261
-1.38240250184822,-0.766053325418723,-9.8733187118198,0.334945063726657,0.47828020008743,2.78245152478645,-0.152033176241788,-0.29198706958498,3.35276157494273,-0.250027641377217,1.26049785022623,1.37776657522891
-3.39113198661747,0.901272451711365,-6.54421569838793,0.0879943826594473,0.0994803321557783,2.18853350817591,-0.065397368646398,-0.248295231074794,3.00487188765653,0.381889374695553,0.161138241140285,1.61647365927828
1.50980192917146,-0.530802892317424,-5.51105712067953,-0.0646015143586981,0.00610322258787125,2.11161277861529,0.381237994147705,-0.0659623419176625,2.54438576062245,-1.3439051671987,1.67487871598712,3.20318299101771
-2.9137472086533,-4.07230394421724,15.3349295599243,-0.760985960296506,0.308660937774843,-2.32269084507046,-1.02350137588022,1.04659058663883,-3.64619357361672,-0.0494298095667329,-0.122865195488463,-3.64959409810586
0.836144722124986,1.41476270212755,-7.64341610276994,-0.0896434991102469,0.0728510827983082,1.32666788411223,0.748855001166672,0.491067384748661,2.1237762174515,-0.428371300027082,-1.58884076912504,3.37849818228445
1.09176494910793,0.635863203564212,3.98132555754625,0.0575120180238048,-0.156656220937443,-0.984587384550217,0.394825643916322,-0.3813790380046,-1.6469543379577,0.02334101765251,-1.47693785536608,-2.20839826626557
-3.40880303097057,-3.04521530329509,-7.10397045378507,-0.166051145521504,2.20485784811,2.65131366640913,0.450376535760659,0.123645070273599,1.72561102075519,0.215874371341967,0.257198496041558,2.08313517825258
2.88053623883058,-0.83796938316955,-5.28509833498747,-0.226284065908138,0.982072622959455,2.60505199674688,-0.0648104494841151,-0.336116060766957,2.71447346373134,0.168777587801884,0.121779679297803,1.91407034280552
0.213494358564086,-0.275170264961918,6.66354143966566,0.0920571586147486,1.12343333667587,-2.2623983042397,-0.75176555695079,0.571976635008164,-3.09569810368264,0.0443846901474261,-0.520023440548698,-2.07769704509686
-0.0912763141737254,0.0650803080953559,-8.30423745721753,0.569053328941086,-0.630236505926653,2.16221640261442,-0.790683502453369,-0.388491288404796,2.03373870831223,-0.655710632686136,0.498020409039365,3.89332759887071
-0.0659257631689013,-1.58723016243711,1.50174840525744,-0.651292040907107,0.407666135538109,-1.53517636452028,0.136328693193272,-0.415192964972622,-1.83231051977412,-0.0583456793883927,0.666338619513098,-1.80801966008405
0.282363916416444,-2.02209466638537,-8.21257785110305,-0.406873422421985,1.29489471060989,1.95546015152708,-0.19600843274985,0.280926063650873,2.43960027331322,1.34941351998229,0.232395302091239,1.49947150300888
5.97875109569702,1.86196196889378,8.24674292816133,0.523384725516867,-0.393431491361766,-2.96114569940144,-0.493558897912727,0.297646044481904,-2.12334113458101,0.829247069648047,0.301848826896029,-2.46608158549931
-4.28273733317528,-0.583460984802661,-5.10127474551465,0.216217045845411,-1.41000818392403,2.99788279542439,-0.519154386119053,-0.377123873019655,3.12463397661278,0.59855551679749,-0.0919044440955815,1.93196844320586
-0.97489508218139,-0.327555183869735,8.05615679628381,0.780904529627092,0.632601484368061,-2.07160853262895,-0.0855948941661424,0.00930606255255507,-2.68647220456695,-0.0453434793007773,0.167977638452863,-3.58495828436769
1.63080299781127,-0.917659375286224,-7.78672911725194,0.0175838516271573,0.024381738862868,2.69768612494249,0.0254667618566677,-0.227735904432259,1.74161838616767,-0.150866421219647,0.567467321712142,2.19755197553208
-0.862848735250974,-0.785798574811287,-8.20708080030466,0.361260483996419,-0.193554664562532,1.89776530358977,-0.657057871467142,0.777138656804961,1.07837509510982,0.934870929298938,-0.504227997962946,3.84863178031114
0.800048919674189,-0.0312626227462911,-6.36850338351337,0.330667622674868,-0.43875778392084,3.4230964156036,0.117546132307277,0.173732147886869,2.83944359149687,0.311639673620491,-0.600312725700147,1.12428206114951
-0.839159755462357,-0.217366439674402,8.50566336094847,-0.913137864434741,-0.57270296128746,-3.52582502998357,-0.0448102981986559,0.229712098086776,-1.95189999286888,0.452585854030421,0.677305739615886,-3.05341171511597
-1.24101692595774,-0.777831461854826,-5.61669850924062,0.370728580309956,-0.0174873095717736,2.67602592386693,1.21306586019068,1.05845301430967,2.06394134592976,0.168606501656087,0.228910089010948,1.96529615078527
-2.32897073798123,-0.238550507637624,3.47901135284753,-0.505109244271274,-0.37276286019126,-1.70448521622779,1.04053887091612,0.61243068891483,-0.751210274087639,0.307744451402295,-0.365895248807713,-3.00206476394178
-2.08081026922197,0.379616032470247,-6.59386514760313,0.0968349801894794,-0.529974129611357,2.30918724504398,0.374424230816614,0.35978780222833,0.574714470793229,0.385302345901886,0.743954129354563,2.97627209988502
-0.320180158869111,-4.24284207209394,8.64114288342095,-0.402543455742641,1.48038411262756,-3.94211817090644,-0.413417091325857,-0.0113907463215949,-2.20477218665529,-0.0473297149532788,0.496833082709955,-2.23833111254197
0.390539783411647,2.03417254723351,5.23572930677278,-1.4809089165356,-0.465236240870046,-1.62618445570717,0.435764086379577,0.120948153223428,-2.79427562760168,-0.0359103874285122,-0.267215200240285,-0.71628655164727
-0.115155740957866,0.417785811401164,8.93291268887178,0.987124464054118,-1.3923551534771,-4.24727679891547,-0.15871743676251,-0.190918332529905,-0.869731385753012,0.00639575047703099,0.143962064938639,-3.11603843561957
-1.83469816004768,2.3613280630321,6.80228529752294,-0.317920986566338,-0.0624574721651964,-2.2590623364745,-0.618932116481745,-0.608400228022125,-1.76354121824743,0.480144998223774,0.0421192131772979,-2.48969305990275
-1.17889357869733,0.47323742439652,8.37435464853458,0.214428356010799,-0.249016150643215,-2.17332754911711,-0.14505144921849,0.680490736541459,-2.30630897146914,0.146391408963861,-0.0967460455663473,-3.04039186560923
0.489111557502828,-0.0140849727155741,9.11103256785164,0.32685196820674,-0.442197382371919,-2.45811565072011,-0.154729092715457,0.42932680914774,-1.7579970024427,-0.0715562961798856,0.161985187801148,-3.35503733549931
4.5717023568628,2.51890440731576,10.9101330807028,-0.195735632078553,0.301295498611159,-3.18133372279324,0.863567653019235,-0.312363398424559,-3.25367885704064,-0.298165056939486,-0.191191366766934,-1.74199912221579
1.54551334305917,1.43317440865519,7.83718180164449,-0.233056917028359,-0.290139869410583,-2.84985658141262,0.126284104286194,0.474975005978062,-2.97269532910585,-0.815020847142048,-0.999243864538404,-2.10511443743415
0.146075880096999,-1.05187105592225,-4.4273063800252,0.939052194053271,0.0143880153594678,1.86515207995229,0.506769245638117,0.604966352896002,2.18043068999977,0.0669502244837448,-0.121772290970366,0.866966089850852
-4.91989237547692,-2.66957921860719,-7.09785359304917,-0.265936591995477,1.0773228306766,2.37315019430172,0.884083137375495,-0.527479984953317,1.87088754821852,1.88631989670608,1.30912615261574,2.09316999112597
0.405091906680242,3.18861484618703,-8.15849693920446,0.00821840505507404,0.210785056176622,3.26406081286502,-0.401326540563248,0.011797890804868,0.533161578701864,0.511638889425879,-0.908912633720268,3.3065193524333
2.00312906112405,0.506076745351109,6.5303639732501,-0.830873021360038,0.138853690630615,-2.76674364533057,-0.314168560439755,-0.636381974981751,-1.37184513290474,-0.153380100121601,-0.088515523280364,-2.54372800023148
-1.18787247540753,3.01019149011097,-4.70976866050091,-0.0186861798191826,0.011593278419099,1.16225493896444,-0.424232248999679,-0.213053492445732,2.00698617793639,0.400425883524193,-0.133805906339574,2.40474283471889
6.3258134380021,-5.89781837868563,-6.56052101974038,0.089465659184106,0.0481361803164279,1.87670879601586,0.221263005390687,0.409947594233995,2.33348793843413,0.556405178915463,0.144968019015768,3.17070071857187
-0.123382474876371,0.362360662022653,-5.68763059256035,-0.0317159981994161,-0.699025058483359,0.433856653329391,0.923189944546054,0.244295186329649,2.6654433020479,0.310966269904376,0.46308861817057,2.20415693211163
-2.84062238509338,-3.69089159421981,7.13648834555425,0.603590419664087,0.0820733064522161,-1.76905288114092,-0.29130504393755,0.18781775630616,-2.39676252395243,1.65006429017561,1.70283411977892,-3.13653256012667
0.649470544730862,0.778939034832265,-2.22632282266027,-0.0862202528795197,0.0775780752472671,0.389480555536798,0.577649207642992,0.703672560769973,1.22216489862862,-0.821113714089615,-0.263892727129774,1.44795848881007
2.43761809841755,-0.494267655130373,-4.77103221456121,0.65783242437785,-0.296992405745661,2.49471009016773,-0.304595173279557,0.272701568996508,0.621211235552723,-0.114756119033294,1.94104183720848,1.19951844642739
-1.34382826331035,-0.85273701208344,9.41765689354201,0.301812176274906,-0.645462423422783,-2.13417611976985,0.763244512038526,-1.0081682564577,-3.56883207460845,-0.699155739210584,0.447000321223985,-3.0670142168295
-0.97189936628609,1.06745495443197,-6.39988345539267,-0.468792453963034,0.460108827939742,3.06314879891543,0.659464284892008,0.475438967160241,1.13161306355841,0.417704575097278,-0.324231035295395,2.09310703836365
-1.51658871684703,0.93671366130374,-3.93353445102078,0.297335341445529,-0.192079692011235,2.37863588545141,0.693952772274569,0.21628064353234,1.10713248021705,-0.109725906284882,-0.057044625418943,0.836412008266263
-1.25354491683832,1.14801962216834,-8.76625730737938,-0.165547823573077,-0.240702975024303,3.94704071268829,-0.0199516434868902,-0.233910122635504,3.01347558832209,0.564067304892026,-0.455723802197836,1.57275912627599
-0.982205686919383,-0.859305308916788,3.07657330360242,0.349030468106153,-0.0727755328192484,-2.14783519629031,-0.0291709261064081,0.545465706045379,-2.09881218772804,1.43265136644598,0.139702290902091,-0.376456153397699
-1.34101272226955,2.35153409924457,6.04493897797487,-0.176484477180516,0.148460601384535,-2.40054314294264,-0.553781476689168,-0.924855591988375,-1.84627177624334,0.100297821155349,-0.0377638258836208,-1.51822394899325
1.67650666246744,2.66895127241326,-6.49680721644376,-0.140182056590778,0.572547955130973,2.72686073569922,1.12047453632186,-0.73472597961562,2.90836353142718,-1.1070369053245,-1.11955801449941,2.28956187962269
-0.619552952391999,-2.78223742646605,-6.84134131697618,0.0911242745369481,0.0423663044965367,2.6466778293361,-0.590523059218639,-0.827910978687093,2.86150346672786,-0.399330765282288,2.1726298552952,2.79063238715093
-0.7763093510574,-1.12647767248802,-6.36127546826155,0.202987989511917,0.824055111088216,2.98059897463694,0.303269473776788,-0.164150155461349,1.80276404907418,-0.204720382964852,-0.168863403284611,2.49491219716556
0.480277702562782,-4.15164804652475,-7.55242006476699,0.168725144148223,0.33324885365626,2.42371551502669,0.129620837119285,0.551028820815189,3.56707094074518,-0.83738125584287,-0.142833691324619,1.5349083116029
3.64391378149973,0.47330254767291,3.94958577083052,0.182339193950213,-0.390591881980835,-1.44487017735935,0.0384691433138662,0.728107718744107,-1.78181274286914,-0.1925551733515,0.26613275183128,-2.54725770063587
0.455381993805907,-1.07490840727105,4.48597970303184,-0.0976380323703374,-0.181556400893349,-2.82260460670737,0.146822865187241,0.171658494052466,-2.00937700648044,-0.196671806711817,0.303000961886733,0.607771670740747
-2.46620886814556,0.48658815257135,4.83513984824685,1.09123392993846,-1.14023573082909,-2.07823903796328,0.259119061315592,0.57972119640638,-0.639362776964039,1.25490836842486,1.14932770183297,-2.00682973274057
-0.735858162916286,-0.82798424347932,-6.53880079977872,0.551907271111468,1.41292410394917,1.12485012256775,0.196307364842137,0.356654773273091,2.61430741189107,0.14326568157206,-1.40643688572211,2.66260381050543
-1.31323766073773,-4.2719815290765,6.15787284876696,0.0754761002851094,0.797379159648438,-0.859187533535826,1.27090775938156,-0.151145113513862,-1.75498275205739,-0.141044670541843,0.265680111756451,-3.42465629123175
1.17682394280904,-2.86580646823798,6.94934872333683,0.0942463421800217,-0.280342295851436,-2.9842680268123,0.544267875737887,1.01023656591542,-2.40891464162106,-0.912655779876771,1.6028896835753,-1.65370604992478
1.92118727406072,0.000650281440283562,-3.71881376639446,0.381482520574127,-0.0504316666396521,0.532208948778462,-0.132986354509241,0.77232081224022,0.202713930164373,-0.23439990404195,-2.12590214444355,3.10998318910448
1.57372862095664,4.42394841610094,4.00012386266215,-1.31886303285466,-1.29149905466283,-1.19627016478438,-0.639508848330694,0.0288892131944854,-0.901945610668167,-0.069109872267588,-0.802562155654338,-2.21716318576297
2.95629677646733,-0.375450503941062,-9.79463124813386,0.0504463184461674,-0.231880408620637,2.20030737192919,0.332079358703545,1.03476410776397,2.34370618269108,-0.778747589715743,-0.313881178574168,3.3245390844653
-1.3923951395298,-0.172656315057748,5.3413044666296,0.479640924521173,-0.119728043933565,-1.86664437567758,-0.117521252016161,0.00282878102098079,-1.41384336445472,0.168221629083676,-0.0643314806340656,-3.05740535226472
-2.80378299885762,-0.963849233538938,11.520227522462,-0.324623039133281,-0.287984803658794,-1.77399830907846,-0.555632852559137,0.412206737574078,-3.23788854133946,0.293377134021854,-0.106501892504305,-1.47606735330349
0.321951579611674,-0.151495356691773,5.08553882234247,1.29363430392093,-0.236635299915953,-1.93502411656039,-0.111194889754271,0.0383284409107514,-2.51041848757264,0.0737333488022415,-0.964959852144276,-0.835980156088738
1.55393360925046,0.529916699799092,-7.21923642588491,0.118603702610187,0.27721556512007,2.57459438706752,-0.566026594652232,-0.579460589448597,1.24852984003693,-0.82853460283364,0.144416149896741,4.29711734685178
0.307973195383254,0.118098045144359,-9.76641703753597,-0.405581241029454,0.133494964949198,3.93712111484956,-0.0619052029084568,-0.0879055158927516,2.43721667148716,0.000124832550904533,0.573554987915338,2.76433051682513
4.10311833560741,2.28999884740031,9.19885544247643,-0.0778039641417372,-0.984922852360841,-3.46077280200674,0.15970113913655,0.391853599513337,-2.47467517962763,0.287597856534468,0.849231130272318,-3.53061845750771
-2.38455119230376,0.511739668744466,8.95198586845422,0.620264899667517,0.740252398119713,-2.18799281130472,0.879759249692651,0.627343423937559,-3.94124719988839,0.441692840570082,-0.637033328922879,-1.81330575847344
1.08355232106728,-0.851183303137547,-6.91379043512054,0.822026397873272,-0.32393347881189,3.01733567896894,0.373349624508552,0.766947209951866,3.31369596277399,-1.62277032404505,-0.277577680356878,1.39381005869904
-0.958822710408187,-0.0416447489073735,7.89234980079,0.302439505544616,0.175308030499183,-2.66499936578666,0.709068790156481,0.706028493726892,-4.03614232697927,-0.126655299503317,0.570843777806659,-2.33051961524364
-0.988692403990432,-1.0921262404615,-7.63058724654696,0.175268823508354,0.232095651744611,3.3402736968352,-0.0774652971062288,-0.104162289972267,1.6249204592536,1.42519405375787,0.663236644418405,0.436528600136476
1.59533174314183,-2.82517885132587,-11.6543427927806,-0.321932799142141,-0.353074218006096,3.88036190950423,0.628426441047034,0.656587699302112,3.73190769827129,-1.44089728531693,0.303184083768549,1.77214311521356
-0.210950740158496,-0.909390907148713,4.84606402189886,0.117060752250825,0.157037624956808,-1.73611364387445,0.269620403578375,0.0832903778230687,-2.35738537085686,0.361483587799562,-1.10962822834215,-1.33859382080621
1.11206447394681,0.243902457711459,-8.44346598062672,-0.347386491409795,0.233181067079274,0.721774603893865,0.429891019302998,-0.271615478143326,2.90313023560388,-0.506830832612126,1.48488204673355,3.83207956032575
0.817496949935616,-3.1474454260374,-9.37299054367928,-0.345154750479956,0.250169744167838,3.22315705985193,0.0437918854048046,-0.136657586040169,2.13003327794294,0.17975542611329,0.914159752932455,0.186074589260904
-0.649190022616365,1.8278494954009,3.68826831296089,-0.403552834827246,0.574346018843616,-3.41746338595142,0.0359097721210748,-0.0421010019017858,-0.886789045832655,-0.388670334031559,-0.78065251681912,-0.611552795000415
-3.26332506746675,1.89598594659121,-7.07121243999596,0.904895005177646,0.181854599400718,3.23478021008611,0.199860566790081,0.543698432245955,3.11105778324424,-0.16424877372145,-0.631544638574478,2.83480105498103
0.96663946065968,0.418957372778671,6.91266531652584,0.48100243496086,-0.0615735414994592,-3.26859983726188,-0.415044545288741,-0.152646154456443,-2.88493260555439,0.268906299187218,0.881346420162951,-0.252802647145409
-0.553554741841483,0.320445129032521,-7.73564966370677,1.29755849379286,0.444096719811023,3.73583310535721,-0.0245800753458854,0.493903681700367,2.70301760896741,-0.0788690478061465,-0.201708333410223,2.22188019016283
-0.423228818819735,-2.03099891431525,5.26849855002139,-0.176495166587234,0.169031518779963,-1.24591254900577,0.279950115050839,0.929756789758301,-2.27723140045445,-0.892785243453802,-1.0869277790466,-2.481570753538
-2.01705388203321,-0.324173085551808,9.31921147025522,0.672547107393424,0.0760030144511847,-1.41576076569707,0.825014720094974,0.154213716360782,-4.20472120274293,0.13730488558719,0.048409917554435,-2.7372212678463
0.477157685532372,-0.904269515581492,10.0999305070046,0.216564295060917,0.0963242734297599,-3.1454548856482,-0.25471900229892,0.749830512818192,-3.89602045628069,-0.229526887792933,0.288290823697324,-1.99685891343564
0.0476292457668589,0.149247638806972,5.44328457439639,0.016245269502011,-0.402685795405608,-1.45668989751839,-0.436835844948317,0.134378880832089,-2.97272292892659,1.01457439008123,0.0467688134866262,-2.36093841546584
2.42603815211365,0.540330297768784,-8.47249464877716,-0.186124874784501,-0.606853893751395,1.7321303823852,0.134550996200382,0.0415143987356521,3.29595459968576,-0.296473524470592,0.0663954669817211,1.37711458583615
1.00117238107057,-0.694075563248192,6.96448290893164,-0.350929724665618,-0.564030810280493,-2.61404159143436,-0.167999436025623,-0.384181367829052,-1.34615850396605,-1.20155934733131,0.474903272986477,0.0497103012821146
2.40611317945366,1.51350773730424,-7.22212469828771,0.118152940607692,-0.189421612648339,2.6876445434589,-0.444775329783256,0.0936063239152091,1.36041717867707,-1.80615419733183,-0.19220187017646,2.15232556132224
0.126550243528365,1.94600608140526,-7.34500399131391,0.683944992235172,-0.176193793471374,0.580064082370976,-0.77622652599165,0.215810815227837,1.7163859188939,0.198729837490879,0.0027746083254014,3.29582390891251
-1.71058737745987,-0.0943031378334863,7.72821905789616,0.0548382126294185,0.534915556847037,-1.3798925586429,-0.135518290649833,-0.0234122988249308,-3.55567011278857,0.0385754107369816,-0.213072402349089,-2.48542707970298
-2.03474466154704,-0.758235721325242,7.29492770401107,0.109319513405152,0.093064504826083,-1.90400229682542,0.457498232591175,0.835900473188316,-1.40175330824559,0.395645111862185,-1.4199286408844,-1.89528358626748
-1.64652373479813,2.1998740223711,-6.13786014715247,0.151027434005119,-0.631891668603844,3.05644773328345,0.461341484298502,-0.000473488852338044,2.5005220911507,0.245181033406075,-0.400612306164214,1.78112023708598
1.2804012521633,-2.43764934944058,0.281628849170179,-0.363538485051756,-0.435987775737886,2.0076684172332,-0.161753685212267,0.172819596309132,0.943525361057471,0.66304635452704,0.354945385872656,1.77082991726071
2.35028035457398,-2.35809754182998,5.27386797353589,-0.337270142618425,0.192960615097167,-1.40385568057369,0.234403768637552,0.538527392355843,-2.11009756466196,-0.157584587765795,0.018798707975941,-2.62017978530108
-3.77888679574022,0.508283562912258,4.7124522955734,-0.345740475221323,-0.208632499527425,-2.75131995391856,0.0881933289208053,-0.0276261469739481,-2.16118930860549,0.0443915788999907,0.231697367083921,-2.86367758798924
0.679181353589115,-0.829707383974734,-4.86977174425287,0.189223683874391,-0.0223726161089397,2.071805367424,-0.122450033330968,-0.0430139407633917,1.22179216677102,0.237096916180026,1.51381163514395,0.674499379922477
-0.0152980518593649,-0.32501171931942,-5.13809639306573,-0.0108879009438595,1.01570365159461,2.03177166598662,-0.377197464446262,0.0384725199182843,2.01888159315279,0.137908655976931,0.081593434300374,1.83471341965822
3.14833175741692,-7.18053215584285,5.20696560491227,-0.64581195132992,0.67429227632981,-1.01874444209882,0.333699633621666,-0.37578245378161,-1.6368930813575,-0.0977523134262796,0.456199724066116,-3.16435750258557
-1.00449025953529,-1.23521983906953,6.37149973265845,0.2234629216656,0.125957856181533,-2.17210703590036,0.0701323137855515,-0.0543186496690548,-2.61086794030895,-2.03492122608976,0.522449801950203,-1.48791425295055
0.957232712840215,-2.09315094598931,6.80325285433,0.280828084911312,-0.38434157818937,-2.29434152710191,-0.754756237356307,1.27875962151072,-2.06182485998186,-0.769030415109001,-0.437807524215269,-2.76044912831725
-2.63366052964766,-2.30569479623905,-6.39865011712797,-0.11148446138423,1.87631417614354,1.38592585342354,0.825732140966585,-0.695800446515365,1.86901638778176,0.277117638522061,-0.223962723789247,1.32767972663229
-0.550953684769932,2.9366394589454,5.01711755317584,0.22016773995933,-0.617935042263571,-0.661073190176287,-0.213214947917346,-0.135129661518687,-1.69934943852012,0.500680477163231,-0.472916181286912,-2.69300760601469
-2.8509905668178,5.02858191863688,7.50405442158814,0.35563949065985,-0.217539847164504,-2.72947880264664,1.25732164729638,-2.12993076853264,-2.14381390596798,0.00163098022166479,-0.235836377647615,-1.55879811409802
-1.11205153431997,1.0030572932291,-9.76178768718159,-1.00681366300515,-0.67751156019873,2.70797123081522,-0.123323441318465,-0.0888780147003867,3.39865705590169,0.203019447978029,-0.315740342882533,1.99388765354072
0.397314874268361,-0.277069224990498,4.57089279668389,-0.0116107678411776,0.206148322950258,-1.03172966406742,0.117712932200141,0.74033097344505,0.188576058920351,0.112852925641036,-0.06709624717094,-3.14769734919347
-4.16803526953929,3.28796767238935,6.58762176386001,-0.0633990333437291,0.258354014731377,-1.18226938151721,0.321955326439646,-0.122006711218318,-0.496889137909702,-0.0235410258053469,-2.32507876009115,-3.33281199766736
-0.214627225888951,1.93848400311934,-7.70235927640826,-0.0600615437549207,-1.01057109789726,2.41695964261059,-0.00620139963409486,0.00305646807046533,2.38997778179449,-0.42187249783538,0.173439512898916,2.72171410904916
-0.49087672555403,2.53141672744549,-8.35709113667933,-0.61184971877143,0.922123260056346,3.07560188479842,-0.341328988173762,-0.886756755796207,1.02766404110672,-0.269720365604566,-1.44145393537193,3.31128149159321
2.2528575323059,-0.314931241550127,-6.67134652133382,0.53201717426602,-0.537239636635246,1.01747366023234,-0.0634730405849209,0.615627753886807,3.40311222426611,-0.630338783714335,-0.015962008824017,1.61809154789153
0.475385788308965,1.24534451142664,5.78681121890037,0.203218502486565,0.113577482615809,-2.09993352119401,-0.199769358164392,-0.0469954119657311,-2.93909057946602,0.842993568781973,0.344627746789854,-3.69125202784345
2.03519528345476,-1.19599318021957,8.9636529707477,-0.115620742429538,0.520461693989395,-2.11352823002097,0.355907031844663,0.0978050977602115,-2.75913255684762,-1.2233700118762,0.395528195915151,-3.92365122313364
1.79321501702845,-1.78611209137616,-5.8099015697677,-0.450574464078892,1.38624855539581,2.21487177570204,-0.292878654775194,0.434008203788499,3.07611430883501,-0.0577817096749871,-0.878959694355975,0.711348045896783
0.547121868442362,1.20761195986002,-1.58872736232872,1.04674448408224,0.17097240913368,2.03765536024685,0.178286800588007,1.17650796135814,2.97742113131182,-0.175674702636676,-0.823105973106574,1.18686173934652
0.121472369307006,2.39767068221036,8.7713014111681,-0.0911114357075589,-0.257721888511271,-2.74110832932788,0.70210817235663,0.217580038177682,-2.71794716069061,-0.352756066608549,-2.41528252901087,-2.01943973436805
-1.83854041406402,3.35920367361992,4.40820440658937,0.730075089924157,-0.738714183717315,-3.74953929924332,-0.321795524743329,-0.457915501365792,-1.56159332900478,-0.857833705082405,0.0549194634447315,-1.42832698074446
1.94244460639382,-2.74969204229606,-7.18749157006939,-0.200564216940844,0.18312972959187,2.51607673711311,-0.0451675326013933,-0.192318316310992,1.90969831925658,0.486440311764665,2.12719089162874,2.85249960895434
2.39244190979961,1.86336594861109,-6.47906969348813,-0.223511572373837,-0.19172408350572,2.17583404651659,0.783430067151557,-0.465119502831955,1.56833530942173,0.0567633949052819,0.92329817405264,3.01937113986007
-1.74338942406597,0.247707537667881,-5.13241698968692,-0.109858187169452,-0.334155011488459,3.04582928370243,0.21321502384626,-0.570114567290869,1.92237719926783,1.10279865246037,0.0616587342196282,0.756452170413448
3.13466306997969,-0.784220090904423,6.55688548719413,-0.297423590249365,1.82108691405683,-1.15249194269043,0.193392970704057,-0.414726036794004,-1.97450818018831,-0.993717965123543,-0.805164861968074,-2.77820442475603
-0.311255739625983,0.381722022819585,6.38658021705607,-0.156901151405719,-0.433064904814117,-1.50504612158254,0.29606054771336,-0.347273405108352,-2.71954262864232,0.186654733569249,0.463813263934795,-2.88070978545289
1.96934685061964,-1.40703896910877,7.59316708093011,-0.206138311390102,0.121767559281258,-2.6501295528514,-0.163379576285607,-0.145572700090163,-0.700236855988543,-0.291764238138602,-0.591390355223351,-3.22830718506152
-1.44421048409103,1.74834037479141,10.878717714707,0.624776245529201,-0.65663129075867,-3.20769841504413,0.203016901657642,0.0978112821835047,-2.36770700090821,-0.347518206648596,0.0849468328519962,-3.13358079933428
1.53957656768058,1.84757914747996,9.49401748076904,-0.343770338214565,-0.293887744021235,-1.2858243664005,-0.754463650240322,-0.498209317356585,-2.41122029339679,0.916358873685913,0.509860645273115,-4.48527851562016
6.34521254054711,5.59205636830871,-5.64081214268498,-0.345988270742738,-0.07908391509453,1.11277699963063,0.0470045961927636,0.115459196216408,2.77948162542716,-1.07306518824917,0.471781149580989,3.14505901293853
-2.21244870237879,-1.85963258379583,7.94980537560169,-0.41464951391923,0.161171247079878,-0.370235173478114,-0.178943789170386,0.0461016135724119,-2.50474794083626,0.137052391291092,0.0158947994505118,-3.33370428781845
-1.34883947074709,0.988778904998582,7.30095047452049,0.0719190836272764,-0.239290352363074,-2.68996881519809,0.296995653347377,-0.814513316975821,-2.99047228689232,0.0291374842020963,1.0804195057122,-1.98918289978099
-1.93453682429027,3.61280905669315,8.87807857314239,-0.584373596298724,-0.556569238945799,-1.91433002571075,0.969163174505454,0.163648146825681,-2.62347684662761,0.772231300119073,-1.82793296498066,-2.84821322303539
0.159442560875417,-0.29651035273553,4.496247936703,0.266775625702327,0.197409492445171,-0.853708965626435,-0.184768504860263,0.158334154876409,-2.95467722873524,1.4161166136609,0.473943125804862,-2.41575336514196
-2.62449757598293,0.469450866697239,2.99768183010992,1.1221622171052,0.774492645998567,-1.73332971647254,-0.100513782096338,0.0190400465428138,-2.04600696505466,0.666198893633207,-0.096666545636507,-0.457541822718463
-0.25723166687272,1.43946276587233,-6.12757684636452,0.0477906107061582,0.106930210061321,2.98208911346152,-2.09489619370016,-0.0181355888831313,3.33808092401495,0.64250074417214,-0.420834059064196,2.61601139299419
-1.59848305033774,1.13130876150198,-4.33661507571224,0.0181967802728704,-0.0316267611983903,1.48033148025266,-0.810492474095639,-1.05146569656828,2.59442743814302,-1.25461767240448,0.507942984103854,1.18521586564083
0.708363207733076,-0.824529042439187,-7.1181799136519,-0.0353639368473774,0.505568346294488,1.51800377719026,1.01476149245337,0.0566980101636687,2.12149489725078,-0.129112111929156,-0.251796090849806,3.58342164167808
0.0782115159627784,-1.85143015600847,-6.85313293871261,-0.228931508191648,0.387949388959796,2.17530002604233,-0.273920060924259,-0.163187046093144,2.64262995169049,0.598927006186266,0.165517747395846,3.63895921664231
0.155836975550439,0.869905598089689,-6.30820626693924,0.240807553175069,0.899943791455201,1.31006813321473,-0.804146619430629,-0.0918981308628749,2.7242570852568,0.0153177036626199,-1.49265203894456,1.80153004037444
-0.930399166281105,1.35360291843564,-8.88066893301743,1.07022366873834,-0.581623317760028,0.83579418657519,-0.20758229311441,-0.239949184600531,2.44007164503923,0.0364770297242769,-1.11480753579845,2.98317900039906
-0.0567253215168277,1.9969311745414,7.25422498016245,-0.461159141053989,-0.753012645328228,-3.25559967098446,-0.13806793955062,-0.149902536827368,-2.81356694833199,-0.123753340851409,0.452931738630315,-1.92857948654189
0.103598958414844,1.31282808407683,-7.07566124697423,0.122814188907428,0.0929274662489215,3.1454621630111,0.211861947482238,0.347503067815682,2.34367839806037,-0.322896020291535,-0.595899256377381,0.324882429728571
2.90870022369947,0.557971601816621,-5.34087021362621,0.713254615073904,0.385145513971414,2.65350004426473,-0.543843197422271,-0.951289391482809,3.25053829864631,-0.0725408457071738,0.141773952054376,3.06962646789551
1.55599837398176,-0.779913254874602,4.5217308438979,0.258836994268136,-0.0789917030713271,-2.41034439351762,-0.620367779305945,-0.0266383974974819,-2.33208620882659,0.372012158498856,0.255096187641513,-3.2053631570865
0.988963255030942,0.201352162773513,-5.93807321494072,0.147278535358153,-0.0282431994859459,2.86298454649798,0.501264486037845,-0.884517587413244,1.99083787640077,-1.57192345467046,0.996185745081888,0.775685608646455
0.12476352519199,1.82918957785888,6.47797089662677,0.623024053283942,-0.608300852751087,-2.68558147088095,0.386812068300279,0.838098507458755,-3.20613838907128,-0.574418288194244,0.222649315114888,-1.89266937368114
-0.259367633500368,-0.671647807237098,4.54814369460203,0.0364690668421132,0.172775707229108,-2.17176017786324,0.160178000016455,0.204822148433683,-0.190437387673257,-0.457341563465446,0.172601065573639,-2.77562749033005
-0.0363542440808096,0.101636067045509,-2.25416914807123,-0.830054768846525,0.415321624403142,-0.305431326356731,0.0600875215539551,-0.0444508953696679,2.07852237017999,0.459618314519286,0.0356025389786511,0.703775678544
2.03198456374306,-0.548149773555681,3.54298317248053,0.226320153305424,0.731928170052279,-1.96128357579854,0.163565334420744,0.581012521332578,-0.948572149101547,-0.129035323247064,-0.534021471370986,-1.6785480633571
0.312238359114063,2.21009639965991,7.67703210135124,0.965762608100209,0.629420332786235,-2.96072254348491,-0.204210637684349,0.0213082861411888,-2.87461586442765,0.451552003682207,-0.134917182393595,-2.12644696959667
-1.69089669683917,1.78278753995712,-7.38074604984049,-0.211748840873503,0.491353284171595,3.27841896107462,0.425479312346483,-0.112824795353884,3.2647633413866,0.536532574490649,-0.390990251019138,0.801587063304341
0.108895249222302,0.140371936895329,-4.90718736192359,-0.184869891217243,-0.0165309661067857,0.530392498201524,0.464829995126522,-0.0150563563132357,1.08780796469659,0.300085743141437,-0.257882587259111,3.73697749933724
1.26333284246906,-0.614131512684861,-3.94200960639551,0.154237253257441,-0.000841510442328777,1.30626163083226,-0.354875098037025,0.202942476603494,0.678969782687529,-0.997985330963064,0.0603348230677205,2.28803419259451
0.423353873784052,4.00114259346563,-5.33375621043161,0.400818775976975,-1.37618595934965,1.80323725274636,-0.0782192904229732,-0.202760958812452,2.21949911912442,-0.384347723490171,0.620280845036132,0.568718019531036
1.73520243965589,0.25306315864855,-8.10398756691983,-0.265613354371809,-0.418281480490982,3.08382461931939,-0.706091338139151,-0.887749038642206,0.649061781582143,0.21945407697387,0.184831993561484,2.90904244358576
-0.703619775794907,0.467824695845269,-5.0870167736395,-1.29711797361287,0.0842006314576534,1.33715119223851,0.751992829667724,-0.219080278362838,3.17783502372077,-0.201252003922742,-1.68205838523587,1.71709137998997
2.67022348146134,1.35333921834034,11.3588899995743,-0.308837818818435,0.486498240723163,-2.17016141784829,-0.262802345936206,-0.457340525447619,-5.07025907594235,0.0706259973956879,-0.296019254673329,-2.91089730905415
0.27977419813076,2.11396728256411,8.49292313160508,-0.858588777613174,-0.270554787851121,-4.24287771349747,-0.829702245082989,0.332472014217528,-1.88955193164227,0.20046396270458,-0.786785899022526,-1.99011245834254
-0.832194045251464,0.0397322219589742,-7.14056440923921,0.237313062346691,-0.98673300403427,3.27081458414089,-0.315386077545647,0.151015309821407,1.6060930943907,-0.0399105910444866,-0.285318409796442,2.45824258806214
0.366889644575982,-1.5487317284733,-6.74796592841625,-0.472174010075036,-0.142410109189744,1.34470791630747,0.46781241945188,0.273985617927828,2.07715884940635,-0.24801823198911,0.255429284861982,2.33935852350545
-0.444675582204953,-1.09057904470378,4.40416359083586,-0.144955459191719,-0.00407648554660981,-1.2969405390331,-0.112470782687114,-0.0990772269771236,-3.83666774304612,0.300739484168578,1.04390727260657,-0.788085125526956
0.425594756748024,-2.38939116464064,4.70081829391469,-0.142025108621263,0.207505828816751,-1.71884639296644,-0.0270832027251811,0.837659152440343,-1.19915488804299,0.991997102811774,0.402466508257017,-2.64224497620047
2.0560274511664,-0.461662014009074,7.5739179040764,-0.263883091970139,-0.0474282218871029,-2.44247255597057,-1.64694240231863,-0.598323912261582,-1.41540032630594,0.732073101156554,-0.915360166543355,-2.45312835772558
-1.37238548348708,-0.992912414528222,9.89769912044096,-0.253881907950916,-0.0289486159192427,-2.57914380354883,0.100784209426259,0.483813516629468,-2.61169563471243,1.78424843937668,-0.389619344175754,-3.57569061364292
1.95343934195204,-4.12362501632371,6.2968353589308,-0.0124941609700092,-0.445252376544197,-1.97633628499187,-0.364020161902364,0.326685406028297,-1.74088189851104,-0.342636021059298,0.736927196689602,-2.66782324031311
1.58080639604171,0.108921710211781,-8.56738217599015,-0.149630314154732,0.825806427321744,3.0036848817598,0.664929581904512,0.0954470246452405,1.69163658761483,-1.83007749859398,-1.60180773302366,2.49672527595815
-0.92654643728312,1.62183291264223,-5.68366383391445,-0.0954027415182035,0.0623695299237148,2.67149062748244,-1.51969416463738,-0.0587895313779072,0.911916783950346,0.26135060359467,-0.975749373971977,3.18388213326185
-2.48076692231027,3.50207117481458,5.41696029157923,0.025897989038126,0.0877319750978105,-2.16627739557705,-0.100516613439557,-0.566767730082363,-0.754903716883659,0.668932351497489,0.298220838595503,-2.2846161017246
0.61285410527321,0.00813931700169379,9.26568522209748,-0.177926398701198,0.313804616561553,-2.18805866109585,-0.678806131842767,-1.16338481986448,-2.68326932944612,-0.060638949326983,1.46948366830345,-3.59264035193538
0.317189465110711,1.3847800996535,6.83567920071939,-0.240130364400851,0.0579581354573771,-1.38441070144799,-0.0552975974621909,-0.283150050950053,-3.13487134130745,-0.774078162205422,0.300442637067413,-3.01909516797097
0.533548076952668,1.53432823504603,4.12460877369806,0.161204930831427,0.195361249535985,-2.83822072920859,-0.429451760005154,-0.263623702860671,-1.46121821633445,-0.297032663706755,-1.30759112976558,-3.02726164752259
0.762109677288323,-2.12606932262898,-7.97523144178887,0.384537989095075,-0.268877992182252,2.91130986059454,-0.335348975547651,-0.0329219867613475,3.01862830164997,-0.539983212701845,0.889782234382385,1.72339771103345
-1.38500638432215,3.90240232542998,7.67929254712476,0.491399717944675,-0.020715490331267,-3.70648653125592,-0.276945679368556,-0.0435243921865662,-2.17407904974718,0.368121767477522,-0.00148713988944189,-1.95272029709199
-4.93045313236524,-1.63496497929887,-9.65117237958566,-0.565907322060979,0.08484118074816,3.95218457101455,-1.10736413800899,0.921851370400561,3.19885998538398,-0.134601596317784,-0.0732557074314828,1.92155403473412
0.38742060452629,4.15948095700476,6.27923033292871,0.002884014769725,-0.65079042451053,-1.43856308259525,0.43012751464806,0.00474703555183672,-1.71913419034176,-0.189292410086527,-0.35447217002544,-2.52367993153183
-0.371961289814585,2.88679793486341,-7.21070706948511,-1.25500525987118,-0.752499393119513,3.40097970318539,0.0519492029318082,0.321361559602181,1.87015027837028,-0.294067849187604,-1.22091202288788,2.26106024105644
-2.23889816805681,-0.621942301595369,4.64850361436223,0.547627198807398,0.452775347929979,-2.49727595070365,0.0633031789648682,-0.221321416262875,-0.83460900334878,-0.0909817737610637,-0.168040457287953,-2.82085633231213
-5.36769543646238,3.16965705573208,-5.65238121763231,0.0265368419892743,-0.0977481708852561,1.86037888176891,0.095187108955198,-0.221450898735531,2.87172612818984,-0.32176269004791,-1.83851173126211,0.737396934982383
3.08720112407366,-0.0330377582459662,9.11768902627391,-0.411608340772089,-0.0970041675179013,-3.91421014723735,0.211605145207491,-0.223918607208051,-2.97118125853353,-0.287806884117099,-0.716906892684048,-2.38170010257934
-0.507381426528056,0.659984350093036,7.88043401198235,-0.276363450866158,0.256776879668442,-3.74633910174478,0.720521298903541,1.30136851969692,-1.20317881444805,-0.0661101895197711,-0.153653036151787,-2.01330280608068
4.6439532652949,4.1289521975894,-1.70003770740465,0.405583620699912,1.46611412773739,0.641209583486687,-0.374546090929017,-0.00153333893542737,2.55173874592194,0.518164000948999,-1.07090454209138,1.66610200778125
-2.07599496969418,-0.951425460285456,6.92834916526125,-0.408323054281567,-0.398520351555278,-2.90820617871036,0.0427327175618425,0.291242787134801,-1.05046304728983,0.645848518160134,0.615186305952096,-4.19668692262834
-1.76538714697171,1.08836856986875,5.97870062499097,-0.235661076204213,0.131999843184826,-2.44574143596812,0.487482300043701,-0.943883046460813,-2.07584679355466,-0.0228447049063876,-0.0841847260046926,-1.65526104932611
-0.452764002398111,0.0152786138584705,-6.31354197653329,0.263792099153604,-0.510748447166992,1.95087615322078,-1.33121732461751,0.369625140909015,0.486933741901479,-0.0560663602475162,1.11538252523915,3.15317851632758
-1.25418219360704,0.390290712368323,-4.60645079957552,0.0118768136836308,0.0130809633298362,1.41812063551481,-0.19539554075785,0.213967196286119,2.4587768345911,0.202880996904216,-0.375043332080507,2.66469395853755
0.659386048124525,-0.748935119748758,4.24502104642242,0.955288349728281,-0.913568573285764,0.0445786152335214,-0.181802268018361,0.497374816370594,-1.47991180855661,-0.17555676178211,-0.220673128628875,-1.78297101826309
2.26775160337642,-0.88444036691142,-7.91775311942298,-0.770404442875547,0.318884341451717,0.834442365844769,-0.502159898523955,-0.184188614148485,2.99051700269879,0.416849950372666,-0.857410267992784,1.9171349678788
0.636380474930164,0.381878508261825,-9.26776149360355,-0.828065426016731,0.745368620270483,2.64184440920646,-0.268821794714684,0.270049606056941,2.97520293995757,-0.582390878440307,0.234734136648261,2.33969602377727
-1.65225946193774,3.31036783304426,-5.87778550511344,-0.241024858723665,0.111625035617049,0.553963477233383,0.607172378427825,-0.163245097428605,3.1479132987591,-1.11342466521327,-0.708280521398577,1.40845134959056
0.157422834398507,-2.15808367162103,6.09295586159502,0.604802550997496,-0.312737879283833,-3.19073329465422,-0.356004695048494,0.244563429053616,-2.25571680272223,0.380993772959045,0.569496894326025,-0.731716077478958
1.69908191680607,1.49698518531274,6.5691969211544,-0.0907702158507035,0.100738011390096,-2.16899596832408,0.279302151684655,-0.245371221828713,-3.17697749832028,-1.8424920860428,-0.832741178340531,-0.43686524243145
-0.903675857253321,1.71807834362774,6.80060802687636,0.504060679082327,-0.214664914878873,-2.42929308589892,-1.01635980239779,-0.0255958393868642,-1.71183539145546,0.0442371957008655,-0.319777798868955,-3.61867968078477
-1.56170964869097,-2.93052886618882,-5.95630548945723,-0.525134191813803,0.0352230033141355,1.99280626442715,0.297557992000834,0.00482038364782849,0.487082454966813,0.374007066359986,-0.0736647649073678,2.45631824374726
-1.1172485917433,0.441777493584696,5.80200049835748,-0.256388408243356,0.412746256343781,-1.88649919091795,0.503113236203052,0.424306225438965,-2.18840329647177,1.05667607955809,-0.972392881911173,-1.73008811937241
-0.573650175162274,-0.451988024731204,6.04801990463643,0.276287762314725,-0.339070734450674,-2.69718696882089,0.586419397260154,0.100858772327352,-1.96118821395848,-0.0811356148609546,0.353348751028953,-2.05945863411414
2.29137515335212,0.461610137319243,-8.89729650001847,-0.451508529848007,0.140066819881931,2.62639221338482,-0.465968581845326,-1.25785722891784,4.99361466027345,-0.0318161110875086,0.13145047354998,2.28948345744712
0.094097155615313,0.575922466542404,7.4193649704048,0.241498293904195,0.239535839310413,-2.33825497620067,0.0880436213254125,0.079984548077431,-1.27735940822298,1.58067479575531,0.0245093629884348,-0.98195099682104
-0.12753193869905,0.503536620659136,8.44103877084312,-0.163392305954231,0.438130708370401,-2.88186039934236,0.388700322625239,-0.158248514771854,-1.53966301055516,0.474841076998975,0.00584072414376803,-2.62835886749687
2.50489262286141,-4.93152148752351,8.57885605511735,-0.184843036035135,-0.115663448243876,-2.14702096387377,-0.689660395208685,0.554346583704377,-3.40128453268027,-0.391563731731117,-1.18466263733897,-1.61116750675572
-0.12106211078639,1.72116886976651,-6.06664612447584,0.263412491375919,0.24070204970594,1.9403731763015,0.364553301833262,-0.426026772602238,1.77937399476809,-0.300792261757098,-1.16549179598356,1.79200500848049
0.631544674609007,1.34478244579488,-1.61938050345844,0.489348682655568,0.180332925713666,2.26135635270071,-0.385992468827874,-0.214765928062365,0.766226996151785,0.47586979083826,-1.1136720005931,1.26648546818872
-1.11599050703779,-1.4960581387344,-5.45369944659918,-0.0801827246477506,-0.589919484299394,1.46769528525942,0.224528518708095,0.291018175373096,3.58347340069149,0.214444504403751,0.0761000449082897,2.17078247975755
-2.27581192734649,1.54517437348691,9.80009039004402,-0.00257631675120607,0.0443660269157829,-3.07073678005082,0.0691624166755402,-0.401254419418165,-1.86993610183221,-0.218056181035053,-0.600323333795758,-1.36160295529055
3.17171382749681,-0.116550465508911,-11.4005024205398,-0.452646346905743,0.0679928705883735,2.31748689351804,-0.344299464777965,0.00232541575309722,2.88161265513679,-2.12292317317017,0.0432645435794392,4.21154979791854
1.06039734195275,-0.163835924638705,-5.80014239027874,-0.0143363523740801,0.436740775520908,2.18267197691789,0.43129826424784,1.32477032357567,1.66979037616974,-0.662309385965641,-0.810428269278905,1.60267368711928
2.29651195556661,3.52356594815541,3.21956959728655,0.0389975651196982,-0.59218728900087,-1.76219797278147,0.0604476277103803,-0.195867730772718,-0.710526484637173,-0.0313405763533888,0.0534657626921036,-1.70908675309445
1.56828015263257,-5.12290640274448,-7.76611353027115,0.140995511618055,0.665036124424299,1.22324821959853,0.214532598350259,-0.0956725264701696,1.94991937314127,-0.611185386905184,0.370946806232703,2.41373676582366
2.73753366310375,1.86091880859639,7.12568132409801,-0.22062922873237,0.293596815979727,-1.80207792500586,-0.644969450025261,-0.816773422677043,-1.70444009716941,0.00678017830223098,0.118949523720236,-3.43880099947062
-0.0628511759926051,0.767692831342169,7.91300237309658,0.155036810803621,-0.0153639534833848,-2.3717206642045,-0.511631706076059,-0.343224537989975,-2.09198146439872,1.2944916397992,0.0915907799368977,-4.1955148957142
3.17113053897112,0.500094441945555,-2.85168018337808,0.259428489578546,-0.309768693449483,2.20664435830685,-0.0387456547800001,-0.0293134921969901,1.48526197185085,-1.15212720817444,-1.37627495954533,1.45775182215399
1.46652977692153,0.13818861673845,6.87089161076666,-0.112429925345165,0.071267292461631,-2.28994975279676,0.0948686649657097,0.0657629598234801,-3.06028410229528,-1.52602082190264,0.907261912854722,-1.45271104460284
-0.45133409059402,-4.30055491504112,7.88750894643515,0.615404584655567,0.16334479733473,-2.1749182826975,-0.809957424097416,0.970042199325633,-2.1727184225514,0.558005394787654,1.35626005661084,-3.51498682284766
-0.110799674697667,-0.113669743945695,6.40548331587864,0.541384657690075,0.505030283860849,-2.913973355035,0.485242757307034,0.268199451263081,-1.93566904804335,0.299254731385492,-0.662085940503825,-1.79707328936268
-1.65177743753509,0.647613869165704,4.64947507163869,0.487028847450459,-0.216982590594057,-3.43067367771186,-0.0319896483040371,0.24430568952557,-2.94825766259233,0.463216178754492,-0.975592135321586,-1.49186636543963
-3.29169289179901,-2.0166772575457,8.95786356068355,0.193393429971249,-0.173607171894243,-2.05864310292427,1.18924079890232,-0.141272709906258,-3.47065316164983,0.323044483061078,0.795578883290259,-1.96000661664089
0.388809345547473,3.5327948975087,8.1124890969282,-0.0441430532856272,0.132366398181518,-2.44881259100532,0.109727295287575,-0.963637191680058,-2.76044516484265,0.0112920559034892,1.09397840030931,-3.11323244610153
1.52482034190481,-2.87717889397091,-7.95308271631759,-0.989715781843688,0.769639133944846,3.55451262024901,0.200137880309673,0.147478475836476,3.67391513583774,-0.344222423619307,-0.22340642185408,1.56061422746044
-1.31691009714705,4.20149242439838,-8.65990420690562,-0.467573240469636,-0.379664172335986,2.21504490160105,0.358271353591354,-0.0388885582217961,0.592094173425779,0.816120113924884,-0.0709943536480915,2.88795832301268
-0.393108339911873,-1.4053280240822,-7.88178108747396,0.246447342250883,0.329136570220533,2.73535962835612,-0.635685499860403,0.0531591437800636,2.66280304399009,0.750449354056041,0.182916153006803,2.27492281014897
2.82636259184113,-2.23622027855675,-3.68093603242482,-1.78676493486529,0.31389737453136,2.35212997071741,0.126392774414486,-0.0672345423488308,2.17841866796347,-0.942032293535771,1.19924788229804,1.9422852416929
-0.994773305883161,-4.60113877386191,5.93115783192904,0.225521252276772,-0.132872794103395,-1.30197540334733,-0.746102850578558,0.00508651221174013,-1.84575246314308,-0.359409421812342,1.0619822662445,-2.11263627529673
0.780451028191255,-0.474006481070631,-6.94036838463222,1.25069509138955,0.00795793993069424,1.15337102886053,0.345689344914449,-0.369452294538366,2.83085770403341,0.144643313344642,0.044062331539632,3.3552488907489
3.10580136641631,-0.658691620694213,-2.06604060780449,-0.204549247903853,0.346226065479076,1.7657973756994,-0.480116947540775,-0.0964567054990507,0.956053497435997,-0.106061818647805,-0.674224154167483,2.18940025846982
-1.06969829282225,-0.733605440155908,-6.33847936947724,0.0930185317863567,0.422061526896113,0.581676320042315,-0.203700981173805,-0.0369484146128313,2.57283431738057,1.05491502203534,0.397037098576428,2.7774595073732
0.800863241680064,-0.969891186619807,-4.09360878544499,-0.0228123570051846,-0.24107629242535,0.991625527112744,0.56460469492668,1.93076118720253,2.08307595842783,0.27794706313292,-0.141267587158101,2.91621692860145
-3.5725830721351,-0.81263832659503,8.466088581187,0.0980530552065782,0.506619132883377,-3.34121850096642,0.291773441046749,-1.20089522722267,-3.40737358349035,0.709728932386752,0.708480515845506,-1.46409128668993
2.76664814548366,0.0863967041894678,6.57596870174357,-0.356652136359538,0.132170554624805,-1.4530364975249,-1.32747803120959,0.455250553808427,-2.04765336225459,-0.0060378394774813,0.646377935458085,-3.5988098405937
0.013293866073117,3.00108832922723,-7.76937205135033,0.498404096169386,-0.265390704617545,2.57171571647109,0.79882575797189,-0.923027585122578,1.91656020111394,-0.122313745560986,-0.0283266555238655,3.36293646644209
-3.26925208463784,-0.324380327598816,9.57757656872293,0.260398618947558,-0.0182255942135066,-2.8775473307566,2.38547647364633,-0.317391055860547,-2.98193408838794,-1.13349812591126,0.272281026230038,-3.50748257246121
1.24788399301677,1.61090207974716,-7.40916817484154,0.271314938722194,-0.44624941428825,2.21934552523915,-0.289754980708631,-0.147773661443266,1.62474215610022,-0.513933104505362,0.197080372134904,2.62814628062319
-3.0894820957619,-0.213611078257996,8.65426446874307,0.164896754258352,0.203854934315277,-2.83823596686483,1.20334541991023,-0.737096989662352,-3.66800158366559,-0.0921863092741489,-0.292858076761238,-2.2946607087956
-2.31576750184494,1.16624815070753,4.89743085142965,-0.0477789021506291,-0.00068834501336456,-1.12098884620237,0.202012938348747,-1.38989473801003,-1.65818344705315,0.0481945190950188,-0.00506377989619577,-2.48258612629325
-0.818882422761813,-2.28092063322109,-4.36195545252726,0.127206073046709,-0.287409056963376,1.11579788531894,1.42795496040493,0.462300381218224,2.78210792259733,-0.721818251793154,0.77513741358257,1.58954683331977
-0.524361199582658,0.329805214270909,5.56779257543561,0.163622593603497,-0.435062292653157,-1.17906649350086,0.325859082929576,-0.350748582345088,-2.13490068884609,-1.17879859470484,-1.16185130372703,-1.88171280148228
0.428389975660649,1.84442810240739,5.26529006916198,0.0777764370923022,0.129323021895797,-2.47192846979696,0.229451901986989,-0.483310181693849,-3.12641774707201,-1.25205300152227,-0.128282923739664,-1.54382283070874
3.04091739639453,0.908765346539552,-6.2078037420994,-0.0518398447586449,-0.313672665198182,3.52419152513905,0.273712462666519,-0.2849695607655,2.7128292333834,-0.898480808834056,0.739644968160335,0.656610583498638
-1.41094229259886,0.53538468461334,3.69867019084836,0.358005074847405,-0.648435232085984,-0.186794966804861,-0.432430398860748,1.5421357555895,-1.82663281092596,1.2846184785939,-1.53637353117758,-1.6660462465585
2.31085266711523,0.491905629761533,-4.91513012951382,0.397534429026906,-0.255527873313798,0.32440269872936,-1.1686469234303,0.112207375125006,3.22527329518624,0.245490658344584,1.15004100324113,2.77484782442283
0.245143355987145,-2.16472029566574,6.38171181664211,-0.106489265624704,-0.0494565158642952,-3.37317548343179,-0.22661559948706,0.403550808829009,-2.06218238738114,0.0434816415013648,-0.447872614808318,-1.06521051460724
2.32896274802876,-2.24847693411375,4.7167501176976,0.20234097316334,0.520770696235865,-2.0495934213713,-0.272720075918973,0.387446651461234,-0.594799402040935,-0.0859449386019253,-0.396262554950365,-2.62840184485848
0.796039355381462,3.32306268445654,5.41805889686488,-0.738036955769131,-0.0777039423947546,-1.11586247340733,-0.240423537863236,-0.288167996564415,-1.8807089953748,-0.448195628039147,1.27868507490362,-2.43879662552122
1.15630306378297,1.04578555929806,6.81616082972877,0.112487577323453,-0.0349229456259413,-2.4779245406904,-0.78575260784394,0.398845672371838,-2.31523309748277,0.644111204141479,-0.179660682799423,-1.60015729427361
-0.234542232507622,1.24880812430335,-6.0259024525711,0.551741576539177,-0.479968799705373,1.2851874279289,0.410093085668978,0.342799848899704,1.63104925414308,-0.0931335703489418,-0.697437711605961,2.56797761288239
-0.538542187051505,-3.56353253866688,8.24113341818517,-0.182262247703485,0.00745341430946978,-1.070422152188,0.0973135293943105,-0.0536394499347889,-3.06223552292794,-0.0270838116812423,-0.420065248252849,-0.244982952245059
2.53829108197932,0.379953338792,-8.79342157402704,-0.607659772047648,-0.22316960439746,2.70124099050252,-1.33335831192511,0.97276940519134,2.10138784169876,0.307276514576291,-0.941772677393155,3.85422678173164
-0.193635154347475,-1.20408102354679,-6.91457026517229,0.0682107920455442,1.62464562704853,0.787189416066497,0.738183831965529,-0.510938333084288,1.86040255768089,0.461813667967668,0.386379814746224,3.85548112373247
2.75274752037219,-0.448033336817108,1.98584369172008,0.272103884088813,-0.0583667288052508,-1.03124696321896,-0.376326967936505,-0.142145129569918,-3.0637256776241,-0.498414795287958,-0.473972747746379,0.00874429985588117
1.01053840022871,-3.12113748375567,-6.23498191082418,-0.670127776238939,-0.730411090348235,3.01407108804457,0.117595205248414,0.0570635414003405,1.97335690499166,0.388597155434542,0.149210819390377,2.53579690047298
-0.503394087031065,1.07609295617661,7.92074284483527,0.166661387348,0.561661721128469,-2.12878192349872,-0.813504587946633,-0.0897090486401745,-3.39994513715649,-0.0176113475513052,0.212753716606438,-1.75298175984088
2.57588415501688,-3.8576193162577,3.91547349390456,0.372692950218665,-0.34961165282866,-1.08904053114935,-1.42636043957703,1.1276133984953,-2.15830905330303,-0.68068972560663,-0.0738809421366346,-1.39680148711699
3.48402798670631,2.28603342342678,-2.56708656784135,-0.420340043418589,0.0365377358100209,-0.196079832770061,-0.0404748943457373,-0.0980976152671696,1.24970031041012,-0.371843023934323,0.127389291599294,2.42128028754088
0.0660001094731626,1.10832417801994,7.86119312986345,0.126745623693644,-1.1689173699144,-1.88402989570452,-0.8228707106431,-0.189901073259158,-3.48469049491884,0.458920722576953,0.337406333007737,-3.64984465100351
1.84780967933654,-0.608423384933158,-5.39031933030037,-0.362881638035859,-0.770214525539697,0.539016253390965,-0.530810696466671,0.0367394613075523,2.50405124238838,-0.661423348069042,-0.307980008496322,3.23082461817301
1.29016755250537,0.437793552698368,7.52788780122148,0.0278162003456289,-0.0622757119160618,-1.52929420644562,-0.276861707110504,-0.994121123083452,-3.33805977756976,-2.21378076657983,0.585817207709099,-2.9024505710474
-0.676612816651178,-0.438348772119956,8.11166819010732,0.280458689735842,0.466729992506953,-1.97283492569822,0.053807202169794,0.446376986301177,-2.51329616086831,-0.215383658532261,-0.14265550841,-3.77423112369757
3.81259505645372,2.85381734915084,5.20799438081748,-0.211389761939134,0.0944004648668762,-2.11905880583709,-0.42263242611909,-0.716465094305259,-3.65482414042038,-0.700574835114361,0.0527990433334509,-0.490439231851521
3.7329441617801,-0.179267830612568,3.91424636342334,-0.401861651169521,0.394264295121519,-0.864358638663719,-0.84564499242005,-0.0146806527864321,-1.68420841787761,-0.554324409425998,-0.341668782693682,-3.90217019742534
0.564555207625568,0.220649646027372,7.96673201598696,-0.380694682456409,-0.010461585874479,-0.978852646564474,-0.375535117361326,0.321509633330586,-2.39775164654776,0.380999873357385,-0.457844924116886,-2.38460781914181
-5.22572115328443,0.20977527213273,-5.04219686184613,0.690881170114311,0.223968832497909,0.989799977669722,0.899876526461149,-0.558536580304902,0.73176437264105,-0.264026679724734,0.0732165563377848,2.57820338438715
2.22096210395432,-0.792222624044419,9.4747699999737,-0.0444228221188113,0.0920901316308181,-2.88358309700719,-0.720636370396861,0.562079973213949,-3.21022948208997,0.0466117497723238,-1.11786713978981,-2.22424160569053
-1.13938671439831,0.813862831005072,2.43058929458118,-0.338367869837938,-0.0331883598068711,-1.95451821141654,0.0177122467999763,-0.214845035706471,1.81683130482354,0.179376448641739,0.114902237926188,-1.05510743372336
-0.0731032612129847,-1.0340025784016,6.92626624766288,0.313695516347434,0.177481084467509,-2.99241211153787,-0.00745822530363185,-0.379378699475327,-1.77093805269452,-0.0586586052948243,0.433479524743894,-1.80195253486413
-1.57048589277643,0.0606596840368947,-5.98599626545365,0.0514874834309383,-0.086717331779735,2.0526205923964,-0.239209503979467,-1.07556050125445,2.29719731026954,-1.06863560092158,0.163432834480461,1.72525027551607
-1.54366499899238,0.875473423378454,-7.24944137717007,-0.0162102392021733,-0.118414373625842,1.72511359678959,0.384835636503058,-0.0651477852042136,2.75313777330517,0.118088237210897,0.974449446461409,3.12079469132232
-0.944780350698685,0.962514430963254,4.69671645992898,0.535606946236054,-0.0275027556992403,-2.52081324099423,-0.943682111573515,0.09620638103407,-1.08567429705172,1.86317833899358,-0.53435990451645,-1.68946385690204
0.910278821125183,-0.284753465372013,-5.70856518689799,-0.201918527972717,-0.00647465330053746,0.977379701406926,-0.332060438819282,0.0971207310440138,2.94856088816885,0.513191159895946,0.316543641452203,2.36525063168909
0.0641294701631666,1.3936802181196,-9.14321132940085,0.361583529911694,0.112102948841027,2.52396708065375,-0.673469221845871,-0.902889537738448,2.81341021264609,-0.127119587767592,-0.00432839597108937,2.28477755857801
-2.87232468171765,-3.76627651085994,-8.40975304431151,1.52288654977017,0.954552916678223,2.79381922078652,0.0723378202734223,0.0552762867862406,2.6709047578981,0.00593517424228581,-0.229829421294767,3.10080100615958
-1.59293982242027,0.00424063650693457,-6.30244991901229,1.0426037778411,-0.854683962865343,2.75334146804266,0.283019422797795,0.410993936638507,1.66245026957909,0.574999537877558,0.0750244160720497,0.327754034571793
-1.73412069244217,0.555600135903992,0.767187204894151,0.570326462110812,-0.365754457503426,-0.902144612570647,0.279888461055549,0.336035638100595,-0.182013152828998,-0.140759353594266,-0.21162269387755,-2.41331079015184
0.26910643996773,-1.69422069229933,8.68375423406476,0.121020223289145,0.0165314598384611,-3.03839083197352,-0.475512501800892,0.237869017076733,-2.96350097526629,-0.0388462232870042,0.252474320917127,-1.83248489506162
-2.5236619497345,0.202663620373546,7.35668660886523,0.186903060350974,0.280789462760899,0.132177503729227,0.739135696840066,0.254569499234825,-2.52917591365522,-0.0779480324829126,0.0207561440403582,-3.15309361511352
2.29846528504293,1.34791659575038,-8.48276198852567,-0.200584300396426,-0.0138012739328917,2.56639991761115,-1.01692131277027,0.71618274580647,4.7909114697288,-0.559528202405905,0.211244157771399,2.7752845112072
1.78823357114569,0.458562083859027,7.60627917608729,-1.35729256123942,-0.1275941256336,-2.66810126310602,0.753009573344004,0.413391979264854,-3.45172381477613,0.154504322052998,-0.280553593305164,-2.6770233598861
-1.11220495982418,3.15789162951351,-5.29469831082714,0.332691859125102,-0.333564443377048,1.40096557414777,0.860620565639743,-0.442408676279271,1.84693383817331,0.42042255456342,-0.579600463121694,2.94162906961448
0.00126623701022732,-1.45054055856127,-11.0554083085679,-0.98683799842687,-0.787920925830604,3.61735591685811,-0.617341181777045,0.805240417187029,3.90956012495496,0.635535324417555,0.356518931730144,2.45074012493411
-0.824144549904483,-1.70849628706126,-6.08864219136608,0.439331132391136,0.348751934114681,0.0365980519919254,-0.275463238097479,0.384924276104403,1.83739940835169,-0.61772308888469,-0.173050200081441,3.13467871949335
-0.0393946685518411,1.80829084827696,-1.86256237111947,0.164995145953156,-0.129712945770681,2.11316157248445,-0.366340440610363,-0.0708459992651039,1.0385655783539,0.812610822196244,0.478197142749674,0.404935428400205
-1.57173422911393,-0.217104254453622,7.99442118838042,-0.200535290050967,-0.132275181244261,-3.2956013368526,1.06338850055395,-0.290601883261924,-3.17422923127427,-0.00078915611809899,0.341794196839878,-2.66263640701118
1.04663394070945,3.43519184703324,9.65490724433529,-0.0795380736111727,-0.98014879340363,-3.78458881349397,-0.535599438437443,0.291224493733645,-3.52391617009054,-0.139105776270348,0.0963441443362216,-2.17892242576125
-0.270750209746177,-0.07609284294681,-5.9210132526555,0.0631511698530742,-0.145486714708681,2.05884834851846,0.212995409010422,-0.621141204192274,3.23170876699074,-0.174311476703855,-0.383355155571083,0.658891345591808
-0.693831308219467,0.197318779773538,-2.46547689955095,0.315550242476,-0.276629944262574,1.11243423754806,-0.342671192916997,-1.36469409880874,0.741125146125838,0.131630154425218,1.20929976192092,2.47536732919631
2.73390073026992,-0.697224267574242,7.77767373979651,-0.186655741472901,-0.306684718380406,-3.09995581403307,-0.296524320713123,-0.531098584670493,-0.654314768788699,-0.280189056859385,0.752814189058272,-2.73066733487073
0.531502275274863,-2.19806739081247,-4.61226476007179,0.0613900827645002,-0.0877014969672029,1.0396079789338,-0.574076658103341,0.69905063347745,1.70926413309812,0.127687522188873,0.0377519454525542,2.07459392200829
-0.644912100696183,-1.87473312890053,-5.69599491148734,0.186888012629834,1.46890055410823,1.38900814064815,0.282703546525496,0.22124949945772,2.98392822412664,0.0494158653025191,0.0836130636639855,1.10560482831063
-1.79195037275265,-1.02686944702631,4.24707856118113,0.587230138094547,0.148151469736274,-0.911826574077338,-0.338967655311911,0.527502788333951,-1.58379373767619,-0.190714004843793,-0.536881636497078,-1.17359913148222
-1.92632644302221,-1.21826518499709,-8.28966804517283,0.464986829377104,0.160470497768104,0.375798340117617,0.327796250357008,-0.274323467430794,2.82380603864001,0.714681239051985,0.446022850203689,2.60109487480169
-0.214371104932531,-3.72883330774292,-7.28340131143136,0.126432381736195,0.026203593859635,2.02821031798921,0.0843452332790371,-0.261246259095089,2.63842332943738,-0.0198365430555521,0.261162373159476,3.54325149009773
-2.25535712125236,-2.01427038351177,-7.10237638312337,0.165644564963592,-0.259095158946942,2.48100836123069,1.06606414264735,1.90870967308095,2.66129578301926,0.513030271756259,-0.246477058467403,1.79974061967426
-0.250462814436651,-1.48437830528989,-9.37064751231736,0.682901530516616,-0.0137088715345471,3.03029077279162,-0.0149956118911502,0.78270717700397,2.2012570406701,-0.315192112374624,0.639838890958803,3.66861453189982
0.959990176680562,2.29776414896627,-7.73133527572347,0.18653668384748,-0.0994829709428447,3.76731422384027,0.26747815065505,-0.00992837107683616,1.78582984740048,-1.17596832427975,-0.27997319753823,1.81041594964306
0.143263937870421,0.957917968303459,-3.76846958106532,-0.35550450988471,0.0875355238912218,1.94836473838653,0.300121872692722,0.340171282084781,1.59537780406487,-0.414030154967921,-0.339674085600659,1.09081682457791
2.24657545494531,1.38418282993244,-11.1110363190049,0.074157272613968,-0.779959366588654,3.44248368702086,-0.271454973435689,0.0998979447976316,2.64872795168548,-0.279907050986901,-0.124861537773248,1.9966096652912
0.131791923671874,-1.16672422878803,-6.82347357181643,0.116970176436275,0.208721314125292,3.12170926465657,0.275200884786626,0.327937410012451,0.791915444866025,0.396735348024807,1.22011450469493,2.70152972695035
0.597408474910732,1.29952121273449,9.04352579468109,-0.779596253962531,-0.180116626040323,-2.30235062809994,-0.105513535845476,0.298731373654634,-4.45705193850132,0.0303876803353154,0.0544058237498488,-2.97225760461066
-0.66440344250563,0.964151836451769,4.7543299378669,0.134687181238997,-0.160895415129893,-3.23045963898521,1.12405667895761,0.5639312143193,-0.128151790342823,0.0628126776678997,-0.408179143072997,-1.45922969051457
-1.65455521255165,-0.100726833697372,-3.43078477428642,-0.150893899258173,0.04056863094723,2.32867584986531,0.0660344786776123,-0.0691182370498369,1.63033415141597,1.1770142764918,0.210083357310405,2.16587359153961
1.42364333114147,-0.512137922123259,-5.38080273467864,-1.42002209801515,0.74442415665982,1.37660272686057,-0.13838173740216,0.298564412701817,2.20006695409247,1.02729439863576,0.931223385537978,2.48482510301505
-0.531311592549174,1.19763256390656,8.34647487723401,-0.0806589794161132,0.249065295585196,-2.05948821167266,0.198297851039254,-0.00504819573805015,-1.49847470347018,0.0672987739375951,-0.22617658071117,-2.37996285711617
-0.917502777200718,-0.568024277711012,7.78420775465909,-0.292687493924152,-0.0250200047585174,-2.61956824069817,0.0537252555593069,-0.473774867919239,-2.01283416272914,0.00736357728752627,-0.368695102759907,-3.30494849348863
-0.280539952682098,1.7748322459534,3.24886909692724,-0.114683906752386,-0.0690402844384912,-1.24192475933753,-0.274115828914308,-1.52345107548998,-1.16164792014789,-0.437648431779747,-0.567460787592508,-1.76382382515685
-2.06361415098464,-0.0256374266345492,-11.7201333426483,-0.380137954584852,-0.398774873949657,1.82195627874858,-0.0633523108187795,0.447589334008712,2.92624700516027,0.336026544745212,-0.360130726050047,2.44252997019215
4.53442976832288,3.65874150441338,2.39159201949624,-0.348057262501252,-0.716076710744537,-0.544501857274732,0.602860778226704,0.363724626295854,-0.524864317447096,-0.166613176035576,0.275211992888073,-2.76241922129785
-3.26797758156937,-2.55760042476007,-4.79709993450446,-0.417679696645823,-0.0421650945261313,2.40761339066286,0.435363097671509,0.446196452115043,0.991499868025366,0.0946284323545569,0.165210822103483,2.41563956164555
0.316101637600913,5.36862782980072,-7.26915607073952,-0.312219468898051,-0.120951324175317,3.05622754410361,0.0790712745130441,-0.0501884988151182,1.52833569686485,-0.307504033271165,-0.710863190333935,1.42021003787854
0.732912221829719,1.79553707534153,-5.94334323963838,-0.568049598111879,0.272801883210235,2.19530875747547,-0.28754770012508,0.0774705379442843,2.98383257430325,0.114601600516902,0.0983020623089188,1.81062281814324
-1.96170781072601,0.908149473045906,-7.93546298509411,0.442452784363432,0.266526361253027,1.80698940230508,-0.955388195755947,-0.517201200997879,3.90552828733088,0.58543619417533,-0.178976944561042,3.00910647613332
-1.06975978020477,3.3011595720114,11.2905889538317,-0.47641278243338,-0.147932339196322,-2.98258580729667,0.154941579395589,0.0458752336786647,-3.33306502283656,0.14221152258562,-0.44758300906849,-2.29574412821771
0.59413181237295,-2.01192059186902,4.29196923682836,-0.209163665232412,0.29449645059276,-0.85337326590569,0.198978008966382,0.956283658844563,-0.556539988920491,0.206072601185951,0.361840471710656,-3.23145720405015
-0.966005038836922,0.754187427013866,7.97433029042482,-0.404357797141493,0.334157970260995,-3.13106264409981,-0.0200329145892076,0.761855278984345,-1.71676958186766,0.355391511622954,-2.18446835313263,-2.01516753219664
1.14781010814417,0.992040979605129,-10.8491281329624,-0.204120979634752,0.208247628708744,1.60039003700089,-1.46044172086897,0.67898784322877,2.97855306003746,-0.0353231950982532,0.458652215395934,4.03365187313795
-1.98477986575953,0.284589521512284,6.55547725413547,-0.41098195882584,-0.0452327541903936,-2.22283670372889,-0.225581748416366,0.580603679317911,-3.28076532100836,1.2907356008364,0.205997820969868,-2.63354393723701
-0.304592905743701,-2.96695738235268,-5.14901096799063,-0.556833757162038,0.82943495269762,1.805936109196,0.169450108827723,0.199268168458621,1.61330198505117,0.239666784252508,0.553568091441463,0.180654837793315
-2.17721324735302,-1.00166642922835,-8.34021135648728,0.57840094719296,0.573016399310411,3.02762574405541,-0.0444604015800767,-0.11048409693943,2.79583440541629,0.426603168417442,-0.211086773820629,1.70712001071253
-2.41607019691417,-0.582152970627038,5.43655309816882,0.0387285333818457,0.171955868702221,-2.20884556321109,-0.045896302880474,0.260215037291925,-0.596659068112741,1.25967166964105,-0.47422916818707,-2.15136043554027
-1.75573952834722,-2.86335433237891,9.7291744286113,-0.214475642791515,-0.0354608647484438,-2.1604900023146,-0.799998619086789,1.11715677211653,-3.0740581175607,1.29150401455769,1.24247963336421,-2.0798132320379
-3.7740693949879,0.378654294078126,6.40524514379956,0.211457449091651,-0.63705407385102,-3.69529794793321,-0.329608587211053,-0.91696615034452,-1.89724254598296,1.04160724845381,0.0365053464746219,-0.965617709485847
-1.37708565746099,2.61814631751424,7.76661905312084,-0.646369969760064,-0.787222467615462,-2.47794676206192,0.860059737382343,0.0411938221827799,-1.07155815442234,0.369140606692419,-0.344990737662612,-3.59482793858725
-1.24243353763139,4.44739109237579,7.65409240352693,-1.08828349092379,0.561695377618275,-0.358932816706194,0.0796349785691175,0.320594022837054,-0.828811325245716,-0.27445248940851,0.0301252860667417,-2.26442840858483
-2.88972990341608,-0.628925458745273,4.89603519903984,-1.14358827443474,-0.296895756074456,-2.06943474526317,0.245710776924026,0.0404307393194524,-2.04290908025489,-0.432890639795451,-0.182253246354989,-3.04815768841664
4.74108399824213,4.48655437464223,-9.66258704727696,-0.655993434102522,-0.229973444242645,2.11330255292293,-1.05333412337997,-1.7967819921385,1.44718393908307,-1.08067688331381,0.496834921226563,3.32283507343227
-0.723394172091101,2.28337146949493,5.73920759545044,1.61549559925597,-1.09771497831888,-3.16859772859081,-0.321333796193545,-0.734710025642062,-1.52972333432863,-0.210031582841703,0.0670625635092114,-2.68662753457842
1.42114933448028,2.01217647717553,-4.62586957735058,-0.0265597367807549,-0.630368163388752,0.858363937210309,-0.239701387024632,0.0258574951651392,1.97630150174062,0.51002244524068,-0.298301764530631,1.60842299278623
-1.20375354260224,1.34743641454031,-4.24268906144381,-0.356703401696444,0.119189547626665,1.31041058085812,-0.0132486891955822,-0.378578121462099,2.31088536340642,0.426529882602827,-0.171891746746177,0.962593336196083
-0.266430774209055,1.91210136099104,8.0035026334269,0.0711450888760348,0.0051098564338863,-1.0702109482001,0.618494443261114,-0.0865685882942768,-4.06831569836491,0.253017845347633,-0.746055398616526,-0.732208679785939
-2.32106248326436,2.72247527452226,-7.2787579764987,-0.332815081366397,-0.549149473423403,3.03294092360004,-0.119975442334157,0.236635784876852,2.76673381198876,0.799898698993795,-0.893051654055884,3.69227201676999
-0.191421680233243,-1.31798745191858,-5.14291921839049,0.178797929870608,0.309480474578247,0.678215767288641,-0.251909289515778,-0.263228335540057,2.73828304397749,0.699993449794882,0.34323292379909,0.694556995504995
6.67404454678227,1.14467237005901,-2.58539895028735,-0.220926282796792,-0.198422704734615,1.80380264512499,-0.19660348017521,0.213944195478195,3.21260587509531,0.0065965591086729,-1.05848469317216,0.469715754548027
-2.1854014496786,0.992261906393636,-8.62983147520559,-0.13486234443689,0.142027767780919,2.80246388558411,1.10453171103845,-0.0696047960615925,2.83575681837019,-0.236374478768856,0.081440163478939,2.02593722465075
-0.741309726997576,-0.280873827227023,-5.98565098351444,0.336135651133224,0.321373053202467,0.8790074595748,0.0194976634954281,0.482114461084455,1.57268681485481,0.166372662459678,0.474619181412585,0.627710434595273
-1.66152658660937,-3.83306539007846,6.63836320763181,-0.710890449448364,0.853982547744959,-3.0044580514059,-0.222111654808241,0.276566580488632,-2.1018226029031,0.204658666227394,0.431781522971828,-3.02490986507215
1.11749826295075,1.33556662814268,6.1817097730466,-0.289863912639046,-0.0618169950134536,-2.02974369901826,-0.131330144400132,0.651701046488689,-2.16439498768351,0.15933020226246,0.0730663308632502,-2.79412671648685
0.44443062993943,2.05231994371639,5.3678568747131,-0.134184374386302,-0.836183328805642,-0.601954116928506,-0.0770105775862457,-0.0456325646987811,-2.69711445157702,-1.10435641068444,-0.7874853752319,-3.18479643190343
-2.77362274105475,3.56119137579295,-6.21165149697858,-0.485141211123639,-0.710169743425968,2.73150833521848,0.497424719749323,0.612075190439011,2.41144949858219,0.990294921952406,0.326152342487038,2.67652850076923
-2.12213596291624,0.754348138437883,-3.485518606269,0.0992490098101025,0.170637177062718,0.886050141645905,-0.456303686216405,-0.52149429201862,2.29038082014529,-0.266322988032992,-1.32423112701342,0.502347076747581
-0.143577766949675,0.92520716306724,-8.56770216700307,-0.0164743848215025,0.158497899026887,2.44142684130495,0.192581269351076,0.899708463096439,2.7866986629864,-0.499738156314728,-0.66874390333188,2.59967184434845
0.874524612373698,1.0850730110983,5.43841593811851,-0.62345317566184,0.334283517879132,-2.67178448969785,-0.704188901421293,-1.00157282804821,-1.20157970725384,0.371297147444107,0.303010201297533,-2.84645721198098
0.669324870466259,-0.0983201718283464,5.11396063847024,-0.154746017643119,-0.279984591979404,-3.34474550376611,-0.637014026830111,-0.295992631267816,-0.628040138278378,-0.0542634985700646,-0.0565467982873253,-1.73066073352648
5.72202288262505,1.30075133223248,9.76661156869662,-0.543706569178295,-0.800170310898667,-3.3187665324712,-1.52714656173018,-0.380515400040935,-2.32892352955229,-0.0569550122244214,0.302872719923238,-1.79559628275328
1.03872968119707,2.86951300851265,-1.21369061595406,-0.326147458004569,0.466454530074876,-2.00585572142706,0.209061092558012,0.507258930184758,-0.466050731309626,-0.0473779222888962,-1.3447683187748,-1.51957386993886
-2.09874978066507,-0.745710916067393,1.93332287202173,0.0366647985153265,-0.241902558611708,-0.890697162878333,0.149321485088587,-0.0535440477937624,-3.19088103172902,0.90643093104659,1.20125072555264,-0.259638497168428
-0.91037392412903,1.71362123075785,-3.88380983442901,0.326749128539602,-0.309182810237551,2.17078011263411,-0.0434750318755386,-0.277735835727303,3.19644619337165,0.671929921171144,0.598241783213034,0.169466049422371
-2.1606270644397,-2.33246471375521,-5.85013107155462,-0.307167239925763,0.643339361711037,2.85474713705065,0.511080307493357,0.233746830353648,1.68531697253264,-0.103742920372289,0.338351520701789,1.25098933767533
0.0479735284577006,2.81940175237567,-7.94062961602926,0.0422233433456733,0.0551390107781549,2.85441508782389,-0.00379766407679674,-0.00718821346610072,2.11213272255251,-0.814706854510756,-1.72521244997544,1.6766970869364
1.52728909744748,0.951848069667866,-11.224626582126,0.525808986110086,-0.920775122018921,1.60828042253779,0.170899704001694,0.679904921554122,2.57898138393939,0.0298453425725862,0.01772423016673,2.34174077415656
-0.401581050407147,0.916766169125402,7.87581984598452,0.603268099118278,-0.334694859207573,-2.10638070898178,0.119182648101695,0.0270267044746516,-0.467045152490505,0.654408965506997,0.940597337677005,-4.05288132622178
2.06105679022749,-1.64921060595296,4.06398102679501,0.0470593548354005,-0.0570145960870892,-2.17334459308387,-0.237940470223218,-0.561990292835137,-0.741326435449986,-0.777282698173433,1.39637712737863,0.200803233257741
0.91371032613743,-0.319838017108153,6.64834822608576,0.405454015798128,0.692004352536834,-1.67626928978909,0.0294649465549813,0.999262594911197,-2.43100971977025,-0.0220594476102005,-0.130037178985182,-2.95683088355586
1.82984888478871,0.700778140575477,8.18339156135568,-0.32940397795642,0.670612914683472,-0.7347329442537,-0.801543806823445,-0.146286340524491,-1.75082888622287,-0.14148332666665,-0.727349992324868,-3.42695272783114
0.428585429959143,0.944121827588159,-9.4136432980532,0.0982261563142973,0.167268605344767,2.8255307539046,-0.432081773135085,-0.603489715512913,4.03262975575012,-1.16950267047574,-0.999704064469746,1.81820249158996
0.857400292007223,1.54605378175528,-10.33911205829,0.240087711524483,-0.0348251145070699,2.24230132247356,-0.130903640002941,0.909966995569703,0.239994041536593,-0.0441038125518456,-0.126345263242728,4.55911529576866
-0.415930266914041,-0.133249486691366,6.0865041297757,-0.850014691395178,0.0780318651236133,-1.98162947294098,-0.100923313645294,-0.325703580519188,-0.583128509351692,-0.344881391539299,0.385753439291948,-2.37017004782959
-1.77121458916347,0.617463016597025,-8.7633002797909,1.26299237999892,-0.648446838354247,3.31598360900386,0.0792949319891729,0.508034678087331,2.93277017273551,-0.348862888177964,-0.2596206031997,2.69396243344956
-1.68578784799181,-6.74027461759076,7.83400269352389,0.573053806867769,-0.777631179337129,-2.19225480413313,0.502596416333085,1.06695078894033,-3.00798879535458,-0.000470347452900805,0.156475530585401,-2.70015607676575
1.24517751074106,0.289320381286315,8.25929295515633,-1.35405726635059,0.0542559328139745,-1.75755873303621,0.27486723324249,-0.0606971421517929,-2.29084074451031,0.197545093903833,0.511795142864934,-0.966950135948015
-1.00405257904043,1.59305324639636,11.2897797966292,-0.346275657179665,-0.380416124104618,-4.03984073110916,-0.097990228714993,0.0666510398640283,-2.54380577189504,0.227028732404762,0.503401302591063,-2.45741679860231
-0.337828285627654,-0.710240006907891,9.10180057475333,0.0185412733534626,0.11740556840531,-2.4181387258825,-0.596533064043234,1.51895164439586,-2.67520574708645,0.0434831659362635,-0.240486137917939,-2.91624147042666
-1.52865775947758,-0.0252865983621537,7.10403878128044,-1.18140209781124,0.879232527501058,-1.1701115191447,0.544123623630741,0.25808064002588,-2.11562806244249,0.119967840796522,-1.24334652143614,-1.62830208565914
-2.43462055106446,0.346213246063063,-9.15039099314962,-0.28239836917261,-1.11755083865573,1.77698269029939,0.184486467434567,0.275003585361669,2.57177165887169,-0.723387121323712,-0.72005838922135,3.75513365155144
-2.1239365590929,0.538596488112038,-2.38407325299493,0.0837893983420424,0.209444669267955,3.12959304803799,0.572589155032887,0.358829821070453,2.28912220334595,0.554448160702469,-0.576955494988691,1.80098130860245
0.533702349724171,-0.793765832182421,4.7900051816818,0.274302100962445,0.241301829465305,-2.2244568512295,-0.142274429118891,-0.351878764944475,-1.20601435088921,-0.400420914351634,-0.101971934932921,-1.54641304691587
0.620046934183046,-0.745340308396754,8.6541844391582,0.415498955191174,0.0181697969367033,-2.6659041614402,0.233644338323616,0.683899740501404,-2.80146808711552,-0.239339381473572,-0.525218994002898,-3.96933925976675
-3.78388748415425,0.59732597284909,7.64884614595004,-0.0640821904360737,0.0349196288830921,-2.23454539408593,0.584645589564391,-0.278634719752554,-1.02266742281542,0.12592960755111,-0.228783011172194,-3.50332254346094
1.51344001068981,-1.95605070301246,-8.56597749428692,-0.56626216483033,1.45983268862286,2.1229231806083,0.117940544724473,0.00622134715676367,1.17468857392195,-0.146487169938869,0.140232201901373,2.70729891975778
1.41809761083382,2.67526028195145,0.549161461098368,-0.269352281783039,-0.322616488645869,-1.00426243160303,0.388802950705806,-0.215909609182878,-1.49828993238561,-0.880821221145982,0.587699906007089,0.0363720716057792
-2.18793063648053,-0.275012775071113,-4.87414523444552,0.0130201560515378,0.327595376717348,2.08715945995787,0.294373068175559,-0.475510256694528,2.29802384393638,-1.94420461723853,-0.568880502872745,2.03946426401646
-0.558631164415125,1.31251775339711,-7.21880650232924,0.23906852388573,1.14649938318274,2.38516894410564,-0.526112165953348,0.020097831349581,3.02191471406951,1.52453865332006,-1.82972144505741,1.79432071978537
0.164349601224024,-1.21375602411218,-9.28131464373686,-0.348029285950308,0.138728604673255,2.02843029197133,0.364153362447901,-0.504594469771353,2.36305288504168,-0.0939373042579811,0.428192313022408,3.44972748045224
-2.61624338368238,-0.836954154202761,8.55534251175149,0.381738235187227,0.0926022135359825,-4.5717561837794,0.201224482495866,-0.589864710396387,-1.1205835873495,0.283875238312107,0.218560869315912,-2.96829134909776
-0.370941567664193,-1.72378525274815,6.03268165962472,0.439404385126869,-0.0635170939152182,-1.21678062304295,-0.577194455514548,0.736436196103236,-2.35921791639044,-0.376696292453625,-1.65665976248402,-2.9778301981277
1.62283564755554,0.104653443361399,5.0144126439969,-0.0577259508427956,0.254427353512245,-2.26680004677216,-0.0293868524052755,0.814602474511376,-1.45187230452915,0.455247000408501,0.0365644182983155,-2.79608563133239
-2.65499900034145,-0.849236440411411,-4.36930159876013,0.420474279595671,0.0421520112630818,2.7644854633343,0.134788493410733,0.398126125473026,3.63272142641141,-0.416702725516273,0.322425128038679,0.430614119702833
1.18586322875991,-1.12344885211817,7.01494080200332,0.489814792765771,0.272247900680064,-2.10803547007061,-0.265948790609173,0.0420945227208685,-1.9245029879753,0.111879425465376,1.1906759638461,-2.19704446139854
-0.139038542369873,0.885053350177173,-7.57939829108682,-0.266390201488113,-0.272424107402782,3.18850563714579,0.433295112071755,-0.382157470360102,2.27423182472382,1.33879556752251,0.426743490641547,1.96693244300189
0.0557193304421123,-1.24102891126547,-6.24911600189973,-0.552739108960231,0.22813824668799,2.70632766301136,-0.0998573798912405,1.54187862258575,2.7167499351015,-0.0200311264719281,0.80308993656278,1.98525970914699
0.274555098626932,4.61281701573443,-2.6434169543452,0.00724104639300926,0.0224891820885674,-0.690765508930864,-0.150228019399164,-0.518708760386641,0.467492515583621,-1.04447447201953,0.33165379637848,-0.845281617336366
-3.36393019234305,2.84655191963669,5.83646143728784,0.179880549348541,0.829440958648182,-1.89128610555153,0.250000269743252,0.246058320207503,-1.82874797281091,2.30044221067253,-0.250187789558198,-1.64473688776401
1.39425699915007,-0.38030283933517,-3.58018097854219,-0.0905695285809028,-1.10656992955644,2.24600543544443,0.129560307898914,-0.0970913442370727,1.66561816328826,0.185145075432507,0.13478570911892,2.49202767879856
0.0879199496737326,1.46196643333388,7.99693197785542,-0.371846993275625,-0.473045265275259,-2.08654811433849,0.692708933566362,-0.0284725751788027,-2.01774650228135,0.636588268641375,-1.42706145900981,-3.62441878052045
-1.31346775877834,-0.607991733061347,7.25084459496932,0.0861996793056138,0.203966394605567,-2.55195320964272,-0.218588932396358,-0.43747974349789,-0.982813917181705,-0.37753142953308,0.82975120938869,-3.40865884152415
1.58916709617667,1.66820847988657,-9.70354774913656,0.0648397113529487,-0.348411362079303,3.87429966782399,-0.888827324945454,-1.08342936914287,1.84709251145734,-0.055555262560483,0.578603391816048,3.31278130558056
2.12151334527117,-1.56920156148201,-8.15267993835788,-0.326068918329121,0.358795875286081,3.03741474191263,0.0869495254731237,-0.103328098498909,2.68814476928624,0.488732265678922,1.76079501719064,1.70844636922026
3.28441261778369,-0.267757289537555,7.5471461545319,-0.785193885391632,0.510361905531347,-2.35981636601025,0.418362651716455,-0.489072598035499,-2.70301017638969,-0.0425620628183628,-0.168487753223274,-1.95694378358468
2.72976260775693,-0.204256237467165,6.81513207578976,-0.00840117194932194,0.039519067343374,-1.80823277345409,-0.591073683508773,-0.762835647935942,-0.243974414052875,-0.414609260196589,0.427074492204974,-2.11898967203439
-2.29436617119145,-1.47996157483616,6.03052708344122,0.11343918694876,-0.239980157026116,-0.481061559309652,0.626189778765931,0.471294850052454,-1.85933063692411,1.13673753949651,1.67657990039757,-2.90364787629493
0.0435516162364955,1.51950571192076,6.51759279546705,0.182429774122,0.409384633895695,-2.01367995042286,-0.449587995840636,-0.887155115274652,-3.00353100219569,-0.134454155366512,1.02074836211986,-0.938651122593016
1.90182024106225,0.876077000422784,-5.16972237610965,0.242253624765803,0.0285966556282688,1.96169981831129,0.410418372356554,-1.74659968140594,1.83071333304255,-1.08600398258676,0.345601657121051,2.04627997618645
-1.51251807844196,0.788058150728081,6.16955566858643,0.900619762524624,0.258509432709174,-1.06645112901085,-0.70813275003238,-0.350604810787288,-3.08473376846214,-0.0588919000115113,0.17092770104581,-2.14462516255982
0.181798954787993,0.474759869943254,-5.51490078787021,0.153537977427099,-0.109857956466614,0.671021338488708,1.05865025833275,-0.304415907931696,1.95672444366947,0.136932211049615,0.0961735939708973,4.01700203424235
-0.27128957744374,-0.836335891780018,5.72994320240519,0.420941024279777,-0.106425197407056,-1.23735384723046,0.102309239569331,0.659988006289066,-2.40714004976485,-1.19065965417152,1.12273583306808,-1.04439468119144
0.0283913881590119,-1.20834064946661,6.51971433816103,0.0916360708541156,-0.697433081615237,-2.16927700441396,-0.281370356909196,-0.283465284952778,-2.84072687742958,0.0412829016921581,0.415451595844801,-1.90376713626301
1.34963474114675,-1.07958231046902,-5.22295198392753,-0.494139438631067,0.368416484846613,2.78148606525642,-0.247078358192485,0.606842012736714,1.97699988473385,0.175922445491931,-0.357553049107855,1.89016755538086
0.384767464008219,-1.20344750330204,-7.67053552405244,-0.0124296765833466,-0.352250869955339,2.7773221713512,0.284002433598537,0.589070214345554,1.75565312753014,1.85674969092486,-0.100505040086178,2.91454449868132
0.824791632729225,-1.22986697346226,-8.68513161472388,0.0854994861628132,-0.232863038914309,3.61683109830523,-0.765410974414684,1.18700814714642,2.42425099430463,0.131707517090746,0.0511283629066368,1.52023309004456
1.53307964878091,0.516309670930989,-5.49427855080711,0.542728824796224,-1.9838739590192,0.960084680870592,0.371966664497683,-0.124872505184244,2.92549655208147,0.305399051593292,0.361032655051196,3.83953524803917
0.391957383485577,-1.09746456972733,-7.3438538491285,-0.247842211622847,0.551243784325439,2.67591010304611,-0.0785282459947606,1.06244688474645,3.30165694459544,0.019194967863494,-1.45249328297324,2.73544107754332
-0.743197792172679,0.554842565962687,-6.69101779102671,-0.154055104012321,-0.0229714936655496,2.40168132347936,-0.0983697247994619,-0.43114859229488,3.00389159523561,-1.40362266601837,1.74618175056494,1.13449815182345
-2.30550756712694,1.81720706563972,-6.33548592452848,1.01479474088832,-0.601394999919977,2.54300293934135,0.0245474133562655,0.0676470294973283,2.56405861424405,-0.926907226745782,1.05575334280771,0.335987233619172
2.97368500986122,-4.63827302782873,-13.3824532851743,-0.0815831154153069,-0.0578111015458863,1.71174299264724,0.0137378207139349,1.38739952138422,2.5484553465698,-1.58162043258234,0.920622368965372,2.93487811937182
0.669245149629865,-0.921657100731609,4.04855001550075,0.284267039179073,-0.615150812020653,-1.31914648973413,0.701892029357967,0.259809927122812,-1.16111476483052,-0.522004128042101,0.954749444155091,-1.04026413882967
0.256831202966315,1.28967515105426,7.47618969828315,0.304552559744126,-0.628083596316115,-1.39423068377502,-0.112151129927639,-0.013318901458329,-2.05171108801815,-0.243549877321871,1.22481634388251,-3.3099800842016
1.33830001559247,0.12043777183498,-8.4529009487275,0.339699470506071,0.0288856911115963,2.37217188771365,-0.0143164874929926,0.892282525619994,2.07833530611399,0.00716298074102639,-0.114533842937746,4.02791572985477
-2.25677410664184,2.6447880520706,-5.6270488904716,-0.0330783282534208,0.680365237172505,1.22025387451383,-0.21375174886344,-0.118617377278453,1.42812420762511,-0.745747472007642,-0.581080019521296,2.39521348080042
1.85230853604963,1.76677045638682,-9.0002547412233,0.208583644389003,-0.18464648823634,1.62667532238197,-0.375406284826613,0.649234515975633,2.88730441704229,-0.440448546578969,-0.68788110352509,2.78390708702753
4.43685719993329,-0.0406358285768233,9.73274145243832,-0.232739530332902,-0.452401255446969,-2.35590223134898,0.235904459742204,-0.183320207584311,-2.67304207954522,0.101523217040404,0.817036154700162,-4.21529128068079
2.17255266709257,-0.231051761480463,4.94499973494273,-0.805209390375147,-0.37206354588005,-2.41758009714813,-0.0540607887234518,-0.0329780178381229,-2.94972142602701,0.271258593330972,0.060136184956929,-1.97547644668099
-0.0304963352840009,-0.94751803894334,8.38650900046998,-0.0609988100659224,0.596228958591873,-2.14526564463553,0.415478311741869,0.109022629211798,-2.23093216768075,-0.198657188086883,-0.108118726802936,-3.7171985272488
2.96931206516741,2.27655085289082,-7.18601812101995,-0.50513519667375,0.0326940995626554,1.75057387263458,0.179287654327725,0.206634912176448,2.87019150693566,-0.0264542720342088,-0.33864824888853,2.62403147427497
-0.549032901896425,0.44650865284489,-7.83621315711066,0.00797911589357709,-0.18130781911013,3.15493278702268,0.801122657726845,-1.01838213827628,3.42507710140881,-0.454992035521486,0.161061955657706,2.35343293709217
2.35364267972511,-3.06127720108748,3.43331838909437,0.402164962380804,-0.300666694179589,-2.17180733688337,0.307002839292973,-0.0642431701518843,-0.758760456969906,-0.402900170385982,0.251349119520019,-2.03506184429575
5.23336243997001,-0.780313126436521,1.68357861264343,-0.0931673142575039,0.226794827081783,-0.920134939542339,-0.2997747343373,0.427522770549733,-0.138350673990475,0.264470144275254,0.00544497580525257,-1.25106562506311
-0.931295080064863,1.47912264055115,6.03635470844433,0.351747186727676,-0.159576691468082,-3.07634819819818,-0.33692266327242,0.0169996807202154,-0.70301275556292,0.0765145561153708,0.125662673120414,-1.92867624077466
0.323445853075374,0.498506804655826,6.18710439797304,-0.163729459059945,-0.217881001268642,-1.46537644187606,0.838048180944523,0.300892681604884,-2.52795633833116,-0.804022697425119,0.0502184125034238,-2.48156183643077
-2.19172394354689,0.83464291143524,8.58652749963905,0.22274039374743,0.344369506893862,-2.76339953936018,0.765776720499748,-0.455054419266209,-2.11444587053201,-0.620074077732981,-0.219730147807809,-4.27543087796169
1.0859168917273,-0.659709364570165,5.05718088912826,-0.201936203741027,-0.508391440398464,-1.1467455196079,1.00469066569821,0.230228008337236,-2.1892695857197,0.32727947628965,0.0458950249974215,-1.23977637228231
2.00499290298841,-1.01743200720624,-5.32430769371665,0.162503952334746,1.34531584489561,2.54187407556371,0.368765343282721,-0.344954433668832,1.65173458619354,0.237145484050999,0.688143433467775,2.03368860140186
0.110839639854064,0.30261988274844,6.32797590306379,0.42047015746713,0.0679183980514125,-1.69847029558197,-0.000823774217716772,-0.414843243279736,-1.99341227885364,-0.762135959639188,0.338420525379823,-3.42916194890307
-0.185031620363537,-2.35621761076754,-7.81600251971223,-0.257262626401539,0.637584346629817,2.18272955338191,-0.0689732990124176,-0.306129263447532,1.86605451610956,0.293813796637025,0.40049920938311,1.69872439034845
0.862433642327457,1.23795004873375,1.00664053016805,0.537006813598129,-0.412124578987051,-0.675306791484657,0.545716109642796,0.844790066457686,-0.65516355924029,-0.794864687588721,-0.116067419714755,-1.62606711691625
-2.34630213782754,2.03651666121655,5.66045654468893,-0.330202520543728,0.275452354312459,-1.51168380672144,0.193262471680543,-0.323646784906661,-3.56204935122106,0.993793900115692,-0.266021920223437,-1.24330430840571
0.381879429964866,2.06509572010923,7.49041484308186,-0.261207605927524,0.141587895405898,-2.86238770553303,-0.0853714092206583,0.638783184027614,-1.96925167401849,0.46390786600857,-0.892482299161012,-1.39271466847364
-1.02007026587773,1.20775272908237,-9.424647922834,0.355720417359962,0.402707741229585,3.55370760975607,0.254940427158289,-0.191473457711326,2.02926174963087,0.109965163623602,-0.911869553880018,1.83082441097657
3.24955944319225,4.72967031655288,-5.26403653452749,0.0118659748089763,0.580005883846116,2.35608639284559,0.3230852063587,0.0319532386630762,2.87789432793508,-0.205651139143853,-0.337380658806442,2.12585019111205
-1.19920873034777,0.393171896672263,6.09434962139754,0.123435196334458,-0.00519297214505089,-1.61275511573728,-0.0952211507614638,0.0336782719641661,-2.64260358147394,0.667800917488998,-1.69942239960444,-2.57948904274521
-1.49316997912098,-0.125176381938111,3.50063603297445,-0.238285797081006,0.469751489493536,-2.2391739790622,0.469238763566111,0.0544342370407687,-3.04994146305488,-1.21867359761436,0.163776288656649,-0.353153639642606
2.54250277057953,-0.911549803075314,4.70134535005842,-0.495440525394488,-0.073635605535958,-2.10886325590269,-1.12102732714492,0.545562847843726,-1.77263965777176,0.460100467714694,0.315800014181371,-1.71389603857883
-0.457153882525811,-1.54442453980972,-5.52742560446322,0.0544847073187582,0.148612000256651,1.73869929371702,-0.424818576001107,0.0569089160577902,0.844776997960963,-0.626556693456529,-1.11509736145138,1.80975794779152
2.32765899306696,-1.38798914725008,9.59629533278618,0.519074734035281,-0.707536806367649,-3.33188373148022,-0.66480286339187,0.323862848323403,-2.5756494793983,-0.241932486964664,1.07535805420192,-3.67121693220385
1.25079255146604,-1.37072104347335,-5.4582765689771,0.142832618114907,-0.0783212027713154,3.01745785217284,-1.3025902482012,0.425711383777775,2.58316500746821,-0.543945800031164,0.224210114841015,0.447566092817726
-0.964255427163752,3.02062304406162,6.80366672421964,-0.212477753373437,-0.937389632688114,-0.678613063987177,0.754597936571269,0.601431377686267,-0.850779572329653,-0.321716051895746,-0.914748884494909,-1.65617067574059
-1.0601273741582,3.10513372279802,11.4894661812998,0.480651498703337,-0.587414334464453,-1.25005576249968,0.187066212417293,-0.226511224206023,-2.94236243538781,0.667218644911367,0.920962409370737,-3.1081719125325
-0.129297803347355,2.24381070964247,-4.63263976657428,-0.645338304210184,-1.30201474955155,1.93824784520658,0.249749039586094,-0.796813351869509,1.91389060892362,-0.587779991984952,1.33059060328746,1.72907037144763
-1.42215874782468,-0.269595966720142,-5.78728061644725,-0.584131998073315,0.540234236026399,1.92028930037367,0.0552441135456812,0.461768573159974,2.62400735009046,0.268144285331888,0.354366380702967,1.18420448497951
-0.518679636547421,-0.312592703996574,5.69757132563662,0.160644948230655,-0.719817224649274,-2.37120101998325,-0.173249485818153,0.224537011712942,-2.52302384208149,0.10498402841107,-0.0266455754992269,-1.12089257160224
-1.35236155000203,1.74759996958629,6.02862337501462,0.184839718112184,-0.255648449507202,-1.08910239948969,-0.251144875811855,0.456358107497292,-3.76597258615629,-0.0666057845648936,1.04844820289608,-0.92627256440195
-1.64304252075638,0.513578685694627,-3.31930952117404,0.376795704682798,-0.44067580505875,1.55975402793508,-0.30561889188399,-0.0115360687141809,1.41062091067911,0.565237873408541,0.554884746519188,1.99173485541763
-1.4386682711201,1.1738918438492,9.796758287426,0.247252436791936,-0.0747925802040606,-2.38811806803132,-0.407934841092679,0.29167979228523,-2.00474293761088,0.836408412410068,0.139925645073853,-2.98619305357744
-2.68787531449221,-0.0822285948936183,7.08698622129803,0.105454738393572,0.73822454033344,-3.00442795679776,-0.111815442738398,-0.235372843194882,-2.05334755547867,-0.667870251958296,0.133258353285095,-1.20407411122126
1.05225938586305,1.44368452256251,-5.04180460798735,1.38831881702161,-0.120422619124459,1.54888915296132,-0.538352007156811,0.248216971123183,1.68267017614471,0.197290455879279,-0.511597756071358,1.32442784046941
2.80044243974729,2.4455921696012,-4.61069763751072,0.0375215010916876,-0.0297169111392081,0.553784623332041,-0.17513473340351,-1.03768461177239,2.19250630608055,0.131591450196965,0.119676096227524,3.44164797083521
-5.46912899344795,-0.894275232106604,-7.53461518852461,0.530151115327399,-0.00584584656526111,2.1046006782828,0.05898943306494,0.0480823188870374,3.10825395929761,0.0357559202197143,-0.312468207598174,2.08304259802187
-3.05153753189649,-0.243437054947772,9.08110972250584,-0.100970393297271,-0.354741656005119,-2.60587842229419,-0.304019733292026,0.306605615944964,-1.75369130818319,1.64876037388203,0.0677131611720925,-3.21130463097553
-0.50401683347895,0.972056781795099,-7.54305495339662,0.0733250466885357,0.307249790347331,2.94260064192045,-0.0109604960544978,-0.303206151471081,2.31286168633174,0.862231956906911,-0.300264247002722,0.251301889175347
-1.4135502366316,0.307194720856632,8.0415125137717,1.50905526764458,-0.753176967705686,-1.04676478135406,0.263569613591601,0.0750808933908949,-3.33172411406801,-0.0643717351756568,0.172635083192155,-2.03343466998356
2.09288227987385,-1.89241463352976,-5.33941158524844,-0.528653111472026,-0.300492827201348,0.424801735644159,0.244560363660803,0.484573583604948,3.17899844627531,0.729351297704697,-1.2318889947874,1.89027061434589
-0.478616730417083,2.55661157867007,5.26203065274955,0.0411025765537338,-0.292641582298975,-0.637046076807784,-0.154559555653327,-0.503060021201789,-2.44967546152546,0.153841157449013,-1.86151491123294,-1.20720981906686
3.18241000518587,1.10558181151877,-7.94741664865485,-0.481523168276213,0.145601293525961,0.998047525381296,-0.176180822180457,1.29908265581617,1.47740123551271,-0.624005170445242,-0.0486065678949767,3.58440441980976
0.782041805674985,-2.16206359395703,-5.90790709299698,-0.49519938763615,-1.37945138285882,2.23563865669781,-0.857451220238804,-0.150239449463696,1.33117734062593,0.0540644469055203,-0.151440459934594,2.17206058739731
2.220862866027,-1.13104662099834,11.2389267428497,0.251739406118496,1.27817605266682,-3.5468502384153,0.0758830501894685,0.137289962353901,-3.80859400796337,-0.408076472387063,0.0512425298548168,-2.26974340486076
-0.556674599874828,-0.242760904646871,-8.05288247227399,-0.409036137085181,-1.25969195928831,1.92176629001575,-0.222522244239827,-0.151281177828853,1.66213726486806,-0.521274256556073,0.88417605715326,3.12354729813252
0.796821688856313,-0.976925618070811,6.36826864379751,-0.0604404193453401,0.00612031890836425,-1.89808845944753,-0.0671828120751612,0.0765946164799278,-1.27962085367497,0.731776594529228,-0.347621236843116,-1.20918991466476
0.0734139378362151,0.902388057477839,5.0004725419606,-0.719941035185583,-0.345041119084515,-1.08089750271783,0.740134488496543,0.458618564893792,-2.16193958050174,-0.033331097005926,-0.105527923285298,-2.87431751003419
0.767803178107224,1.95869058620234,4.07515005028226,-0.603174779213559,-0.33627459574378,-1.27836086994167,0.0626473823727671,-0.423737651277412,0.0327855007582328,0.921908165328814,0.842200071544193,-1.43482232817466
2.9949765823561,-2.46559668467437,5.11207835098705,-0.226711440906933,0.196691375741901,-3.17263379696635,0.0778454102234345,0.770599095501968,-2.44026962571568,0.0282005750665183,0.356249610866703,-1.93476886543543
1.29562058439409,2.27376065067058,8.39591839024217,-1.53023867932341,-0.471713370484253,-3.67488767879319,-0.0294681835048754,-0.1655237434576,-2.02831132477633,0.64293936028813,-1.44576092107605,-2.77149820159597
-0.941383304111381,-4.35806204415964,6.9074035695145,1.02447361427573,-0.152880413050978,-2.08785800422558,0.519596416002533,0.317927810186885,-1.51897137168601,-0.0399545996191367,0.2335485837201,-2.95092247325407
0.132024459999326,-7.99444646808065,-8.80943278239402,0.19902247624957,0.136080464653803,2.0469021865898,-0.425136486652534,1.61120526047025,1.91659584239754,0.242359471206772,0.25216708917951,2.90145561283943
0.392795823439419,0.817038688488506,4.93436146913239,-1.0877346775752,-0.190102967057012,-1.54148717895104,1.17288779148192,-0.37982345996846,-2.55850767427043,0.423863475841257,-0.471822342033052,-1.33874323859006
0.179415327328586,2.75754433628644,-5.78308747476083,0.175632241227484,-0.368513995527369,4.30304727776886,-0.177986108021266,0.329300762942423,0.591969179095406,0.274748597793214,0.171467963927975,2.63003987565328
-1.01272383691749,-0.159239072134852,8.5404061522399,-0.360528199690393,-0.73888979824284,-2.45728996426855,0.26512549590173,0.112111444025355,-2.28866167757737,1.12342848459518,0.351612373675922,-3.05075952366861
-0.32136751007314,3.90021953225836,-3.92702975163624,0.820696701095828,0.433783630304683,2.0624989056331,0.05727559495249,-0.624531552282053,0.559732132876673,0.293917114564381,-1.85076556588206,0.671438943569219
-1.15972878155312,0.150305302028412,-8.66298231831763,0.831046188000365,0.179522094490357,1.36127406065734,0.263438633489675,0.110531246937304,3.29139123746202,-0.0887511293926049,-0.156475368050852,2.41943845749764
1.79591778570326,0.553118639509382,6.52663319504469,-0.0971254124928519,0.15096792421701,-1.51019450883752,-0.29907682456386,-0.583698040540218,-3.07892675036351,-0.134390273025758,-0.171091022937577,-1.08579569449383
-0.768339752257568,2.41958838907083,7.09065735557809,-0.0730688859403048,-0.4269221533355,-3.21314810142329,0.509855468326712,0.248368664513654,-2.79754545735364,-0.114342040018973,-0.513461372940066,-1.77275894881968
1.21894854472916,-1.4639216116986,-9.27344256352516,0.302330615468951,0.0101624529448441,1.83915168081403,0.249574431966834,0.019335476815022,3.55834675586824,0.0811808379276907,1.2222007299138,2.4316935752869
-1.04792073707654,-1.38799759623573,5.84467481335307,0.393965192119519,1.01530751701391,-1.66714638676848,0.950133694476978,0.686552371212066,-1.51383646523494,0.191835226728935,-0.063595966364539,-2.59697795679972
-0.795058690376512,-0.494748205992498,7.45614270942955,0.427930225807271,-0.965512301949688,-3.16713764572708,-0.127856951389918,0.0367668315524014,-2.37686386226514,0.484234762331903,1.57199996982769,-1.44476225081784
1.08720966941021,1.91044221260098,5.72889480346237,-0.131386178407643,-0.375421290616665,-2.65004696161322,-0.398340354059791,-0.253901438720951,-1.73659942097789,0.361748234240374,-0.111804059007631,-2.19579373732076
1.79221097282538,1.8479269449667,-8.1893587088418,0.194609097917766,-0.0370065631069902,2.71823005619234,-0.90925234330234,-0.307632179192294,0.886617608919018,0.345142203122833,-1.38750418646009,3.46388155839856
-1.23155908847522,-0.868484847345872,-6.24614612086803,-0.0795698530574658,-0.206823614900177,3.58793243614141,-0.166376657631611,-0.551550517971564,1.08704389665795,0.10627111672852,-0.00239675832122796,1.78501319156699
2.62429677547803,1.57021144072573,-8.23072917814527,-0.426881912223496,-0.785756156754761,2.64624454452759,0.758561543398538,0.00324375190703702,3.39881227081143,-0.515118492084632,-0.575145873661125,1.92514359342132
-3.90365384387815,-1.64067580496062,9.99078592529772,0.341685878176614,-0.370756827171904,-2.75047976123332,0.0644757613015198,0.97972292642249,-3.34448415004577,-0.0441504583761572,-0.557752906721403,-2.06984864475444
0.645868349606475,-0.375231079206962,-5.32036805393636,-0.119035009035334,-0.32790399423628,2.87681358353417,0.0171063685925455,-0.209946049512933,1.55201839495292,-0.950170815270272,-0.265946480051212,0.304601540018601
-2.67301974722186,1.7035079658871,9.03244508518602,0.553236984100285,-0.349033845205607,-2.79725921729711,0.501474542247707,-0.3123213413347,-0.843368579939784,0.53215398504995,-1.33013783682943,-3.85135536648659
1.5681941302092,2.11227713945763,6.15721994366654,0.130824527371461,-0.409848257476869,-2.85939921472648,-0.285464175857541,-0.422644458362289,-2.42579520679723,-1.19022723607606,0.239066910516528,-2.02287750113441
2.31777472988909,9.53729476165462,-3.03770287141434,-0.205573284437467,-0.162313535645499,2.860605664547,-0.353717535726498,0.362367166531479,2.63518095782536,0.983190632113918,-1.68070668142224,1.75380946140102
0.629859126354053,1.67099782211961,-7.88108457584701,-0.135990702267335,0.350045460135639,0.735338351172461,0.181632214815774,-0.617197266585253,2.69729019488171,-1.80521200158268,-0.696364326809427,3.24654006916589
-1.26256366040216,-1.00911355797603,5.37515665374674,-0.376647086769365,1.15262799134831,-2.32177934345056,-0.102604371543893,0.049971189592635,-1.62181787064735,0.400496566207588,-0.0801465131536932,-2.79737934925604
-0.395225236175694,-1.69679322063212,5.6983849176012,-0.270664326864878,-0.0838467509994516,-1.76998154328916,-0.150550074418118,-0.00895608499225793,-2.89695719887818,-0.355126015415968,0.392090782332686,-2.34712884353907
-0.709355676537618,0.556880196112801,0.523580420396039,0.500609467457529,-1.39831767446684,0.874051533533723,0.57271368518825,0.425353773291523,1.10177709570277,-0.0397054869238456,-0.178678611182617,0.322081590360583
-1.83252666333947,3.6291822836799,-6.38604741283422,-0.253793307529754,-0.239495424483093,3.52006250649877,0.305977766882222,-0.259175359877827,0.640265844465213,-0.569023751551876,-0.308718191404519,1.10723085589337
-1.950225976667,-0.019351090736251,4.85638361766807,0.61213282444719,0.590316561368872,-1.7681976848005,-0.242058654863176,0.00423891009748959,-1.62462357271796,-0.136880151259945,-0.891000721681383,-0.145001754385357
-4.85160919192579,-2.34236404845168,-1.64096331289565,-0.310018219171458,0.609381458383838,1.61927516387229,-0.14811639968663,-0.454308956729199,1.34427537037873,0.18911430764324,-0.353651504084494,2.67210510423165
-1.18041862387837,-3.12098518413168,-5.51601952665299,-0.747304882178868,-0.469958304123408,1.6705873696951,0.629438628408989,-0.196054471368383,1.1334610523271,-0.072223558473655,0.439976777186514,3.31501857715108
-0.534236868385834,1.42680113326584,-5.15698611961676,0.453686794946969,-0.401954442801476,2.06573198917767,0.172341451285842,-0.141254356448507,1.2080890518481,-0.318182208388993,0.0256710784694169,1.72660990372573
-1.26035419767178,2.23745474197832,3.86707803803698,0.116179128934017,0.0225548386339742,-0.783045323554371,0.404795669526394,-0.612710056030519,-1.30822032495612,0.825971995368038,-0.2007436556448,-2.91658923319203
1.82542864128774,0.462099353111716,-8.45242944587464,0.555654558793708,-0.599765637208327,2.73713404110454,-0.95837262128057,0.246344054467091,3.90437264230876,-0.857663720833171,-0.0761472932475091,1.96163717171133
2.43883414751551,-0.448564358914987,6.48842743392573,-0.169362073552478,-0.230944612866699,-3.27458823966494,-0.189434095692213,0.545798526608523,-2.80374826904465,-0.236228237688888,-0.45128374666232,-1.88560010085661
-0.425489071962876,0.815597639779278,6.88288004788506,0.299302407059797,-0.233607551975031,-2.60921232985218,-0.183793811602113,0.0983646232459246,-2.92783442908505,-0.494590606850589,0.576716721685338,-1.300757318875
1.55245811747512,-0.635556548738052,6.2704035547381,0.0469219106067325,0.0678381375858567,-3.33917178226107,-1.47135936179806,0.961490925579039,-2.18876792020016,0.926063336770663,-0.529354455839497,-2.1516630041771
1.13434694224526,-0.520685678771248,-6.76986295736069,0.440821915613696,-0.00664161563563547,2.97380702439616,-0.532895175320095,0.341164701627402,1.47739942172671,0.0920294640255132,-0.167869110323586,2.39517480231119
-5.21512074508687,-2.5641159699106,7.50528307774009,-0.25370370591788,-0.146793225880982,-3.50857165878508,0.698511897266012,-0.488785940547725,-3.03754581608951,0.109728170650902,0.443925459195909,-1.62902018061998
-1.16405355356378,-2.13749161403357,-3.02868873172689,0.559183981082631,0.249264808599505,1.9822821547242,0.320265945882983,1.16202321581502,1.08512952824316,0.0775909900784174,0.173663430856781,1.44631545070226
2.22270610682314,2.2544160073673,8.69796441229708,0.0887851896641475,0.500833597040159,-0.976296814526744,0.124157004313664,1.00604172928891,-2.29353995334603,-0.554587798001438,-0.0187532356217927,-1.58429483596363
1.937042188476,1.24069417136994,9.12749161893603,-0.767207356287982,-0.0669533299590734,-2.22251082143601,-0.152947829729527,-0.343128393700997,-3.45919927587786,-0.113595123202179,-0.389984642781243,-2.12369219068278
0.484879176769033,-2.33543300465299,-7.31183132021563,0.0211828242687798,-0.223643435506426,2.99172823360469,-0.338785237285383,-0.46885914992308,1.41264497455111,-0.439958832269159,0.710822608623995,2.43335184700594
-2.23556667092414,-0.336000986378788,-4.27613956694823,0.538137108884931,0.0803079211615951,2.24940657742855,-0.40146255043111,0.3332775599237,1.90014910769284,0.563936256187495,-0.46594975857058,0.889605165332798
0.366862537875431,0.441520996355983,-6.291011154371,0.22129689758687,0.327782865243581,4.03748641848777,-1.05477075012761,-0.647021504047836,2.7666672056307,0.475005893319631,-0.289717630225988,2.42630473007246
-7.19478417762447,3.03084091871639,-2.92955802499879,-0.0908860544956763,0.496287232831541,1.18710877374242,0.431376578186235,-0.198203483647634,2.95831949280965,-0.538202026967827,-0.921069360596539,2.71174383680011
-1.31150304035709,-3.11282970252979,9.03762742047993,0.977556422509298,-0.161797692041761,-2.70420415339825,0.0621411721930358,-0.952803846603189,-2.38606025697514,-0.129993203331794,1.87270732385209,-1.51403767533751
0.561263347365409,2.7286443264682,6.82954864580014,0.569071525480172,0.532270385261282,-3.46629246682041,0.522662746620054,0.196667817387359,-2.53060041707591,0.471652782896309,0.0215676399527937,-1.74595113480731
-0.127723267526538,4.19410427914127,-4.46703992425773,0.122771370085521,0.106381817332992,0.534421127890023,0.117108476019597,-0.148279857300251,1.75261703957551,-0.07133313090141,0.102058714413577,2.10021747467991
-0.803917858939678,-0.465587505002878,5.67796760353467,-0.0934975005062494,0.032428677224331,-2.631457858189,0.327616090035106,1.14680003671252,-1.4544747813217,0.410105626727679,0.185261320752215,-2.45572919393559
-0.716094195340992,0.583529972943878,4.76011404209044,0.22919341313437,0.168763711356296,-1.25302848179501,-0.383408321069489,0.080371592948167,-3.22091358277717,0.916185792392194,-0.255891616519238,-0.395466209398006
-0.984936318385611,-0.0710483486967844,-6.40531847787163,0.792303264544836,0.0412637870344716,2.1343387384248,0.0252796432844692,-0.480885666139017,1.36961664013765,0.131466076524178,0.0568828689222491,2.22526201453909
0.900302289029009,-0.938466578173916,-6.38087377680132,0.22502186937258,-0.151087586187574,2.23182459748152,0.61773104379233,0.355415495743038,1.24374744703127,-0.57574093600327,0.33016063846393,3.01378501574711
1.61591130761821,1.61528429107906,-5.18888069579899,0.742238217740663,-0.0867869467353658,0.187759414460328,0.2130325183063,-0.191865708801328,2.35245652597168,0.134159024607601,-0.0241131166486856,1.42362041280063
-0.0862283366121703,-0.996973156883433,12.6222792391021,0.0934042998430077,-0.153719369007113,-2.83784637375646,0.688846310409474,0.00672738334050131,-3.08740603881727,-0.376198488295774,0.17478577335457,-3.78156079807116
-3.22495232265275,10.5062075923738,-4.8613057992469,-0.0265769641167908,0.00684759835325603,1.85094254851208,0.14495324062417,-0.0798264243690701,2.57319337444798,-0.56240591418345,0.36622399916332,2.69437337451832
-4.08170997574111,-1.59221525968006,7.6579507149422,0.604304718189578,-0.139195415007948,-0.8719005240123,0.564684664167557,0.732970863614954,-1.78476797029231,2.01519623957749,-0.551579490596369,-3.78661565027403
-1.75951007647062,3.46423222272786,-6.54115093850302,0.63304570302599,0.378751329798393,1.08117407141272,1.32439910741271,0.514206414048291,3.58016230594458,-0.0151913573414983,-0.0456326686116693,0.818777263352227
1.75735552098983,-3.48235874401493,-2.64012093292155,0.0230680242713151,0.310581098230988,0.553829472635829,-0.475486604731033,0.368324319412782,1.4117724545115,-0.114809444916001,1.00477237172113,2.70201604624799
1.83344752749655,-3.48836953513546,10.5668466069024,0.396178667762238,0.850835269938101,-4.23887322719196,-0.282826028437424,-0.331713479261633,-1.25007769740574,0.0708102219102843,0.0108282677895597,-2.45527761038657
0.282336816773264,-0.412861567503585,-6.49795914942311,-0.146459785460745,-1.27770576110233,2.213730559542,-0.0116911902731621,0.521349757590548,2.96324158956346,0.0182219928968555,-0.148197510801724,2.53188439641221
-3.74555686914531,2.91532364047834,-9.19733502515573,-0.766530314767544,0.209664095350788,4.08651742469002,0.113088931354723,0.643578918607659,3.18691719602442,-0.955833919758172,-0.540884542587793,1.30137862755945
-2.42491834143584,1.23877541701157,10.2071330478146,0.168475029391723,-0.173245161669861,-2.79294275727376,-0.636663381910428,-0.486606095516974,-2.19907640955345,0.73766378805137,0.369211279674964,-1.48021213112779
-1.82994426731759,-2.06993529420994,-1.01810643743605,0.988037393317542,-0.0707546197980039,1.61561667985619,0.353343749019255,-0.281627640038769,0.622190231753944,-0.165763264106226,0.38982137433957,0.615883008154516
1.4995681981739,-1.19153329621499,5.91344365690612,0.0613605478921728,-0.3925788655361,-3.32445979400176,-0.232684995907488,0.0722082766541197,-1.94503747608085,0.78441974908889,1.04380777772171,-0.621608403403302
1.55924048250403,2.49954984198283,6.13951327584297,0.322770616076864,-0.196561684378555,-0.379571317008634,0.327989287617014,0.417568325546666,-2.82699766231629,0.00116830697852145,0.226752817000648,-1.52385613806777
-0.704027508454365,-1.22625705475786,7.40570867749375,0.7194139909933,0.537034384832644,-2.85673042890376,0.16328565364879,0.0346475285793255,-2.12272282255059,0.215576305818824,-0.307144654789498,-2.95934863322662
1.69135038425519,-2.77480000446664,3.96009344499208,-0.417638420249199,0.524222273505536,-1.87417284060654,-0.0576296893492799,0.284449568142546,-0.460305921621811,-0.357359291515726,0.730982567893813,-3.32858892468573
-3.17893340900375,0.0240684264130835,-9.04798246347003,0.572164041930875,-0.366635386432135,1.27818255995029,0.472984053963314,0.230686589448369,1.79381951848226,0.551968202643316,-0.355326553303824,2.71544919689723
-2.40472161440151,-2.76599651408587,-9.43524607378484,0.649337351003346,0.471608644705675,1.50387233820049,0.263555302817513,0.179694536125571,2.26482783996,0.0867058993067769,0.316033121079906,3.01823531995711
2.60835368397525,0.829421474647365,-11.9493421809079,-0.211758075274474,0.217581138248638,3.06825535100139,-0.221794798828859,-0.1350717446783,2.02050059500233,1.73414523481225,-0.351300867891391,3.1241492002082
2.13260096409639,-2.06517033119392,6.62239360745845,0.52084415402254,0.064813335600176,-1.04770898823863,-0.414238099557962,0.257097121384954,-3.03766391488449,0.108351520764841,-0.103417416562884,-2.68688719948643
0.492922962233818,2.78400655703334,-3.22610669981506,-0.1194228498815,0.0137168472344798,1.85640007400648,0.106783481495752,1.20817168911755,-0.0223018115301618,0.49086556781454,0.346547444799178,1.29735706933363
-1.46604738592266,-0.61918478806656,-8.35566562671048,0.232327294499076,1.26721465615455,2.66266951714868,0.344535633586973,-0.0540152839563391,1.42707491194045,0.581848625341476,-0.0608344631524357,3.07681397851247
0.839989342299541,1.30064147173245,10.5545912597906,-0.195505955378541,0.392224964161742,-2.50876566301779,-0.413598556673784,0.201807801326519,-3.42071192952572,0.655467146874953,0.374088335596483,-2.44840805530329
2.06094637303904,-1.19466436203154,5.14993115653008,-0.0267227930788438,-0.0965491486411152,-1.24050088245143,0.221393057445533,-0.00691519964088306,-2.40244680021212,-0.432536609745792,0.571969414146603,-3.22707331963666
1.22957695379973,0.284145276821212,-6.45325063683837,-0.348249714775893,-0.557120589797226,1.04775026228307,-0.261922932800125,0.0494968057184081,2.46936451501898,-0.546923484847989,0.175508323052577,3.06473664640266
-0.38855589487951,-0.603426015409476,-9.36981895568344,-0.308746413470849,1.06612945045144,1.88982094407728,-0.0588497593480192,-0.692814046236877,2.74439708866814,0.11516351326412,0.0440380147754967,2.905075837588
1.48151844259126,-0.709101338258448,7.99318373748876,-0.934252530536945,0.431197047998097,-1.88961235694828,0.0377200824164933,0.295714271287411,-1.88398125705115,-0.125942724516668,0.274024582438957,-3.18596110076214
2.88352853573914,-0.589667075883771,-3.43706187750806,-0.80233122624595,0.305257761548236,1.11520507163739,-0.269421872109318,-0.358732179586711,1.55850154234451,0.380916165390812,0.125538156788759,0.480268867083512
-1.12699586333702,1.35950049353155,-4.63623631607488,2.08282773976062,-0.36801522987454,1.06748559012835,-0.0166712796866191,0.874819633781639,2.43498204000199,-0.237503839122267,0.072706090605558,2.90165103002622
1.64485188293411,1.63850645023065,-5.39763152770497,-0.0948191230487222,0.0513153859766179,1.06712170318196,-1.26159019356344,0.344018991536203,2.30457311119771,0.502129507188254,0.685916301834556,2.58618613977268
-3.28262865532005,0.922230154814965,5.08500775872991,-0.0999987955070432,0.409284701515184,-2.23187907707195,-0.0375719106670911,-0.237478093839585,-2.58330429437399,0.329595379052596,-0.129998248404099,-3.86558356129458
0.421667796599313,2.55304652067197,-7.33534345214239,-0.143714645742776,-0.273034450837152,2.24060038376538,0.156778333511383,0.193713224246597,2.9403875202175,0.200676134912316,-2.00590347213863,3.08279014672363
1.4728975628431,0.000964858750699071,7.49131516098158,-1.43008526655651,-0.235629737861819,-3.75602827655604,0.522799828095047,-0.46470579879102,-2.97342742990138,-0.0715670377990581,0.0956191551536286,-2.44303702119719
0.173219913649248,-1.64813383208671,-6.58307581807692,-0.446694491247471,0.0536186396679936,2.42686751771524,0.402006747860553,-0.0906822129917009,1.26672737513205,0.305056469617656,-0.034799921387273,3.12837740448986
0.46507106877268,-3.10172934764524,7.10539603554661,-0.139535566318068,0.0591356175228324,-1.32632819195389,0.2687004734036,0.908544159686696,-2.23789020262232,-0.433032601921658,-0.583454890192642,-2.24381957066735
1.50639265690642,-0.064038768905267,4.22808600789015,0.210918635688608,0.227749062401052,-2.3435242313833,-0.64752725221661,0.216584088883672,-2.63868054011391,0.520414114461245,-0.639425094756253,-3.24701737417034
-0.675664381606306,-2.01156232563203,4.27500208868232,0.257303773628648,-0.199675408251178,-1.0417434949547,-0.285870002274011,0.0433839210684404,-1.87192259186981,1.57305343101062,0.210505422423344,-1.11839087358065
0.785884760023742,4.18261441731771,3.66545362076174,0.647368825373522,-0.154655857451518,-0.703290789612314,-1.65320667833507,-0.387661973484294,-1.10504582860197,0.0201256642997326,-0.0602731746663269,-2.46898460625333
-0.905943321474984,-0.82809577588273,-3.14284085082902,0.67319723422747,-0.213203457394976,0.658996018482754,-0.0209444845093871,-0.019833851039091,1.75582223056469,-0.322191071092559,1.0342835174372,-0.255084679184568
1.82039486689583,-1.27287492834354,5.67148419219827,0.13382379573048,0.950988798892119,-2.60715189845643,0.0594342014149843,0.152210641189533,-2.60226175398051,-0.565002575387285,-0.0151853395181498,-2.7805656287075
-2.56161399531556,2.83711171008884,-6.78477154349274,-0.0216755382159591,0.301478493758521,2.4932553140419,-0.825089912908023,-0.259849921179164,2.85369841123385,0.97861765921939,0.20706104845602,2.27601852431106
-0.445110802448986,1.18881330475574,-8.33304649906955,-0.873110606377352,-0.436987064517819,2.03659628004107,0.125533147858193,0.85302477387664,2.18456172999026,0.871312964623088,-1.73661915217656,3.88642494147522
-1.44882132430158,-1.67830106120008,-5.33004071874746,-0.463810493667281,0.147482349059698,1.66398602834883,-0.575516003999904,0.577497564652156,3.01738574929539,-0.0728286987721808,-0.396435642256625,2.18543982543921
0.882541599593639,2.40580708846319,5.30568448279621,0.561765454051445,-0.741753750040514,-1.7504883582385,0.06279641610286,-0.269714509056624,-2.66936468041057,-0.689132447314384,0.176579145059442,-1.14463298423778
-0.419341178637576,0.693199277851954,7.90343412952774,0.133776803548542,-0.026036418373694,-1.64814569761186,0.346987713207277,-0.342697670284098,-2.43646192674935,-0.647639967831976,0.201480987529571,-2.34897103805559
0.582039138437741,-0.788961111173731,5.05823629538673,-0.40585312166748,-0.243995511915512,-2.36654731611454,0.533659942894972,-0.0180845826874229,-1.86697215955562,-0.0932609602178852,0.496627139609149,-2.10261255118117
0.91457078703371,-2.55244780493772,6.12278164065695,0.614731240976856,-0.346560585528526,-2.12346800892877,0.110732478636357,0.345898460419146,-2.83677686726608,-1.25365260136446,-0.963632911327857,-2.00768637781259
-0.0461678877408716,0.503405849902823,9.66047560140842,-0.178205398739162,-0.732092337653685,-1.13025441561264,0.051464668574022,0.219152993978216,-2.24110810267869,-0.283252869173189,0.172119115542019,-4.01445215241508
1.50180436598353,2.52998147717493,-10.9988930187302,-0.339205240978687,0.0345931239793202,3.1463254482211,0.260005061348873,-0.94752014561951,3.13804456188847,1.81561135684017,0.60140956619766,2.20006501881887
0.197302990188462,0.506805712806774,-9.05378642560757,-0.367288668028612,-0.418475929257386,2.55069987428721,0.505828765208983,-0.250126154966063,1.61126791463893,0.63043370248017,1.15327299279406,3.83100001650881
0.330677991427487,-1.03137646856548,-6.49130747110551,-0.766179721558676,1.56879922128995,2.95080180062174,0.230510481543142,-0.131934299284442,1.82705920256969,0.383313809028353,-0.414189146471442,1.32016703060791
2.03263185615684,-2.32576777392176,-8.79087874360686,-0.431890558238484,0.373943701630445,2.14650713617271,0.297694715405147,-0.0591382653432297,1.68947655671694,-0.759302345255541,-0.266147430770031,2.06504321800193
0.121877722227418,-1.28697706727472,6.95968518729677,0.767371074994114,0.332468032809143,-2.62228145269413,0.0508960511121,-0.373089315995165,-1.57744318240785,-0.277543455154434,0.126925692054295,-2.33334466203494
-2.01591165932671,-0.723413108797449,-6.81857912115363,-0.00484239118675291,-0.0136768289148269,0.77200713587162,-0.115242811821597,-0.187965758982914,2.80841736786134,1.5341662845754,0.343090576590673,2.83544990083497
-2.03134844551085,-0.156104449835344,-7.97540309173392,-0.42210551537586,-0.371683385874387,2.37019179220806,-0.146642328757255,-0.0336795904469072,2.95018421486126,1.71555919801728,0.857128215651872,2.06257677114793
0.014083863347626,0.558912326725181,5.36558556225532,0.702715415950709,0.60867244962137,-1.55831673440127,-0.068398296746809,0.386137868441259,-0.392148294284916,-0.0223852962401039,-0.216973509807253,-2.23855402697483
0.996613935146285,1.14463439908414,-3.84595860705348,0.52312565422907,-0.34531899943128,0.952524110966353,-0.141052198953853,-0.23980633615184,2.26142862401212,-0.645402054329813,0.35350997839371,0.0715856406167929
0.624046494582946,0.637329910416051,-5.76329977952356,-0.123732209810953,0.0710905510475767,2.19039501257404,-0.00179868051484585,-0.596841389962508,2.78254177702376,0.00782682109420345,0.0992243783298388,1.64419262896367
-2.13400682373913,-0.220506804703706,-6.87488856310182,0.0766857414158283,-0.310343165144802,1.21312319293487,0.887510825839494,1.29529135000186,3.64208587239862,1.49177981505618,-0.510900323690284,1.22484072037215
1.84771094526119,4.13122813445725,12.1391624678146,0.36038110152587,0.374990491237055,-1.80754883246936,-0.20554388283625,-0.493519943133831,-1.56672076406336,-1.57151194957326,-0.648389036495643,-2.6565352765165
-0.756867497947752,-0.408966667093688,-1.40017586359257,0.0127336336004443,-0.494822663890582,-0.594597550644926,0.0460278390361865,0.093995864905001,0.888850128799748,0.889912168324755,-0.190347860311653,0.87249617970028
-0.900431095896577,2.2932253428689,6.20900208622929,-1.06495230924687,-1.26068893716115,-2.5653230341082,0.981394776658031,-0.161011484222426,-1.71858507219069,-0.141693023657747,0.269457731089575,-2.52935549186754
-0.25263097609619,0.588756736446107,3.86861733327151,0.255777992707387,-0.100099580504219,-1.18364890404863,-0.315331932999882,-0.73559278093506,-2.28004138565512,0.418468509800189,0.783007379523331,-0.49262429403907
-2.34353964468633,-0.0402830484618277,-6.0413337377782,0.335070766061675,-0.373755265664067,1.90232168096183,0.473927704509621,0.40113627374278,1.88516175447461,-0.916561100033345,0.385095760701536,2.82675807379497
0.481634642671126,1.65534344990868,-6.39658801469831,1.3478955110516,-0.524606953201395,2.69233194094731,-0.674575060565029,0.448747810823711,3.49519012502235,-0.104533733008316,-0.240788675650946,0.816684384910019
-0.756384299519889,-0.372156350009983,-5.95332622463795,-0.116481236287475,0.0508008801349201,2.22805225982449,0.284042439629926,0.0934115101988224,1.21970057182846,0.282553083842423,0.279317413376764,3.15827157101774
0.189936954699042,0.988749559498604,3.04673560598199,0.0687722798763656,0.322230964146542,-2.13224889705072,-0.407558408763734,0.0554431996393389,-1.75009012329051,-0.766362049725802,-1.62632421534209,-0.552967188811164
-2.80950574785418,-1.10873248845753,-8.15349565431041,0.38493812380043,0.358382636250485,2.01376547265134,-0.147107982915788,-0.0801293528540224,2.19261670325337,1.42370384219702,0.626641993416871,4.02517174987964
-1.47599375245822,-2.69265359584331,-5.83470469492497,-0.0853482598348127,1.47967761117956,3.5446138031196,0.144600636670474,-0.0754330914590426,2.8472864361587,0.201869041987558,0.510478055124258,0.458613189268168
-0.916189411073699,-5.38584156387403,6.04006076645305,-0.345557596666195,-0.448684874337488,-2.23804587932185,0.351820958447135,0.192206894635626,-2.32161677358551,0.688228753336134,1.11834561230078,-2.70124518379362
-0.135950966618212,2.02854289941902,5.23831007154621,0.157006026736124,-0.378401529492905,-2.95874426839536,-0.0239328144575308,-0.144753404619417,-0.722574422051697,0.192036901625066,-0.262824842783417,-2.01439394719555
1.82163619551792,0.494715257211472,-4.41366107680514,-0.580865905538746,-0.106273413325699,3.52454178252716,0.225803353570622,0.360822235773101,1.87356432146743,-1.12245657123015,-0.984408575036185,0.737956922798497
-0.338981802152237,-1.14508924321107,-7.70198344133903,-0.279633950429416,-0.0313193481995098,2.37888071629368,-0.384113333763208,1.44272715419537,3.44270637670898,0.352929249401025,-0.346150578869906,2.32329706252011
1.7455874850319,-2.15115181631352,5.75999436641359,-0.134355769438978,0.166973858956043,-3.05955415231909,0.364098040247833,0.359704275917485,-1.50008295466986,-0.410946303718408,-0.453884741143565,-1.35636899261741
1.30052197229885,2.31999496880091,-6.76706273617021,0.740323620400483,-0.209535919225738,1.91147570855625,0.448731633771858,0.014240921372199,3.57435724417599,-0.450447801313234,-0.741497284134881,0.716748680362531
-0.956482827538384,-0.83132656462533,3.80137093161616,-0.450258455599096,0.166300908133795,-1.36184120671443,-0.308810968570994,0.393278532874597,-2.4022516053747,-0.101876346004096,-1.0151741341779,-2.03517013036281
2.3044837367165,0.332968866555563,5.64221436620311,-0.263330829749354,0.330594987349399,-2.24947711570053,0.256438855659653,0.215645643783801,-3.06673181163857,-0.986515582263173,0.614842131761361,-1.81171201815462
-1.38436273727501,-1.83642245040159,6.29657560430681,0.0971359928604218,0.443253860382049,-1.93259664454132,0.158243963981426,-0.77914499390695,-2.03407318495148,0.170796366776596,0.591157906989625,-3.5305003818712
-1.92632772712931,-1.11299656788083,6.12541387043438,0.161930771267685,-0.85594971942122,-2.32633149781635,0.767115083284228,1.11817651890347,-0.646027378163532,0.315029771743243,0.131395573170186,-2.02896276106105
-1.06936628158687,-0.222364611016187,5.88707557365644,-0.115101258479539,0.0934265417969869,-2.98577370093738,-0.399352685128029,0.595792234625277,-2.10346743623904,-1.46182568807419,-0.968071785269515,-0.812700276436079
1.52432466615608,5.05038768644034,-1.25531166705558,-0.0713704431273373,0.0454369836101592,2.59070259715841,0.542917331612915,0.0940808170414483,1.33454740942383,0.52477113653647,-2.03867871941843,0.725662287614274
-2.26881983517934,3.53492262517751,-8.43292779562199,0.245152510566117,-0.583339385063969,1.9985054975621,0.10381146210841,0.269813370452597,2.02169406808181,-0.367331235127243,-0.326508479526082,1.16081392554857
0.378818630395183,-1.56834517341167,6.88054544548871,-0.317597454983696,-0.264668701221325,-2.72322844919466,0.108848017260338,1.14179134074955,-3.55618193315336,0.156870460902881,-0.264798442614246,-2.11738746809951
2.15638300673337,0.642477921428771,7.84645859008476,-0.184201502755091,-0.764104069987506,-1.57065090444439,-0.398710092490432,-0.553874846201008,-3.34747417345024,-0.590351336951847,0.0494650944008534,-1.23979967838686
-1.61810434524282,-0.257277947989973,5.7474396287448,0.681657117780732,0.935652774933389,-2.10750481615812,0.953594042008422,1.22229971880602,-1.91941356887963,0.795054022578005,-0.777995537870609,-1.90762465954346
-1.96935078274261,0.00480017530272991,9.49642867114414,-0.518490049687928,-0.444556712316456,-4.22323918468531,-0.278023391150973,0.167107863495857,-2.66018146002714,0.326844581461681,-0.399539798009404,-2.97972281950004
-3.04225836037084,-1.98002650607091,-6.70769783493141,0.948264562110984,0.0518847635986203,3.08603720729982,0.0957396112142317,1.75554033311381,2.94783181903647,-0.130225753578673,-0.283805248498835,0.855411073059106
0.728223605289332,-1.37843927630458,-7.09006720334427,0.330170500420994,0.716251779287615,1.53111742566132,-0.85574632165122,0.00143060004221981,2.25818853935353,0.0369566155123643,0.218703608656006,2.97242271095932
-1.20500707280064,-0.603433606953943,-6.78558965302511,0.0755331786768997,0.056502973736957,2.27360063158865,-0.390517581984551,-0.933545392555417,2.82116648093055,1.94928032771958,-0.623902707483162,2.82946598967765
0.0807315233567099,-2.04817750254771,-10.3807967743489,-0.761575484093842,-0.710792749622272,1.91616160715255,-0.339823663997765,-0.849874400200385,2.94119002711986,1.16499938470698,-0.646228859707647,2.17906804168369
-3.20698881853579,2.26810844226202,10.0139001980924,0.226445185968206,-0.638640635562034,-2.64409958726146,0.420471488134691,0.142492214532901,-2.13527547074645,0.65415791948527,-0.061490235346804,-3.3259295785453
-0.338293583272712,-0.233172706071242,2.75142106363644,-0.441234016416513,0.0900304980025913,-0.480043372370554,0.163867801591482,0.304022636234885,-2.97330732796135,-0.725544890398611,-0.529575775719876,-1.26216055427275
0.0365322379013062,-0.481897313596121,3.83820894492392,-0.121849119960217,0.0567603224610895,-0.805146967182284,-0.15275813470978,-0.842424797286539,-1.6787720916698,0.739217934911755,-0.337800782247972,-1.03793846576134
2.75928203466431,-1.84118625365662,-1.3397540617608,-0.669975369155573,0.344982435233652,1.03711275033381,-0.00683239740557465,-0.741344886073816,2.13962318111649,0.35774832541901,0.325402403755777,1.40283647469304
-2.16355931591434,-2.13671043844546,8.09397147797479,-0.333903248103756,-0.073770255620726,-1.90095699614986,0.413057147891953,0.0869222969727565,-1.42993239936282,0.572586773862492,0.538472433026602,-2.71087334204463
-0.535977542116295,-1.74515050113988,-5.34825166874648,-0.205300285826891,0.422764259795164,1.169192109579,0.152674119861493,-0.20690334721659,1.93679636680502,0.291354961702199,0.38887533703877,2.42763617205686
0.0983228997125887,-1.54969682766048,-4.87126947579018,-0.884970796805223,-0.164397899986556,3.21602662251179,0.151091940744047,0.0845353785223807,2.7963991897663,0.142535885711085,-0.652645992257956,0.912224010039665
2.84787023575532,-1.85411332731294,-5.74912094912867,1.16353598647008,-0.0624915063822743,1.74150796023889,0.120275711142141,0.690923281268879,3.41225072339879,-0.803038517881367,0.637315876515436,2.86835199722144
-0.314500489030251,2.51109052614039,-7.25575866786834,0.561546147781631,-1.7362514132776,2.98963153632161,0.1827786911971,-0.0201786937256927,2.6734600082993,-0.171404355067855,-0.33104118737167,1.43890264679211
-3.4034627729482,3.8190436523519,-4.97303365552622,0.321017990464586,-0.144818716099159,1.14494701046478,0.571824970580113,-0.147153494506049,1.98204165497588,0.263411783741616,0.74703484712444,0.376388288911383
-0.96259787353508,-0.950975409481071,4.94283477426679,1.72004413319789,-0.0756076045281124,-2.23331655838941,-0.205611322765391,-0.0296049602569311,-2.86322817654762,0.251342120136439,0.272585410410332,-1.04062757288863
-1.41987972076585,-3.55744838452146,-7.12994108912143,-0.0118216360004217,-0.0301731496831825,2.28480009164938,0.72269778590012,0.68065916709648,1.41423852550092,0.455717415544323,-0.163535573171971,1.91252622097699
-2.07566831983734,-0.573821731554423,4.46647607953085,0.195098147782336,1.07486142516931,-1.55447963069677,-0.464217962581799,0.0332041430575285,-0.622395116214913,-0.566979198518099,0.825064756353338,-2.67743279933779
-0.897761250277341,-0.137165724202423,-6.35533249287318,0.326581327565879,-0.531370997824947,0.767294535117589,0.0767731115290667,-0.0745631518949168,3.31912708552608,1.12922673639471,-0.214767557667738,2.00003619744033
-1.66347126444355,-3.51701918220689,7.29337188692484,-0.284356842585191,-0.240508040056442,-1.93502549079187,-0.0280295610358173,0.549828314799925,-1.29151025217813,0.526343421166872,0.9563940151547,-3.96865627224328
1.0099211929641,-1.87120207900132,4.00536062214657,-0.0776393874421813,0.46630060883128,-3.56274154665822,-0.442717808331918,-0.130276787112127,-1.71635279637028,1.33897543605602,-0.457222171033128,-0.500328996829895
-0.174045196681517,1.56539663335422,-7.47691864390736,0.0185788075314521,0.309853882922206,2.4832904319147,-0.192572181568381,0.0013944647631886,1.43473487915388,0.17329152896084,-0.241779403842558,3.50218956669364
-0.838358629235623,0.263311445617344,7.79723112058809,-0.391390130094004,1.68125885903174,-1.29609836589727,-0.205550650516894,0.269609046949609,-2.77279194990045,0.308194142665775,-1.2690897480386,-3.04517467710316
-0.117247963237069,-1.30675492950217,2.81638106664038,-0.455645661774249,0.18998285514613,0.0367526245781008,-0.125105303399939,0.0612354367659423,-0.794499011568297,-0.0697531629803509,-0.461217566432892,-1.85567442401929
0.567648274571998,1.9642104100195,-5.07555987954308,1.59908910355793,-1.00059203772916,1.4852444224219,0.157120109930274,-0.488593857170965,1.64346941404776,-0.143553226335404,-0.0368009843213144,2.58048164347553
-2.02202085072484,-1.61355000709975,-6.45945955583626,-0.190271001288539,0.174558548770987,2.37444441138909,0.666615729690574,0.290197273283849,2.67719426985074,0.959953456119352,0.562906473903714,1.24813727567102
0.634820975128323,4.11393490451858,4.70603109347779,0.590867533083804,-0.119299087722354,-1.28582537110199,-0.364325073304888,0.0241285747975834,-1.35819325872042,-0.233748137215558,-1.07744024465731,-1.97984391180807
0.130161981386179,0.336539016215494,4.36156239270683,0.0892593235157652,0.310945308587674,-3.45760447880274,0.216179618639261,-0.273737186713312,-2.91662604064536,-0.586641860515772,0.0875631046373116,-1.55714130193801
-1.72468906318618,-1.55164300573714,-1.86708517876877,-0.216260423043438,0.326963844782834,1.99992299550107,0.43622758645068,0.149988714653886,0.0626188413199547,0.0425087601368289,0.00871754209608921,2.36872702798525
1.06090672409704,0.135714456602167,5.75817127749737,0.127537813342145,0.233265864463092,-1.80259165078036,0.455019466034322,-0.264367165575077,-3.94516837194519,0.148996938009042,0.741045000609427,-0.741697108868032
0.344499172428241,0.799870611408105,-7.14956856721086,-0.240946974332625,-0.323246334005977,2.37348844813014,0.000280103073742442,0.0880773887859813,2.05180127477992,-0.111267244728223,0.430512158393754,2.02025552270276
1.2706930216018,0.696324106642297,-6.74252067745837,0.726217285132853,-1.22584877725406,2.27848593418112,0.070648746247087,0.0861891439464228,2.37171458583232,-0.552404884286553,0.437546011121667,2.73323575245488
-0.859410307704568,1.81141957773966,7.87362912569706,-0.330543024713883,0.169510994374589,-1.72398993472532,0.143932133843022,-0.00258903726915402,-3.64286776576421,0.310285312106135,-0.609352771786888,-1.68222134711172
0.407382052447301,2.45741114932442,7.25317101623364,0.582462356041753,-1.78212372043122,-2.52470274470835,-0.0519106693500342,-0.36101878951528,-3.88816677891272,-0.357961631203882,0.826129516775173,-2.70765932696177
-3.06457488155395,0.970476280866563,-4.88991778777894,-0.217464892438084,-0.360849898130114,2.6017528845738,0.350105813180207,-0.903526418259267,2.77613517951223,0.508989895805975,0.0194438258907,2.85425192470231
-0.903775989889576,-1.11649181642708,-10.309258440542,-0.377389048593117,-0.122985562076218,2.51089592509717,-0.724968018362295,0.858226128840803,4.36311982091206,1.20003218045647,0.0587473655975268,3.20311968389616
0.182040585496025,-0.965184460247436,-9.55406838453342,0.403671714585981,0.116345637147736,2.25574264590522,-0.0516740205550903,-0.190221389304135,1.91946230723685,-0.695501510135537,-0.624935316094752,3.12214355234762
2.0027673313917,2.71298593178136,-9.97116423649185,-0.351468655125821,-0.327759991129476,3.29312596111469,-1.51434453108421,-0.0124208984398184,3.48017693469618,-0.188244359228656,-0.496712312482535,2.5280933378939
2.4348999644718,0.386984289933164,5.88617560996661,0.108400221625857,0.018861687565499,-2.51110026890414,-1.10067237986001,-0.39061974280448,-2.87271628827205,-0.507266403004871,-1.42854297582553,-1.3256296669123
-1.02301114969894,2.00507637773048,11.4925759971559,0.0938387130147822,0.75628898704888,-2.80872141564589,0.374164915419713,0.568805764664988,-4.23934094993551,0.477915762384789,-0.217107002731252,-1.96753348942882
-2.5982452194687,-0.50347475676665,7.75498661326223,0.426369094818672,-0.25370957397861,-2.56607196191991,-0.427789635683145,0.0327887397231979,-2.60660727843855,1.88034483852028,-1.29040869637414,-3.65161889771371
0.338615499629735,-0.602883396217423,6.82642604351248,-0.163587309065074,-0.102591717201193,-1.67409557250519,-0.887456194608948,-0.303233770217945,-1.31929508576504,-0.268933023299014,0.00508616171687888,-3.35742032665293
3.1009879038772,-0.934341726553208,7.23721847297725,-0.560598598341744,-1.28869310229661,-2.30167447013477,-0.280015887761287,0.556348596463851,-3.42045361476275,-1.03547376401656,0.361239649373977,-1.8938257909385
-0.578408391275797,-3.36388918727108,4.29718225605296,-0.439368245610195,0.0258302593963183,-0.721609320475385,-0.450964465349657,0.69551103170894,-3.97680442903301,-0.223055060191137,1.82078609781221,-1.44711516654364
-1.27439700990806,1.11769956324436,-8.20325013883809,0.189489709478417,0.0504865863541035,2.49608392807785,-0.239219589952599,-0.317576924227796,1.95635638607517,0.278386913982427,0.0359855282539363,3.61883673678087
0.336005829949245,-3.28381859361751,8.9652283833482,-0.51171670216172,-0.187552151215745,-2.84942064635822,-0.670344979456791,1.00468882221318,-3.03817582334756,-0.341529520404901,-0.696271941098231,-1.0658270248759
1.47123718195424,-0.438889898614784,-5.62532086323002,-0.0236197756479776,-0.171221995471933,2.85511277352892,0.0481307794644134,1.27194866083714,2.53032640606394,-0.331759885741086,-0.647101668124393,1.41819957630169
0.844423076994426,0.454495667124776,3.92633224115913,0.495098036887697,-0.223865496169221,-1.53126047071972,-0.494777815468407,0.637511496266481,-2.27251801337853,-0.617541166259345,0.957309567399409,-0.567813798613184
-0.523340411580135,1.78363761026105,5.14282583956596,1.93996509240718,-0.120528955858592,-1.93625579127446,0.558098645516242,0.153370191289502,-2.62188062905002,-0.308955962009333,0.264885394897172,-2.25880423297416
4.41730679779487,0.227638240704018,-7.42065855574861,0.245208986601817,0.835188076854252,2.00459728771641,-0.71504976890314,-0.204850037540948,2.62988348763247,-2.21036471905782,-0.247090289211051,1.99358049796122
0.69552011941761,-1.23930914622354,-7.40180742034087,0.285206225383529,2.07310801322288,1.47511914584311,0.247564050623895,0.0800592297288877,2.47141769273859,-0.179381144588248,-0.581586052056786,2.50776448353114
-1.67546602986486,-2.53210179019257,-7.31428767379731,0.682635567882252,0.766823252955319,1.86043408561394,0.0142000533317779,1.08389872369392,2.23254411224511,0.831098304269483,-0.778072425605589,2.81678054731765
-2.32012454547054,-3.01830020235746,-8.32185229441466,-0.197507472880592,0.374882038791778,1.33765474681933,-0.19160415963529,-0.460488913236924,1.96160783016334,0.663292650632111,0.814822601085481,2.95118764211974
-1.11978403124541,0.188842066744446,-6.65891383954072,0.428689604337462,-0.682018183953857,1.29157228115279,0.0303687590547291,-0.464645468110371,2.22188333450723,-0.623059289712323,0.0501972751364317,2.28200877333561
-1.69448878098571,0.364091934950528,-2.03946781201017,-0.409872066762293,-0.183640843071258,1.29250873384889,0.77474400458405,-0.206053290846968,0.331107238055729,-0.0780381130029965,0.165410746418276,2.05376360813263
1.80019451017821,1.31171377002214,-10.3985317332978,0.0819390163505991,0.666733084706705,3.11487183615593,0.269730498506355,-0.374571804220781,0.570768659775744,-0.340237137943856,-0.824483476971634,3.06005399118036
-7.91200265696123,-3.23806580826864,-4.2297595612799,1.95772226406804,1.3870619690031,1.26733289836508,0.023236650412669,0.653675084464483,0.961958839331272,-0.334913447211902,0.206886823693449,2.81540869564497
1.30654575055491,-1.22653811291233,-3.80315994023364,-0.280454364702116,2.09142116977925,3.04379042323399,-0.00117683721846653,0.956955292601807,1.58427527368964,0.151935075185508,-0.0133965862556645,1.20965130121714
1.58320209678583,2.07482561783092,-8.25165805549322,-0.0860302598869724,0.835721002964479,3.42969333198948,0.509069374062033,0.209583277967165,1.9521911950424,-1.1765597065562,-1.44171802516124,2.44897038463327
-0.635063103562956,0.295507111980834,-5.09230523970737,0.362763501049264,-0.233071273315406,1.58779928750388,-0.16714862703692,0.601301480671001,1.25784520542413,-0.498763892214706,-0.1134075676101,2.67732830452918
0.549959858219135,0.274654157735689,-3.62437765869149,-0.426349124264576,0.359367059061591,3.24205629777759,-0.587267486102982,-0.0308985623146518,0.523829920470977,0.315269489361082,-0.12449889625519,0.972577882165177
1.82410937028188,1.51871489125531,6.64265708513686,-0.037138538014812,-1.33992720589863,-3.26530919832763,-0.227838941441616,0.277476552056361,-2.39894774617156,-0.982019153987533,0.185693306684345,-1.79955706810948
-2.04310658066294,1.48766181916464,9.95072178985394,0.284105292851654,-0.20802419315097,-2.80526290622051,0.458187577220897,1.03200548968284,-2.36796385212364,0.432040721103991,-2.14238784096188,-2.50693631716959
-0.678751383272732,0.442016918813935,3.6838753716975,0.7895660999326,-0.145746974731748,-2.52142241285663,0.306017764517261,-0.15665277502344,-0.887767193220227,-0.295283875542372,-0.36063166293454,-1.26567492288629
3.77663872308878,1.29633662944954,-4.13035378367224,0.239439305373717,-0.0354913360051121,2.66228510499306,0.267327487797519,-1.41716883075984,2.79845749529517,-1.86081018947027,0.286207026644152,1.78572121709517
1.76764900007828,-0.339114468091926,-3.76134285788534,-0.71068188942378,-0.104216499054604,1.69612290440735,-0.434356054065395,-0.476011490465656,2.62612868009542,-0.691198305698987,0.777778362374302,2.58469133553929
-0.816586338820801,1.00336239934125,-2.32747616166105,0.308113203123208,-1.62969933683889,2.6375267086178,0.374041254302723,-0.322584207599091,2.2705961459415,-0.205844928221771,-0.133440488343273,0.823179470011064
-3.01408406532131,3.14889425367654,7.32369798868525,0.549641894702613,-0.161672277268668,-3.35158708390238,1.15569580107439,-0.354801131398911,-1.92939694800542,0.327600042570819,0.502878636325476,-1.44195517779068
-1.88755339497931,1.16653264572166,5.63691279731918,0.415608441720479,-0.265583544054297,-2.82317446607987,-0.221283861774482,0.428050967515736,-3.06944959780397,-0.655984087711572,-0.864560652278168,-1.84567583001423
-2.75208054810817,5.51805581258413,-6.37610992689344,0.0814855745925127,-0.45185859195176,2.40972083498823,1.20437974884743,-0.00955279948571866,2.25767230848706,-0.00298496184776099,0.0340154543420243,0.428879990152244
-1.43262243847708,-0.833010107368575,-5.24546346852201,0.293390157645687,-0.157211305646836,1.87038266197831,-0.137390436291086,0.567191501485336,0.449298961794533,-0.0583611704326075,0.264169050248682,2.70149160242549
0.366684824506827,-1.42890127425639,10.5769372985376,0.0982064244989599,-0.0627344146770345,-2.79040936411979,-0.878625796818016,1.47377225702377,-4.45298847972206,0.262902268117855,0.377688055321222,-2.21093348103895
-2.21905886100906,3.40917566987769,6.13197073036221,0.0926883965148899,-0.0529779037381556,-1.77329219346401,0.74679045911273,-1.67343212833816,-1.22586406649244,-0.226732234915512,0.423928815663743,-2.77832320504001
1.09021296369381,0.425482860027141,-6.37782867270053,-0.272992338997319,0.124631153428395,1.00340403170149,-1.61045405660836,0.232809675596049,2.13979480635311,0.0875261062381745,-0.256686370431752,2.38813332811964
0.415068326171425,-2.44764505398549,4.70081750371951,-0.362021730369756,0.0400926141913542,-0.495572971389139,-0.365054753002033,0.50222265173473,-1.70616816734724,-1.26656147977726,0.32588568015122,-3.16570109724821
0.65039554584907,-1.10645388742735,5.942860549724,-0.401090790635637,-0.117765475411071,-2.81020772638262,-0.973132198504275,1.45988465672123,-1.51704196224683,1.1913986757736,-0.372668876989615,-1.06300689977832
1.86314468601962,3.24102222496556,4.85691841873072,0.414484345294548,0.159961832430535,-2.71085771554915,0.692388268439817,-1.85152659612395,-1.83929825944363,0.0769986997234073,-0.547736564051841,-2.43367475625323
-1.81139912016857,-0.557095683507508,-6.43923339887463,-0.00015606295882348,-0.0226897853797745,1.74344824863815,-0.221431167793275,0.508423060803067,0.7781503262619,0.816842290786651,-1.03893002668306,2.64467134885902
-2.0406441347267,0.916819464233591,6.40229354951119,0.261765125837592,-0.145819013942363,-2.37953788948333,-0.421389848924494,-0.872145658641084,-2.35919607574281,-0.440246200047388,-0.0384457995270522,-2.15184711977857
-0.520004262141698,0.759075996879752,5.47314767051034,-0.171715546910892,0.743066120484017,-1.04555880505222,0.0164862263091649,-0.386402718525188,-1.81668474453946,0.0362816158090816,-0.914089726107456,-2.10838226963373
