1.20661476394323,-0.263584383682916,6.10050546547641,-0.142062122894038,0.242652971790941,-3.29235878908935,-0.0241577111811843,-0.239607018153767,-1.97131455219904,-0.443883468046382,0.419736527581362,-1.22428764861504
-3.41831251214235,0.855494424745141,-8.16529462627022,0.0335261000884818,0.156104686653396,3.92686054938015,0.183436933523028,-0.815696132315001,2.88339741356534,0.212361822823273,-0.0142218974559219,2.14751169718468
-1.42499765871012,1.72256961858956,-8.93223346864388,0.873104221362796,-1.90931695478764,1.5195667385851,0.49521157240821,0.229295901568365,1.85864859561838,0.0484042402270988,0.312494506619698,3.55801810182837
2.5466705423194,0.479434276123328,1.31996806667895,0.012656714035895,-0.369678261648985,-1.11637938890784,-0.188128950873862,0.209715703374066,1.2364013284134,-1.13337653553472,-0.0901078246129996,-2.93969319860036
0.279591100567772,-1.76125261576848,3.77545154410563,-0.684369170775582,0.738532424614603,0.308960601532235,0.156099579738514,0.173678478508305,-2.15972889829953,1.19143519626563,1.18633191674166,-2.68434452494467
0.151081863558559,-1.82872724825129,8.62676819322746,-0.109731955753508,0.380646801131188,-2.92036824085407,-0.0262004764092343,-0.0638721285351454,-2.73131831328774,-1.13298774237773,0.00988534075209771,-2.62834292431298
-1.32137445878432,-1.09278171987627,-11.142322035039,0.0247391925147857,0.151012635679704,2.4036286904966,-0.0592192549318734,-0.643607083108009,2.34294891034064,-1.25150634011485,1.11601482885646,2.90745044875977
-2.76260033313392,3.67224042030352,-4.52783538210612,0.138493208423751,0.213984518973019,2.27436284136405,-0.119417489521405,-1.91798771657018,2.16967788678568,1.4776163314345,-0.00377482884299187,1.34134716259159
-0.474139723635681,0.171810545153063,-4.84850432421536,0.647161929294017,-0.438297343082233,2.78433755570921,-0.17098981380991,0.281154898908943,2.25689385425313,-0.220019032258863,0.0503203125180269,1.25148879220353
-0.239448103784177,-0.219341782429437,-7.13391763332415,-0.27832664222777,-0.344165721882043,2.44660596790484,-0.136154922953198,-0.391649258915408,1.58626488068989,0.122727266612895,0.47822001191106,3.49487686669985
1.20219654131935,0.404560511083471,-6.21948881590148,-0.424465028967393,-0.212332667907357,1.90969953358696,0.493204794036979,-1.03959386912197,3.27613788146518,0.0383621400204745,-0.16910772032189,1.4959111666837
0.362846483150258,0.633235140225359,-8.10206460313569,0.442892382567229,-0.284593337906118,3.80101737782165,-0.265947564696087,0.0014193872263976,1.6587364153412,0.0757923511263642,-0.367806852342122,0.018503659618575
-0.568414090884072,0.823893450334892,-6.07004608856347,-2.11721672028599,0.0920892691154531,2.46258739133748,0.0976450705390002,-0.102298149525092,3.8253452594588,0.447590940093188,0.891141042518425,2.68273174717749
-0.633082855097418,0.847906099134137,-5.99750495629119,0.284270950306282,-0.150935985550362,2.14802148968101,-0.744787283153269,-0.101142441571351,1.73812310184888,2.05347453140762,-0.636242176046253,1.81222772433511
-2.00296043064809,-0.509424447457224,-3.70923369877405,0.300103543689199,0.298518005078325,2.41375139555894,-0.167242927770237,-0.125799687876117,1.37440544318106,-0.348906603974985,0.359690585374948,0.152268357389802
1.73325271209712,-2.19086365182898,-8.05169837991918,0.562739766926982,0.410384054061956,2.65154646772405,-0.502120374408281,0.364417883052407,3.29671302643815,-0.30977462168992,0.393402412247915,2.10010764278201
1.43190644834235,0.600104995898575,7.19862779432651,0.643308078855594,0.501567485843518,-1.36019421862362,0.457917947884516,0.0492221850987136,-2.42146537720492,-2.0666206545269,0.11606476322095,-1.67391902863993
0.229235838561612,-1.64204312162073,-7.47632966175503,1.7967696402596,0.0945642866945528,1.44622639743028,0.317760047444762,0.38301730574591,2.76445158560333,-0.500909376752853,1.18529700654867,2.00380266120765
2.59797296506754,3.89428624539988,-9.7554173224109,-0.249930984316005,-0.178967395569808,4.40419529629965,-0.0947190425816023,-0.375380794171676,3.38445180004136,-1.41909899952055,-2.44474356884192,2.73841900829449
0.142536053829329,-1.14364387053996,-7.88339362685667,0.58165146790172,-0.336937211067364,1.91717346292161,0.547663125323026,0.00482340518881957,2.39774668866214,-0.269770829815759,0.0998384856894651,2.92622150690018
-0.0958406032453697,2.69485996264815,-4.02574597617769,0.327018522860917,-0.174721332499903,1.63616590705568,-0.192845273532206,0.294624013886291,0.11637536958425,0.608812370683307,-1.44403486458428,0.857615687435775
-0.746602554224528,1.0204584403927,-4.66566316234427,0.269201230672065,0.110250041118218,3.44550411013618,-0.0492525270682511,0.306670716487387,1.86782477287944,0.243031613534632,0.152991119486461,1.2950408502401
-0.221196746177653,1.94169792295863,-4.19321060932858,0.88484702892691,0.436130658861253,0.39907674234347,-0.0463847228969458,0.393563158307778,1.89197492478949,0.303266448881586,-0.564849268538365,1.77313341759931
-0.970715039500925,-1.23365239268021,4.58049699922388,-0.365706493806037,0.504520962777956,-0.621356670761162,-0.129082642866594,-0.486777492032188,-2.96455723725914,0.15761702317154,0.828351853917433,0.699034447140419
0.0322687854692748,0.106084665299043,5.56822740085864,0.821507489022761,1.05399179465025,-2.93343810995515,-0.865270155412504,0.609254890830605,-1.12539487420725,1.0339979107987,-0.626699125742325,-1.27509281604585
0.20037374675896,1.0862184093774,7.10362561340407,1.22192949014809,-0.856519407966164,-1.61814854437137,-0.83122751165399,0.223575383773414,-2.99217595988593,0.790700423617601,0.279406293555345,-3.60755035298672
0.285824372056732,0.292538837486304,8.33211072521852,-0.141500424335649,0.221640998924677,-4.14460262238063,-1.39135685521416,1.15796604155489,-3.68781640410767,1.20544389696251,-1.09213981678696,-3.19517027703863
5.15050410042553,2.64268681953292,4.24223754896368,-0.791198466923056,0.269262729729477,-2.22104459205442,-0.286327331193912,-0.354600476102126,-1.80689825656779,0.091300105656367,0.204454145714534,-0.705758585255539
-1.26821573741857,-0.698778611080921,7.67456821925022,0.164996170769717,0.329462967461427,-0.918184334990096,-0.185853106752868,0.6047851637488,-3.64760346680684,1.86440747875566,0.280934843492427,-3.08910573019092
3.90887271480196,3.08793190376344,5.35253393018895,0.293741820545452,0.135809289380021,-1.88470968214514,-0.231657159673425,0.138412797569927,-2.788280408393,-0.926346462486688,-3.05091419699785,-0.937980533955372
2.09725551353105,2.71135733171244,-8.52936839103929,-0.0554478549976459,-0.248489080352888,2.18276912230374,-0.582298675792519,-1.21015924843452,4.07774946179511,-0.68974102731531,-0.350437026573545,1.96891097403187
1.25064653826124,0.876102505491734,-10.9425131084183,-0.779642863274587,-0.312860525118887,2.52016229938781,-0.0494699451864995,-0.684636675000582,2.01249711549593,-0.74533836529752,0.0396744931774914,4.83495367399275
0.980269143727646,0.438707007629317,-7.09406714608199,0.205504798666128,-0.747305146266708,3.99467538978939,0.588944534227437,-0.090143713036357,1.39724321711343,-0.332112231875236,1.00136637881907,1.36711144102869
-0.795660882235742,-1.13301592097576,7.36167164320154,1.17589840833612,0.94283308922767,-1.89123050577059,-0.389855849225282,1.19773788174972,-4.08110971978154,0.0476859524477574,-0.0783350315249524,-3.39915092491056
0.89433812224812,-0.293628571260323,-4.23965474424433,0.350343242366165,-0.104917853054506,2.18364859452938,-0.208806456545825,0.402017468995343,2.34830104290214,0.142296657504854,0.431289900337571,0.489532511537746
-1.90093078932452,-0.652768799700439,3.57275910202048,0.637590008356849,0.276025335843847,-0.727978415062698,0.725940231158037,-0.519528390057132,0.391436678638227,0.365833481745944,0.349875299977842,-1.70145275465607
0.248541504518052,1.19695688587277,-2.77594651955617,0.719978282654477,-0.181116231597302,1.88124381868853,-0.482647045759692,0.630400190565003,1.00252549000502,-0.379441145007335,-0.315330122452003,1.70246387433381
2.13791203565817,0.81297024784608,-5.74583858454896,-0.814374421056434,0.110493217592456,2.86437393243927,-0.4097506314066,-0.7376365651884,1.51739597888461,0.825082387132729,-0.874245769630608,-0.604123394775739
-1.66011955235863,-2.35751405488263,-5.34540958827468,-0.0495250421063114,-0.0821455440445197,2.89170972433869,0.579651865445161,0.255589521637784,3.33173996832982,-0.0119338858272415,3.31027338808699,1.76525078362845
-3.43050346274965,0.128624209571703,-5.62942958740799,0.335825579462483,0.280022926392504,2.04986333834765,1.03062154321525,-0.443221080484251,2.11149079321125,0.695663366299903,0.463216524931335,0.325579325646516
-3.31204189208557,0.503779968243876,-2.47158693946734,0.0620300331554687,0.630094083309685,2.19776092443098,0.0942559883305077,0.496228867506011,0.57976668664436,-0.149412723293524,-1.77984532309317,2.26548416672079
-0.615061244866146,-0.55598977164557,-5.70917330600077,-1.10549278683509,-1.31521047605332,2.84784317388784,-0.0405109039552793,0.541999177167274,2.32845815101125,0.935476623266088,-0.700609672566855,3.05169122194143
3.04639310317375,-1.37042904067021,4.68478740279557,-0.610042035238673,-0.0433456470353158,-1.70095509452293,-1.46781094803532,0.781937952372218,-1.65727135694542,0.0997737408843961,-0.303959678631361,-2.24786210374291
0.954778174593494,0.761130973758836,-3.61037960428128,0.0452694296065893,0.758674340266187,0.0955925575153215,-0.380177132179838,-0.00681214956247592,2.61979378112859,-0.028448192983723,-0.767927866492681,4.81472450183461
-1.88688480909397,-1.48694387781666,-8.80158575653966,0.735182573083678,0.397081134178217,3.36529464825206,-0.470312304186366,-0.0992645049577641,1.21996981861119,-0.404642390791713,0.448135969106334,2.48602176647309
-1.20253807774353,-0.174484876511002,-2.2412525494013,0.0914570232031679,-0.383199676522666,0.677918156755334,0.542340452013984,-0.139474101635674,3.04457873791299,-0.117566500070388,0.411783607262789,0.29836081140443
-0.457722997306614,1.57256466404492,-8.50064561716018,-0.314022045093734,0.581786373433081,2.15567981263625,0.122621633932,0.614414484607611,3.60033353426381,-0.865519837822005,-0.905212445325054,1.76327054786986
-2.14526168782708,-4.18326853014248,8.65824377284411,-0.684355572499741,0.0480865144081717,-2.27440109314449,0.148674900176992,0.0535052858133972,-2.10326266669528,2.01960382447288,0.996685067293221,-3.85164065274343
-3.35045133485576,3.94986966829477,-8.12747838993029,0.824271637944074,-0.956571445696872,1.19581510446179,-0.235865782995771,0.037233518200177,2.40584411060321,-0.571896570570639,-1.04107676555167,3.37128780601968
0.476815285355713,-0.592891439426706,7.05601518228529,-0.386402636437759,-1.54082148771899,-3.08566704436705,-0.113492121237439,-0.167622863093208,-1.5786693459623,-0.764451706550237,-0.172411048037177,-0.760092437053205
2.44112966722447,2.94040005089739,-6.87749354444127,-0.656909922510175,-1.9578730142864,2.44962300503419,0.319878600071888,0.0584704644800913,3.32224447964374,-0.711849511829295,0.381649691859737,3.29277461225506
4.05772242237298,-1.84423402648042,9.21843180282052,-0.619715132912478,0.780015871806587,-1.51622772617752,-1.00067936344565,0.170242608860168,-3.40696595597851,0.226137630274495,-0.228022568155187,-3.22978234005475
-0.21907567694898,-0.647642926737183,-10.3953474949472,-0.222967508976188,-0.119484115505854,3.39609308394218,0.0936538824920257,0.647652926052738,4.54749486010245,-0.281889082538044,-0.00374541891274234,1.35264824385979
0.855255356573935,2.70168562298475,-3.88213660414098,0.0772641643597731,0.177908754599555,3.44532509828673,0.0985298065873697,-0.817252435394138,2.18089301928918,-2.10430578297658,-0.343259041219982,0.645512756374357
-3.59867230655216,-0.705058158045354,5.55103685602113,0.495363643351707,-0.36998337836418,-3.66219233622142,-0.0124474114546592,-0.0999593439998435,-2.19953844663173,0.772926346060071,1.16743093573709,-2.17185987263044
-13.165800349939,10.9521704004641,-5.34109507779387,0.778237400723671,-0.35579702275906,3.36579027287999,0.139096122117229,0.35683885201943,5.37139961616161,-2.0513931647593,0.438148917147887,2.70061993351379
1.67953479222256,-2.48446627297173,-10.5663498685797,-0.161088841341395,1.02982206160995,4.23888669104168,-0.835796345321154,0.708513465378789,3.38457329676794,-0.00174455516822246,-0.112192948578457,3.88923857234502
0.985504512966043,1.11634360185399,8.94991444349043,0.00531207757408966,-0.0532058925261552,-1.40747637440038,-0.251057390546037,0.501064654438429,-3.76204166152489,-2.12917880374862,0.743453275774425,-3.12876959232094
0.714866636969183,-1.58726763199832,-7.1848766468205,-1.09114643935683,-0.814789072598135,3.41300958269857,0.240014377952787,0.0252708851758705,3.50470628500496,-0.193403827619482,0.360958972851864,4.4918333828288
1.53867215907401,1.79419031512363,-4.29792234912176,0.0818985364069638,0.528260038054941,1.11287885997132,-2.02401335069393,0.454428816064693,1.16164991614143,0.420421174598521,-0.57986539912733,1.6884341426493
1.96384354022907,-0.415978795824197,3.40610479705358,0.146063886920076,0.441182505010428,-1.83662983451072,0.26260301666912,0.326491255852691,-0.739565958356447,-0.0884106736711347,-0.42462554846247,-1.27448303381261
-0.407460115879139,-1.29115444349194,-10.4735256719885,-0.320626422687036,-0.601592886686214,3.67993457443193,0.0104727190460496,0.146694776472369,2.92057605246367,-0.914656110376195,1.06617553716893,3.26603035664779
-0.281139878273422,0.0747623096336203,-10.0478440455867,-0.850444268940272,0.192367139347855,4.7745042482182,-0.0893923717023431,0.196813296137137,1.66436548608219,-0.253434278452005,0.618318097120451,2.59906470239926
-2.80125691499919,3.58726364911499,-6.08056114974617,0.308931378070937,0.181264173284109,1.95953916833718,-0.794115792798618,-0.328514469846648,1.28077887572198,1.42411321028349,-1.30624593344182,3.58824255015199
-0.312877588994484,0.658996625230848,6.34928189610459,-0.438319995189891,0.497466661264573,-2.3619683248549,0.507509413597393,0.614537718024116,-3.0334922477296,-0.154467219565139,-0.796673141422365,-3.21612193406878
-0.4172992993384,-2.0102443680847,10.5423150695866,0.0780769983883539,-0.23032036462012,-4.10366429956417,0.1668419212146,0.326621759507055,-2.79775277970886,-1.56081028801553,0.270230772633164,-3.09412230005933
-4.6393468437935,-1.5529394423212,7.20842619953694,0.152209038522501,0.190765601987953,-1.82478305342452,-0.0491619217820116,0.384001489880053,-3.52250908381135,-0.0428932023669196,0.020603412752644,-3.95575194466867
2.61970199798703,-1.28591849992269,-11.2387554563394,0.28004473357557,1.07580770147398,4.24101431751652,0.108909135155485,-0.275084554042022,2.53001108511086,0.435039224754116,-0.40391638484109,1.12044112188065
0.225833294584873,2.6796451052583,-3.68470045955073,-0.950293142662803,0.428504639642215,-0.287559304915851,0.785208249242452,-1.1539371307132,2.20114672417336,-0.425634500746331,-0.0605201528137267,1.95954842145756
1.2646283650457,-1.558353775857,-7.86465492603599,-0.28883634183422,1.2228257087282,3.63810750191882,-0.585653859307714,0.683756203492008,1.95273518162951,1.10991611175455,-1.05426637417747,3.86725622814052
0.895527331501375,-0.668594853256828,-8.45313614769496,-0.215830480495606,-0.778338015157384,3.20615347797934,-0.262170967706062,-0.476472906958331,2.37440275342829,0.794317582410929,-0.424348610388347,2.15819732088401
-1.81874816496261,1.98431936176998,8.25459434595558,1.18014224629389,-0.244877517173904,-2.82176244826467,0.160313094993042,0.183189140567179,-2.69428300082819,-0.0603432852543523,-1.43554413154338,-3.36906028848143
0.0129649722268332,-1.00580448472013,4.00616756294107,-0.482377211018066,0.13374465944902,-2.30636963358479,0.347553467829189,0.149903834600531,-3.72978460865598,0.435072039059597,0.414796391681193,0.32337451270008
0.354389805616497,-4.83888893241845,-10.7414650710671,0.00214183583283742,-0.366599572895263,1.11651445181107,0.373009681778376,1.3489956966279,2.13067096520224,-1.1672400988826,-0.535717644518005,3.9439556098981
0.34597744836634,-2.06485230496441,-9.73442581322699,0.0534490940563818,-0.876319281626457,4.53912959206954,0.150466751424881,0.300553048701568,1.56553817327805,-1.81112199290877,-0.102588334686276,1.84032329747403
-2.68031963208141,2.684282364199,5.01425292490145,0.400695741957221,-0.418756420091829,-1.60836911250745,-0.764541982424336,-1.31403831880269,-3.85240130983399,2.18409793535663,-1.04057216267801,-1.15838360244207
-1.07410435158196,0.36310432149226,-6.75002454806953,-0.256654306178118,0.113349203473297,1.76594652510407,1.42249730791168,1.20147514437147,3.51232884121204,0.27647680181285,0.137758217468323,2.19906327691263
0.85551123699872,1.3806562602555,-7.88479817958034,0.225385230842075,0.118560325091455,1.87016247388403,-0.418127350977243,-0.145046943373074,3.32158324150082,0.402711631373781,0.691381601719288,2.3827245653391
-0.614075078210737,3.9846377397475,8.25437177922173,0.913245161997326,0.673050196371721,-2.82189599087081,-0.00336705504527584,0.0316589208763347,-2.62979553865433,-0.345993187533441,0.248749605320827,-3.55079231711104
-0.232201152503509,-4.26547047245687,-8.31471116422373,0.0270403921234561,0.0777124704312217,2.7244872163683,-1.24564755403645,0.917903343113289,2.44331026920099,1.91421654185921,-0.586399225653874,1.01933336095306
0.06727188530752,0.296227414015589,3.7874783877329,-0.187816088368676,0.199148062022175,-2.65908485015278,-0.306049563862284,-0.317763349682354,-1.17703539991325,-0.830100854680736,-0.484023869288434,-1.5137073492186
1.32105732157634,0.154357829322498,5.07816663237792,0.0504499956424398,0.565139444251215,-2.4913450035082,-0.105008935504996,-0.237366542881452,-3.78539121505492,-0.572883097418833,-0.107954812401938,-0.686361068089541
-0.496437816715643,0.749090901735952,-9.5184691480729,1.14858612422226,-0.100290550685395,3.95866879631324,0.256721929556068,0.359160843114429,3.17587896249928,-1.24992511303563,-0.228107436073481,2.20223218454409
-2.36318209436509,-1.11549624494987,-11.837308531985,1.37672498894866,0.508643256160167,3.30660837502143,0.619060977466621,0.517466684308891,3.3402995328129,-0.560427803289275,0.817725034829914,4.37236795998371
1.31638269294573,-0.697356554098395,-2.50785066169861,-0.0904940552152948,-0.126888318827185,1.04686932683277,0.826699451370835,-0.0357086711604347,0.296932117285268,-0.295659601474746,0.0338375846813972,-0.926872475467721
1.0151117013473,-0.81307412365893,-5.49906630584359,-1.13882857904218,0.829876417042786,2.89111468679179,1.11204999179039,1.19620721661394,2.07803661783334,0.542891324437773,0.0330361550988471,2.36459430826284
-0.460723600850906,-0.791746398565121,-8.53526703815367,-0.574273524356367,1.25922673800243,2.93947825778002,0.131202584646627,-0.0593553466495249,2.63316541736458,0.299872353540726,-0.0305446604458243,1.89993939534206
1.69625926156994,2.24300296184451,-8.76926762703286,-0.12052655468224,-0.140387718944473,2.9374744271876,0.670402487081832,0.2412028710158,1.62723673082912,0.350842144584003,-0.0122265721354275,3.19528987998146
-3.3180660469238,-2.66930977025272,-10.7057985148941,1.50041423469432,-0.158900633666279,2.95513945651186,1.16601818059481,0.86916969250153,3.32180497622838,-0.350329381800631,0.77759994328856,3.33903917221033
-0.899800620326251,2.04610797524864,-10.6271707696822,-0.0899480354253884,0.0883422920991073,2.51057184606568,-0.108159166879212,-0.148200114977192,3.4652415044205,-0.342753054331716,-1.46787675697412,3.04078281688162
0.832135986576137,-0.578081117201505,7.38836547527328,-0.950342747673575,-0.454984980769041,-1.01662654083294,-0.775845619130025,0.717292220338153,-3.44068366439417,0.337324955259749,-0.221800492940082,-2.7427251161906
-1.44168659876336,0.196060856039784,11.1820934709283,0.083274082044075,-1.03587340330747,-3.10349384489097,-0.048676765284455,0.0851581750535989,-3.00041934340789,1.21208835116126,0.0605161326445014,-4.301074954626
0.152886039956476,-0.802558703030425,7.95287325312728,-0.472118847746909,-0.461177475248164,-1.41048528795209,0.0690901873562104,0.724899549236057,-2.00398145990584,0.0301631854307588,0.188007364820432,-4.02679655517481
1.11668852472981,-1.04844038826421,-8.81431828687208,-0.439875187622059,0.0100049167434498,3.95398562417771,-0.525019554043975,-0.0637454429359631,2.63409419139317,0.759025146691931,-0.879962745285418,4.01230702171231
1.90521319562691,1.44706839785266,-7.86261452537283,-0.0468962163916917,-0.054047398580783,3.89606703885569,-0.416687065251445,1.16901836661608,3.56443673641977,-0.680850186023593,-0.816547913365094,2.7330947775394
3.06490803401408,-2.65722613123025,11.4041607641812,-1.47716781849657,1.79306866821647,-3.21065690647416,-0.881050106109343,1.15678339937741,-3.95990693675031,-0.868648611274308,-0.441310198299692,-2.87155630016233
-0.299834788610134,0.516376906234369,8.7517824936574,-0.407529842263473,-0.276969155662798,-4.113270069597,0.12360289666269,-0.137275118501219,-1.45380152789561,-0.214409968576067,-0.357922227418451,-2.42550317295887
-1.94733600980698,2.37261925662252,-7.66018992044519,1.24398961213033,-2.107123808206,2.87385184016398,0.357140737965416,-0.218951932128745,2.91325180504867,-0.0805659765033364,-0.114629294643097,3.77781991697813
1.20046286847049,0.946242744049527,7.01367953022069,0.221507651850737,0.481735043974521,-1.79901417063996,-0.0868232669200199,-0.804705256332963,-3.29175381487561,-0.0932808012374266,0.297563117707711,-3.00307891102961
-2.38508583055414,2.88256026841232,12.0322894744551,0.240314661147014,0.0725212083889659,-3.05464688458155,-0.276067215378855,0.263314148409213,-1.87630729526057,-0.433943336514274,-0.434044499593311,-3.79137013778645
2.22118641583902,-0.562782281600662,8.47592863823704,-0.37138159455948,-0.316215277978733,-2.78256603510772,-0.542208531958965,0.0047107538238521,-3.5678032922981,0.748099131542454,-0.947080534403664,-3.81206853984514
-1.0177426104576,1.95865747034042,-6.69770372585694,-0.113625036248963,-0.00121620139612516,1.4120566155275,1.36239314074303,-1.16530817393991,4.44571254852573,-0.00303453176785822,0.157571865879968,2.75282867435364
-0.969898986655886,2.94036227097713,-7.39660075537022,0.207640717749075,-0.00704808370526495,3.98423782097705,-0.0917247769053189,-0.596311792393748,2.02232191509952,-1.06350610762987,-0.0608367674955276,4.13768471891173
-0.49678651534098,-0.765345035296227,-9.75572605362789,-0.801815811818243,0.573024170677476,3.68977684954524,0.556788083331308,0.564133372876736,1.77064192099223,0.310815959888859,0.247258079008855,3.77975722208986
1.01618314781707,1.72506962865386,9.85326231821783,-0.388836263567018,0.337965250110986,-2.16164213534414,0.0162353943120183,-0.550146774044611,-3.82415152698771,-0.577947437750612,1.13268978353466,-3.52050706466141
0.413151978247423,-0.626137135355486,4.47491083111452,0.458434268601221,0.107677356801734,-1.64909128903004,-0.235981464187025,0.300056490745005,-2.77518551152879,0.541310863299965,-0.501349540862083,-1.41586330714622
1.5616370885221,-0.867231446537834,3.31608961915707,0.762450580589917,0.171367614707288,-0.986274226837772,-0.441582836240824,0.471730637976256,-1.75373389489223,-2.0995941228785,1.25114692836521,-1.703597060995
1.76184554970738,-1.82474216703978,-10.4769559993337,-0.0618561019801675,-0.828243579676089,2.68558132077603,0.529887842518592,0.24088066869548,2.34503357171796,-0.0172252583210446,0.281370729743762,4.20565930307215
-2.40461099065621,0.31958544373282,-6.4728352969301,-0.0893350115996617,-0.219023389479728,2.29663689629504,-0.00218916241318074,1.17318491645626,3.4041550140235,0.425230595491871,0.304738902882027,2.67469406147105
1.09959743561908,1.9485168463761,-5.49972879552452,-1.16455723913349,-0.644929318875976,1.74731584271211,-0.158485627147,0.130911294359698,1.09506077624462,1.24466772238342,-1.16463315317071,2.16528080474154
2.73755189651662,0.00444218408059857,7.84695407576173,-2.78624996933479,-0.8549125613811,-0.77247351444112,0.165274624969826,0.396701256037808,-1.88901758274502,0.612948982984706,0.331908931085185,-3.66960635784719
-2.2128620767581,0.139314958349316,6.57287846333575,0.647143074808977,-0.331174223238018,-0.924573757378943,0.0968693807547977,0.916522941931577,-3.50478406433608,-1.08832518522935,-0.737921638347807,-3.03229319555833
4.67934497832262,1.43653437596369,-0.927003226955701,-0.406371361406964,-0.227684996580803,1.80027133222068,-0.178528896974171,0.479999627073404,2.68049558311523,0.655592522009689,0.254418606584586,1.92280488235109
-1.18028570350407,1.89098292050787,12.3189779430688,0.725106806084864,-0.0941677488756355,-3.81213592283615,1.00518253410622,-1.23250294138683,-3.21249345210418,-0.0793414114760416,-0.413932365771625,-3.33980152489971
2.09611161952752,2.64540690163999,-5.3661875445731,0.0191602140991865,-0.39048814104692,2.93009966048603,-0.815017236939441,-0.105970173781105,2.01748602050405,-0.276510744916723,-0.568732782288124,0.359000971955947
0.913960523147409,-0.764956018881674,9.03210933800474,-0.25349364460942,-0.541440266096757,-3.04946417161782,-0.101110038450877,0.267200144879691,-5.69891290792724,-0.942264097200503,-1.24042993870896,-1.71331086429728
1.08668025590654,-0.766735378035874,6.34459160910842,-1.7822865993945,-0.239612896401902,0.378928401104487,0.0825640127292522,-0.0502723866959289,-3.56055433429502,0.12444364501439,0.172063980391465,-2.89099048889234
-2.30810531892284,-2.31961065650772,6.38055394736506,-0.500240778388305,1.98178412425338,-0.342236255402904,0.147091526421667,0.705029329996814,-3.43276282642912,-0.0638839852788346,-0.222951915660345,-2.78695391819487
1.75557469301446,1.10683155066135,-5.85485078060393,0.25215605617623,-0.196656516836587,0.617582865484534,-0.396746741378351,-0.465074857327179,3.77822493721973,-0.0203594723831,0.570441558943525,1.47168265775191
-2.63267382657281,-1.00647306234818,6.60572694038339,0.376039599674642,0.311647309528799,-3.34492741919332,0.727616230569336,-0.426277449541714,-1.7373778755641,1.91173414308277,0.404471531384253,-1.6958441846738
2.05009197374819,0.72909415398261,8.9225374252128,-0.193439197622615,0.532016280017613,-1.94592485177324,0.257376246686878,-0.334051082349348,-2.80772180239794,-0.521453901343812,0.17101509845815,-2.5717309846906
0.0390898595124189,-1.67799307091401,8.18008184705155,0.0826067464485024,1.57741114546556,-2.20273769703677,-0.0306983924987591,-0.603235418065443,-3.3988989302964,0.448137129883906,0.51942693934142,-3.96147903299343
0.666158098113912,-1.96275604423725,-4.36069351412545,0.0188049398510819,0.430072065844437,0.741776693399207,-0.081226096879108,-0.164233655751921,2.97791234310908,0.238678065707346,0.706630623115216,0.987605339638071
0.585757377082265,-2.27118747060218,-10.1193791349561,-1.71864357285592,0.697960307926648,2.23400703249019,-0.870402590747318,0.46391715789449,4.06493112468342,1.3968432399713,-0.751574943290716,2.12282026653146
0.600323895046032,-0.920911870574305,-6.15499146481511,-0.13512816241513,-0.426381194686516,0.989017726519425,0.469688648799089,0.765454830235121,2.95327648395714,0.0626134502791304,-0.647142761895928,3.46876551469689
-2.01067630332258,-1.28086831720837,9.31040111828606,1.19967559218894,0.176555662012165,-3.22594468338598,0.682246408601092,0.245827437999533,-4.04285552651745,-1.02411263266528,-1.04511523349596,-0.831684591012509
-1.70587873113096,-0.234854453762096,6.55436563278619,0.289286087238422,-0.279907102233213,-1.06219841413673,-0.374947415193795,0.807757447416507,-1.75116607171533,0.357996728112874,-0.376817973822439,-3.51572905800143
1.99935991572357,1.18121355990662,5.56389825690494,0.208535877380276,0.564773370493488,-2.38027885321183,-0.606916539715473,0.234498222163651,-1.75946320790238,0.0416416599471153,0.0595868312202387,-0.735286880375402
-1.19658670929643,1.102061447942,-10.0432207803268,0.823426763385142,0.504396741461976,2.85076450688821,-1.00535332072233,0.703695947831514,3.03417031634972,-0.23059448314654,-1.21220194210234,5.02347228499599
2.39846166230562,-3.32096020397868,-3.8514520178234,0.905648547125325,-0.651001422997118,0.432124784757044,-0.229313417919586,0.426798463033189,1.71131198300435,0.551518434270969,1.43024735361492,0.868394509888997
1.25251412871766,2.74234497847421,-5.67497609882955,-0.00332071876739615,0.0348385343141877,3.43713231637943,-0.123445192469176,-0.71520094932267,1.1744005846708,-0.427349999886251,-1.13017842157917,1.69523953149331
-1.02057902329735,-2.70130501104554,6.36338785830597,-0.293505287602765,-0.0730089767955145,-2.12836547401597,0.530730413311108,0.96277021848236,-1.38379619401118,-0.0404792493961173,-0.125693658904956,-3.07510023859815
-0.21914533968297,0.938858077848767,-10.2474148807926,0.841981145205526,-0.765317673748497,2.28728366146061,0.940477561428069,-0.416713010827155,4.54070708442205,-0.458237651221872,0.143087307234616,2.92601032808652
-0.411648785828585,2.03159814581604,-7.77732143776171,-0.625834659392555,-0.50448467871726,1.48902151912883,-0.125700396664592,-0.0961026966989791,2.1430272319756,0.622823056122086,-1.42321346226788,2.23292038001853
-1.61468509244567,0.166391525105414,8.24712536646376,0.0643490687883082,-0.0675281456154812,-1.46719846410104,0.205478334976936,-0.622924279384575,-2.72393587390454,0.101044100900842,0.196099639198535,-3.01893411158523
-0.153273186261312,-1.51399193458543,-7.62942027128448,0.60032791925097,-0.675242994525645,2.90648943543473,-0.201155591013483,0.275891812724781,3.70240897196793,0.502654245231716,-0.474347855363829,0.500145494051527
-2.40150591030843,0.472446206686447,-10.5501632435188,1.03886868453469,0.985324079117065,3.64322520226,0.0296757654743905,-0.292370698289412,2.90442981683119,0.263993390044736,-2.24634808010387,2.65691987606017
-3.43978918950918,1.06772222607752,8.20601923013331,0.45665586704578,1.09020395453603,-2.5431045405627,0.402497301545416,-0.361320508741491,-2.42092292907079,1.68743559217503,-1.21615879407852,-5.30007181891826
-0.178242151400933,0.126341750917643,-1.2876263324435,0.032600567630346,-0.0577925189323449,0.605992432924768,-0.261028794845585,0.445268429600465,1.68389464397197,-0.212458786630191,-0.516612997847387,1.54349308960755
2.75998556489681,-0.615261431825368,5.88152881750328,-0.193254764241814,0.246850862043501,-3.12093908668881,-0.577898826051925,-0.16128771858913,-0.552476815946661,-1.82988661165511,1.62470092062308,-2.26877837083857
0.52324031919127,2.67583894563345,5.62925304011565,-0.0416795555739822,0.0374791546612431,-1.3625220814954,0.547655898373294,-0.658953875714042,-1.5917556625423,-0.0542652413056122,2.03968209995412,-2.39471822502815
1.93746976459408,-0.0736227507622132,-9.63957421685646,-0.265809990228949,0.563779308553089,1.35818682480467,-0.0289371035269042,-0.650346977260986,3.35217739340478,-0.379645650176034,0.378503574704144,2.65862833048995
-1.45738398563962,-0.494258841758152,9.19195335369753,0.165632750507032,0.0034722715046398,-3.31067487613558,-0.343283136207918,0.0194476147820291,-4.55584760270357,-0.108435172392917,-0.00660454433838161,-2.64160507425542
-1.58123581330057,0.950753452800483,1.11359382388152,-0.244429767913766,0.127300420849801,-2.42588321124144,0.831845441796472,-0.240562783663682,-2.42582567671234,-1.27245098233019,0.558602978926721,-1.77953289629317
1.70591189484993,0.152099280784867,-3.85303373906652,-0.193065875447472,-1.18613084887865,3.95504671904514,-0.0366295520186282,0.572070747049654,1.88669368405013,-1.15133642012677,0.316296221366542,3.30501452399728
1.12211681119569,0.547679812231816,-5.15324126315283,-1.29864430874307,0.239371428449573,2.68123627534832,0.173972035472409,-0.0282786426615542,0.681554731566656,0.453971390177872,0.331264077167332,2.78604307067707
0.619380200256223,3.54933331785244,-9.16764789841346,0.107000088084762,-0.424526874939582,0.805724408952202,0.381834355058555,-1.53313981059093,3.22307273435981,0.032265871903073,0.123516622102438,4.15332070098861
-0.0277423111455652,1.30826064291512,-1.67084762274893,-0.127935557867077,0.129285378234413,0.95132686210235,0.613565576901323,0.818334981650661,0.251412221308962,0.102100854396671,-0.319312933119643,2.00152078215085
0.979561614620288,0.656545847630998,-8.17472108138885,-0.253200833114961,0.60708583837446,2.5286620854888,-0.717161484733287,-0.10062861358858,1.84796103689483,-0.136800448782196,-0.0574146624428047,2.23666130171114
1.06066565607387,3.0254889640626,11.2055973863336,-0.148183580861899,0.174585029032267,-4.03842894353953,1.21079955860124,-2.27935372088035,-2.8533481812568,0.468846635444362,0.129253704336713,-2.40452996752105
-0.17419579695519,0.613613556681611,-11.1992704873653,0.468514655713214,-0.24615847782021,3.4184617478158,0.706543872332248,-0.134419484707817,2.55792798850677,-0.440752966543168,0.164953825045202,3.19164262394809
-2.07433088673023,-0.0202870146245556,6.85352544993703,-0.0950456511523848,-0.193129072783848,-2.35208593488739,-0.0983411349804507,1.070198942225,-3.60276353400787,0.969069384835,-0.65363595720487,-3.63645214513594
0.439985964226254,0.0192817103809901,-8.00174482500375,-0.0624695986698775,0.290286814887038,1.82160565295315,0.802049208481787,-0.762672086901542,3.60587061857652,-0.795103111321946,0.739609344055991,3.45791002992225
0.449259911698614,1.22201316091843,-6.67664025539253,0.365853103529618,0.823538500701998,2.04347684634454,0.409404642774408,-0.233747340143338,2.00665488810024,-0.59928174219298,-2.44711993167931,3.13587491270679
0.292107683302312,-1.18335988014409,-6.83536070679986,0.286803554969947,0.0867386098930327,3.73360795901094,0.738163114616793,-0.308015258923686,1.42179870102412,-0.0526468821501651,-0.0829996115609759,2.39823463432414
-3.63357089403089,0.363237789377928,-3.60454951227591,0.220730502441353,0.46147032947156,3.47874269980775,1.26010704210208,-0.508637887450686,0.904442811832521,0.152081358826517,-0.495974511633133,1.08803826610315
-2.60718319968784,-0.978946134680175,7.40266579123579,0.51893325431583,-0.233671624902287,-3.73682627509017,-0.220125861257152,0.242699688276415,-3.57254791428648,1.27186709245778,1.03503618458257,-1.50056223750862
-2.11781621067425,-1.08828104472516,2.22976699082765,0.657191118513061,-0.974948469851419,-0.687532128361063,0.917090352267872,0.313612736084511,-2.32018258725641,0.702619137020131,1.26664934768944,-0.808718867370944
1.3903328715085,-0.355668459828721,-9.35170327354751,-0.033572636614853,0.169276577573308,4.79520217226409,0.0290470667619548,0.119998527237972,1.91431354527482,-0.256502980500329,0.902270244714765,0.520416431710368
-0.97369622879114,1.72969425298426,-5.59067165104055,1.36356030078332,-1.4364882359279,0.937967364412593,-0.0739594453815578,-1.20168773669473,0.189702944534703,0.174847327439618,0.199468084549691,2.64366172735646
-0.17109886475871,-0.642326615424935,6.3472866902333,0.00687333756132493,-0.330845690908644,-1.63845493010511,0.239117074341045,0.480537889888589,-3.07741819825695,0.227296090932178,-0.0297703899679259,-1.08640135664516
2.43392504451254,-1.0959919214242,-10.637177837637,-0.0772265061305482,0.0744002889578104,4.92625769751788,-0.129576104362629,-0.396821384588305,3.2413407746187,0.106709074380519,-1.1716853618174,1.90736858397386
-1.8440119329732,-0.928440155365092,4.77029601692354,-0.636133509073471,0.0798702903978422,-1.88319087592095,-0.351106282379717,0.285535585417993,-0.829638403371763,0.0651220362221287,-0.421043726675062,-1.36824986039332
-1.77724720668174,1.0864136793814,-9.49823078149075,0.174486747508083,-0.670592045563208,3.17236337903539,0.0963136630017686,0.450568639794444,2.89759101071049,1.22945680877395,-2.10668849538351,2.80337726985714
3.13749080529512,-3.012658329424,-3.96772747772426,-0.498280933114876,-0.178315005900233,1.28187807941951,-0.177245064418825,0.967168554055156,2.46321415319536,1.04251060493181,1.6816424286769,2.28145328072713
-1.62558684946478,-1.06269193464733,-0.763219445713882,-0.0268840146301567,-0.232993863884945,0.479375136830431,0.979270648044554,-0.0946427685027565,0.436074878911985,-1.62665214459155,0.105592134361803,-0.163429963293647
-1.42980047675167,-4.08751429405022,-11.2622970145574,0.201486076718868,-0.0593950057907054,3.96280571332318,-0.87763102944042,0.416569599718741,3.52620312743428,0.74346482707726,1.270699697546,2.68616507463608
2.17449456857404,-2.09780434986406,-1.42855590483482,-0.559976133021813,-0.0112936933627909,1.04144436260936,0.129668319034862,-0.570283552209299,0.290082215144849,1.06696771032232,0.00391793126063923,1.67652765975451
1.59994615796032,0.477641903787814,7.56774153995263,-0.38099060725436,0.65140997906055,-3.57579643047854,-0.0128797127614852,0.271510820081372,-0.650347065453387,1.45883483689451,-0.565047691523146,-4.53891457259142
0.355048406123426,1.76231982539554,-6.51773407005272,1.06200443447379,-0.28579983152033,1.62911325047349,-0.262454622425493,0.558433400678331,2.56582165939506,0.297955158506145,-1.42606717665878,3.96932782604602
-4.11067416291099,-5.07358008271358,6.09258314073397,0.122329559821044,0.317510794985896,-2.85949387268972,0.25851691033615,-0.776317276304681,-1.64822709289611,1.42310917625405,1.67041745751895,0.344084891014882
0.815371293943641,-0.696542741118757,-0.555195139622001,0.174642456689512,0.298497727527323,-1.93987498894866,0.419744759328332,1.11255314487797,0.916985552644348,-0.759378508514799,0.315563643326451,-1.21187356776431
4.3901223349809,0.867082830968779,8.51419840311793,0.00844993513423365,-0.0189544415446655,-3.33139376517461,-0.0465179659884106,0.80981920935604,-2.67025829644474,-1.73158971055584,-0.168724617229855,-0.885118411587793
2.85473496971929,-1.47191764395087,3.26514930422216,0.0443700437135909,-0.0016831928639602,0.816140589529781,-0.390936654681567,0.282021883655216,-1.08175332577456,-1.71894588877766,0.379227065170121,-1.45851056478979
-0.193111650389576,3.47606099164901,7.27341704069336,0.0771619811767556,0.116213329948899,-3.18881781814396,-0.33685414177487,-0.779965387741447,-0.87135783341655,0.715790646335856,-2.2055592350247,-2.79485099989031
-0.442212417638538,1.44914775574488,7.1329767942034,0.318687433269757,0.0292572478319557,-3.32436437336892,-1.00208036126113,0.442670697333587,-3.28371793004795,1.02264566389488,-0.284431194967488,-1.66647139146603
0.802302319002722,-0.551345211751144,-0.365758175376566,0.298649123900426,0.419578516153743,0.968241068530421,-0.4387206479049,-0.315069962780379,3.65270424939911,-1.46936678328086,2.33325759277362,1.41850974296631
2.55069415038799,-0.800635710501597,-7.1805888570774,-1.22568267292665,-1.39450510598349,2.00966006390501,-0.650297871658769,-0.13084496059444,2.99363833585189,0.298283142174422,1.67864367456269,2.11650985838768
0.00152609834035333,2.72716246139733,-7.66806356453716,-0.204040937245003,0.606244309894316,3.13762652437503,-1.96802415488954,-0.242847724683265,2.31901966194932,0.99762609351417,-1.69501391109635,0.324204829094065
-2.30525240707214,1.35949376146076,-6.50884688514253,0.129906964732365,-0.4685340925204,2.61697084068274,-0.394466336991363,-0.0528442867044629,2.05149021752389,0.636160089976025,0.113533981696386,1.54807753040963
-0.185372380498404,-3.66305862503183,7.44728253132551,0.0141084165656029,0.781388251759967,-3.66425246783595,-0.501230815825498,0.284892067144911,-3.64768797861415,0.100261579345287,0.230782011386533,-0.151569499517137
1.0873415242823,0.240136854601997,5.00583946032117,-0.761598066896032,-0.0717517765020314,0.900224385795616,-0.521788830809279,-0.00235206457128301,-2.24831607989429,-0.475268447596525,1.00369730321327,-3.39688607228399
-1.86132771742417,-0.162320295568567,-7.27944120013538,-0.296926552030384,0.156696634357439,2.95190497987984,-0.87698923425719,0.282600792300347,1.38995464201881,0.162511982216349,-0.163458107297346,2.45971058249867
0.343897127215647,4.44836774262637,9.24213804440543,-0.0187909209982623,-0.391282149891311,-3.06040972776564,0.030350304058702,0.117514013371503,-1.78699992410184,0.160344178796985,0.0858579561237889,-3.07253342016065
0.0698266852680646,0.776707564716511,-6.14741102286866,0.0384716674273085,0.0535172974867501,3.25927098981414,0.636529361257318,0.348748457650323,1.12895160666367,-0.747872471938297,-0.608097373705784,1.10429466806734
-1.55921939945537,-0.783701503663603,8.24405301039199,1.53195691893345,-0.443205552931887,-2.43979836929728,-0.795060159131114,0.245440846928974,-2.97702774582398,0.0438089552715492,0.0308183493295306,-3.11884651262348
3.38919640503016,2.70457031241177,3.57623861543061,-0.108852279968262,0.0268467468433767,-1.56076215161959,0.939419511925138,-0.243324181151643,-1.94603822243523,-2.93700611955116,0.0476183817010923,-2.52387206023854
-1.25843572266502,-0.0587281501911156,-7.4796909005906,0.220620870508721,-0.379235784455403,3.03802870546442,0.858389364897175,0.303988988026702,2.75293319971865,0.247265876753435,0.136929131042586,2.2458136806052
-3.43583387099484,2.23280838092273,-7.61736119667844,-0.01440632241637,-1.17862716195065,2.25397951936566,-0.485342721027751,0.177255493613561,1.81409068372856,0.0646100744793047,0.701160251137778,1.70111440255453
-2.97570808439992,-0.204763230592075,7.91205108136631,-0.18302274866963,-0.466804570222454,-3.35848081524388,0.55658729637893,-0.662380945631566,-1.85251496139749,2.69612728689718,-0.0855825838769692,-1.83124742922074
-0.967806710291567,0.479215920512849,-11.2910421186405,0.543692192914825,-0.219380083896285,3.02569803335834,0.0323605233242113,0.135728788745381,3.13961546975543,0.681539310967718,-0.0114482824615007,5.207787602081
0.725416995231684,0.44685088480094,10.0462421598579,-0.225049006159336,-0.811684236866308,-3.71131419966196,0.277612654878007,-0.807913976557326,-4.44133420859445,-1.20624203413552,0.211085013182219,-1.81142209695261
-0.101529454285769,-3.6579318049843,-7.66447866005576,-2.36915889423217,0.490099344974872,2.57069467169087,-0.234783346722187,0.324237207220459,3.29249637301975,1.48941281722394,1.01848305654939,0.940823731820515
-2.28535121826403,-3.2193472822155,-10.1521652504231,-0.482368128287092,1.36635089621216,3.33597186873131,0.175238006469171,-0.439792522838287,2.91775891459892,1.40937863665565,0.42944780554537,1.69770407809357
-0.0552610836849763,3.4489600797307,-4.75388677619775,-1.13282659778044,-0.51738464048385,2.40743879461997,0.853083024384114,-0.200911952899982,2.27372949075526,0.635496819571609,-1.62438359524913,3.64883797743181
1.67154554625991,0.896967836192331,-1.12128724209533,0.0517380248533051,-0.0679776321340338,1.83009646070758,-0.395295321675265,0.13463506507828,2.70750077551091,-0.960290945067866,0.0367537166117203,-0.147882083169784
3.11972931030461,0.516446235165499,-6.22208767449336,-0.0551539432733021,-0.148725704276083,3.23110703954747,0.518528314228936,0.746682097476847,3.03330856800298,-1.80333269471371,-0.703847478085509,-0.369961198757425
-1.56018793677406,-5.91839653529753,-6.18299773619539,-0.0186962773883855,-0.149754321337208,2.28093384196173,-0.260149089712799,0.292435950817741,3.67026923604768,-0.141754674995009,0.674579949451546,1.22800752715695
-0.959566293487721,0.882787964568016,8.98802423081286,-0.00408080423474128,-0.416818867112966,-1.90444035925286,0.688488635769786,-0.917682648884395,-4.74102920928875,-0.718952347844719,-0.19274918231582,-1.9815913969083
0.475353611063805,1.90411541322616,-10.3038420263957,0.163338725063349,-0.110533173398992,3.55335076986326,-0.363748262441566,-0.189373290822329,4.32760697450509,-1.57317969794866,-0.0409131379915139,2.51773687290038
7.12770971413967,1.44311955250977,11.541784830005,0.0963571620553942,0.122199718354218,-3.11310603103545,-0.144574568555406,0.103849169298339,-2.46927438543492,-2.02654689274413,-1.12871977656143,-3.95863685088184
-0.269626182911842,0.922809798157909,-11.1758138062552,0.756723053569652,-0.545953081349657,4.50099150204914,0.0395837376080102,-0.00223227109007081,3.1884650324828,-0.146872007235328,0.181219736465015,3.88459264534392
1.16593489719726,-1.07629533024949,6.35320361709185,-0.319114425808994,-0.297676767320517,-0.730477347176385,1.74532541676169,-0.297729467038213,-2.46518595452665,-0.488638663879008,0.466223583140604,-3.83116635917607
-0.961684021011744,-0.489915850709325,-8.92758584171993,0.188491447921726,0.113951399322914,2.480179129444,0.804810717825479,-0.565344667480641,2.36513699869371,-0.492269266643789,0.545417855553996,4.26634535023682
-0.32032509374307,-1.05316287403656,-1.58949053339427,0.390955021406196,0.350278464732821,1.93606819252828,-0.469683227221149,-0.718836285422069,0.39620146703217,-0.663477813102914,1.21026146038245,-0.3121146832195
-1.81377137236393,0.740543010557208,-7.37324371072292,0.548683145340283,-0.181431892948312,2.93037784500461,-0.157615030840396,0.335029749665565,3.3936348489496,0.0419181902735859,0.0554472214647341,1.84240464572764
-0.497300010447727,0.32595013755701,7.6748723478724,-0.116788182787539,0.391670071334908,-2.38776707132261,0.593879861550132,-0.212058348665235,-4.35303254201051,0.233232781703738,0.218402664955499,-1.50719030662373
0.887195190615446,-0.565728334757234,-7.24347082547398,0.302993354995523,-0.213890551470365,2.19401487941174,-0.256197306459313,0.196458945914944,3.19679845655322,-1.18487627512688,-0.0543902486965317,1.18751647529438
-0.894433418720985,-1.76923453986618,-10.08177758622,0.242562048393089,-0.481032871183349,3.59507949641462,-0.176263298890114,-0.0500304337530866,1.65189346447985,1.68583396626773,2.68020986859223,4.42798905428385
1.5490059300838,0.230726824016399,8.54777442542896,-0.00792512775975831,-0.130102766831184,-3.92876083332055,0.654322703549334,-0.0365484946590307,-0.826457265219149,-2.80403535793917,0.811759138478374,-2.66433179555776
0.81489520516791,-0.512104198879092,5.40378653224535,0.00841966893708259,0.556622485012166,-1.83283941290052,-0.166183991769126,0.632243044030026,-3.42410327203022,-0.31846462391661,-0.373087943863182,-1.15577352752762
0.666988609740205,0.720674855260325,-7.45278804491844,0.0628442485787651,0.333146551493545,0.689636659809432,-0.251258228192662,-0.0784755617363561,3.97582622637524,-2.44818055732162,-0.198460042563734,2.63052272209036
0.781012824541718,-3.55500686320028,-2.7926260209946,1.3229866478095,-0.0035881709830959,0.297179308542442,-0.164510269909439,-0.0929709479547261,1.94663078929203,-0.999797664775168,1.23310584676114,1.19855472198189
3.2411080793937,1.40011229329603,-6.61301066091704,0.257859302066283,0.213841365424879,3.71057329582,0.156073026620729,0.245336710253756,2.15131176718216,-1.54831339013935,-1.16219865975066,2.77602597089086
0.261509224587577,-4.96299934724702,-5.93413645462102,-0.708313312336311,0.172900946843339,1.87491776216214,0.864798281217918,0.9238581372723,2.47937298533789,-1.62426961935031,0.89277426493753,2.68157730917094
-1.75370304426938,-1.21740581584208,-6.18948904890884,-0.814105552643713,-0.581060446826915,2.46964350383341,-0.19628257248574,0.277108697136967,1.75321260467713,0.480241291626744,0.104873390339771,2.40909935958526
-0.516602912491811,0.666217768476493,-4.20968587450283,0.0804902447783582,0.185202228026335,2.69708231759657,0.448697905207767,-0.386109744222944,1.69022235263312,0.0975839066812202,-0.0243772320559732,0.901603800870177
0.178392567799679,-0.749263930218859,7.81099154846162,-0.443182195610675,0.602877019093407,-4.23704568992061,0.267972353402543,0.160831552888021,-3.33586948131313,-0.435141522696228,0.199520139332968,-1.77456249958829
1.81805979440173,0.0169657659822368,-13.2189350333523,-1.73689499104744,-0.0358337716412263,4.57727244666216,-0.507938508300777,-0.125499734915246,3.54542857683434,-0.800156337138306,0.439622113707211,2.21612053725334
-4.1071781096396,-1.06864036947152,-11.7449928360404,-0.066597533801835,-0.0143896726564711,3.626977474933,0.317091799810044,1.01527719851028,3.11883139088326,2.53790047085962,0.0504885981171393,4.16850155093517
2.19320701831918,1.52092065696452,-6.85229501785627,-0.044239112174166,0.736740231379619,2.97172625852613,-0.984257936509882,-0.901980492348001,3.69953693796505,0.0475296009477788,-0.229021302980473,1.87847417744282
0.839973541736524,1.95447934784193,-10.0607647309722,0.324759310580319,0.084235660703436,2.94416375395868,-0.136033194609043,-0.663790082408746,2.73625710607968,-0.897934504391999,-2.19221081440548,4.10365286908751
3.6309658274044,1.24672216827017,-5.0880403132996,-0.140231430768598,0.195449374314282,2.63691008654181,-0.794666931734689,0.00839724063002069,1.10968317944486,0.0709350445633006,0.551695821263035,1.71248256165918
-0.545685366942022,2.39585916178957,-10.1288259264945,0.0489869575781053,0.513672410940953,3.65564176685616,-0.263827647991385,-0.0971532528281714,2.96601859615117,0.77780031369846,-0.700670334496253,1.88909280628557
-5.86367471852092,0.191990581036955,3.06857508450761,0.491235404003192,-0.480420826012111,-2.30907995163067,-0.106017838039316,0.301354006037588,-2.43519760306698,0.659660419923522,-0.282784034652578,0.793974217495892
-0.943928968174886,0.232650471214821,-2.575121798141,-0.414207571211163,-0.379445008529976,0.720607145162524,0.925717103519732,0.316714191474491,2.76485975986744,-0.405982672136518,-1.76393346965832,1.07665652759061
-1.34644779844219,-4.40540769407621,4.2597263712665,-0.227410811401172,0.588652348337049,-1.03212957448519,0.618980596406753,-0.563697106160553,-3.13471166980949,0.242886333469032,2.29279896794321,0.0185747500712853
4.73367116710336,2.12413814626676,6.28659663796762,0.0666716610820164,0.422906400658409,-2.8446114035572,-0.88757269812464,-0.571214743006227,-2.26239311340124,-1.25267809964735,-1.29884616066959,-2.56998698000317
1.62990399475081,-1.13601068701587,-0.665868699109949,-0.100333653575107,-0.173011211064515,1.26396543527633,-0.54605071538964,-0.947965048957743,-0.18044946317702,-0.238055323024146,-0.760617073392443,2.0080334971904
4.90667449852456,-2.12661230997914,4.75749784849041,-0.550015350649496,-0.0302474266704104,-1.01209171240333,-0.910637040567434,-0.390523722880687,-2.77659204490576,0.263588532665787,0.420023648224725,-2.20765436183863
3.80516525285785,5.42951457333172,6.41960017546334,-1.07101562629752,-0.507664841492287,1.24190973955973,-0.188887202509674,0.658821498754697,-1.03396525397344,-0.327558077856729,-0.582588274627511,-1.34995657102164
1.99100479263075,0.00287116112360419,7.63157388798696,-0.487921447519523,-0.350914400813378,-2.27302528347806,1.82409068876812,0.275869084130099,-4.32479939480881,-0.50008515664531,0.504455358542153,-2.45034555580022
0.227702236974707,-0.778385806019316,6.55030804443833,-0.694890236426284,-0.247824779856968,-1.80122689054166,0.514116127397332,-0.0771410535657564,-2.17414114963405,0.0091603991001462,0.104742063451472,-3.74220043529441
0.24042000263559,0.302585719536296,-11.0681333251842,-0.970836938633196,0.0896126173671078,3.40836675913817,0.80759126609648,-0.346473757864348,3.44537846042724,0.0259344855863363,1.26748131335037,4.40824486608067
1.2045046775044,-1.92339708356872,4.64244664321648,-0.597923072321885,0.609507266525806,-3.22004066233654,0.338265236976417,0.462959389400085,-1.65855676923328,0.247931567484091,-1.36436871314815,0.0540800063808322
0.505256236777505,-1.02224613703228,-8.22016907785731,0.991478019964437,0.523682458252561,2.61081812561311,0.082117348375142,-0.237231229939161,2.09948505214425,-1.37648560579515,0.656199690634654,2.6506185981134
2.68132838827177,-2.0219757377753,10.738540506194,-0.122287648799413,-0.271607478960719,-3.55274217645235,1.64759719108164,1.11013584710873,-4.39075166079196,-0.318393286029863,0.74482976133561,-1.71725202621703
1.8753854797516,-0.815716175494149,-9.53956077439519,-0.584913383605168,0.71954692842146,0.886044534752164,0.677828133005801,0.256114406222014,3.23165184377797,0.124141849558679,-0.0840812505974354,2.30928435922709
0.711420299318995,2.86085036503129,-12.6886576523228,0.190224133041003,-0.343859163583046,3.25965866121524,-0.578702623525348,-0.509890995095027,5.07741640146475,-0.777525138964972,-0.224121035331516,2.37662851380582
-3.13547133640838,1.96264874105418,6.52998674377779,0.410536242627593,0.54168571803605,-2.57000225668614,-0.31206183898153,-0.0777596367319444,-1.62552925329876,-0.123645713673116,-1.29522765191996,-3.51051610318137
5.05596804879311,-1.30052075939296,-2.51827225592739,-0.234568408942524,-0.436120505372817,1.8326648666232,-1.68692840038716,-0.727612575317385,0.608627046391183,-1.13955743160387,2.15463894912531,3.14834310785853
-1.69370136765316,0.973685427383712,10.2423610915261,0.814732098035408,2.55087878031284,-1.70106986868204,0.999579763752884,-0.793144264428788,-3.94084139410049,-0.376023085566475,-0.828286580828659,-2.54912669775016
0.415246253261072,-1.01499891175798,-7.33582600782736,0.0678778477245655,0.112676899003547,2.88335581588903,-0.0326516850731443,-0.00859847567987799,0.547461486665622,0.00173486100560506,-0.514486448629347,3.55293670519653
-0.0918493130370243,-3.0704847513828,9.04702047346767,-0.461308597464172,-0.0193796727297757,-2.48383491314635,0.614399290097054,0.258194380092301,-3.69179813451635,0.790014584413274,-0.428787113471245,-1.41979846578337
-2.09341027292369,-7.48292307393415,10.7840216322884,-0.108687243973448,-0.104857149420836,-1.66111880462995,0.0784659962973127,0.0932895542613768,-2.69517688247691,-0.54706470591068,1.00907538391747,-2.81617964753911
-1.01611561972377,-0.544518224732979,-5.26580181128646,0.848424235288716,1.14586723848749,4.22443728666151,-0.249612642207517,-0.109340822484967,1.25189154000836,0.830653682751332,-0.418491969329602,0.791450459866937
-0.748555602626233,3.6748554362918,-8.39918111258064,-0.624095033961623,-0.105988379478811,3.45082304496733,0.198808469901999,-0.0145173954756098,3.54763145837238,1.05029757278621,0.365625879864413,2.66879731976428
-2.84914362125373,0.68081413664588,-6.89177866574846,0.589283349301558,0.722301997260898,1.36848342333884,-0.0933881757511597,0.062325006374471,2.12397016790871,-0.443566140611448,0.859088285927836,1.64352984679534
-1.37717257557635,2.28405560365117,-4.35567812831659,0.57577137685196,0.00497861836624097,1.24721659921496,0.283377711353873,-0.535462343192264,0.478854459461111,-1.4415560748345,-1.66954540589624,2.77800810597804
-0.459281706389324,-0.233413934331014,-6.93557477270024,-0.48004660843298,0.452994302575886,2.09639575401604,-0.0310610743578768,0.203189512195809,2.03885473398402,0.465176334859175,0.409832732292729,1.38801015201584
-3.82428791761201,-0.199096733328479,8.28054131152495,-0.368874522562568,0.405085295653063,-3.38107226586168,1.22480046397295,1.95100943589442,-2.67151667632253,1.35892962349104,-0.524774126043225,-1.68974352020769
-0.154512178422811,-1.55336349991722,-4.86863539683875,0.22641120627978,0.213388300063537,3.34393057953744,-0.210535750520656,0.264423582182572,2.31843707556058,0.345395435864447,0.67421781413075,-0.660879339112506
-2.01063422679961,1.83751288161957,-7.96306934203111,-0.208896916626738,-0.336571244716289,1.9199825494189,0.855005750858839,0.799291553724086,2.53483982504181,-0.412093321578846,-0.289228276624984,2.71937242143063
-0.900360760357436,1.06989343352715,-6.67021141289419,-0.120978120930989,0.0867915472418341,1.76669550302469,0.394502198213112,0.53813772117657,2.32496120007066,-0.907887389712429,-1.38132142640053,2.65711276054164
0.157306653750353,-1.43459552013761,-5.39595106295864,0.568628107673506,0.952809654719735,1.54875201235696,-0.452931644580144,-0.246067586315433,0.979685221303789,0.52948406175939,0.157582646688194,3.3720962042985
2.03987505152205,-1.39246158145539,-3.23219378253885,-0.250772406119032,1.4295353612454,-0.410494787278367,-0.0554601845413189,0.0610147013723346,2.30540147884282,1.12284625174463,1.0930345846077,1.90352791263202
-0.914579983109152,-0.183760542502919,9.34622655232271,0.179529929136365,-0.205396744831889,-3.07120670319494,-0.135805202004467,-0.129915088329304,-3.9703582800483,0.379534409501996,0.446193977030063,-1.40538534180456
0.0842930887860598,-0.141076918303151,-9.78827634574783,0.406018696605321,0.306759987334968,3.50638099054056,-0.169260720796291,0.0560268416761269,2.86524023661472,1.55286283113716,0.331144141950334,0.507344187588417
0.38537438890429,0.685325147782496,6.196710276221,-0.541533804242644,1.44849280027648,-4.01781378966844,0.255539313543673,0.279625855840704,-3.25938205816726,-0.28008666106387,-0.178271387536951,-1.67774223859455
-0.49107031946967,-1.23238888502751,-1.72499879026451,0.0593075328618138,0.260896765095783,4.32285462157404,-0.322139090881458,0.598471577532749,0.670124852161919,0.361053462107352,-1.64944841288451,1.69103586947164
1.37952812301393,0.614243234023741,-13.6161703634241,0.0394084346665749,0.0158510504513894,2.45854694519504,-0.420629443663202,1.11901295084387,2.38338521009857,-0.646690582277169,-1.68553321176378,3.87076631013796
-0.0170646671309319,1.15933785100102,9.23764620611468,-0.161831938252465,0.0639676214702078,-3.2193765500414,1.11995261652513,0.474131232770883,-2.42072203733862,-0.895723796638667,-0.467385694223407,-3.08235371884952
0.515091310304203,-0.1218451007865,6.73619476322423,-1.35777940771113,-0.730987143927958,-2.58226321380617,0.534674588612581,0.261482407573792,-2.47165562540683,0.0555942362626431,0.676155557552679,-1.98121810540538
0.184821471587119,1.98204952187913,-3.51842888428107,-0.220914762925444,-0.776593226748711,2.03185958093508,0.123680880130697,0.528427199070088,1.39836851562643,0.741087798860946,-0.254428106079572,-0.149727718176926
2.10224332573495,-1.93728073597444,-5.6670923304703,-0.409043046048497,0.479108042131226,1.24808056160335,-1.17553371806916,1.17240798976143,2.10376460553975,-0.683798138048586,-0.467103927524701,1.8715244032086
1.68477045780339,1.18809609458537,8.78866574688334,0.109582376587126,0.162516997960616,-2.34668487891362,-0.377629487564596,-0.334708801201831,-1.51550971871792,0.00272621494745584,-0.0384709738650936,-3.15093126888595
-1.77576448147429,-0.084449126034926,-0.00162502173995804,-0.396394677728187,0.0846325003658622,-1.34948058561874,-0.101438772691747,-0.475268812996066,-1.48726401002773,1.73142267115894,1.2143797080404,-1.99401267732442
-0.268722250077482,1.84215322714763,-3.46691958871515,-0.174332689627601,0.0140543975264749,2.62207668506374,0.554361350212153,0.084125650680727,1.95301419541869,0.704874806072172,-0.395205787789263,-0.288475629768598
1.87202265917865,-3.72241195478564,4.49724367215539,-0.447514680338422,-0.256444972118232,-3.18757771721207,-0.733247890702686,0.357826238667341,-2.01117114580197,0.157005705207344,1.46064546998213,-0.0234959492628704
-3.33574633395831,-0.972613641891209,-5.92581123183703,0.12713073761929,-0.0531110416721218,3.46146087147634,0.301231439654779,-0.87113463367719,2.54926144742236,0.615260143795556,1.18703244853592,2.75001516226983
-0.398796190640218,0.534313832534086,7.98949999215787,0.799725777207505,-0.414558150195404,-4.22778938602593,-0.070723588728438,-0.224429808253448,-4.27095586333478,0.731560143884443,0.319154658248843,-1.64770883768919
0.614580386241413,-1.92204294318145,7.94230115300996,-0.286981190350468,0.279248370966371,-3.47890190787976,0.443802640868901,-0.286690566504063,-4.3656839761422,0.562611930265414,1.01082687130376,-1.59691933941351
2.76271440556007,0.539199940837655,3.07566644743348,-0.719044046910915,-0.318999203216965,-0.251702190477556,0.0534175085519321,0.149842049573351,-2.98438166968861,-1.67303382862337,-0.601713197925904,-2.37097332029414
0.273918579902736,0.425257090388324,-10.0070093782952,0.173271896251369,-0.123866358228367,3.23059247201963,-0.389127014061574,-0.194012845034373,2.50004212434794,0.516609616726677,1.85698001104647,3.55126569565021
-1.12721261083679,-2.18546606120026,3.55963328848981,-0.500497958612845,-1.05723871050592,-1.22003329859225,0.0410468693381459,-0.379115903120042,-2.18051901213955,-1.21075596191886,0.888407959293346,-1.46001911794541
-0.693184973099624,0.376286366881753,6.0141306208653,-0.0447898700103603,0.231858318433697,-3.41339937886213,0.0789888849404965,-0.0885655184345371,-1.52216126020163,-0.0123043338411996,0.526700301354999,-2.01306281568571
-0.192275921891252,-1.8987290734631,-1.51342449069941,-0.521023084408094,-0.373929441036644,-0.502254881106447,0.350812252642778,-0.099276688029213,0.867545000638258,0.629653450997753,-0.149892277524995,2.03049647428046
2.45471433322224,-1.28173546875443,1.16414852422816,0.392668314122816,0.0402749547251524,-0.696764650661215,0.338004939675737,-0.504047866081033,2.20943892280862,0.0526709738483319,-0.376973104852138,0.999140641182018
-2.22499080377056,-0.920490955691477,-12.275640193059,0.165014537224662,-0.392637433645439,3.26636533093534,-0.0165264659133465,0.520506131681655,3.38254866060552,1.91807090923451,-0.840045155298135,5.0369191348802
-0.574429570519241,-0.207912122027128,-9.43179793893265,-0.147778304012499,0.0583823347305268,2.70168953445435,0.209283297575368,-0.183418103673291,3.94234468841905,-0.426784390148381,0.541339478300065,3.41082926793284
-2.36087579202541,-0.307449231410319,11.4097684841319,0.652626738764304,-0.455823668191754,-2.53338814931428,-0.315874975467633,-0.555560064562867,-2.33742896814166,0.258743276649912,-0.714590121472021,-4.71166709755338
-2.18944463096004,-1.1191053456866,-12.9700599201988,0.363001908487057,0.458609996607934,4.36783323357483,0.974650517289692,0.577981179528726,3.38915976371842,0.43321338076981,-1.33570544815233,3.71506303432928
-3.27397476097045,1.25568238824782,7.76544346986624,0.327311731467686,0.0454443644181462,-1.47362397270159,0.319216434505472,0.0876812004995525,-2.92529491986716,1.58618748253911,-1.88224935793712,-3.15808615856142
-2.25641130895116,-0.153784530828307,-8.7805146016287,0.716739830596152,0.887654978352367,5.74314190166335,-0.213792497761287,0.018851152687653,1.35600701987512,1.73612204447151,1.03647254295601,3.69871383814238
1.99679263488719,-1.00276315926901,2.28053843915981,-0.174748042791013,-0.0898177013401464,-0.719637210907413,-0.160416881490935,0.203504136616616,1.58199267509517,-0.050095014529312,0.855740072831338,-0.28881167517817
2.16124260975327,-0.541844451394149,-6.53908602167617,-0.608313073289266,-0.659852828691789,4.46875230567205,-0.189245273738856,0.650600590820454,2.39073519679193,-0.0820501347303783,-0.365961079260399,1.83434945471966
2.5525325354067,1.12775552113312,7.23560200431458,-0.305053088988485,-1.29136146553789,-2.08682365383107,-0.22818138879064,0.440198892542059,-0.897507569129065,-1.16315907515949,0.0651469154157876,-3.22155073653352
-1.89972565137515,-2.64684646570096,-4.6475637005888,1.39431326202921,-0.216836805984275,0.910380295398267,-0.936876712145072,0.394957231318439,0.688383072285508,0.259546215894199,0.201259440286894,2.13609582685345
0.885242807409824,-2.28235504490088,-5.11755412938136,-0.161770424986093,-0.0519208740424899,2.33369565188526,0.106429332041311,0.000605404641035741,0.821265551901739,-1.9222088976771,1.89622946229619,1.90463021492257
-1.34685094425287,-1.69467489522784,-7.63063642554411,0.407676668500496,-0.128238796990327,1.24547098559037,0.181408827561892,-0.336376878459024,2.94725326960271,0.62296184561588,0.732352162445573,2.28604510544094
-1.45729581614066,-0.300853595418907,10.0768061584452,0.854026465999888,0.840383455436732,-2.99425875523672,-0.161470983025144,0.709487704944569,-2.41131959132167,-0.366745269719961,-0.685672977042554,-2.52924951063581
-1.13562864182105,0.546042278132247,6.82959535311157,-0.188762093062858,-0.16993771117168,-2.55154870796331,0.0649293888088575,0.467810394088523,-2.01713902262462,0.937122199234497,-0.173482070267362,-3.64773328174741
-1.34954586860511,0.403868367847036,-12.1087039057817,-0.223946278263211,-0.21888708126708,3.40386972723956,1.28682349166053,0.957047023672014,5.38419070099346,0.0954477225065175,-0.139152050575908,3.00777364583633
-0.638120746092058,-0.233233469124172,-6.08161654331185,0.215328162773835,0.0888922802893896,2.060871130389,-0.596779919287436,0.820473208573107,1.40844540150033,1.67806405999746,-0.742886843104173,1.48239844004238
0.338196615721017,1.88687058480413,-7.36551430655517,0.00842975854240605,-0.352965035478672,3.14579077535917,-0.709809566155628,-0.076220617639788,2.36784613709928,0.0328823444547757,-0.357255423770638,1.20071834117394
0.615621249001074,-0.962285463996553,-4.6496216435681,-0.342872428307262,-0.708686889797726,2.55367364715026,0.62461137624575,0.142546537694159,3.4182490594086,0.658543620241583,0.528382224645695,1.9467292075366
-0.385291706867227,-0.363911239932957,8.78151141959817,-0.572899761746447,-0.913567457219084,-4.33348403883422,-0.126808926552313,-0.299230993447765,-2.13285498590936,0.348173722150853,-0.591208037887562,-0.90986870121689
-0.346312469392849,-0.147968590897984,-4.99056002006692,0.0331747008127735,0.203613925996476,2.39034813898673,-0.0332896061258928,0.390353029974982,0.530142224411948,-0.177534407407318,0.180319863974679,3.45315223694279
-0.358223993630997,2.23106895815069,-5.30923670351119,-0.259851473968978,0.242431850274793,1.25417656783517,-0.551830001450209,-0.26938441110714,3.87109824345324,0.321169607514885,1.05305106645597,2.58782295915726
-1.22836001282559,-1.8144071416664,6.6252315402575,-0.270567468672744,0.860272631545582,-1.12804971167181,0.864574033483562,0.285219782960042,-3.08883444393821,0.125466519077533,0.115994616016298,-3.66022598639273
-1.22237103264611,-1.34352166818307,-10.769704537444,0.466848230345682,-1.4560483652859,2.47021311549413,-2.07091498343256,0.930563910419025,1.07248375679543,0.0700065074091018,0.390781782113641,3.68458918777568
0.722553781790931,-0.0205458467979549,-2.71695544676306,0.569832936834022,0.0970642121551605,2.02423477108178,0.375451458820708,0.122258711092376,0.914666169385476,-0.743105748643877,0.405094923826698,1.69970279832721
-0.394637619718219,1.10788732878496,-0.05325117945296,-0.659345160065072,0.488681024997983,1.73619469375481,-0.189632296293336,0.329212888002128,-1.76755784737577,0.846325495076293,-0.42151134429237,0.00470821801193549
0.537657556299556,0.435892994325641,4.70034746465497,1.3403885687166,-0.490061127737855,0.0859025833971745,-0.0287534271436811,0.00197149275666536,1.26861788722236,-0.667480400862518,0.727136821046037,-0.0285553906460688
1.74240467811591,-3.75050460914489,9.00347485493232,-1.39007881449494,1.15834528272999,-2.08038930800225,0.495438859344019,0.826982267219167,-2.39455785383626,-0.285505637096996,-0.355188802589043,-4.37488358712726
-1.12098848990279,-1.5544643289511,2.34217643083529,0.15530365777866,0.362317444969625,-1.41775917594857,-0.461648551034207,1.63272596114093,-0.458763531801268,0.23812613384506,-0.417456562005202,-1.13273917197723
0.0299946106304891,0.550010294349054,-6.76731333630335,0.150127903031965,0.007119109640257,2.96195983223139,0.323592025047714,1.03985673745913,2.49494035759244,-1.00303891565408,-1.46083944849247,2.18079290295604
-0.973390886089327,0.2453130868112,11.3709038386068,0.559278047950506,-0.602943705335807,-4.55771147731244,-0.469690633018132,-0.0568557387347933,-4.29443836856512,1.81539583541244,0.228605335327725,-2.28702746395594
2.73906599735435,1.55487042845794,10.8893052963973,-0.839989052200646,0.319663693134931,-3.70727541627341,-0.827395718794296,-1.45134760813696,-3.66559392437832,-0.623265557876369,0.377623544037352,-3.03417934192545
-1.36419187264992,-0.937774181191485,7.77477256668011,0.269325332724262,0.486926601841822,-1.87356494304892,-0.0203440946052987,-0.228694752489084,-2.25959781500988,0.258457433386599,1.56147471742131,-4.57885211019934
0.207670701520645,3.41639430908547,0.981134522881379,-0.687676546549774,0.046561348509541,-0.225683488866272,0.894664389308702,0.0210616711469131,-0.882354138139606,0.443433799325967,0.109851941632469,0.0257854389695851
3.06959529699008,3.74199051135419,-12.5855221941655,0.0332459861743222,-0.249483274773733,3.38000072064649,-0.499479385357907,-0.646809779711132,2.32800249255631,-0.85515155249451,-0.167530436132027,5.00227034267136
0.921246459880725,-0.155798607009432,12.1036136740312,0.0557666761541511,-0.338119038791822,-1.89706362059613,-0.554742732670366,1.05665910014795,-1.42477483613944,-0.0227145055908759,-0.0478706294765359,-3.02353886436524
-0.983579873937688,0.319827250532573,-7.92857022321284,0.685158253911676,-0.045261636966121,2.77096161905937,-0.240043556708217,0.407162372679494,2.72568539926155,-0.191282685004068,0.41122895398772,4.70593391365091
1.93100559941806,3.42710415349161,-13.746515210148,-1.17382334765877,-1.6547329974124,3.74098716358167,0.513196904633919,-0.054098177917738,0.799885527421018,0.658172669778328,0.807613875897877,1.79616822876098
1.5384380369806,-1.35935855802052,-6.93131945674464,0.141135192845992,0.220366726264002,1.24514301753466,-1.4319843499447,0.303931833465515,0.897563869403149,-0.529004480305814,1.45244381488869,3.77017973695731
-0.995539096752512,2.24365602236261,-8.03425263868412,0.177410504002863,0.11116693869078,2.84736271097617,0.0094910904093054,-0.358947336040563,2.32221254669978,-0.263777566542981,-0.314823862642094,2.90914906375532
4.14823337557357,-1.90749516158193,-7.88655899819371,-0.0221694842990096,0.455727955305871,3.56308482715766,-0.671377403336242,-0.172113861774105,3.84550774657525,-0.578921329243825,-1.00464477093589,1.83217861199666
-0.0596011418917579,-2.34082267659153,1.5059234084889,0.35562271727563,0.080689938452557,-0.96137199115899,-0.358659344108958,1.0656144440161,1.02502231654947,0.0619823677638682,0.756563390165416,-2.51617635964534
0.0318468603548063,2.45874176272571,-5.39049391121439,-0.0878158901290594,0.15194789032991,2.72302583580699,-0.116374374593249,-0.925449365356984,3.79363991488534,-0.160129895398683,0.1309363284851,-0.208038915339905
-1.86482050264597,0.0041174626417454,-5.3791678592245,-0.13096324925324,0.028508936833763,0.711070238687794,1.59275363383038,-1.00995204771773,2.94462359691336,0.402045232178206,0.421690903238161,2.17670557678451
-2.75570969572341,0.863750919545589,-4.76072191028628,0.790094366802446,-0.146209559718655,0.565758895326377,1.3152144885337,1.02816880543774,1.21447330319148,-0.178970560909436,-0.254679864991741,3.16733752544043
-0.372813564644247,0.0867585040121995,-6.54045382607104,0.442618053601985,-0.114986800371437,1.66392662671883,-0.942920887634419,1.15305255414889,0.660834513716015,-0.332512442036712,-0.706385070652494,2.54021393142733
0.648179281831301,-0.0194735853329089,5.83406828855424,0.0362327186754701,0.251435001265002,-2.87671292055941,-0.294886538504836,0.361291759110966,-1.89061883165852,-0.957369784413515,0.117546608698656,-1.1107633092492
-1.56577080984023,-4.5320013567876,-2.78959357349893,0.112308823132478,0.0607806727544752,1.11405991198126,-1.31242547411063,1.20630236942831,-0.80133372329842,-0.630101690597019,0.0297573677795151,1.08949909869597
-2.82924037799163,0.0103635555741507,-2.2421819779248,1.09379551832758,1.43394858254561,0.535902001974403,0.146732636214992,-0.383255026238538,1.03333916639911,0.479364140905002,-1.1359076966944,0.74464388037103
-0.737448262572806,-8.93030314071775,-16.376221800619,0.45427253122145,1.81937741160484,4.3153783375371,1.86870628421904,0.409536876397999,3.21113975103805,-0.254279518237989,-0.04661799652329,3.24226428170358
0.980724387745322,-0.295147786367322,-1.23073919823287,0.0388917013311189,-0.30453769236407,0.3690984106348,-0.60453191036301,0.224009014606811,0.968720622444859,0.544774373880328,0.478762283472053,-0.932335879403769
-2.16399412704557,2.35538261260885,-5.42547031760922,0.188092743498441,-0.217676441926335,1.63212851865353,-0.120904460045688,-2.25907448657599,1.78778536948859,1.95371011255488,-0.645687395983936,2.24771143576492
1.02843601760567,0.630334890067853,5.12443858684114,-0.344760644591847,-0.174490838023488,-1.81342005779533,0.196981457801401,-0.0912323590592183,-1.53859247281702,-1.49766037548632,0.459228422569022,0.444928514915756
-1.05888499925166,-0.965178794271549,6.82502548820366,0.482671562211091,-0.120543930248635,-2.58978972941221,-0.922840213161841,-0.428113017859516,-3.17192999245152,1.76594761580504,1.80769995675793,-1.7968681424363
0.468688868974291,0.964773395160385,4.338873069927,0.413191883199056,0.0982922499586665,-2.53289323202652,-0.190838141227882,0.695513211198536,-2.33213561337502,0.704833649553159,0.869084618727761,-0.217933618283619
2.45383297998807,0.150864101239665,-9.58127050190704,-1.31333835285984,0.115863360793174,3.74791837757484,-0.135355676277595,0.215233295988354,3.54010047311502,0.949444016979949,-1.14724765258496,1.56403963806717
1.84542791423516,0.135628359945755,8.40190967741187,0.125862862762657,-0.90599251465349,-1.7076687367445,0.416779598104572,-0.0982345847933964,-2.89340885082637,0.0465636217881342,3.07592404283437,-0.590083297149906
-1.64909730568527,2.41024919763377,-9.76474511038829,0.170066846499432,-0.244495503753858,2.7484526522351,0.025419472941438,0.490823204093378,3.0875491156485,-0.964131940937217,-0.765286501591426,4.35081889695362
3.96389456202416,0.783302141555857,6.84744595198888,-1.97945043018697,-1.08619900635775,-0.363728010923569,0.141153036576595,0.533447690789137,-1.88953375740816,0.0188004788623248,0.303982506964135,-3.17061088804919
0.0409251147547784,-0.425517760490264,11.295127334687,0.421402646050371,-0.413366630994138,-3.05583932449097,0.579257864646707,0.517385048500612,-1.30123239414793,-0.675964307687488,-0.55587296231722,-4.69620240021114
0.458032562036014,0.105277445785037,-4.03955608820398,-0.755133169487456,0.013618247095353,-1.11889891926605,-0.379339476604395,-0.533695998557704,1.41497728621765,0.520829095691417,0.760373784209928,2.3892633895898
3.51861788246868,4.23376533014772,-9.73129720403245,-0.940321455099793,-0.154785950360093,2.46105386924472,-0.155472814516858,-0.262609655543255,2.99456426200209,-0.396629543399511,-2.19027471238545,4.37200028556148
0.504182165933833,2.04088871608738,10.2739938467571,0.189289494854918,-0.425757679808988,-3.87953427559747,0.526087292745644,1.2438141043234,-4.32676883264465,0.362621754260001,-1.05075169336914,-2.1077612193037
4.31296562257447,-3.34071687957079,8.8922456874194,-0.474226262869783,0.678079278797431,-3.21026569350478,0.0471917357252451,-0.153433137217062,-3.38527097179415,-1.63301486082637,3.43759709080873,-2.89944983808314
-0.470075791848636,0.805105120629459,9.75676549079703,0.413443059229704,0.537059826239319,-2.54060421382701,0.235095816244086,0.16749125361606,-3.37927509109443,-0.34868642222227,-1.24596316803113,-4.81847675056327
-1.20296308268975,-1.40500655072585,9.6152175169654,0.340036799352408,0.223804437763643,-2.71885283605498,-0.0491636483071572,-0.269238730163352,-2.32858133307551,-0.0986411512042025,0.669545104702084,-3.58972346309165
0.415701646374013,-2.57778787394824,-6.85106009253089,-0.165695304601984,0.0698383508021021,3.57291097658794,0.72490013490031,-0.565870157379333,2.50250738069042,-1.73395641143867,1.27211394308748,0.660559313525646
-0.589674572773726,1.21714244183467,7.57698866077383,0.0350116990892846,-0.0794345861650243,-2.70903315598344,-0.412490436992031,0.0211812477111492,-3.75512587347136,1.30933003932331,-0.791423529762787,0.0985483509546341
3.28480338750061,1.93572133370554,-8.33091499570988,-0.0388002737381113,-0.65801859072602,2.93928262710751,-0.516830131508296,-0.497673542563006,3.7481228110006,0.320826203520801,0.881948452530059,2.41558275688719
-0.924918885039724,0.848669961740411,-8.35071534924595,0.218103913971824,-0.0314663250616296,2.48354685688716,0.630009958637558,0.000511838873390566,2.88438328425992,-0.885522934180034,-0.442694549450975,3.13093036885876
0.713167996581329,1.0279692581651,-10.0398654591498,-0.562307437269659,0.0314375140401061,2.62066160181854,-0.499484089427046,0.184543249066667,3.89945282176298,0.593269434671644,0.0192723637944413,1.41320457391755
4.46606889070604,0.431098522181482,-12.6340521609182,-0.432017518928553,-0.220196216718921,4.32508072341614,0.2646115266113,-0.268959306672461,2.64765930218438,-0.343945977594364,0.482627759295522,2.60809831325181
-2.57066046108889,2.06819914373339,-8.87365741140228,1.03311185037471,0.0918470311970077,3.00692007044868,-0.148086334753925,-0.850051794172723,2.36837827521353,1.09628465913447,-0.389934270085328,3.44052592616839
1.14847775122669,-0.405682091806767,4.34972116964482,0.318579735540083,-0.906908128694586,-1.6383094006904,-0.496039317380028,-0.351690974287775,-1.92675977237814,0.148259177076262,0.267390446873335,-3.27359727203113
2.82896429465593,0.089584908406569,7.1184034096083,-1.25847173812868,0.507288720864089,-3.76339029924537,-0.495799063278338,0.221520334891879,-1.90781625713242,-0.812309117737898,-1.18033079816761,-2.83952429377764
0.813411796441756,2.59113052762264,8.47534837663678,-0.609759892157805,-0.987839362211685,-3.65510518862881,-0.155558214524875,0.207818853437423,-3.35465527952689,1.39654008529225,0.0905754293805519,-2.33913260792718
-1.00810924281633,1.86384311964772,-10.4185493452904,0.0454720300422002,-0.444593255280889,3.57235546604927,-0.473019767377252,0.816383406204829,2.84071291459126,2.47210052142735,0.0312331157255753,3.60200383994636
0.894423363572589,0.960622664594917,-6.12991668242238,0.0874920735055361,0.294601410169835,3.82356852658058,0.20343109757512,0.768603539832565,2.63829878361317,-1.7565373220343,-0.645388904324609,0.637718230425268
-0.991027284930834,2.7619474392626,-12.2210063736841,-0.155725324230114,-0.00699026974540343,3.19356472684943,-0.457208330559633,-1.23217681938653,5.36275753835187,1.08306526190973,-0.424038243070814,3.79680243558454
0.0861838498846133,-2.054254430628,3.08730466910504,0.179129815468567,0.749462160210732,-0.689033615446595,-0.905060271359125,0.35413112924822,-0.227636484565253,0.219837833529468,0.627662144884413,-1.85193966120705
-1.2085917871415,0.113603369628683,9.07953606818123,0.223083314702053,1.31602830418039,-2.37099921763134,-0.202760392183832,-1.13357357495824,-1.04597688929813,0.209875981464556,-0.496580933502781,-3.05197691321872
1.32669853498933,-1.80594189456003,0.0181863530016901,0.228776600159977,0.268587948645492,2.26410755289613,0.799133351784261,0.249962116619289,1.76884001539043,0.456015052996911,-0.936500090184882,-0.679283971527433
-2.2677662861988,-1.56377056859597,-9.28082348064762,-1.35649416552922,0.114931171511934,4.0312932207406,-0.0296077301814118,0.184428009218093,4.26947353176115,-0.44556156403275,-0.191664460250604,2.40671473877585
-0.959297823965949,-2.50643369015751,7.79901454142636,-0.0423474937252594,1.88884143122163,-2.95403593933233,-0.0205833291493267,0.327841226342724,-2.46667817793996,0.43261982774965,-0.204664534530177,-2.59306760147107
1.25997790359256,1.32263545939909,11.3657011881708,0.387212731430888,-0.44823334050192,-3.55299767978513,-0.263731243593047,-0.24541273975943,-2.95842131304149,-0.0046162265760209,0.176296980785174,-4.26477879895196
0.759606510509832,1.5651480505533,-10.2278877450899,-0.0125747446567518,-0.0935865590851312,3.74799440574353,0.597066934902876,-0.422615038352732,2.49127494197197,-1.00407906841936,0.0774084203634769,3.87454962954405
1.55781612911103,1.95104705368689,8.47684505567278,0.220422391849982,0.168031300960001,-3.47930781882575,-1.44834789421506,-0.58696553837268,-1.02049782218635,-0.698149628900221,-1.54541399390087,-3.86730901548046
1.12933513337077,1.86459830947675,2.22318654869834,1.15629850749118,0.076998588393,0.634597814846644,0.227992808140339,0.42996400047367,-2.87379240187437,-0.95909159623621,-0.729855630803243,-0.0804655525662761
-0.820817785904529,-2.92246008009118,4.34922478293146,0.196119243694408,0.803955514335585,-1.44387121675931,0.560559223834598,-0.286919917668091,-1.66158631010997,0.0610258989305313,0.145354356574118,-1.7528675403757
0.999476137362976,2.03030547360168,-5.11404469523382,0.17065271109825,-0.19697080820406,2.5354113549831,1.05511162105966,0.744709354928007,1.81707708915663,-0.210441592201017,0.895801680707742,2.202019809124
2.54302811531262,1.56072582614811,9.06755923114505,-0.65701042077543,-0.742942278237193,-4.57447203780497,0.185269186866841,0.077567727022793,-3.78476100329871,-1.33492526225728,0.31549561610723,-2.05559995807884
-0.239972996048763,-0.284192256091059,4.87222913293161,0.242369115527825,0.0124393803380353,-1.21122493124258,0.60653366005922,-0.607829838346017,-3.79575994150349,-0.499794954049355,-1.4001852960138,-1.38913834543279
0.669969302128444,-1.98349163608301,-9.60003300018026,0.0858722406459594,0.0803555287172727,3.17303476424897,0.00775679312819354,-0.0852514186027535,2.47673729803622,-0.315275180669945,0.615585981420737,3.69693401533424
-1.81425213933532,-3.23378642800017,8.29334789521139,-0.606063837083792,1.90668851371688,-1.45649769800409,0.243656585567206,0.350711882144925,-2.74529053179029,-0.0565847696529547,0.272099358800556,-4.31958765783245
0.745822621407865,0.0750251615365685,8.7246446730358,0.00575239836143996,-1.10747449262623,-2.52866986808904,0.202325308376055,0.135077589387768,-2.71719983466131,0.59159815572415,0.669141624364781,-3.37541556826569
-1.2533924124017,-1.86249535016851,5.19533019272332,0.557494607241581,0.298524759036971,-1.27908990775043,-0.223199092722595,-0.369820853399125,-2.11580674158911,0.297489783145538,2.79281617842804,-1.80535713064161
1.54424683168428,3.6542330472366,7.22274020609754,0.135012525379803,-0.533309413120173,-0.414230551420441,-0.0888113972604711,-0.133654459359206,-2.62376377718157,0.204170339958592,-0.676933946631783,-1.96692541395693
0.652091463421083,0.909501096077921,-6.8064073224477,-0.060128737261428,-0.327220140577293,1.50889320879509,0.353458258246143,-0.250865573241465,2.71300336815109,-0.994505198124443,-0.776701025742822,1.82315573379179
2.3800475715648,0.733517265711193,3.85324260073952,-0.206700442743668,-0.423546864327962,-1.80217328896928,0.350757254663663,0.0838994157369858,-1.12717638130579,-0.44261494126615,-0.0668560096942105,-2.60799790009532
-0.451712973944566,0.36021692515382,-10.5025733089553,0.451402981037246,0.242425582722191,2.81479235622332,-0.82787481476924,0.731111300331456,3.09307548680276,-1.10651916230095,-0.299657262054648,4.65359960080578
-0.0220298330781608,-4.98815169309394,3.89668151542141,0.224328277897945,1.80393895130161,-1.78911868890834,-0.479751834247321,0.724767463244436,-0.926071207405533,0.10951718939814,0.0491540336522423,-2.60250829374805
-0.0679138188631201,-0.744820328240537,1.97974789701663,0.0190146562638662,-0.00699696177637899,-1.24245574973501,-0.0134415908841919,-0.0706100247730583,1.10739062058174,-0.495417467087028,0.911904149601046,-0.983862740057822
-4.27793402111008,-3.42832124036193,-12.045708988119,0.0453407351198051,0.717496830408494,4.61169771149426,1.34849121909263,-0.333020343956241,3.21593120106013,-0.394113359336984,1.03017132873035,0.971080622314457
0.681537255085165,0.0545987525287797,-9.31268577376576,0.444037786176894,0.278256949739175,4.65004429019802,0.0339547884125702,-0.894471434483852,0.27349110488018,-0.405989110689412,-1.5978541697003,1.85166544073014
1.63661280248933,0.312670428111503,-12.570164688399,0.236984537707277,-0.164166772410489,2.3396599203854,-0.344111612629227,-0.875406411068956,4.2867641282681,-0.417189091940888,0.816336047930691,2.58762902334382
2.04949668794099,0.717796434388867,10.3264238856067,0.410636734068705,-0.46222075839423,-3.00723363925171,-0.312411339430223,-0.231768110120012,-2.78261595364388,-0.0147031722599985,0.566236452870655,-3.6760322002639
1.40391390248697,1.65851826504789,9.30592099333978,0.530842162925657,-0.592295523684192,-2.54810133831313,-0.9641669717556,0.345358721561507,-2.91317102779009,0.15322104805126,0.0599329786582917,-3.45206804400006
-0.79703438609857,-1.98502977981429,7.90729463617109,-0.514572341972433,1.02848626888997,-2.50991457163116,0.575517111199372,-0.0995991210813814,-2.74640271879686,0.024160645559148,-0.0249149014634997,-2.29125331210869
-0.38898196668851,0.262102510672583,7.99483358576038,0.134928349038557,0.174922923039255,-3.18807643837721,0.155406263971818,-0.480929869923023,-1.92944739733671,-0.704848819289066,-0.539791460136372,-4.16447758527119
-0.603318676332492,-2.83718954062866,-10.408188039332,-0.491018023477271,0.320178561161513,4.60147947488946,0.935418809349336,0.0339766273704227,2.83600474204514,0.394448496778641,0.940311947798971,3.15192288143512
-0.24935472551909,2.44883153485564,-4.16704944110787,1.03072837205363,-1.53943081994898,1.1433189297816,0.406917261121963,-0.575271365497227,2.50872451601423,-1.14011955871951,-1.20711454187131,2.71883701481272
-0.2266833681746,-0.555339078059626,8.85628993847057,0.234070652380344,-0.530280786183973,-2.81046086444983,-0.467517461621813,0.53287051032532,-2.77093266617647,-0.0569293333776555,0.24962093538355,-3.24434315646597
-1.75952657725719,-2.83061823420143,4.96562371559683,0.920741440248646,0.433723837028708,0.308539373816226,-0.0616564620458102,0.573616114684928,-1.99750655945238,0.611681034626688,-1.0210091755927,-0.615972629697614
-1.38966366377275,2.60795683379732,-6.94465687466734,-0.304656894623861,0.458981954297246,2.89315161219518,0.0937633236934973,-0.35158722728217,1.12690967396847,-0.628115760030645,-1.8950764260654,3.85811628632013
-0.454147359840141,-0.285594816988898,-11.2903933245865,-0.065535197414682,0.292025667354353,3.8657477376573,1.12201031753071,0.485562748107509,4.00193824800256,-0.905940293668091,-2.07425634072933,3.34532792032359
1.51942152855377,-1.24247810389405,8.08664521689771,-0.0254092675981843,0.0502603164582118,-2.3525242269279,-1.02951024999182,-0.901879558285636,-2.40169974730872,0.972566436787665,0.761553165449134,-3.69675852006243
2.48149178183941,-0.643171168802954,-7.22055564223402,-0.664857414099507,-1.32542095897215,3.60832915308289,-0.411388081229453,0.880531368591977,1.19196229953846,-1.39119612080996,1.17805335214985,3.03273698608072
-0.258636661289512,-0.294768048332268,-9.5171357985602,-0.0282133790184664,-0.0500478882087582,2.51556955065831,0.324660397995188,-0.204059822279662,3.09373982058875,0.0240105343697204,0.290495429058309,3.72552047494475
5.74381865034621,0.126730899328711,2.5874873926216,0.0505249653426712,-0.338854560952034,-1.4132505493509,-0.34204780417967,0.607157178200152,-1.19676119085937,-1.41418265458442,-0.304798472673236,-0.634792264118383
2.37438366092047,1.3625589871679,7.50286018418985,0.910368362615726,-0.598042409984437,-1.50133696780601,-0.426107482135718,0.110028057371233,-1.58066322626459,-0.917011899724638,-0.877192131247137,-2.44882155723348
2.71416200200458,-5.99064055591004,-6.11707820461021,0.0268308550693485,-0.125794804890514,2.72361958908778,0.387774594537052,0.492380328383757,3.21270198560816,0.245246337694168,-0.21305805967296,4.20725184260556
-2.86092536298167,-2.43777659527787,4.81414096606147,0.124621570799238,0.0989417150413588,-3.17847816493964,-0.0785782010890961,0.456841473119449,-1.19248022497166,1.00819292706081,0.840408103259983,-0.0777349309077644
1.53974380689817,-1.71262310305694,11.5808552189865,-1.15657243357449,1.06832906442596,-5.04024643819265,-0.0946398195877478,0.298604696564857,-4.07937708095813,0.532028137287337,0.0705767601806296,-3.45588107083329
3.25322384828133,0.50602779522514,7.466901703669,0.180855266568266,0.594406554340909,-3.45351086378129,-0.431634969938579,0.924009899830983,-1.58424650399546,-2.0103135201071,0.0645125994103933,-1.56980478395776
1.48129496608021,0.399456667285099,1.84959790084674,-0.0391194346352329,-0.183894632825721,-1.51589981404103,-0.789125103642411,-0.661238873019967,-0.805283587489445,0.0989434976319632,0.0458647609773578,-0.42040675513161
0.0196910218647154,-0.746722561339533,2.95703568976793,-0.0630196576568557,-0.0664077802652726,-3.18866034346021,-0.0115924541881533,0.345031717864464,-1.56997662259946,-0.365134716839843,1.5483068919778,-0.175674669827537
0.829999305017927,0.723515111618523,5.1454310965427,-0.909774934337651,0.108088852393443,-2.03797340822374,0.0306839847621563,0.0250523497777842,-1.70817365066931,0.231393175403691,-0.0916424794458976,-3.12246003225731
1.61237583843484,1.06308190494863,5.78148815442689,0.167493639500838,0.695371432459705,-2.72672535724731,0.284573620317821,-0.185689770285101,-3.16617627371287,-0.0610667125064845,0.264007851684865,0.535437215290469
-2.44444162760179,2.93499817804219,6.04832849983657,-0.113193206563331,-0.504229714283738,-3.61180075522001,-0.318103196031377,0.124180197002015,-1.57160310046099,-0.68506126557805,-0.573678164015518,-2.0257021725195
-2.02505998312688,-1.59776607142711,10.474490347431,-0.576346310367247,0.659769762580147,-1.84533136936339,0.482017590318816,0.374623081666863,-2.91090610128381,0.515177814284387,-0.130426263232488,-2.58302164239998
1.23112989166902,-0.299751376910836,-8.14040991425382,-0.400471086778658,0.053159093977576,2.36071192461045,0.0422617737062944,0.134283300520822,2.90481782928609,-0.809108063247348,-0.118984890421642,2.6867712177058
-2.73621251098658,-0.578862462183342,-3.95399235666212,-0.216217487195135,-0.529433121973954,0.762589379462381,0.819479781471604,0.418508949338583,2.06685460659334,-0.0895278204589825,0.0992246650049885,3.84837627207415
-0.0255912554079439,3.48425958000283,-8.55263416590222,1.28077228826212,-0.722747938129329,1.71245389589571,0.181510152404052,0.85184457921911,3.14513097078212,-2.41468237702338,-1.05974712893545,2.73602071817871
4.04538392975591,-0.665776709809306,7.79390994341801,0.427452628335328,0.234949121366661,-2.52151523037588,-0.337154278419607,0.157061687154916,-3.76016299609252,-1.10076115602661,-0.715577697891044,-1.33910512105234
-1.36691816362971,-1.77324517292121,8.98981450348103,-0.93118434893376,0.213392131099618,-3.7696531538818,0.624270363075605,-0.825767838228321,-0.500235729032393,0.494558862560938,0.812900601506868,-3.57850678136404
2.91668629895363,0.552627836739194,11.8864086456792,0.811914809200763,-0.137555282623592,-3.33708408003671,-0.949490295068746,-0.555196656027398,-5.0907167928801,-0.613832348118497,0.679637765157999,-3.95785463888513
1.63434523244073,-0.60047863824494,-6.92193788352264,-0.266748622632715,0.201986434244142,1.85345833903393,-0.481631030891342,0.121450677892691,2.41872720512916,-0.268477586219465,0.0858905025507944,3.8135273760864
-1.57160680010765,0.736749241353943,7.52146850489084,0.68848363216976,0.0430385199868144,-2.52575052636715,-0.405294136863924,-0.438836027183646,-2.93842455017303,-0.314662312662631,0.342602496433214,-1.29764569774913
0.458529654086811,0.0999682811431734,10.236066321181,-0.119117549128144,0.580640408841714,-2.56265699692727,-0.387422922356715,-0.533725718267474,-2.41310967459197,-1.11428654278155,0.827168888143124,-3.72360753163785
-0.986160041564658,-0.529784851449566,3.77695302905236,0.0783671914039647,-0.496511785438619,-1.6769121109097,0.0070377787566072,0.348486025497311,-1.36881960260488,1.5212929789374,-0.0980359837263599,-1.71945226409646
-0.724177132437415,-4.72134799805284,-5.34992209695066,-0.122746316657573,0.331304361434899,2.12958653926369,0.471075377452636,0.502176666260552,0.921681189775135,0.272571070788002,-0.412220838056592,2.92608196420633
-0.742427854480664,4.11976170068123,10.0043736932021,0.0507246954348687,-0.184756181943915,-2.97984083261195,-0.11269472227517,0.657767697549899,-3.55191984616886,1.25099431297276,-1.15203033689262,-2.35331365073794
-0.158372326297509,-1.56447871287695,6.34505014893027,-0.00604625251466524,0.0564801243676172,-2.82860595668663,-0.385772092039396,1.09837584509228,-3.71252503573162,-1.43992104420867,0.069162218266564,-0.0374168100364648
-2.70515619861264,0.104266146249174,3.53590006189338,-1.22788582070824,0.0645625451366002,0.860547603800302,0.203204946511697,-0.0630365112611776,-2.64268160362983,0.233701889892785,0.0501228144736443,-3.15165166094357
-2.40948886592206,-1.10287152564105,-4.80697143824641,-0.256554453794437,0.16605235406957,2.74844383632189,0.337735603072224,-0.808121722423966,3.26416904269277,-1.69357447238621,0.593163966384516,2.92937146273021
1.04562947790185,-2.76133356589387,-7.22961018565828,-0.173591835941114,0.976126236155029,4.01075306969748,-0.84680969689271,2.54703058065479,-1.3036228725778,0.229594043352732,0.165846925454162,1.70467619793797
-1.55147856674342,0.0160083782295886,-14.025985731003,-0.271254402677379,-0.188465990032407,3.3770148314515,1.26011268819196,0.293118621892377,6.3552229686849,0.031595271030253,-0.693756516626047,3.1994552990089
1.08810107108705,0.271724747967756,-9.08774350677442,-0.163069082973806,0.317195918227352,3.68547937611276,-0.231006756105699,-0.416510585550181,2.59531035135086,0.153405084967096,-2.59806096627253,2.69181230643363
-0.880475230160521,-0.970527796916395,11.537839823097,-1.02113778414728,1.00546741508875,-1.0932673375004,0.221622515312383,0.174031377336857,-3.10250499267225,-0.848099639846807,0.363064236094717,-1.59789422021615
-1.98611722775811,-2.68506683713555,-9.53515002501787,-0.182714559223203,0.110671518481275,2.60509635650338,0.00664452738362855,-0.295876511890258,1.89296939593938,0.303937679984528,0.574049634987465,5.08622998464385
-0.562198871930191,0.00591801688615612,8.21346626315876,-0.157143137836627,0.234605708114543,-3.10476087005315,0.793596315626136,0.409618684460543,-2.97502637760987,0.125250391559951,-0.769210225750067,-1.58285397110646
-1.32273323765556,-2.0212901041948,5.15978159666373,-0.267498410032299,0.262746548965523,-2.82428375115552,0.063817777654301,-0.0258107610730525,-1.86377132355632,1.39819346786191,1.26555508380688,0.114706561169001
-3.846671121865,-2.18317463973022,9.68491989132393,-0.559422187515386,0.300759494849458,-2.90948769525098,-0.0874538946913612,0.142300844904237,-1.03213015569865,0.072247416012974,1.10927497605665,-4.67879079774344
0.526888581709249,-2.00629762033865,-7.86302964786091,-0.59950389940884,0.332626425374764,1.40855080098124,1.14445029176411,2.11401206171475,3.12989105740317,-0.701263389249554,-1.65963627723374,3.93092169288898
-1.02229126132851,3.43936613720716,6.81643406264417,0.0311474971707787,0.220963868974095,-3.37418166946493,0.193799142606371,0.598080327129667,-2.20361984707353,0.739850505711566,-2.98555664890363,-1.86809527558067
-1.5221809418798,-0.843720359668515,8.18240351356286,-0.569527255273342,-0.111370546763052,-1.27442082285792,-0.640486627686627,1.1731739220326,-2.48664629127989,-0.101994241605063,0.220813094584114,-3.84009861726841
-2.60345531873731,0.0436981933044369,6.66645683653371,-0.000762171677382753,0.185350904677022,-1.98454287598512,0.514556171700909,-0.305686320912268,-3.04853974201283,-0.418050165680096,-0.0618585858505805,-3.00742861622949
3.10439063022311,0.714484637374071,-8.99721872047498,-1.37304593425646,0.0743556798127714,3.20849580223632,0.0868850739066734,0.305493453758398,3.91165968557139,-0.128840582814909,-0.0337063869466527,3.09496085498765
-3.49116886529991,1.3550947132372,-10.1051003649335,-0.0177166816560452,-0.112154719528252,1.82263779026262,0.743055114176465,0.0366905313348521,3.37814127292457,-0.919439934215457,0.0029831443728041,2.78214066087046
-2.40288555823598,1.33962268763421,12.7085200547508,-0.0896857937718002,0.0968571460271958,-3.63699507601189,-0.13702388829445,-0.668517172580899,-3.05098322112401,2.0702838138247,0.436156052717616,-2.16920893934962
2.12681564073055,-0.24546637592551,-8.94834790370636,-1.89823234352372,-0.50324404611851,1.91400861759703,0.307177392375093,0.307019811457934,3.17809104270577,0.296058249548803,0.761349070214947,2.59018763124313
-2.83068133533744,-1.21049056188904,-6.93766014099993,-0.256691581424065,-0.370797663215078,0.815892673650711,0.195884344255036,0.0105086707463828,3.4990387498402,2.80452493216824,0.73518923798132,1.85278077645562
0.333620492963321,-0.528913365148365,-4.30815450520847,-0.803126022250044,0.433647227827775,1.56676806858063,0.799677806356502,0.821285809904428,3.31070391952323,0.456740526043216,1.40027901016816,-0.621434085417438
1.57293914041026,1.54424083127228,9.22003180298456,-0.286151311743657,0.0981674169747071,-2.78140293540088,0.247368945262446,0.48100297324955,-3.12550653569332,-0.125760381860246,-1.43139824813084,-2.75633856513016
-1.60080070443249,0.722845633784811,-6.9017572480959,-0.0374946476847521,0.182721061054739,3.77648342074614,0.0677725911572511,-0.940654012873428,1.29449856361315,0.881983624965019,2.8012906525318,1.86535128720936
2.21347273864041,-1.59704839287623,-9.59548068107403,-0.56446894918694,0.168162920567735,3.98490654457308,0.441809706999395,1.25799781370573,3.54356063504091,-1.13956493921726,0.589760110337252,0.634562240926105
0.908097473979255,-1.63218752398752,-7.02010237146807,-0.0535492717804087,-0.359286971028386,2.94771136713956,-1.1548322381789,-0.0949321853361428,1.59196449689113,0.905891152375619,-0.658281754505942,0.432275436850949
2.41204196935234,3.82679692200039,-2.91941197293655,-0.607788324095777,0.182816829643,2.77692070911335,-0.338442912892222,0.051840311409546,1.45294293110992,-1.01497365100617,-0.892416619906259,4.01204822356147
-1.49618060506119,1.81554541979021,6.30944425536168,-0.393863825720644,0.056021872147142,-0.89846943707095,-1.4576160746673,0.106945107326313,-3.41710720990174,1.29549019982312,1.28844056848527,-0.369267270129206
0.198839849655796,-1.32748282416276,-10.0259916012366,0.032293881224957,0.836688607528386,2.97152446575848,0.08912063801169,-0.00635461848351693,4.22630797562262,-0.0331858843398539,-0.0950383617212248,2.274794357786
-2.33452553014778,0.812845810672156,11.7508361399803,-0.714223678351426,-0.574648586943537,-2.47670171890925,0.177175221384493,0.00756601851411753,-2.52140737669309,0.792858635347014,0.0245950703658717,-2.3379012693794
1.79516765424882,-0.515678359167207,7.93437051928969,-1.04077372523682,0.00350060220831216,-1.63178442220397,-0.67261695856157,-0.877068503553198,-3.36798377184713,0.923512570202253,0.49665338368656,-3.57241163418066
1.19009540173558,3.56152527690854,-10.5330419822402,-0.553001616561459,-0.0717748260101077,3.86026567852382,0.172701459040928,-0.864251079575644,4.15304066720059,-0.647688512576219,-0.214366739160855,2.1916445858434
2.11131526844953,1.73198949442125,5.27632398064434,-0.0898384486690086,-0.0391990623507063,-1.66040984236065,0.421093538339362,-0.629641794558875,-2.30038402583814,-1.86209972693714,-0.644107905173906,-2.45652177083426
2.52893255026441,-0.28079889469593,-10.2274521823374,-0.296170167916605,0.1342229193392,1.49280342836634,-0.556541787274311,1.05229289048701,4.26385808459824,-0.269082516451212,-0.270263285441672,3.60911745017414
-0.907292916090809,4.15268733516927,4.69507391772379,-0.224235772054706,0.188105007137432,-2.71707939208618,0.193500551838742,-2.02160551875955,-1.95308473758359,0.0501364169223224,-0.263610587142542,0.458108462078683
1.43465067557382,1.11925442762341,10.192693561726,-0.215914830414085,-0.417816231489288,-3.51052276435489,-0.532054484467894,-0.0713770869465716,-2.56903732281379,-2.76360744575553,0.734332372622831,-3.32924060829613
1.94582816121271,-0.421247462701639,7.82549492554897,0.658487028568273,-0.114147836904134,-2.44207489032737,-0.758976084760712,0.286803097086784,-2.8986765933468,-0.447981364155914,-1.31546369344359,-4.56696968624965
1.08989732574089,-1.83620897258708,4.99449775019739,-0.708575562427229,2.03943272609368,-1.14083821125936,-0.103262268585558,0.568453593960291,-2.89558003263129,-0.482707306637391,-0.127615999736795,-2.71263359506383
-0.978009013956059,0.192993158689952,1.26115421580476,-0.113756776543734,-0.139137323960921,-0.351461492273048,0.0156342659422909,0.120686951759234,-1.66216110435279,0.467964187016341,1.25874830061358,0.883567853047691
1.49079968709626,1.65720135528199,-6.47844427390958,-0.589949208613805,-0.0493808197201113,1.32934850590543,-0.795568642682651,-1.12307910212927,1.39701920447981,-0.535560830927704,0.0443269263028133,4.00888715056796
1.29009694657049,-0.780768231432962,-9.08281263344963,-0.209269625246597,0.0887810137711663,3.33003223702095,-0.280987323846439,0.0312461347993948,2.05486660959425,-0.413680413074223,-0.000662090561210329,1.55858566260879
-2.21414418717322,1.71855341374463,6.97913810992826,-0.222648600775922,0.0252887705430328,-3.54266999138064,0.503216295782402,-0.606419847594987,-2.19400325030287,1.18120029996041,-0.154591195393864,-1.26481584757664
0.533039650969726,1.26792014525083,-2.96180982163469,-1.20002816662576,-1.48739941563654,1.84466838646098,-0.735376906774426,-0.850700592779444,2.87855350442592,1.35484804394739,-0.0372004402718568,1.37386529403163
-4.09632504917089,0.0852613805344913,-5.53198602024665,-0.272461032271216,-0.201722400846147,0.960601112955865,0.969021653474713,0.0367288181513668,1.58513408464518,2.30886703201117,0.0361083017586293,2.28790723886768
-0.00965070103886934,2.59123721939061,7.35629877877523,-0.0470535296017189,0.313418330268515,-3.54179357748405,1.35109614467982,-2.11874439368602,-3.40194628886209,0.153405537614338,0.0163002607585722,-2.33918508993474
-0.893158770493681,1.69843778064653,-9.2059790341545,0.599518556729698,-0.0626964640897094,2.34856990586843,-1.80626101671537,-0.839458860702813,3.43064566138854,0.255953250811942,0.990920631447405,3.12779722647027
-1.15758756385732,-0.366752108790573,3.40275087439483,0.287042139297184,-0.355955669506281,-2.02041195869827,1.14840426249006,1.57178030175241,-1.26717886015121,-0.9946693579844,-1.13642647657618,-0.581523473155432
-1.34469721500503,0.679443685679009,6.24745783504428,0.662596211599568,0.207716992308915,-2.31364575805801,0.112911058251875,0.342708157426828,-2.7476027930911,0.283472127523205,-0.204817764233175,-3.16541875069789
1.64109090534871,-2.07750452595197,-8.01429369418156,0.475908697943487,-0.264202622621289,3.99868588346098,-0.676763253464509,0.113353563264648,1.96729294915842,-0.348582205596793,-0.0733755104902593,3.01030572699267
0.245796573107968,-0.800234972576018,9.34250755307766,-0.280895355106638,0.440273765691839,-3.43606326117541,-0.146156735034206,-0.650309816896645,-2.59663862040832,0.291089052644062,0.142156463348262,-3.83358342124493
2.18758397945879,-2.00776829555677,-9.25461037107379,0.142620804831957,0.379098772365774,3.41427312348541,-1.6205428407052,0.504636525044409,2.76130493804433,-0.399600294232403,0.222765818569559,3.89717117786894
1.01814945572057,-1.09613303776376,-7.82520885793036,-0.513421349896092,0.601259873852964,0.36311730200731,-0.5685268373872,1.04179581969975,3.27733736065402,-0.118049450274466,-0.0161965809406237,3.52761939661419
2.51878002037861,0.586177395453132,16.4732415826328,-0.634293720952803,-0.38762620598197,-3.59172429165813,-0.17747645340631,0.0700290853759696,-1.87642292623632,1.03174360520185,-0.882508294826785,-6.08800059290886
-1.28728743684607,1.70086907021553,-11.7872049094789,0.869851375133966,0.32698138028166,2.74107949086708,1.29910638917203,0.134676359785098,3.55858982840153,-0.526888594644856,-1.16448750372219,4.04171057825614
-0.465576213203518,-0.121678263081064,10.4582240157434,0.301385296108004,1.3762901108527,-4.11107539847526,0.366118208333399,-0.169767696783734,-1.68108755382827,-0.182396262990422,-0.393737629857747,-4.44118022245832
0.245743538029821,-1.70911926014732,-7.72280201376522,1.39662279738287,0.984966876638552,1.67087193782206,-0.381112336146912,1.19749183387253,3.00383921584811,-1.27812157524535,1.09156249827819,2.89234018644683
-1.79930323424026,-0.332541339793015,9.1698128567888,0.462448700308908,-0.675237057712474,-2.86765188044522,0.404759469732311,-0.294840521181368,-3.41385160779995,-0.487757938532513,-0.435981081472584,-1.49764085633083
1.12139983034022,0.469442807149898,3.9791155388886,0.057964618399698,0.731010779381934,-1.2128335581999,-0.361102466720184,0.396587053790879,-1.63992255439307,-0.123689435203902,0.0124971448087332,-2.3554465766873
-4.68223474868458,2.81207083640807,8.23374932526431,0.401275201762063,-0.208089222253621,-1.28438753895567,-0.541255982621065,-0.695542178098986,-4.07443070486886,1.5698883898371,-0.0485697407194384,-3.6719801615771
-0.225840769948113,-1.18119036249576,-2.88580168206215,0.076510306113665,0.367902220983917,1.09176603955922,-0.113531355941735,0.132992432010934,2.13280528511417,0.00445652154147849,-0.291332069977038,0.967139642808623
4.75167436196096,3.03559574451213,-0.00693606176983685,-0.0948315546127389,0.439151953221605,2.21267011814488,0.345400471844598,0.132148016222413,0.815314761850972,0.955874967046672,-0.847240756617169,2.40605647944406
1.25422164907139,-0.294646634844214,6.71752251555426,-1.15691850803025,0.0463147906059398,-2.75120141600999,0.194469735596586,0.322855873885794,-0.621570853876692,-0.118895985552151,-0.452060258312319,-1.47335211747571
-1.87394741847762,0.157060161874678,-6.70265695678527,-0.326712711294831,-0.835657707736771,0.114642911869323,0.0772167074193893,-0.0553239392992544,3.40563667179233,2.1361661438781,0.775541639043237,3.79365065822914
-3.5170444806531,6.58897197733832,-6.51852466145685,0.782583153919077,0.0687682199427203,1.96731898201114,1.54512379504306,-0.719560672566219,2.98255218748895,-0.0853476729819715,0.0938902033875598,2.34394454467376
-0.969922030167474,1.62713432644627,9.45612927076618,-1.17124164081401,0.700454513636107,-3.22800258470817,0.0792891022562446,0.120917144702411,-3.39649635491398,0.774950430790912,-0.221679032919419,-3.92171510537024
0.15515265105283,-0.642722419836352,-9.01418148780194,0.164235007372907,-0.0784013868850327,2.3601523011259,-0.537417893519354,0.235303200974432,2.13778018541546,-0.278112789104175,-0.587988867922916,2.13323396517111
-0.0180409592154895,1.38138218145331,-3.01973363639246,-0.0542602892853823,0.0530651483510682,2.16566301877518,-0.212025585664007,-0.25038606546934,0.476840953537113,1.99234456047166,-1.10338629039572,-0.0646696900002714
-0.945161206193487,-0.566534588817228,-1.12270139005787,0.811229429230022,-0.292261277663444,-0.729073149951047,0.607165079552299,0.391731403650896,0.225572179099577,0.0771452052004974,-0.200405219332802,2.52118695961825
-1.8663496724659,-1.13388824608655,1.61570852467157,-0.196405822129521,-0.0742807583782901,-0.386862295558276,-0.0298113770139513,0.0291299092791313,-1.05052228122177,0.461305436556628,0.149248875638027,-1.80937169601635
-1.53900518404528,-1.50423893309418,-10.4026580158094,0.659103362866519,-0.692922142415417,3.15987454799532,0.0458764138821913,0.187815402310287,3.86629880631734,1.0171131321458,0.43691903927205,2.18311272083219
4.80594761540187,-1.89521008525238,13.2698149546483,-0.870102248430161,0.755837918993988,-4.19633578473973,-0.386249617009701,-0.124598291296378,-4.44343907971303,0.134296253464155,0.327499836890079,-1.64785388220413
-1.54738628153592,-2.3218677512677,4.43881237552326,-0.11690219538992,-0.0066364610322316,-1.91164906809805,-0.300680317640311,0.130632512912367,-2.53856169634166,1.40045409765919,1.27676018214375,-0.889753985607132
-3.68699714600284,0.590206829083803,-12.0275442523949,0.419852447666677,-0.0490385361395157,2.83488343589191,-0.460485740284441,-0.0827792806093843,2.36190019099217,0.302616587513935,-0.799780878379317,4.1295443777251
-1.49183143009787,-0.838663912310011,9.62660002035487,-0.23081043313973,0.202337029969305,-2.95864931930509,1.96883885067125,0.137039613719636,-2.60301874892503,0.0493281850318466,-0.257569279525443,-2.86902370820035
-0.953007965077456,0.593747368584913,7.88859156223062,0.0533707967222999,-0.125911792448904,-1.47965156725816,0.038902014297462,0.107007833061903,-2.61683817015944,-0.482151465235977,-0.54649956334721,-2.90413549303006
1.27907384512334,1.77920150146606,-8.80721831800554,-0.596301767030192,-0.263473508256633,3.61649394211268,0.2114797421528,0.220637405690243,3.57730562486085,-0.525888050365101,-0.00851723778763751,1.86856604015885
2.34576083252567,1.48085872580876,2.8116815973459,-0.0705565777290958,0.486855475284304,-3.34468645121701,-0.577104741630845,-0.353636617685209,-0.782982905170488,-0.59614881729795,0.190299405016025,-0.865470656991078
-0.967814459447055,-0.418406428200067,9.5875215427475,0.236942384270786,0.09260751928405,-3.73455942252061,0.264843929188427,-0.537143505353105,-4.58392139734125,-0.96699493736282,1.41123893600392,-3.61498208174493
0.178907208273032,0.671884021706379,-8.89593845740183,-0.830793725579403,0.434092569447052,1.08451812477862,0.303960077837182,0.0161035695321817,2.52230458092931,-0.52353531091892,-0.0181590442988663,3.77231577942302
-1.18658833989134,1.40619295905129,4.28707629757345,-0.0748149149584397,0.0977091122553687,-1.0833138932907,-0.825275330337645,-0.39654148446861,-2.293606759455,1.64702621504355,-0.239974007287833,-2.62659032181497
-1.88421915072724,-1.44221998712578,-9.23110300612831,0.182134646074535,0.398285921530938,4.7193143849331,0.216809812566933,0.102600579244479,2.97876352472958,0.985957501775132,-0.401361410210258,1.57239427480819
0.547417151318972,-2.94781472881212,-4.59328969897477,-0.0847567082729398,-0.345722563452533,1.13938409985695,-0.531787905512889,0.144252938282784,1.1602164546832,0.643553783461239,1.63447810349826,0.858165995950679
-0.5141541972922,-1.75781717047805,-9.60219457618864,0.3480156934335,0.0304036129171324,3.18928066178064,-0.116877007832389,0.0479137628528683,2.59661788873082,-0.365511988437056,0.0562207587433419,3.09786680416689
0.661741657200734,-1.59300197277675,-7.53902336547098,-0.511385989613251,0.17713396798014,1.50503315156644,0.326023078263727,-0.0036151181126801,3.48877583241118,0.297252105926132,0.91753468888166,1.64197284126313
2.0618026744832,0.175690335992697,-9.98881134078274,-0.648108197476082,-0.383761089095981,2.78150519118124,0.400286480606842,0.236456711260543,3.08750885217839,-0.864028380073633,1.1785137628966,2.87997881570293
1.32632874818598,-1.01431327222621,-12.8250357118624,0.903702903225882,0.859299914545647,3.16796457020727,-0.783890440442093,-0.371324907903651,2.48556643196469,0.572116910073983,0.933833671775102,5.9267157636977
-3.03134074517877,1.79915930797742,8.60947525643759,0.202662541547746,-0.285513545060895,-1.99670819580725,-0.181809583036649,0.121749726935115,-2.14388159757705,-0.483866627990205,-0.914110220734557,-3.40467856767747
0.861916975678274,-2.42045873144221,-7.93014001604967,1.07687450689786,-0.784664173074533,4.34417029070077,0.109937670958073,-0.0575099814155031,1.82868597087199,-2.48937457978137,0.39922949038414,1.5049725071914
-1.5374458162462,-0.0959816371903871,7.63399135207022,-0.260268178365784,0.0144688049861489,-2.17850341762621,0.089040501783893,-1.27613734919422,-3.57513064162484,0.746782778201742,0.449858979558055,-2.76709386285396
-1.18349345483119,-0.0197374520563882,-9.29973764695447,1.05037016934585,0.908944509338687,2.38420907960188,0.175160461479362,-0.251180745730761,2.90855709212802,-0.324437931570392,-0.035354165526058,4.06382461788999
-5.37703321103926,3.33634262034783,6.38085219187586,-0.355200261186106,-0.0398336669915414,-2.91842709741618,0.74403043638836,-0.156520221433803,-3.23303950036888,1.63597486796706,-2.69571754241329,-1.33479784258194
0.264948277030951,3.43487757340837,6.7506254202704,-0.202376609923499,-0.956216717325579,-1.30458905648489,-0.474788815707788,-0.782836659721508,-1.45377443765732,1.04775912577981,-0.307307531478771,-3.70568179278401
-0.277642574891102,-3.48334956794444,11.6960753292155,-0.0567967641631397,0.492575480664336,-2.90403659779326,0.210464394917009,0.03256974613054,-3.59934054204458,-0.755871159870134,0.688407063397051,-2.90989677769952
-0.944686696000717,1.86852386002545,-7.96481964308171,0.422999514282144,-0.120346100955084,3.79369535073204,-0.00172100305567497,-1.27462800957324,3.0830454909144,-0.60743682561367,-0.388044742308082,1.30269829772431
-1.66411013907259,0.0919180251164857,8.83045198118381,0.0649254324641526,-0.122822939181154,-2.17977293252957,-0.375079361333338,0.516266334619147,-2.80350651566703,0.445584623790205,-0.39659220911341,-2.27533194746066
0.941769846815652,1.6573048127447,6.28415006211275,0.505978500439693,-0.0101250832033933,-2.70414901481167,0.224769929674907,-0.103902776590641,-1.15236421334829,0.0963921202374388,-1.36005226451389,-0.917699513373349
-0.938693059149427,0.291617701626509,-10.3945731314877,-0.0680137554205701,-0.71926511021053,1.26273817391844,-0.963993629029298,-0.039845857661115,2.79738034521068,-0.996799926525156,0.613870075325837,4.21163769929845
0.33006830572294,-0.771766300660782,5.84392545777949,0.594875420918364,-0.286877858219626,-2.11544975287528,-0.472317337972055,1.48712865719885,-2.619351350733,0.0839997129721332,0.374517731543713,-2.66093260675613
0.253639608475001,0.183704771568453,10.4780314528218,-1.00647210523976,-0.342762171503076,-2.38008664091302,-0.336586785830432,-0.0622390531593497,-2.36289120866954,-0.976217787114402,0.636425919847669,-3.92591553892788
2.75750091738455,-2.35919343444372,-6.81895898262069,-0.932661119632588,0.168877173905893,2.25181734115455,-0.291141500654512,-0.164803125322973,1.47395161821701,-0.235004532725515,0.408324262213891,3.36127897341022
0.498810397430434,-0.0312586497353557,-7.56075933577025,-0.048979685755358,0.60117695311863,2.80126235640867,0.375879202496341,0.0995209840045485,2.73153515552742,1.80373637963578,-1.77502669434279,1.07649913441531
4.17194430689274,1.80170800785368,4.34248081749517,0.0471880082025596,-0.25385416423027,-1.97520092636428,-1.87704999981834,-1.49446741156366,-0.75207706732373,-0.199016584100669,0.438712443386298,-1.91035759572221
-1.79284175712964,1.60044448800355,-4.80411117267534,-0.149949699122199,-0.180190109829299,0.707830559056803,-0.0401666259898921,-0.752793138991467,2.00326439231824,0.570410259147172,0.34662538957521,1.17023666823052
2.13558818157334,-0.490052095085704,-9.19422173765078,-1.91225220480665,-1.1691234743927,3.93624825734931,0.192861068291608,-0.193499747655041,3.57438827783813,-0.401980358091201,0.628146881004633,3.01939774097877
0.296406120846939,-2.10763212459366,9.88859928804753,0.129737179737169,0.341995515784684,-1.76276756968573,-0.69051568703442,-0.506718719206913,-2.36949058059102,0.195350690045623,1.43545762002877,-4.26495572997172
0.803512721100814,-1.26898974267984,10.927818128767,-1.10366688167039,0.241562249960014,-3.40638225021998,0.680688303205514,-0.683044021376901,-4.17807651187362,0.779273170474839,1.61766479695897,-3.24825456378249
-0.758682453605341,-2.33708104205102,8.62779501139783,-0.5171104131662,0.510841648814396,-3.83072124168296,0.688117046887813,-0.100399499925782,-2.02886970534227,-0.559315894916197,0.403891957305094,-1.22671843266451
1.93037828360787,-0.000801619476068272,-6.18161427329705,0.0467609454753617,-0.35953236692077,0.793549920309011,0.104541990446294,-0.760372480612615,0.345589403315622,0.0398011773547843,-0.0995896772890226,2.22070644058135
0.0269601526287043,-2.99496181168227,-8.89819396348623,-0.22242396787344,-0.186835486291422,3.40928339468787,-0.0843181672515497,0.87395856086974,3.60442753213074,0.453007609907455,-0.501456692302265,1.09373000918996
4.2151341090995,-2.83566455863449,7.66883984130643,-0.19511065845514,-0.254962026241872,-2.13411767353881,0.29456522308097,0.430668457996586,-2.49519898819876,-0.64628540885104,0.308722191305125,-1.90774864865499
1.11426027953583,-3.96499137580057,11.9590442623009,-0.180511896100341,0.65778675162213,-3.01727214698766,0.603367574708264,0.733935856797734,-3.36248580270149,-0.466184454670746,0.385414822246506,-0.789800632889571
1.36325016987785,2.10895059397783,7.02286764334177,0.452490890176712,0.494730288977694,-2.23614125888272,-0.476575529694182,0.00605389107222813,-2.40933825772619,-0.135753789602541,-0.252690089388457,-2.88923328644243
-0.38074065968145,1.78342737774188,8.36825592986079,-0.727146294194929,0.0983065517649077,-4.30012134667503,-0.576463177522019,-0.557866450254171,-2.86973118075077,0.252785339593765,-0.315164742571679,-2.71256868243335
-1.5332787209608,0.774714954506637,-7.38010505459058,0.195113785543941,0.0470833126538813,1.27093292540338,-0.401834218953233,-0.202888527554538,3.17170749475622,-0.390175905158243,-0.137253954890831,0.927298504471483
-0.989153635213074,1.06238131978175,8.57676993385533,-0.0478072582780659,0.213488046540443,-1.94026888439369,0.669129943904475,0.467562923017521,-2.36493297123167,-0.330569569462727,-0.971212892492584,-3.89903972555162
-2.65506604851205,-1.50609218182572,12.7054450028077,-0.333477164788608,0.49861299673134,-0.888745891243473,1.64710714902863,-0.975373767501287,-4.75614525765923,0.0960407732948623,0.156184190582981,-4.20177202874017
-1.35593322730166,-1.97391238857099,5.07067503762927,0.316637959341549,-0.0976259714145012,-2.24214067897711,-0.286249258310993,1.40160342926013,-2.15962656338194,1.08283582642164,-0.628588341192139,0.560795394414704
-0.163546282951353,1.67709447262639,6.24455294090133,-0.0413495482390112,-1.15881965625227,-1.10907476385593,0.288037391887607,-0.165065785516979,-3.08605320366776,0.32422143464867,0.455983051630817,-0.344545219029297
1.93933450096008,2.34028997982112,9.27449005075981,-0.230335727422666,0.396485089472176,-3.929068991519,-0.0386859682724822,0.215914164296201,-3.23036991822106,0.730431757433237,-1.88378471432407,-2.2692670078026
-0.557189474313984,-0.19575018072377,5.21095465362639,0.0738355506183538,-0.0684830326553613,-0.93311336616416,0.0360506765068179,0.734687022156098,-2.6837450385354,0.644352692033798,-0.820601045704362,-3.35758508059256
-2.16100049492809,4.1891353180084,-7.4293718053105,1.36582137958813,-0.31604467506199,2.67230318754578,0.0169875802170775,-1.80273790337052,3.7750470639647,-1.65207166863423,-0.963109080924397,1.47131429353172
-2.37175401342593,0.843546869514489,2.14664850249595,0.223945056068028,-0.173145029787034,-2.19366342258994,1.47646287571939,0.219366860584112,0.190517664764337,-0.592811433938443,0.179513807397313,0.328851195210356
0.391293476611235,-0.484780459746916,-7.59969925763976,-0.300315267144435,0.0159279666993476,3.69132742662845,0.794121797820342,-0.0160038968039638,-0.117566280759815,-0.898553517242701,-0.0622800127835028,2.3216811323561
2.07665194386308,0.682133704691342,6.94414684984032,-0.922594444794027,0.545449844186972,-1.64033715873758,-0.20330047369447,-0.362261014988179,0.682887163115665,-0.129535532265923,0.0761814088731909,-2.68384387724053
-1.53836895099449,0.720749049331689,7.11925825087724,1.28823039367011,0.639226691701388,-1.81365053657566,-0.0571230076216085,0.0526698710918581,-2.79985674471794,1.02365875535568,-0.973306113343362,-3.9407496670397
1.60367136941585,-1.49193585379753,3.07623569927548,-0.377777035493092,-0.0609753600312892,-1.04993876493416,0.253475374219032,0.234578742159204,-0.689260000741293,-0.560683253053385,0.780853933577027,-1.62977101972048
-1.85865431084016,3.75196862902974,6.79304058336139,-0.0361492374697397,0.14838998430776,-2.52665468091278,1.18901004081005,0.432456857112239,-1.47030189682526,1.31300779015294,-2.37842882922948,-0.974860321824594
-0.0839228812836898,-0.746794826694188,-3.58887639596771,-0.607458316846366,0.547369403464123,1.43392206621419,-0.000207409809204504,0.141137045113599,2.81781227818731,0.200976223844434,0.61260279709158,0.634523327382917
-0.0138741910351865,-3.14745503065889,5.38582319593358,0.231516981618051,0.413981412475358,-2.96740198396638,0.353484908811119,0.587964295145749,-1.80867764135103,0.29542931678917,0.0266721509796429,-4.27867856455672
2.77701642666194,0.0264507913876054,6.35596610682771,0.269190398597148,-0.0456265980984562,-3.36082266024791,-0.678492263867048,-0.422393322867454,-1.33421754254112,-1.6789963964182,0.0530302522008111,-3.16715282872188
-1.01111446694771,-4.99289336056928,7.76888879679464,0.574153296575812,0.253946983804589,-1.65979791085548,-0.573268676785182,0.232719616561186,-1.83081314642148,1.12097638646852,0.34531707080753,-3.2304412119021
-0.449719507342761,1.14428070751796,10.0218533540045,0.205010447460053,0.176000326695923,-3.28086967014893,0.157393520276789,-0.133803513175492,-2.72410572523377,0.25273074242194,-0.816936769816422,-3.4887301121863
-2.03113785697001,-0.8255080988547,10.5596209178896,-0.0987844906089724,0.14648404648266,-1.88313501756702,-0.172596670287392,-0.203751925758454,-4.01467347097476,-0.308747175796232,-0.0795388583951448,-3.05231448622131
-0.502275566992892,0.0175507383093354,-9.14681432267455,-0.293415051776194,0.203331044950161,1.26196279774892,0.760171973911227,-0.00451445294661449,3.46424626952606,-0.0156480910589711,2.13328070302525,3.44379234628949
2.19237622189983,0.0182528249952711,10.3385454604911,-0.0311803333505255,0.58924787895073,-2.93416913219758,0.176136838197317,-0.124507420798767,-3.17010074179653,-2.0722209467749,0.824992372876086,-2.89894380622962
0.27575436956559,-0.553534561934384,10.0137084622689,-0.603452073246576,-0.684970271803704,-2.74415322607399,0.909751729917338,-0.380205513961899,-1.82414892146826,-1.59291519518039,0.845804130153018,-4.85024614436717
-0.785488567587677,-0.456189057671841,10.7791997684889,0.193141197485102,0.939088652339017,-4.16516012683205,0.137130573117773,-0.476672279023724,-3.11462995417137,0.0235915270197602,0.130342456562311,-2.6583332543185
3.1448309837408,1.83850394986797,7.89124286461673,-0.34386136595603,-0.222247797811684,-3.10602451443917,-0.327985676292176,0.710483613277486,-3.43061726747117,-1.71679866134912,0.350596767204803,-1.31612287741273
0.939076206545018,3.26772351269464,9.16899442817879,0.0601606964986032,0.772992733640946,-2.89756174192691,-0.630797002325011,0.220744352411214,-1.66725758248495,-0.319167791443304,-0.888226591046678,-2.73409136659646
-3.30240025052885,0.810967748130791,6.44346412949141,0.0740122799229174,-0.170307476213693,-1.53313273309084,1.88968414700427,-0.408979159034124,-2.66862021383687,0.0355929263624792,0.207809058873965,-3.66020444282673
0.862350013641789,-0.178039285960093,10.1505295446596,-0.112042018462408,-0.210448810565581,-4.02279610150003,-0.30560712007659,0.575983885216757,-4.22699023315759,-0.35250577671678,-0.417981004007354,-1.91117674967928
-0.212540577606152,-0.824943654945401,-10.7136879817901,0.0594773977558502,0.277970041347313,3.17706639298171,-0.349045214281436,-0.12709930575361,4.89534644920437,-0.14426090711391,-0.227472507212896,1.89145194263472
0.123294182270409,3.8538382009969,-9.90910617031498,0.528011765856071,-0.288243121316774,4.51513639591488,-0.5695641190067,-1.63039206652058,2.83474386729449,0.936329825311281,-0.10053138828004,3.14933827940977
-0.598357760618574,-1.16124334202608,-6.88935837508657,0.203323143581252,0.0191397692998793,1.60345993517102,-0.331192234022986,-0.320358559448841,3.9893468541115,1.18398806511092,0.667944435013151,2.8582982796687
1.43151392687996,-2.88292090225256,3.6861016679426,-0.46147729190136,-0.085653927030684,-2.10953936653669,-0.640322841894959,0.62194339953931,-1.16593354210303,-0.247569387037556,0.0723117308673599,-0.49943192592108
0.928608676360626,-5.27299828380716,5.10006077558068,0.592246990568888,2.01644125671309,-0.562638551578601,-0.111733435054732,-0.141758240670119,-2.36031927300611,-0.938801909647361,-0.314172845452845,-1.8994055075882
1.7684447310245,2.3826749932002,1.28094987136868,-0.270982913392012,0.366197850366065,-0.800265752239094,-0.245368566181191,-0.560069965484684,-0.428525061654293,0.518933739284647,0.152109696227167,3.15125520856325
0.422430072628146,0.391722983081298,6.99803382714508,0.1473365501864,0.242498874125656,-4.13649013937557,-0.671534413279799,-0.226252592108514,-1.40801906749438,0.791016872681808,0.774617921747441,-0.955755999199412
1.52941811819818,0.688297156013313,6.05132660041996,-0.161415195083352,0.159887429865405,-3.07620414514407,-0.37969394257775,-0.0109189541650379,-4.68035768275172,0.251051028544055,1.00186980920545,-1.27063307197638
-2.17200269082975,0.52859914553936,9.7006786978007,-0.190790915815819,0.219483624718935,-3.59096427337736,1.78342420213725,-0.671789419179557,-3.62743739995911,0.684235360943129,-0.308845846361452,-2.44213570228497
0.614008766280125,-0.359523012513473,8.1495200727689,0.0895638911539217,-0.0545184505215611,-3.1193757259545,-0.68281193983337,1.22119298566933,-3.67013125601065,-0.942122324462701,-0.274972812172435,-2.75997718911294
0.605074814980741,2.09554272375636,-10.1230422083277,-1.53143781270095,-1.76646229912475,0.990919965747909,0.654248264076533,-0.720702462722644,4.1407633821085,-0.337255758896327,0.460542937727409,3.41558762701662
-0.453306468058473,-1.23533541809425,-7.74899461540837,0.243364433615405,-0.286360102724785,2.42604071251685,-0.582777367974814,0.692311724228348,2.80770063435467,0.664508544054421,0.512839477371811,3.36805323575598
2.14945865127846,1.71289955425187,-3.78556111887036,0.0364090124180978,-0.268657422580895,2.03268511031453,-1.89045012155172,-1.4453215887916,0.803416497000797,-0.665532066524036,-0.186794847721251,1.19683085613471
-0.215303409899371,-2.8353592525104,-7.89025565554517,0.145408197230826,-0.26501355244466,2.82813472766068,-0.472104983224274,-0.0115627926019662,3.32769324860258,0.859214452908078,-0.958005846190191,1.98653566364792
-1.1301962642927,0.602973558751731,-8.93534807750968,-0.0408011288551788,0.0431971120803297,2.21627281742637,0.948311962704378,-1.05860088334948,3.28491764467126,-1.66893873730167,-0.103688123220339,3.54161090154087
0.162122472748369,-0.643808784428166,7.62959861722638,-0.498253897370747,0.553194356405539,-2.43924783199995,-0.400637363898548,0.135963676978282,-1.46721977061608,0.301545942534728,0.0196202594750548,-1.2806642665717
-5.87996731952284,-0.721199642352172,-3.28545292211202,-0.179082364433152,0.0872062291240805,1.08361872467504,-0.165163931901004,-0.350934346515622,2.53011145302953,0.030695908484683,-1.1738133401012,1.54696972919556
1.60721949933173,-0.388878257059263,7.79058042403808,0.233157166946644,-0.114409386286388,-4.32417379235472,-0.349677215148433,-0.197421911117585,-2.88646891632772,-0.118568536217246,-0.360015036353764,-1.57882830591353
-0.672546559607095,3.56075196119223,7.43115174047835,0.287858978655948,-0.983659266653726,-2.02088636096636,-0.0315864580029494,0.0609870193190898,-2.68994522718142,0.530920537148579,-0.256952791857651,-0.761756598395526
2.76783955743214,-0.775182188221665,11.2769490640718,-0.121192303696142,0.127126106116075,-3.22036393030726,0.809773692923743,-0.479034731296576,-3.39090537866971,-0.454259645323595,0.868523824508661,-2.88874418114106
-0.320552884384819,-1.17372685185356,5.47516164308644,0.212929532140683,0.309445188131737,-1.92532888229487,-0.262638132619177,0.399385279644428,-2.9126917587669,-0.590197229068979,0.574223639361724,-1.24505927385648
0.880723956762146,-1.36228522568316,6.18498437439065,0.162433359210272,-0.220572858689229,-2.24069974847288,-0.296664116850743,0.953761123019613,-3.14363373220782,-0.0133534121367059,-0.0426570038077493,-3.12313517463022
0.94859153941865,-1.7127499743846,1.96154829385547,-0.0775701010184002,-0.260690646557076,-2.63316762728155,-0.33998616723114,0.510936371796779,-0.493284205924924,0.807034861331938,-1.72450080536935,-1.71387330637827
-1.68306992923143,-0.22343533447646,-3.49699305596305,0.560365263437657,-0.512739869177215,2.02774605712469,-0.415745444998098,-0.441240905672347,0.604621196609192,0.577821447007486,0.536345014773747,1.07618051442119
0.425856519808069,0.607141893982671,9.24117959418067,-0.474038553665676,0.174942647016426,-2.90821713820709,0.522616665426178,0.247283078895825,-2.67278329678507,0.844235323182565,1.27458979081431,-3.70440750760638
-1.24158064125331,1.22925844673557,8.59080826917707,0.525763969145293,-0.392701665407091,-2.12499663459178,0.00482845371422339,0.596584500091131,-3.25913442392895,-0.125987310847295,-2.04458974362915,-5.61176846303813
0.594673237019048,-0.892753265361211,-9.66505978363668,-1.22893909995806,1.4287777436879,3.98594071576704,0.275226726383352,-0.00605169613533438,2.87324530988125,-0.349192864696265,1.23052953728207,2.49360796297239
0.507342964353697,-0.585930012714043,-7.29829060424543,0.126779062874373,1.15566039235274,3.8059607877091,-0.018767516454977,0.262270082560125,2.22983604053686,-0.112164494245972,-0.0811075319005679,0.695850610011126
-0.477064379837506,0.32329989542538,2.38035623361654,0.76393002287985,-0.171164649376287,0.107924338493089,-0.690695459678752,-0.316682765399163,-3.18811234315531,-0.703032648710653,-0.408976359414684,1.03658973859259
2.60053508045682,-0.209705034576544,6.93324329487717,0.147619933229607,0.232835570537671,-3.06718049961715,0.403700726544523,0.368515639222591,-1.90977536974648,-0.317822629805285,0.157453221821985,-3.82942568536902
1.90095279500819,2.13220788332845,10.7012393824443,0.00449335421684704,-0.00569481810256806,-4.92409860981576,-0.677892788411406,-1.08862700508387,-2.17597241613188,-1.68436831245206,-1.19814431265929,-3.8394854146416
-3.73093773851735,0.0616676564781795,-13.5400827407616,0.114373953382704,0.308602247168408,3.47972924491865,2.17339180154381,-0.151611894945382,2.88027032520103,-0.128900682091028,-0.0815787851287148,2.97759306219416
-1.89077350986444,0.915322634526575,-9.92588838327509,0.0171862811658334,-0.699301307306176,2.89568254873486,0.726021710506488,0.0303263399154972,2.84022458235131,1.42332326775563,-0.933311045134201,4.02575146910818
3.20951619451869,1.16215086868238,9.26384072042601,-0.581554814354543,0.149645287197935,-3.29115290532053,-0.140135849381194,-0.35811114743817,-3.00075235671338,-0.177412941288579,-0.821178224289518,-4.68015336661274
0.569646488960495,3.08124575578467,11.4059165775971,0.190856398179523,0.163322783713234,-2.6005716753678,0.6074906127554,-1.66726111476224,-5.3616518288539,0.0427548316580167,-1.11661093339729,-3.38270723526945
4.48291785741355,-3.22745775139158,-6.83430562044072,0.184463622009597,-0.667608670332765,2.17398693357099,0.529718451962674,0.288712971263941,2.90717736471917,-0.40345434503265,-0.0807465210900677,4.19237359893622
-3.6924416004985,-1.63144508755704,0.754214136638827,0.405489838235827,-0.272676638638638,-1.21115967582106,-1.20325150504092,1.81841636730435,-0.476203238482867,-0.793534515955025,-0.363984044878048,-2.8441625706269
3.73369914339295,0.870224509034403,6.90532830031002,-0.324228773283342,0.0288233402660761,-1.70268457358384,-0.379361443959018,-0.674845398536507,-4.34337733681763,-0.145368079273962,1.33257160972299,-1.65184152041023
-2.92953060102543,2.5628485058179,-6.92523164857221,0.189463297482811,0.225563545499443,3.21084869425509,0.211285570555114,0.147006588675295,1.37029855983987,1.9645466645467,-0.772372669994639,2.72915381651335
0.969793315770494,-2.7517910351352,10.8566852606681,-0.642666476450317,0.635690076546143,-4.71372538938167,0.224536875416795,0.64970917480814,-2.61727224296712,-0.0126348272502817,1.55065316366579,-3.03971835703305
2.19934770535053,-1.70021896314743,-10.4250804868317,-0.354251484803467,-0.822672197935705,3.12780978677491,0.631930368548717,0.895881834570544,3.44808084633052,-1.53716203193703,-0.0512343488746917,3.37317964186218
-0.504290685934501,-0.539970281582419,-8.89833552108071,0.0125005609433822,-0.0356156909803623,3.27141594198117,0.0852604655938477,-0.550980456409441,1.32641668989495,0.0398735840228705,2.35482997748247,5.04435579265466
-0.643457505163447,-1.83082621465909,9.04680450759685,0.525227192596517,0.0630257984140912,-2.46840040540651,0.154422421335024,-0.337804577524183,-3.74537934749888,0.226637510367361,2.48117178833844,-3.0045315273853
0.0482989366629887,-0.671894143276211,9.96892367084244,0.627374393286296,0.958051174370205,-4.13880058588687,-0.218750158691492,0.153714896265645,-3.27291874692759,-0.708850428586451,0.538079308682202,-3.00608635148994
-1.72133395824036,2.31417523027235,-5.42814470368942,0.412574075552945,1.41666832903052,1.91029967973392,-0.203025446135216,-0.0138783774636421,3.50477250742882,1.80703057528157,-1.64424615940309,1.79630887878628
-0.0780048476309435,-2.61303761178441,2.81269008417927,0.795613224605952,0.247916459775748,-1.38069302043242,0.206063806288131,-0.66356570456099,-3.15728582443512,-0.470317656798407,1.18409020824627,-1.5314589629053
-0.442758105726204,-0.00223024987105025,4.4038385183669,-0.12209123989741,-0.145240292605007,-0.328185558995599,0.664477383807761,-0.247702154402355,-0.852326623436881,0.12513106819743,1.48478781318617,-3.44327725966582
3.17216319077119,1.47959927971824,9.04043140305432,-0.761236265949577,-0.77881479083652,-3.60930217085597,0.160920783910834,0.216882936638193,-3.77999093977118,-1.05819858158079,0.512159737700624,-2.58344586073188
-1.11876298838881,1.6543737554727,-9.03301137117664,0.912859022702843,-0.515006601641521,3.53446025781731,0.0984450175736283,0.288083175087197,2.16974406183287,-0.126831087489568,0.266325695276876,2.45940606371615
-1.46424955119765,-0.635354480340957,-9.30153237402695,-0.782083441280747,-1.33271440018973,4.51590216778349,-0.71681306834125,0.0303563717739899,2.16480304064222,1.07619062381098,-0.32062802675236,2.31162248654318
-2.05323693164157,-1.82256122832157,7.10929120815311,-0.699985002741045,0.227175056514687,-1.05328506751419,0.606629620652505,0.739989824587226,-3.49188673721684,1.90561038502785,-0.140873894022196,-2.54677526773777
-1.36044009949757,-1.83912056042091,7.36114168751128,1.23678558082975,1.98423465323742,-2.85731506462637,-0.012872264967828,0.135250207625501,-2.49112855476547,0.77567029723891,-0.208350567386043,-3.65143226098116
1.60136187500449,-2.66791179133855,9.1357708646982,-0.0265276861745466,-0.0399453841973109,-3.28370349540235,0.485726992551342,0.134656178167903,-1.99888073839521,-0.615892288631758,0.553071120230438,-4.09668343139135
1.49473724873153,-1.96413636321287,-8.1161632548399,0.836401757312155,-0.3272200124885,1.89859354090577,0.266040070961742,-0.0463105025474753,2.68332857857099,-1.1653978477622,-0.65497925275051,1.72463414664456
-0.700010627933505,-0.119885547385576,-4.4069099593243,0.551342756305102,0.331482851461631,2.04471475224621,0.068972927737773,-0.180302717865128,1.76794138335673,1.52717447909388,0.831622221240974,1.80339542349685
0.880802217175116,-0.45926281977132,4.04470513993057,-0.255292316635971,0.110068917115335,-0.745044505650337,-1.23067120290443,1.16246507856454,0.119696536200614,-0.0202072336870015,-0.0115996038509088,-3.05609073890063
-3.08140543708007,-0.434483730135431,-5.38361985245568,-0.583825258223484,-0.0791845830040694,3.83667888759681,0.156023372887124,0.313974642294336,1.67196387079453,1.70198473425421,-0.447506292202246,1.34979842166049
4.99055788011119,-0.123068680575436,11.4959683582965,-0.176236383010711,0.727793340900576,-3.55134471716356,-0.385785832021621,-0.236520901101301,-1.48919829560553,0.771363967359815,-2.49396794593336,-2.67461616010353
-2.82820992569647,0.252472814181154,-11.5638517240839,-0.0328833819980279,-0.269692143811332,3.97122589592168,-0.276991793907941,-1.33510190539483,3.1371484314062,2.13742922053729,0.21679694131302,3.24186840912136
-0.228050821122951,0.867138717060318,-2.42158703845847,-0.332089370035057,0.530287288842663,0.996412540194758,-1.12694272930491,-0.575612276448295,1.53978693733267,-0.0266838882245325,-0.555154614686891,0.943005538986205
-0.81111629591692,1.54092583445927,7.51740356420941,0.248579891649926,-0.238559903297381,-2.12783184995942,-0.317926647024725,0.625417787594088,-2.94306063023584,-0.85952221589371,-2.24357830602134,-2.3480043676992
1.48489726160163,3.0720398745047,-3.95909705240052,0.0721259785667347,-0.332486355304411,2.95678834359799,-0.00253336386829683,0.22625319555294,1.17589743097974,-0.312169653111277,-0.930686417561732,-0.48529267390791
0.436670013804934,0.676162323523054,-9.7446904412891,-0.472389240780653,-0.320088152265137,2.36501187422629,0.0353725696709455,0.858101129719846,2.76356533920239,-0.358264156374548,-0.296669001060915,4.60928417739632
0.989971348431751,-4.65749494046149,-6.09166739307731,0.0932700800403456,0.930651049677623,3.00374628874638,0.650956404897696,1.66625804854384,0.482084498298436,0.557255521405476,-1.23172328493868,1.91687547100109
2.56489738633313,-4.49767517035016,-12.8437062188671,0.0982590810554511,-0.422854487251908,2.82788357185343,0.246841060271474,0.334912271842062,3.28473437276519,-2.54345019306814,0.922908760790834,2.72756709358551
-0.0947116389197726,0.738608731273442,8.24823941909937,0.166196104818808,-0.175186329792829,-2.5673474791416,0.158479197943592,0.707941636149841,-2.54350147092301,1.01140693392901,-0.806910793860066,-3.16426567674687
0.535334313092184,0.999610647265456,-0.902393089486274,-0.276270255936779,-0.244227855638049,-1.20758428539389,0.706220938671929,-0.147186197968759,0.806937113444311,0.190365018669978,-0.769180390886053,-1.62372127326662
-0.432849054029917,-0.019148382706083,-11.7321961618798,-0.194609062935934,-0.308920483906543,4.07854483117573,0.604599009608816,-0.0261108474142279,4.39117968401983,0.0386029271288287,1.10837429665542,2.443728211985
0.639751150249792,0.380618592720395,10.0435435694692,-0.638355153706331,-0.0580034688017641,-3.40717828680707,-0.231254751766192,-0.382172355420884,-2.94301870135933,3.00251731520708,1.22505583682383,-4.39386530803064
0.369155038317766,-1.36795521973998,-1.10280757959705,0.0618160992809547,0.784961658969143,1.26449226286099,-0.368420202030353,0.224193908186075,1.85829377279074,1.35877601906371,1.23191575661271,2.73153666651314
1.97776796168797,0.995635323335437,-9.8207477485575,-0.168702909804108,0.230862666860823,3.44296493103878,0.0754814396033096,0.0228453707695392,2.96844865421203,-2.35377762116788,-0.550170648954956,3.03257095887774
-0.0925404927151591,3.86858129255756,-9.36097424974184,1.17921929596569,-1.12088400843331,3.90004287173527,0.3858214698352,-0.350712911561525,3.3958879705022,-1.03831531056009,0.68154677423025,3.67536074782084
-1.63714906133886,-1.01424184680895,5.37485897811443,0.40342229456069,0.0596216164935601,-2.14528850639338,0.940293877617308,-0.288106189935568,-0.870355381760743,-1.93480932485757,0.66123178904889,-1.94809169396573
-0.639466978651886,-0.0779014275610698,-9.73616953851972,-0.478223959912552,0.401368767443965,2.49045039645689,0.107379958557659,0.155801451474544,2.91433843511265,-0.29954157495953,-0.37365785285075,3.65931087071148
-2.18835248181622,-0.457380573746964,-10.427665237539,-0.616958724438834,-0.449713230937087,3.79314109425742,-0.0306691455907869,0.170020195308669,2.87949174108834,0.718361878345077,0.150497691275128,4.13978301646766
-0.0189867976691465,0.151366699643255,-8.64764428271471,0.276847799580268,0.546993566847708,3.77484880751654,-0.585589158519696,-0.257518560098812,3.91255368029571,0.0327065882219771,-0.0686068391109289,1.31985278078143
-3.07485090080066,-4.23665206961623,-10.2161786285534,1.73726521314331,1.40855772775244,2.8837167406278,0.0616709100178809,0.6240711180748,3.40756631417785,-0.0231022610086411,0.385662368545703,1.25952267484575
0.0594641609843221,1.65909333923401,6.22485224501766,0.108747863121745,0.393000189262708,-3.33887664292253,-0.144557634981423,-0.225935996833358,-3.35748139129341,-2.06933425202055,1.31283951519691,-1.02367267496126
-0.66564787164782,-0.0181539836478083,-9.25968945187699,-0.469950456914613,-0.565939522410395,3.6418637922149,1.40081508914209,-0.243847188645368,3.20465923897691,-0.0584019506029617,0.339962143342584,3.44282520189205
0.820211634842353,-0.72288311138599,-7.78434310067274,0.942406234626735,0.4960195131924,3.41447213945935,-0.0389711264294714,0.251154881764609,1.33488387454057,0.215932011046805,-0.241655584448852,2.46903916414194
1.58728414592445,0.633960686066207,5.17838842638013,-0.14438329590186,-0.682377751559448,-1.94911013981662,-0.561489123352582,-0.391327802580068,-2.88355661557011,0.29328414483668,0.928083777880943,-1.43780620736877
2.14291707307468,0.877432024102825,-4.54526614135174,-0.0293734238168215,-0.0545818425296707,1.16350662003056,0.429518124177663,-0.22378204308474,0.265324048318334,-0.452076391108605,0.393717856665107,1.51104250552324
1.98818466962666,-2.3770728892842,-10.9351876746726,-0.782257444861605,-1.05584513631983,3.16176296279966,-0.28967627491871,-0.0210433221806817,2.24114786734339,0.243702178464546,-0.838964787813523,1.29952645320439
1.23459184951311,1.21127950789254,6.45222311987165,0.0127815875979008,-0.541586146150318,-2.59529008898661,0.584096903693992,1.01779212297151,-4.34702491652238,-0.293042886237742,0.097708648614116,-2.90578892736292
-0.45735332841178,-2.02942703030409,-7.96701042621838,0.114682749085296,2.3037486415833,2.26878695111978,0.460149389082944,-0.434486172068267,3.24519801046369,-2.57224154469666,-0.463177855760844,2.17604336702979
-1.6054588938398,0.683174830273164,-8.23070626457826,-0.394694671392844,-0.245613036784608,2.12061976885768,0.528807759511989,-0.466388938738434,2.76388402957644,0.114094341539776,0.425322581326455,2.67467093851338
-3.97097007142731,5.62326549515045,14.5323713766906,1.66323089131987,-0.521736387185362,-4.15728485225513,-0.0736477334476851,0.030126492591433,-2.56742954517497,-0.169357100488009,0.160896221008743,-3.41065765364762
1.71359229646078,-0.250769247843358,-10.1480030315608,0.808048709794164,0.270690903967411,3.72845502024389,-1.18240159926672,0.314395181439231,3.30994469567092,0.0137728500384355,0.0301989544286002,3.15385584314713
1.48972156553382,-2.09628947889227,-8.24576358605456,-0.550923876911138,0.820218205864214,2.83661589131811,-0.0319033481345335,0.493607289021016,3.87495043791368,-0.294767252638053,-0.122557855574867,2.40108724391361
-3.61522160489604,-0.947847172954593,10.2832040060765,-0.307401622164638,0.350268422148561,-3.44323912154486,-0.253437877587839,-1.05307914171497,-2.56413547542677,1.49208981672063,0.306618419145685,-2.76219758622653
0.146366288288604,-0.292489700046861,6.24053472374921,0.671498903788746,-0.37864171077378,-0.938702538862328,-0.164014280833977,0.571499960513449,-1.9478023695575,-0.695342490555415,-0.0598982873117088,-0.542951691635155
0.469222446657893,-3.08677041284186,-8.01798967982283,-0.0073316556256504,-0.0242928033544063,2.28271725275807,0.265116615041269,0.178457407649867,3.81622107195762,-1.49424344276391,2.73304965360731,2.27784570810479
2.77519713464755,0.864068873324007,-9.54154687811263,0.0876325974772473,0.0799046382406823,1.3710718697626,-0.0100255101201585,0.0521931091001401,3.40951604800315,-2.39879002183184,-1.22528260594883,4.01809717065711
0.68699221980247,-0.123507141870454,-8.39467046564941,0.641561134054721,0.775494534236165,2.27586210389425,-0.805809765516576,0.0879024029304338,3.54313314015902,-0.939035829126349,2.61536948422118,3.38207852779798
-0.484615304051671,1.82429194935777,-6.30463559926198,0.584191007903238,0.261809591396035,2.14503635827419,0.0195615070395238,-0.485322395773957,1.71261430217844,1.78751537877722,-1.22999334957858,1.19316982208174
0.651346672753845,-0.507228935869007,-2.23751477291469,-0.142384071023553,-0.115786612258234,1.21571489439996,0.898356060047371,0.213634116040769,0.526221478331927,0.217241195360273,-1.10505008942504,0.601745858870102
-0.588054264977945,-1.88622702017707,-3.10478937257219,-0.100485465008044,0.418190983709012,1.23205467919056,0.382163355381613,0.22340668033118,2.1577285234895,-0.372916846374877,-0.29789152899244,1.6266759578609
-0.240176583603932,1.25686793346466,8.00421928920484,-0.403177549021856,0.135030800685193,-2.83189660974281,-0.301161943654639,-0.271362212898036,-1.2932592954443,-0.278015427941277,-1.31328240195035,-2.93750235008959
1.76950023074352,1.48502640845388,-7.32302584180258,0.134451905731532,-0.190436625122446,2.46937952422425,0.278674319111637,-0.855867580013663,3.18537937530183,0.584845670635539,0.400533179569616,2.93164426510679
1.51531755939057,3.19014383880491,8.14256430271291,-0.95871355309745,-0.86625474491104,-1.67519175613793,0.158411652708689,0.550206905284233,-2.57911012339745,0.380244243632114,-0.90128295281392,-3.48767620772703
-1.27390363435293,0.817721792539304,-8.08620206647111,0.247450899240811,-0.342568393563317,2.17147152606931,0.963022029631765,-0.0374181196854729,1.54790081066818,0.69540662258364,0.648053649783757,3.79798298802509
0.563990376860834,1.33985775708086,-4.9283954249293,-0.181398442812085,0.715447092697805,1.7967167156667,-1.1756809700556,-0.964385306766288,0.194297230150975,-0.266282900296475,-1.32356479420123,2.45100628937996
1.31577062673703,-1.02282940180819,-8.09126416661423,-0.742415729675083,0.424821892938699,3.78625363971121,-0.0820048701123691,0.0492136739216475,2.98193462599829,-0.798793836947972,-0.0314638337672086,1.72208643189371
0.39999660325483,-2.38893352372035,7.25562032621375,0.875274978729996,0.278010216870857,-2.25888059157298,-0.529537879076489,-0.689538353134017,-2.6557752960507,-0.984980387694639,2.39717722026483,-2.59196291330816
1.16124591022191,-0.279009719851975,3.64393286201416,0.220929945295942,0.385945542457207,-1.52263865273762,0.0339695771510264,-0.55767988275491,-2.83130199334978,0.633327035920912,1.23255865932826,1.25200128589086
5.18353774038855,-1.16291332719967,-9.2990574342829,0.0874118424391876,0.155744885202258,3.40049275775915,1.04107331959571,-1.91572641439582,1.71218941763668,-1.55653395369822,0.700045284468948,0.766210655362965
-2.81673906864863,0.958961222702088,-9.03914994522617,0.332117472336294,-0.37433708404218,2.69286622909873,0.578831215953859,0.744097331583171,3.64441477755937,0.513626363870236,-1.12874154675028,3.4503142698715
-3.25601711546944,2.3797009162382,-4.96333499607561,0.0267428806393417,-0.0956523363768965,1.59225027074275,-0.808549158704603,-0.677468895902185,1.68957372426678,0.333141051665949,0.399734193765275,2.88126757453183
-0.893173991858876,-1.1529557157121,-4.68591135215369,-0.484487069308347,-0.80005246202489,2.22902802810885,0.0922456805317775,0.286435618000832,2.91719766489742,1.39651614794828,-1.66721804970791,3.21207072876788
-3.06238146115296,-1.65755616488241,-6.89232314761044,1.0215457236539,-1.03151271536823,1.85845242401733,-0.217420626778998,0.837407290953653,2.98299331088734,2.57579931598788,0.559530703298941,0.655652784058687
1.19715539193732,1.13794391536495,12.0494213636002,-0.217162130738655,-0.287160198364169,-2.62658955025875,0.422225971489543,-0.468843121461344,-2.35122795772563,-0.787857047834098,-0.049730924832123,-4.52763683307147
-2.1012608403572,-2.28594543253913,-8.51969275268337,0.321206642759128,0.307730944471259,3.81114067811412,-0.292806660434039,0.196702339062397,1.1345837351938,0.377822850366567,0.367102530642521,2.44056529922313
2.61529833172599,-2.58407554963987,1.69045441277957,-0.120945872573323,0.544909183947489,-1.31297795261853,-0.692835719235073,-0.212242024021282,-0.927700483649324,-0.618614467386952,0.636684225934984,0.145899186544115
-4.33803287934698,0.590154418695291,-6.94067324657024,0.46431415944608,0.198735154172182,2.72515240009648,1.05975607208442,0.740184137688976,3.61561916274294,0.715507491089874,-0.406162517770894,1.0213612202016
-4.02586319038242,-0.637805307463856,-10.474363886347,0.872253746288356,-0.64867443093939,2.67226872620452,0.195366070715837,0.0446403152052383,3.21365354948266,1.23954982530535,1.68632183046854,0.810252553653866
-1.81646940906895,-1.95548756711235,7.57240475370318,0.224886826858513,0.994789175397019,-3.68936947192012,-0.0333353019057284,-0.525232096995436,-3.01307601726046,0.178305986111989,-0.155107252278472,-1.5904993687584
-0.427704867563617,0.243043923204223,-12.2390301195467,-0.537710906957518,-0.530826014570472,1.33570272532609,0.335810741452239,0.500888861241786,5.00102172278066,1.09722213707037,0.23466493631672,2.42353506261123
0.152160455658545,0.812423047103463,7.12807199939427,0.40115463513719,-0.405104559190054,-2.22189685106351,-0.62527162802762,-0.0392468885307928,-3.62449866577198,2.68555885617616,0.265249131733104,-2.29195712951965
-0.160196339300562,-2.64258234527948,-8.40246809591244,-0.244393308339018,0.138841719690337,1.40198939428422,-0.220688127078364,-0.325368408294078,3.45020646661986,0.590113889706995,0.686531280610683,0.997719274974495
-1.13532273063217,-0.26878879587931,9.45582901089585,-0.263425007119056,-0.211830162034913,-3.39726626860766,0.544495048150411,1.00090030465866,-3.4856497339955,0.459739086672437,0.162687709620532,-2.53475851883948
2.34315208269623,-1.1017697243945,-3.67651580212184,0.158066575754211,0.0823093514775674,2.27252764166158,-0.280025644145705,-0.265784613718485,0.483608419206844,-1.34406054036442,0.993651679084687,1.08551108326311
4.72248141281656,-1.43722859479661,7.50118640806613,-1.0180105935663,0.727526144586119,-3.40076278163943,-0.303189605734623,-0.0149555007529855,-1.22729710713666,0.720311124791707,0.553069992215481,-1.88779018812564
-0.738162139566146,2.05324483943167,7.8319818289107,1.88911802602724,-1.64825234756308,-2.25093877638292,1.25133191682243,0.411978079442265,-1.52413883294303,0.361921693238666,0.259863888470617,-3.00487397445773
2.27954982238604,-4.20709601081864,3.45463495182688,-0.431896806301468,0.17562191572805,-1.11759291440877,-0.625055789284155,0.26301119328136,-3.13587510820216,0.113591607012733,-0.879811826430545,-1.72243856162813
-4.72273846161925,1.0047395727261,-3.8501039810455,0.708952873313371,1.26653787577089,3.46396082915698,0.0372197647579132,-0.340144619842144,2.34459436459221,0.847695705709347,-1.63290362887008,-0.194878896407517
0.411717132508422,-0.251440470442478,-6.24617179904583,0.369246388801123,-1.61172895737796,1.91988781484052,0.133968898038944,0.302368642667635,2.40693530297105,-0.464435346040415,-0.102988984011273,2.86965192328063
0.605935994296254,0.0422868427745919,-6.59510934324978,-0.0696720055809628,0.471490072385279,2.50443346736925,0.0962894506233131,0.0205582600786536,2.94129970307092,0.855965758959909,-0.581944478327499,0.08514501865795
-0.0542655017036601,1.84403062780473,-7.90558199221397,0.0169169254101888,-0.0286112496093823,3.00586498131865,0.682744333451466,-0.159127801167351,1.18610207929156,-1.39858904715248,-0.488706416071381,2.99772305698739
0.303659089361832,2.12993403158664,6.23958269591809,-0.087785660534201,-0.606546465493031,-3.69503083845166,0.0238936487370488,0.174625781430505,-2.6700919019008,0.758358000715413,-0.812852332908494,-0.970512965795422
0.773432651264617,-0.911150857035693,7.45323409021797,-0.660451350483226,-0.679398855968599,-1.24368129214047,0.805335201679107,0.223991977450596,-3.13490295335871,-1.68594494234333,-0.142117472851051,-3.18051925836869
0.868269157100357,-0.183889759741421,4.38294202178033,-0.786558600661444,0.262635152836373,-3.3306284559389,0.170648449854428,0.758074445155493,-2.92230583285983,-0.801611924341148,-0.694904553316873,-0.497859038389873
3.08057854932481,3.44946249655611,8.0663362221155,0.269526309147897,0.372404966491182,-1.40886006723838,-0.459000413036827,0.11801215731619,-3.71982647980885,-0.0720266007501639,-1.17076700405638,-1.67301110238211
-0.536523607483526,2.55507526379998,-7.5997027107238,0.678091713491692,0.0174279224738516,1.65879822878423,-0.29176903925638,-0.442947905046626,2.31859360280047,0.213350592588062,0.513753577581392,3.5829147549121
-0.397066299349534,-1.80579304341516,-9.64419444334527,-0.508334457259431,1.00920659803053,2.91714862783533,0.664620167504871,0.537339631836499,2.21147624678417,0.735967597963053,-0.060638369330997,4.19121077998181
0.298237448968235,1.40458045720913,4.6778362909359,-0.303180114213685,-0.632087405988601,-0.618360701524646,-0.124323845828144,0.633500966046478,-2.02493021568629,-0.0476603188048439,-0.0822614459624866,-1.17268617903959
0.108612887412105,-0.0442117061611116,-8.85647636695489,0.167175037943785,-0.371281148205317,3.93311635381333,0.119388396604728,0.279230036310438,3.48862070239441,-0.340393471404213,0.148920385450045,2.77430694517414
-0.668953193333745,1.45811575350006,10.4297662999782,0.0831046537827036,-1.91277085909683,-3.95025761925753,0.826579770144785,0.365748323217025,-3.26037830744766,-0.635489890904763,1.00849961052294,-1.98723135383397
0.757981608967029,-0.355731869522278,9.52926998955314,0.00533076109533854,0.343482886519911,-1.37009803837967,0.0676694165789242,0.0478755530448255,-3.36870317895751,0.502309954759689,-0.178622610158473,-2.96092328740979
2.57767047038475,-2.96726454095585,-11.6147552763864,-0.102286028864215,-0.52576751191345,3.551820226535,0.260807929939625,-0.0690063001430514,4.14249131292437,0.175225390716231,1.14407142193003,3.65648110259318
-2.61262451924978,-0.839312055376991,-9.38102261040456,0.581572724251266,1.79653999256411,2.25555387458106,-0.0373877795012851,-0.0806771681610267,3.5200214731212,0.481501715832108,-0.99277049840539,2.93083189583383
-1.49989580280595,0.0852212773321501,-9.60040975286614,1.4428978042878,-0.11939131493237,2.93742321953425,0.200561956842465,0.197350270325547,3.26921889775087,-0.76143383433797,-0.857299638995497,4.95576412872263
-1.76027766244165,1.64669452716378,10.3981023923915,0.0120569600200545,0.618391042236189,-4.47023194124078,-0.671326513445804,-2.11131164964943,-2.54360553275508,-0.739127056306215,0.961384860614352,-1.27900857824342
-0.678965263232913,-2.70110885133726,6.48539001065817,0.220393407559212,0.215118989780046,-3.29901997479532,0.896272734224019,0.92377133190344,-2.22829330199555,-0.314359775789074,1.02894097869069,-0.550751239860862
2.70557863855364,-0.37643154826419,-4.26886200388105,-0.221285513431563,0.463986562732462,0.678001398076064,0.0369602415205569,0.0725678427088078,1.29941302078303,0.62980135378763,-0.876953730488263,0.519030868510707
1.92228481795199,0.460917417880379,8.91567132303555,0.0649056465883815,0.339227518867468,-4.28390037310267,-0.218572834246805,-0.257404739721316,-3.76746959787736,-0.127998620456614,0.942694528847381,-2.04003775788431
0.117690939877604,-1.05466348671106,1.43390028918083,0.447673778673962,0.304785887804093,-1.17684532543016,-0.0182577386672933,0.113738830436428,-3.02912932521956,0.381669300821136,1.4426687098386,0.846230012071107
2.38009859024072,0.396928411151477,-7.9582136999975,-0.387095344130174,0.792901739916544,2.39286668247504,-1.42806159522584,-1.04642866952234,1.59411296206146,1.31491369576269,-1.10503044070922,3.22069472626818
-0.99411497588566,-1.49768758785133,-8.4866239077992,-0.890769155424475,1.42105574355065,3.62228331563324,-0.0763711897396233,-0.321554189301669,3.25971897242453,1.09604977628784,-0.133769630193841,0.677622304115329
1.57167464893625,0.35982692836688,-8.57416345854915,-0.0210072327720302,0.819029529962312,1.9518053993382,-0.599159483729838,0.276495533125736,4.11509058462811,0.384091990924487,0.195586195102519,3.50246528897376
3.76339513033014,-0.978711258585884,7.37924154264649,-0.415410119882611,0.784920638724255,-2.79994722448372,-0.531874053068942,0.494030032061618,-0.70589940356629,-0.508183602808832,-0.222625265228663,-2.01887070597304
-1.74308557772448,1.91078962612113,11.3988342063094,-0.29047696972856,-0.385993135277029,-2.75585367088226,0.304599255324492,0.298093600669451,-2.54337284021328,2.14152761018876,-0.165272464127656,-4.035312201387
0.818116069960171,1.57977337635646,-3.50777664942425,0.988638329896367,0.322616354565299,1.49717223034301,0.0588141560731043,-0.17298141068633,1.76113626465877,0.114773044678511,-1.17706966046424,-0.535297300330074
-1.40089652449872,1.79257496023958,-1.72039701990561,-0.63506327950518,-1.09609354313416,-1.1879754141609,-0.472196210958979,-0.267101589110852,0.553377855052352,-0.418075622849508,0.081716287419268,2.24528119973834
-0.666502618025069,0.733862331064348,11.4710168239446,0.458998633554252,-0.395736579740732,-1.58671592734568,-1.38019819282611,0.934664958255555,-5.26938880710455,-0.287651664609041,-0.257448786823071,-2.82202993149334
-0.445889219149811,-0.188794571042919,7.65950652883918,0.471507507678013,0.540499713204329,-2.50253647590009,-0.137108769521385,0.0102150777113692,-3.60063547298365,-1.1599527866796,-0.2557189082333,-1.63875050602557
-1.42292347394459,2.04626710069779,-3.21927497010668,0.18284855900625,0.120564722280018,2.9433563032816,-0.651507964818116,0.574176511682072,1.39073734577004,1.53136129023875,-0.657260991318831,0.596435360920245
3.55667796311556,2.35629485007268,-8.90807196494601,0.180682514756255,-0.249842206944725,3.25681231500678,-0.654813000448016,-0.691042023831486,3.75958415705211,-1.91251393821855,2.21231506547274,1.47798242744129
0.084371254357502,-2.02306542586808,7.49401505407723,0.381977299238105,0.737919275421849,-1.06009235947509,-0.142018961747744,-0.308310320441135,-1.33211606605314,-0.957889401181558,0.641969661445866,-3.44496948295654
-0.864441667258624,-0.527071620998236,0.847174655235163,0.259573200955751,0.853653567554813,-0.803866349748931,-0.0162707915195273,0.378219879756432,1.53304518414238,-0.0132074278413938,-0.174673765973908,-1.65049362927342
-0.0781568657012718,0.519879852053484,-3.2843537716261,0.0994097792568061,0.0423972571878902,0.471486731288103,-0.533575061994601,-0.267664827973487,1.60180769425525,0.476792354617708,0.609814413912117,1.24186316260984
-1.21858150320771,0.279543248452531,11.0707936902005,-0.109453410543339,-0.0397217486355741,-4.29487465392778,1.22496447490321,0.407256433207509,-3.40736605553907,-0.823308940981208,-1.58215451189695,-2.49832174215506
-2.12785740569846,0.452862436933485,-5.67765184487208,0.587002139052944,1.20847583637223,2.34744706699448,-0.250344963731165,-0.0503684403153729,2.4642232830763,0.762376144947232,-0.037267168458435,1.23834374095482
-0.459163731463317,-0.124281874597227,-0.815639331680581,0.334596770764785,-0.65262581186272,1.39699750718493,0.140647500242873,0.501942398531332,1.72936151967774,0.0886494229156719,0.892736458094892,-0.391559945542489
-0.0199419057001183,0.924436155786341,-8.4054215315396,-0.354685355737823,0.150551840163804,2.020143116246,0.512994311000131,0.42061206747222,3.85885738545613,0.151938193657578,0.67148472004061,2.19247766165581
-0.0119800595749522,-1.58042777830055,-3.05004323027999,-0.157296981714932,-0.367255360643247,0.39588324575179,-0.481434518804114,0.431857350337858,2.60981549525169,-0.468834433335665,0.574648415855505,0.750903445966204
0.478228881186385,3.11759780686105,4.34130288175302,0.497359789477511,-1.22153631258063,-2.32898343465087,-0.604555333925474,0.452274662489754,-0.839790598491521,-1.42248116181318,-0.756896611561105,-1.03503291101519
0.564222238184964,-2.81468579268666,-5.94932068708335,0.397466080758206,-0.0529159024349472,2.72639787626341,0.554297829577181,1.28270269424278,2.26642124913388,0.0976649836074352,-0.0496077135114294,1.27264151580061
1.7974254444671,1.70486511942786,-9.23551324242118,-0.502307699299704,0.294523615798899,3.33511711505577,0.328821585237207,0.544383517300447,3.30251345184616,-0.769904781683996,-1.7778017862071,2.25742668423978
-1.31515431166899,-1.25161403479579,-8.5461700553524,0.117966933946748,-0.229850865639159,3.8434416235448,-0.195005624601881,-0.363679816768822,2.56984398719207,-0.109043000171981,-0.12495364646581,0.668937222595362
2.52361101117155,-1.0410311658626,-3.91402387128348,0.248715288604625,0.526266307994547,1.85199046377944,0.817560778730251,-1.98117707575439,2.35763817620437,-0.547132881667713,0.0427393294090025,-0.0539882782787914
1.15235096110831,1.07544246108071,-4.21826106105199,0.0989530364583091,0.0999514534931631,1.97091130713814,0.331177534550545,-0.212960602482668,0.922298088427206,-1.39738300566139,-0.304262095498479,1.85407299548832
0.696051415802384,-3.33210897551091,-3.97668422411774,0.488976422865463,0.354280705949138,-2.5331409695857,-0.490313546971504,0.400515440493646,-1.41032104706025,0.483454816019271,0.854995034850574,0.545010963167323
0.386749211425175,2.98756924685007,13.7331237404617,-0.425617472468735,-0.753068308966042,-4.37374280563929,-0.202321298598392,0.148732670095763,-4.49956076133301,-0.436877099850475,-0.090072143217854,-1.48855844301727
0.190433036846231,1.6295551916434,-5.1183850023372,0.753820483981095,0.0624345511945088,2.13344616978098,0.123329925785111,-0.512230863561553,2.03208623426362,-0.18273528891635,-0.0926850903886184,1.45602205984403
-2.8567768793739,0.656329634070048,6.51916226116957,1.11064316999359,1.31497348964136,-4.15646049911309,0.159360547217483,-0.11531838186084,-0.921424362587261,0.825971791315316,-0.837167822481663,-3.56536645206502
-0.119630985132821,1.29699124536585,-4.10759977148039,0.58025069394017,0.327966441366479,2.68827740014838,-0.0914106173965971,0.595422041779686,0.659887084553105,-0.365785816707779,-1.60563076700566,1.24383706284206
1.62029963144788,-0.641099797195038,11.8637346092929,-0.196983476350942,-0.117093777114918,-1.91690021990047,-0.343099796035321,-0.494040570367125,-4.1018771328656,-0.135526885370796,0.384735148575636,-3.7413177624907
-2.15398921708354,-0.111030083411163,-1.83788408535277,0.515791353758947,0.765019276570816,0.163874539551476,-0.127306226650568,-0.695235013080569,1.07629921014403,1.37399743079523,-0.896706156966282,1.99871923763435
1.76871586499826,2.35360771149629,4.9584960192679,0.119425556833046,-0.452883449048466,-1.8947682867744,-1.17409754068677,-1.19838374059958,-1.64530310303516,-0.658532179616819,0.577713361194697,-1.17930576905404
-1.26696404822276,0.603352466466207,-1.90019128907731,0.135104567952487,0.0958746854563907,0.885745502894599,0.558595085415363,-0.0916119814614004,3.33910554294193,-1.00000214124461,-0.627635644126398,1.11369848371171
5.58293884175201,-5.41448291040993,13.2168648346991,-2.51055658005558,0.757420534343645,-3.98704598921463,0.181000229164685,-0.102518632547088,-3.67763054678799,0.0202759177290843,0.190098837460645,-3.10963829006021
0.573960692958266,-0.248488497084193,8.87633444229811,0.110197008912521,-0.316528825374349,-1.78693487046733,-0.757536088422505,-0.82750726631132,-3.62626427737591,0.685152601092181,-1.81157854469694,-2.40733183321547
1.16927901487331,0.262134445826103,-6.57629474291762,0.29098147743587,0.0431983250647306,1.75146079471688,-0.335435485639142,-0.0810750962858764,2.21184582573018,-0.437145591943672,-0.33915451428646,0.733709295491512
0.920079548459584,3.25275177155318,-11.0875182627061,-1.58874435204991,-0.711101753232986,2.7845104726227,-0.168018247909547,-0.616027037962183,2.43765461139732,0.836282093073741,-0.930259509531117,4.2594987681053
-0.60580658562503,-1.39656031434018,-8.39467519610714,-0.120493231073945,0.0710095024596314,3.61519742363423,-2.30561803818403,1.05994985858379,3.53732641793329,1.70878962508241,1.11737625980477,1.91622344256556
-1.4797358860211,1.20046943790089,-5.38249176411447,0.260326238240971,1.32876538388393,0.897597580798511,-0.408331518565895,0.206854246728319,1.8019913255903,0.190298856366544,-1.27391160100792,-0.342476647052725
-1.78262565060788,-6.88089276180924,10.5028110440775,0.315635445969094,1.00794721437434,-3.15776058107624,0.192329343584437,-0.28098020276755,-3.14776370925791,-0.532568500359965,0.199189638740209,-2.01976372845377
0.31731115416252,1.02144145826162,-10.01102034971,-0.0958650495276285,0.703812819925084,2.4633720859135,0.476624027356681,-0.612347997659105,2.74803057128236,-0.121734845551249,-0.282742773341971,1.39912441362966
-0.20036760300346,-1.16892994754233,9.89501099048911,0.784916535450668,1.88259838635232,-3.53145256137756,0.0743310918846177,0.224739367514293,-3.7651812220038,0.453195840174313,-0.0888793046681095,-1.62885586494407
-1.49826091099628,2.52285193241611,8.74349056456938,1.878487010756,-0.556307960260388,-3.60738868526989,0.405703205512685,0.252215498877458,-2.93978578234427,-1.09420291330596,-0.343348564564042,-2.54393178833523
1.94860817840785,-0.548821418081763,-10.4487719676256,-0.134324831351533,-0.02699875796357,3.44475177188143,-0.330035885836399,0.828576230047444,4.30563022943146,-0.372153215579077,-0.780363397836918,1.14840116818684
1.70484864254985,0.97845229618771,6.2452019486676,0.36352903196196,0.0896804828010254,-2.59672064648411,-1.19271295780244,-0.369396656088333,-2.04816664125656,-0.972281605097331,0.642384266629975,-4.06803170931617
3.62295599290394,-1.32939331832296,12.7639327842561,0.435621804552803,-0.48509656410836,-3.121804334667,-0.449256566815038,0.277733133947212,-3.61869277134675,1.07991935539007,0.417017927629106,-3.89420165710523
-1.84163223760469,0.530025095208108,3.43423475950442,-0.500097607278063,0.566048179412502,-0.800600791560583,-0.0956147201364699,-0.00545967352270336,-3.44205881764709,1.94376911212614,-1.09548810310194,-0.0380096922885057
0.761252967473068,0.304600941193657,-10.6196704172012,-1.04781143718282,0.307560767159704,3.6089121782848,-0.36983963196393,-0.0098615383239494,4.04054900886201,0.243962512876108,0.238956432798443,2.97410932424297
-1.93171918748645,-0.820354694367135,7.95119324614415,-0.939796531350982,0.460334792307435,-3.25870887674894,-0.125574902704621,-0.120820877702029,-2.07821214877839,1.58488701206905,-0.0954482407493589,-4.75957342581707
-2.06214258198108,-0.302035355679216,-5.48381340075337,0.545863867148508,-0.251011806212319,2.24540509241504,-0.569193150562108,0.807813271059029,4.13416173903498,1.00045856045734,0.839010564633659,3.69504869927547
3.80069487739142,-1.40289482107064,8.39036964170955,-1.65325314919315,-0.575881160169507,-2.90414429677108,-0.887377917614708,0.394349789903385,-3.98546939461318,0.575952668629015,0.391186176102897,-4.08747819404999
-2.09942747746532,-1.98426140494514,7.70589766899804,0.616578677215865,0.151925561138991,-1.57856351838877,0.555495862345948,-0.0653067829397762,-2.70789382704469,-0.742837994369603,-0.109991456072598,-3.84346835947526
-1.52537079153309,1.60068795172585,8.17128413341972,-0.085697938151143,-0.160871903938017,-3.82005452974844,1.29702770192875,0.00701923938311785,-2.13960005599389,-0.309025681724136,0.245284834628298,-2.03342910626021
-2.76794640952696,-0.391339186792029,-5.32171429713147,-0.181235097046389,-0.43216512430966,3.63490035834579,0.435346746622844,0.0427722789458652,2.99878050566096,1.54594474340394,0.644367186512973,1.1034227704754
2.42958415026795,0.646743854724941,6.35898402425894,0.55634362604839,0.260047649445854,-1.60959569686273,-0.329969991778418,0.438510219819456,-2.15034166066259,-1.55474540759703,-1.62877894677615,-1.13703044028373
-3.71315870819425,-1.73075754148898,-11.8559318114195,0.0860887458592516,0.230003531528653,4.01017023875359,-0.42431218542997,-0.337256753286033,3.55403475158894,0.341123056620438,0.326536637878051,2.17486603306677
5.04973446534316,0.863009543701934,-6.48496192144732,-0.130125575619691,0.0182222175942635,3.92240084286078,0.00269744871355774,-1.71495528884693,1.8767678337882,-0.664711614459974,0.655910167904065,1.9622470997557
0.816095658309125,1.99838220831308,-6.19318184091769,0.622527181789109,0.132840849014301,2.26641042369667,-0.0802610217736801,0.156211105722965,1.87605438509149,-0.363833660313692,-0.00032890013097184,1.31540613835694
2.48331291361217,0.675317964002303,10.1444913351172,0.156493492949064,0.0609212451523782,-2.89633429169022,-0.403730708753574,1.01760279716909,-2.83102472456049,-0.189299932031507,-1.07910386935549,-4.38355177704652
-0.580569466638939,-3.95519271829799,8.85692275149437,0.338761832778737,2.35683901769783,-3.88577845028957,-0.166705681163728,-0.521233448467088,-2.91976702385021,1.58970317383563,-0.113046909788744,-3.52482947505242
1.15864731861943,-3.44437785787707,8.30409303399423,-0.170172675830235,0.346546518620112,-2.74881660108771,0.482802661021912,0.840624365683361,-3.42396940318249,-0.0072659974050632,0.359670810952924,-1.41644364897831
-2.6515871322771,-0.8092100869484,6.97424881408605,0.198583228007762,-0.0978237789627703,-4.30839308061927,0.536238208793477,0.281178926653833,-0.981509636842059,0.221135968660812,0.000266077974246652,-2.58589896233115
-1.50133520065662,1.35985840548344,7.03040329947966,0.111034705656976,-0.0566468287123195,-1.45633921451685,-0.357149516181537,0.248971517816456,-3.21766272082711,-1.11025714835598,-0.0779548538651252,-0.216284730637378
4.26481914900183,0.0397300764036417,12.1396015919198,0.283273896957724,-0.0623641324601991,-2.12854004120992,-0.247766806641447,0.189535894362111,-2.78972182178767,-1.9769406415705,2.25975683529508,-4.22113468326381
1.16027352924383,2.95125477262202,-6.07073788259766,0.00443400355369727,-0.3985191166019,2.65667543783717,0.102748606177016,0.0341897520057884,1.36149766419094,-0.519577905402403,0.678374495872563,1.78043230946565
-1.08053740620303,-3.32666076997243,4.89533846436332,-0.26808593627711,2.91685404821413,-1.12735802526869,0.324188701180879,-0.140838793412566,-2.92640096382375,-0.178824137141687,-0.167801043445531,-2.06886310923738
-2.30821937501901,-0.775360902743028,-9.293394925365,0.244595303055782,-0.142195283696928,4.57717256749768,-0.0391441301798979,0.470624396439379,2.66250404511957,-0.152910237597361,0.207055998384254,1.92344029814349
-0.193270197444336,3.60047118521931,-1.85969786706444,-0.339660297358639,-0.746518947480246,1.2496425810008,0.250321926142121,-0.893300322576524,-0.769920017842608,0.724552181977832,-0.356393380638328,-2.10970341989709
0.84916267003525,-0.353941552384749,-3.01217038413681,-0.159881142057925,-0.403736931547325,2.00566247808378,-0.793927041385088,-0.0333917900602762,2.70098357442566,0.787557127235931,1.0673781540144,1.80786344788595
0.122149676801901,1.86413804060209,-0.601719369050969,-0.191455452565394,0.40133946495827,-1.25038211217255,-0.345440791027136,-0.156992386107811,-1.2899971663284,-0.394646981274261,-0.298224243055798,0.170941732045766
3.41082960987982,-0.443826790236383,-5.78344008441981,-2.28420900479963,-0.138015237231923,0.160809714138611,0.223087176603291,0.107275316550971,2.31608290795932,0.0630401655234422,0.435702243085578,3.640541448151
1.32684745608963,-1.78289876099614,-7.81755445011806,-1.14509169901595,-0.310385253632045,3.67713768430645,-0.305979618508372,1.17473984202373,3.61356957540207,-0.860318317039908,2.41068787687924,1.65259653005201
1.19266123965013,0.794308544261192,8.38623768121267,0.238876412302365,0.276552090785856,-3.32502360335918,1.04452451178744,0.0569535414675723,-3.13659491863509,-1.6978038116309,-0.428464234146315,-3.10805755420097
3.02227087454534,3.50892464533515,-5.30161968437057,0.460426796967424,0.415965547690368,3.09516684792209,0.322615190154286,0.118107285997686,0.862632611859513,-1.51597361953386,0.445843970021585,2.61591439181607
-5.52363947181899,-1.22714121033747,-5.15877514636145,0.290554803012314,0.155523533117238,2.90703939837005,0.0189531495765933,-0.0226255803896242,0.770385388777446,1.95827385269114,1.22635461954488,1.95824204204063
0.0872435650505828,1.62862751381027,10.6513245451349,0.429047072200828,-0.844152631794052,-2.5297601577156,-0.984082356388718,-0.301267737254259,-2.93388504193622,0.314298521969379,0.113361474204842,-4.215652417975
0.217126860661665,2.88576966408234,-8.04703124294672,-0.311877525456061,-0.03303574676909,2.29079593250244,0.175384726076504,-0.164877511006351,4.15654422127443,0.990471756687941,-1.69254907042349,2.26942077321217
0.124380059638091,0.397528171395029,3.59741042724144,-0.346437264817847,-0.360974211829001,-1.58242945248652,0.881566472299669,-0.751529711430667,-2.7402937971123,-0.22922513298847,0.278120277754389,-2.7643701597468
0.539987455755321,-4.11631108589925,-5.37175242600002,-0.268642530972534,-0.293380142447135,0.709957298735272,0.0740364056830005,-0.428519975163654,3.06374693156137,-0.616475888069649,0.215767757054943,4.10260676980711
0.141126332474076,0.840224560403589,-2.50108950011662,-0.30149208938642,-0.291043895653748,1.05882873575308,0.368197566365203,-0.271370703351966,0.61127240033635,0.0752708279070732,0.842818546087036,0.130559762013934
0.325169526639538,-0.126080943463531,-5.2241698612417,0.215826179716882,0.208204855386751,1.77410468910308,-0.312892579351703,0.572029388999202,2.84209301878592,-0.828572214799173,0.649551067144762,1.54151953393661
-1.53277733179184,0.032346260832206,4.33899509721726,-0.989147973273176,1.59835926564283,-1.91480066586093,-0.46360234327944,-0.986691863158166,-2.20452130015048,0.739613989024309,0.473283059944254,-3.19606672457042
0.426280763990453,-2.92563975815488,-5.80004929232182,-0.140699407848056,-0.0457923630812124,2.515229219069,0.00669209390475476,0.129025956358102,1.39329666265688,0.673420565054917,0.657223060940062,2.44894269539319
0.796275224447434,-0.530184780552863,2.13560666778666,0.304187505917019,0.881487069248164,1.48930054221282,-0.370851219060586,-0.510060710351069,-0.448742507974812,0.466003385463026,0.55083342549268,-3.55206370347311
-0.0478652942825255,-0.308671869121834,-7.59771776955584,-0.42887129799066,-0.183419272268119,2.77282567108782,0.562535303338123,-0.90984442327297,2.37624465892787,-1.17274976910362,-0.24799666712782,2.10337472078514
1.68162241946748,1.04576096012171,-6.5603734390908,-0.563153456545375,0.253943404320505,2.33132790889174,0.986693823530648,0.188767880473735,2.2533052322895,-1.01299754524707,0.208959873141331,4.04126957029463
1.23956697754804,-2.25665001726275,-4.4467281101337,-0.744800426588999,1.23835876693705,1.09488774425774,-0.0918317757516893,0.14553730501666,2.09559651065521,1.13557068904079,1.56405477512245,0.280322640263264
0.266889924878809,0.829799968744254,-7.95046519322333,0.801554718607861,0.234684532419656,2.84658018246214,0.222204054385613,-0.124601402631861,3.79629863618824,-1.21559001102821,0.848829051891789,2.5933183634213
0.362681501226035,-0.690635163013581,10.7545060379132,0.030355578763068,0.105302390191909,-3.05088779246883,-0.37297853648125,0.737903728992444,-2.29480364990546,-0.0713792311551737,-0.167390653896301,-4.25827522215696
0.185040978588562,2.86394000815293,-6.73840643036938,0.475579156265932,-0.0806165152546913,1.69393980511888,-0.188291556395103,0.0819384754657745,2.58025854803569,1.17594990536293,-1.31549065409923,2.40153891864879
-3.03324432031595,0.594245702039183,5.57793994213606,1.00751963920547,-0.187384316745414,-0.941065884659564,0.775002688792951,-0.112474023375007,-2.33361133554467,-0.620726911641361,-0.169154011921487,-2.77448751843841
-1.37518960785148,-0.390624407419988,9.27277025623032,-0.549151814128339,0.813502986695472,-3.26117612197756,0.0201698331008601,-0.260018828628732,-2.53631168917959,0.29646449731736,-0.336254944265593,-3.90601995645027
1.30105026690424,-1.68833775094314,6.53251602683962,-0.0619683018623588,-0.245903668422981,-2.79993556893475,-1.38960166509652,0.577596940065918,-1.33887288533994,1.54230578814374,1.32343862267823,-1.13566025295855
1.20030468517062,-2.0626209719798,-8.49036633213921,-0.431372430259378,-0.0256586750751357,1.09252890179198,0.31242174780289,0.182679605918815,2.40475996388573,-0.609582543973885,-0.302926658691159,4.90812497077115
-3.48338645236152,-4.27560896932504,-10.3867820443371,2.1430714581865,0.0961499506631481,2.787312181517,1.01896683486328,-0.0042343022914919,3.16558766500643,0.135477522460255,0.7105670056753,3.26805178978848
-0.310477265859138,-0.762121806080973,12.4439274921795,1.15406755961908,-0.798263629321834,-3.62845778434848,-0.625557624380256,0.139892354746483,-3.41390097126103,-1.62690548390155,1.82049211013221,-4.5515674287605
-0.314153814362329,4.38537523473594,-7.29554780953793,0.00161438155623423,-0.0607696120106645,1.15175390658461,-0.353507863157301,0.579787715805887,1.93676587397429,0.489521345952902,-0.637144430613177,2.02715720202657
-1.64515562035225,2.40158502490996,6.41743717637747,0.159407707089224,-0.977026842264054,-3.36484780436585,-0.588541921225405,-0.328452287053532,-3.17564223733244,0.218904251750798,0.244758658081583,-3.36745125895986
-2.50913724751065,-2.31974701077625,-6.78035781450581,0.376614410480675,0.0642157095528728,1.32868455544006,0.378131827231081,1.05820083686403,3.50742620221498,0.593574449232515,-0.976653627922962,0.805976741588142
3.17493895299809,6.61386085849817,-6.69839133485112,-0.320379936951821,-0.703269085415099,2.45456605816061,-0.461409487825412,0.10416436142667,2.71905620130727,-0.623155547076753,-1.77399342948733,1.33851549044832
0.50964234532462,6.4492774051725,-10.6423892531819,0.22081038190271,-0.307060416820035,3.28579937917753,-0.0974139763458169,0.11321578703381,3.82128927423948,0.700082174534715,-0.909259145929973,0.271026347535635
0.945269534259181,-0.686831064685756,2.73996933875822,0.514660859914866,-0.0211125841216822,-1.0114206667106,-0.259995348641925,-0.10326023029087,-2.71237952795089,-0.580908532310332,-0.661053697128657,0.142026080617214
-1.12380796752065,3.95717810825365,-14.4445622477026,0.359210652248122,0.014019256522649,3.49646302880531,-0.708924994527905,-0.624715355786553,2.52150075017888,-0.473495079914324,-0.201894858741804,4.71680148015413
3.31336630490597,1.85862754597399,6.39740374777786,-0.280451564638536,-0.67571492508174,-2.83568397491273,-0.255391691871748,0.0456500613760026,-1.97657725323767,-1.06739920033175,0.722440924532446,-2.51243766489513
0.271957290677504,1.50714791608551,5.47932709976746,-0.0901593449340061,-0.526350897275456,-1.86519941331812,-0.477484941705675,0.956214021829252,-1.1069820036418,0.866351299852358,0.389540385992197,-1.41102345868697
-2.15490925644071,0.314855290772735,-8.41774975082252,-0.513128444425004,-0.170159416851504,4.24855138407735,0.305982612560476,-0.221234691872661,3.21486954128092,0.903123235785108,-0.137085339874645,1.35883945418389
-1.23690681432473,0.504032963928596,5.01615607384325,-0.671070693291912,-0.686750802663608,-1.33135814337451,0.229094845244094,0.30860911641682,-0.946134924131076,0.996315153626024,-0.703188882239892,-0.0044045720938555
0.755009591534797,-0.0152587776610469,-11.2815293941245,-0.60778738174628,1.54774880546386,1.83885226408143,-0.187806750764133,-0.38491238776118,3.41355685409766,0.840876618724481,-0.818988468383436,4.74790336922343
-2.12030992903244,-1.51199325963255,6.67632511765322,1.11748878144302,-1.3440060614152,-2.13263971049862,-1.11544013031841,0.308403479838356,-1.81883229335881,1.86722206373008,1.36186661938037,-1.68277786603472
-1.24095974521681,1.79214685903348,-4.00692882679576,-1.43703457330444,-0.430184123045994,-0.0317323709231568,-0.39680887540265,-0.132334250338298,1.34434666690941,0.211430978607227,0.0322077308699873,1.7722487514661
2.89773813482062,1.31054920399419,11.4601094845274,-0.558803776766394,-0.274545999998242,-1.67392179404472,0.387320121656518,0.377587382710766,-3.90750116665019,-2.17360573504149,-0.239947922942192,-2.95118022022255
1.49334548383933,-1.72023966611995,-5.82352935269223,0.14385704932639,-0.34470452197558,2.55877450766712,-1.59726993544614,-0.619051423702024,1.10838867016235,0.228855978080502,-0.706457823769661,0.309052749012345
-2.60547531605669,1.03541836686118,-7.09941785232043,0.687759135945492,-0.477065919135961,3.25736839346169,0.523247357158617,0.163094365383623,0.946441739971478,-0.104420287107154,-0.687883830783342,1.53185857131207
2.2333105463194,-3.34028278309437,-6.30344506960526,0.221592407073505,0.433192132081664,1.44189790805993,-0.299667051000221,0.992184619405888,2.5439016830752,-0.0676276427363081,-0.163673652631982,1.35461514255214
0.518084237274795,1.29269863421033,9.69539434266254,0.876765485751612,-0.767073424570187,-3.34678629733033,-0.114755767891262,0.10638640982915,-3.44102255146303,-1.60238605828254,1.23865460740243,-2.25943175920582
0.328712153194567,-0.389218309562534,-9.63063856186042,-0.341940276384431,1.16658261143049,1.94976566689088,-1.07361027901855,0.602242393762644,2.80736861087842,0.137006362912427,-0.433768791836967,3.89669590766714
-0.2765990495867,-0.290670178001507,-3.31814380905165,-0.330777173694242,-0.0355769029794201,1.92470919663411,0.189968368105464,-0.173480237328224,2.67642976461393,-1.12847682045086,-0.280983527624873,1.4030419097234
-1.49898511764568,2.86170392409941,7.25448915156616,1.34954021562525,1.15886272032905,-3.57537906372759,-0.12807425860553,-0.387681458347994,-2.06017773296282,1.25270666858327,-0.119986704000999,-2.22511277774288
-1.37826481711473,-1.73803874231401,-2.05797059968758,0.0953917859399235,0.0609499367644197,3.32522453905433,0.299555874673982,0.258961412757513,2.1569261099124,-0.921664760072228,-0.136579860565663,-0.488885848741865
3.71944309033908,1.80820309469971,7.09447885703537,-0.616365224932978,0.334571920820009,-0.990981237396423,-0.0983593146097265,-0.190168757712996,-2.0493434686119,-1.54197554739182,0.441480790264521,-2.08920595318619
6.9780689323198,0.700493010494576,-8.14852680110834,0.396236457225277,1.04486865302953,3.08443865595541,-0.158610973830237,0.0181352692959567,0.620277441589777,-0.449887794380951,-0.176057231870016,2.50303440650356
2.03338480443621,-1.39670039621357,-5.44373294474993,-0.186312054058031,0.124803360854385,3.32599826901241,-0.209548159124424,-0.083080071605765,2.73582467970435,-0.339174293082266,-1.66082615804042,3.68200030857008
-0.241640365204851,-0.750178207794395,-6.78749936258256,-0.879394316607384,-0.795625188455028,1.02534410878049,-0.799816220733318,0.423221516037113,4.35608997795469,1.49660033838316,1.00310560340583,3.67330821917784
0.564780549624086,3.02639154822428,-4.54641221280815,1.05738534443299,-0.355532503120415,2.31513326637418,-0.0930920559039546,0.274692578820306,2.61623085722451,-2.91872635678052,-0.586128356323707,1.611195907156
0.350810667757776,2.20465022015684,-10.4435975485393,-0.339632916487657,0.119438304607012,3.81491260897756,0.534644846990893,-0.813123147182447,3.02363904637047,0.72923040535125,-0.0027047471091652,1.89618602291152
0.854152298429474,0.218796513084285,-8.24759259522163,-0.0467589289547291,-0.842465013262865,1.54567823453322,0.301625625282109,0.0197077246801208,2.9719456399504,0.544131980208162,0.133185156255365,3.78619178077659
1.99267241353916,0.188632496546371,8.73114998716623,-0.554295874669446,0.520490137140574,-3.16781861057989,0.996416415996831,0.0729524520348326,-4.00058421615901,0.528532849597792,-0.421919814944067,-1.03725815007102
0.285696637262777,-1.05820217628322,12.7970328087629,-0.48478327896031,0.344541707407195,-3.39248869737322,0.243026792862586,-0.101542799409721,-3.29823526883697,-0.263038988588285,-0.167694392625111,-3.93011552246105
-0.866249123149958,1.40688193197868,5.75729659025638,0.552759193666471,-0.900825230749616,-1.29972175929307,0.143148847058538,0.411221604429853,-2.68277190659508,-0.304818242087912,-0.781488021208851,-2.55142154994035
0.442137982885922,0.220818769183789,-3.85325980553707,-0.055573822339281,-0.817489304784502,1.38226511457075,-0.265037881833218,0.0458688885982301,2.21247644085539,0.0483605096255944,0.334729313097261,1.14406814449363
-0.823095185303372,1.28169883012086,-6.09410401684256,-0.227147162447806,-0.611691744489072,0.522834590670294,1.30660362297699,0.659123318174538,3.90176577748984,-0.54578834167898,-0.1390529530363,0.965320716210297
1.02859313521384,-2.49694868858738,-5.59558434625936,-0.201748015061709,-0.980517366082406,1.50300661259763,-0.657557784848224,2.19645796765429,2.32072074030221,-0.17830280588999,1.13685812857054,1.46382584909045
-1.32244224502808,5.0909918270629,11.2895191691229,0.102853568795714,-1.14620586502989,-3.39089324619273,0.140495660344292,0.446365367506309,-2.80512155717571,0.502301552789312,0.459041246889464,-2.32947498227509
3.2972782109824,-0.871057881165033,6.97314046812251,-0.0354365426981016,0.05480419931661,-3.05946613792004,-0.533966579442726,1.35188085130387,-0.201902918466674,-0.269273176653081,-0.305575589047005,-4.26417064135942
2.98242613384399,-1.24217080286333,7.21177478451641,0.729962174851703,0.188121426149331,-2.80866342387596,-0.575832608151565,-0.0328669406085991,-3.25311421704899,0.209981857811617,-1.23029712933305,-1.30033637058567
1.33638618569317,-3.18747433261098,-9.57883638191211,-0.270638717541876,1.65476204648419,3.41283382722633,1.10591645107729,0.318303088539075,4.22901695054253,-0.195937078752802,-0.0784943845805601,2.90205866836352
0.0240745698682961,0.821461112057972,-3.32992904044644,0.48836505108689,-1.01327358025548,-0.948081833239463,-0.232260774915008,-0.42081970115495,1.43234779693203,0.0292049143508108,-0.0420001427626658,3.52556661078272
-0.705980347654847,0.192416540538337,-6.98444648062659,-0.104977731986368,-0.411762746050964,1.71700357654035,0.209968042478969,-0.530016943420527,2.65162726475191,-0.209900622989602,0.297999956694757,2.63082584016983
2.44531463413662,3.74646886533746,-6.7954160046945,0.555700399132477,-0.438258451849034,2.38086552807611,-0.127233066953481,-0.689530088313959,4.08483962390954,-1.76753672609072,-0.325925736682274,1.7166843417242
-0.290149818727663,-0.00750149158314933,3.07260838321853,0.271409607665356,0.58071337197739,-0.972248470387786,1.06225460087414,-0.31797478347215,-0.456768696331001,-1.48413500520561,-0.718000694566496,-1.80764994237383
-1.38235462003988,-1.49484870474446,-13.8515685468252,0.158799224158274,0.602507990719995,3.72245100941537,0.958435510512124,0.174594713930547,3.99719519844874,-0.202136983916596,-0.344353675326044,3.5320992102854
-0.589918017187671,4.21984307328426,8.47793600674478,-0.295729080541437,-0.260943214557461,-1.19445033257957,-0.347810480099895,-0.101988894067494,-2.95989790688242,1.40202753932376,0.101893415565543,-2.23202020062366
1.91757469278207,-0.657722595783552,-3.83217119409282,0.0639443573654189,-0.359652980002714,1.95005547189763,-2.05723420562085,-0.331829447135668,0.721281005446723,0.30708291195113,-0.0838955429238258,2.61611878641149
-0.739383555496926,2.11194342997632,-2.75030241679645,-0.0700329843684619,-0.596605590458279,2.33633642175267,-0.57196725672936,0.485191197623177,0.737224893340619,0.388701582306724,-0.762678548985019,0.532513366249646
-1.31222005174415,1.24702502847329,-9.9496190280309,0.286962332781668,0.0212541405478065,2.96316439119189,-0.190442214150073,0.155132210169054,2.50109781536537,0.194680457421763,0.265638687662286,4.17884228335939
0.608507748537724,0.404840209686364,3.05382798405058,-0.184973515590718,0.452169963508562,-2.59298137813901,0.213381838100598,0.0728146426106066,0.994640991425719,0.286116541694386,0.102144822433257,-2.3647870852735
0.387049731551989,0.848140598037997,6.98842485817636,1.18916267793164,-0.78175645957937,-4.55210342740905,-0.369466302177475,0.144065486110962,-2.87245007712509,-0.176895724555586,-0.254593548785224,-1.27687585144864
1.96272545300013,-2.59554688509072,-5.30248589022462,-0.323423118592619,-0.637306156733377,2.18644639761052,-1.13785833255118,-0.42589515275881,2.88859842097719,-0.150817461074965,1.69861866833241,-0.262060110215251
0.459482634005827,-0.06509944962946,-8.45939615502349,-0.178812073836948,0.266726415566334,2.44779645378555,0.29091197045061,0.224313125823811,3.48351139326951,0.421461386543264,-0.339720247215801,1.99908053080897
2.78030997007051,0.382815045683995,7.21737642047349,-0.0380886698606515,-0.711194286217157,-1.56614678289402,-0.221151135175041,-0.242176981782874,-1.44355305327303,-0.175280941022134,0.230647109572284,-3.06645918571783
-2.38809917398082,-2.13989369615401,-1.98781367025535,0.378117195139852,1.18678283336524,1.32882636126939,-0.539590607947563,0.217645146746221,1.53245876481598,0.47117964407977,-0.0107487983700262,0.861766294203315
0.34122417743575,-1.67921283120953,2.32668521373351,-0.0464454229437354,0.188819936184586,-1.16228853332111,-0.108306317294859,0.355603696591971,-2.56973582230908,-0.513871999735766,0.745525363987633,1.5715264281296
-1.28724939266467,0.0195522134717441,-8.83920035064617,-0.0283824609531547,-0.198356931156348,2.74892832444495,-0.101334361219632,-0.727344548551886,2.75376280063596,1.10859939033827,0.296723855869288,3.59984061359113
3.62893887205611,-0.909445945016758,6.32527775702002,-0.505817123152721,-0.806227942088846,-3.06200494571048,-0.578505714567254,0.0645319770294005,-1.48064999949235,-0.984910610358933,1.1282708912926,-2.8162151686682
0.327993773535341,-0.273810289546716,3.98150591245149,-0.174004353976343,0.0645211707037023,-1.72842446419685,-1.91551803506797,0.174935975167015,-0.582577313353881,-0.0899317420305757,0.446689939078561,-2.35357063611957
5.25108155654946,0.50812618140482,-9.00938709671994,0.0662414389253514,-1.32099449479111,1.79088142188896,-0.382273557912106,-0.462018579251283,2.36070306714159,-1.41297155991975,0.430391662038568,3.81173545770932
-2.15739885793296,0.420492873141573,11.2872433497722,-0.41012538318554,-0.78916860937224,-3.73028114681542,0.385967503626697,-0.0994254034402348,-2.64245188915006,0.0173644711190977,0.364667311322187,-3.61445667269603
2.820626254375,2.02862707382578,-11.0456566068202,-0.415860088729171,-0.11781523783158,4.12703873603475,-2.0479569220189,0.347095136508634,1.89321960366796,0.237805889592865,0.519423565765677,2.5408366243924
-1.09860332187115,-0.382597276240594,9.35468157625293,0.28129404435339,-0.214128913372062,-1.90198660293866,-0.169369908205085,-0.781390481033736,-2.18088459500043,0.303793956649474,0.670509225264605,-4.03883728162588
-2.79755284893436,0.545635546170411,-6.29548336065809,-0.0820302185768591,-0.0575471563305631,2.30286389991973,0.950239617873943,0.498931045871849,2.32171293845735,-0.174258039944987,-0.0805040138871031,1.42686507841296
-0.0237355656984686,0.368912727890712,-9.4711992626395,0.0630100160148917,0.386315852220983,3.0528045899224,-0.215480629179694,-0.0402874206986414,2.7107355535674,-1.25511126841745,-1.28433214158035,4.31769864390239
-1.78974245842055,0.100547847007986,6.43143320931127,0.19507103859779,0.00717078487706374,-2.29256969757447,-0.694180623384506,0.26344201765386,-2.58399108171317,2.41863364491718,-0.283784617579455,-1.55796679011823
4.46087594219447,0.861925594378165,-4.86553403446593,-0.483591809411526,-0.384509637126815,2.27965016950756,0.042800676992536,0.0254817403187025,2.16948203706424,0.282202246961708,0.276177359539439,3.57193841930659
1.07691019744922,-1.03776492647855,3.48501753614828,0.117476649144662,0.163024234164468,-3.04395124281706,-0.442038192829111,-1.48738948603489,0.294768164025742,-0.299923645908381,1.44505823920303,-1.89108607911683
-0.741458161590146,-1.96377409515703,-5.8658624271112,-1.34486329662415,-0.390275414141917,1.03075897324004,-0.236078577396811,0.541457929900947,1.82778522169651,1.12159945704353,0.000198389557683728,5.86401819269702
0.8053688178908,-0.263317857193886,-5.23062106246827,-0.437591715550949,-0.577812948555276,2.49399745091868,-0.0735405754568375,-0.447031752100774,1.45951697565145,-0.428812766399407,0.722345237624589,2.11803791606991
-0.920060389394324,1.01897011354004,-10.7008170112864,0.297258414653248,0.476245386341278,3.97321871772803,-0.0877719534002111,0.225898126712882,2.69312408241643,0.122002113953929,-0.327654608325218,3.16818881830372
-2.39808058172432,-0.728150664519483,8.85536837578634,1.94852311381371,1.36217956367874,-2.73382657958368,0.273638073266686,-0.525866117083882,-3.1892524887857,-0.0324867671069122,0.124260418790367,-1.78064201256045
-4.93872444031811,0.173552763685573,5.89654288051369,-0.0867619508985148,-0.0704348913506795,-3.43246963225191,1.01663707148388,0.602729558478441,-1.8024824770797,0.850836877536431,0.755286977165123,1.02361567387552
0.135329143644287,0.572118224768668,-8.04732769560515,-1.21618103036756,-0.927050813989432,2.25231754393159,0.636005650260571,-0.363657110755657,0.266069778211972,-0.200342894441932,0.00135407713886577,3.80307331543452
0.0749042777765552,0.966027382461004,-7.90145930430669,-0.517451062958231,-0.243141601285837,4.25705919006082,-0.471088669219084,-0.050570087278636,2.69274302055698,-0.868770439218771,-1.04471932861137,1.99542413795614
-3.32297536477968,1.45239496217239,-9.54613078902494,-0.0469267266880481,-1.27630742266646,3.18582083042372,0.579972852282212,0.110252343227452,4.25387985846532,0.0439671730385418,2.09934623197695,0.992615514486866
-1.36981723639161,-0.503455553774057,6.25190364864897,-0.722262902912531,0.469031162565395,-2.32113410662359,0.123632592894896,-0.194630365318178,-2.13108436561932,0.888521468961385,-0.98801888791787,-1.21488137157596
0.0433395204169746,4.04758136053193,4.86362921599017,0.282008777020299,-0.366458970962387,-3.09495442123454,-0.280536364945707,-0.49654030557747,-1.77080804442205,-0.200662453224873,-0.90732391872424,0.767255602717516
-0.0543544177453279,-2.90894120910172,8.02078533999133,0.28262108022494,0.357445830791486,-3.791437297536,0.557639959469942,0.68351740496097,-2.81206746641803,0.412805278123576,0.0078944811787848,-2.15913077509564
2.8050681414829,-0.343153036339199,-7.18510432549857,-0.664343256003966,0.483917766722578,2.01530266299726,0.0863861558943101,-0.132749030652271,2.74210989944877,-1.01102934479945,-0.726099894794712,2.15109728619259
0.371744767827787,3.77670577686035,4.45316270931414,0.342246308424274,-0.445116704247346,-1.47565012452875,0.841238620390718,0.00970091189157041,-4.29163740432038,-0.422994654224413,-0.0566577030513175,-0.102671065930943
1.48357291647476,2.99367933037816,8.13651518278329,-0.140341088958341,-0.193143962380536,-1.5543356904798,0.589829677697631,0.130973047472859,-2.17045643521038,-2.29835230937134,-1.09070102382843,-3.54245040086468
0.0668821571006357,0.971094195312242,7.70984239568584,0.0760517865299718,-0.00475103015518201,-2.74816908491292,-0.132353706956011,0.875958342286022,-2.65594944123173,-0.301990962509524,-2.40468488340218,-2.23498135229623
-1.86118756234924,-0.673692240828739,6.73795817816446,0.0767419231436882,-0.0678714500963519,-3.96640652168769,0.306439664606663,0.393525830572066,-2.28254667500559,0.912524505041871,0.18438412610378,-2.14736239035977
-1.54541424924681,1.74230619596341,5.80242777654784,-0.323944645557208,-1.74795376118419,-3.10914864257221,0.603205466576731,0.768743644567691,-1.67706468198312,1.26715657873987,0.872136200687869,-3.17085580414027
1.65729306438838,-0.119174958167375,-9.22420829616598,0.152937950110608,0.0629363773185631,2.96614535038862,-0.343594201998785,-0.980687182210109,1.49012773157797,-0.145401842702701,-0.181435467197288,4.03275787452686
2.36559925450027,0.232658806325578,-4.25663022694492,-0.0587160727542795,0.157449407628691,2.68345346102837,-0.440661134775696,0.0993838773591275,0.315469217016601,1.88233702453005,-0.159993130998304,1.47009578625554
-1.17606372720843,1.59411228628222,-6.41383165033397,0.123577763938031,0.595842642566566,1.53147468702115,0.448109671546023,0.0980704574498925,0.85340919082359,1.08742349572936,-0.0721779909696052,4.51558957461103
-0.684987074992325,3.66434453536896,11.6200667403134,-0.166110685502556,-0.723146530905714,-1.94586305558577,1.08088522346397,-0.861760023658308,-3.39125569161399,0.233034487664067,-0.137684150153476,-2.93678335958288
0.90081518329724,-0.475864813177028,9.86943309254339,-0.248621909385496,0.201490234532459,-3.51977890544747,0.786591102677264,-0.752963437327269,-3.11798897477087,-0.244397028784768,0.142061246333364,-2.61762839545948
3.4489711481189,1.61217740910498,-7.20867661271285,0.0910672514486226,0.525472894901505,3.17388084968959,-1.00045177294496,-0.520834654031586,1.6428663063578,-0.0779885598334883,-0.187831426713772,3.64407008071628
3.93349681732951,-0.877485322143446,6.1022547728716,0.218983969607178,-0.0813091374787838,-3.31437934742601,-1.80058425040297,0.216579129555082,-1.00203716118094,-0.449901848416505,-0.407836989648033,-2.5087630181691
-2.62546351824246,3.43254022742801,6.69273215137562,0.141871190557008,-0.0816549671380979,-1.47322282984044,-0.845168703305131,-0.3593124090014,-3.04706310358437,2.25134132760834,-2.22484125056831,-2.59841513915169
-1.59096057509919,1.05027656992307,-7.23371870689566,0.0620354537373136,-0.0153856020867785,0.956814979861092,-0.00827847969810478,-0.476632604871232,2.61445125044302,-1.95146923732892,0.363438286294659,3.1612553155407
1.09697769748324,0.909908676116419,9.8263887290407,0.071450957078653,0.332303902994584,-3.47244675034907,-0.634470979808717,-0.0472950973452855,-3.682063303776,0.829976619839903,-0.980683385930633,-2.24793408642569
2.5314436340061,1.32920161894116,6.27884831083615,-0.208682825983483,0.828089743095882,-2.29272231492221,-0.232816798941929,0.241409072031909,-1.48348962247358,0.0744076624547261,-0.759266363247549,-2.07463289834203
1.99541600788092,2.25834684924052,-2.85169791801465,-0.0679533603199384,0.152846249085168,1.5847270813636,-0.024169925118393,-0.167210563400354,2.71970811965824,-0.423849649545383,1.04927366410963,1.31838062749023
-2.06134934473409,-0.893088411874754,6.09483712696485,0.363660306853822,-0.505500880899505,-1.47499280687209,-0.0616193744812777,-0.0860735386971637,-2.20907143329235,-0.0485843546817709,0.136258216821695,-3.55434792571696
3.04909437993604,-3.14345838552103,3.17228323012277,-0.0594791026896971,0.623623253109031,-2.17349233332737,-0.997504532057989,1.71492315907654,-2.5185962944207,-1.51480565854684,-0.794358533929412,-1.69509330557261
0.177299368306061,-0.849896160739549,9.35423914683049,0.0252687761783607,-0.0105685620233707,-2.61572194592122,0.25144323734507,1.05974407490107,-2.61506216004008,0.199669370170247,-0.990659759545843,-3.69327046201338
-0.736204185151904,-0.544453069215124,-2.64101318127498,0.301743210269485,-0.356332139418222,1.72107532597006,-0.0542272861876798,0.216141189135672,1.4666072032715,0.452519832869362,-0.175614890093029,-0.259093987051964
-0.299505091051169,1.62860361451542,-3.36580961413376,0.027061822639574,0.304209300383506,1.51295894244142,-0.34770615860056,-0.367839731442608,2.92993180423034,0.99114518431036,-0.593354925505294,1.22491354614298
-2.44462761270914,2.28788705387402,3.30340445801999,-0.00250948889644111,0.124210108566521,1.05730635951404,-0.315432349443687,-0.406943773327365,-1.89117833060453,0.102291703442489,-1.17872191137598,-0.0418500095240214
2.33779325102757,-2.48312067629152,2.85467899417568,0.479135771721147,0.933962058742135,0.188910226412457,0.0861973763920904,0.0345624233920937,-1.48530401217346,0.467021002140049,-1.12722131108047,0.110360134534527
0.322202138072331,-1.94849525861225,9.96991775059483,0.810207283218588,1.04193750723271,-3.3859613626623,0.323533402517172,-0.0434104566197114,-3.41536451414419,-1.0768087906804,0.387113317035188,-2.37456538849707
-3.37752218786344,-2.03245609388309,-9.12747166874393,0.479246020588921,0.812348927576407,1.72864456234027,-0.435635673875123,0.298369709771862,2.77247323266302,1.39224681352106,-0.14896872974455,3.55064332509925
-4.51830904214416,1.25503005121648,-5.95585081285082,-0.105506992068668,0.0221952158228889,3.37899306915509,0.450272689809567,0.317685162105241,2.94194819102727,0.253646745899124,-0.764263224542844,-0.3488635730992
-0.260703902837117,-2.60722305981264,-7.47875533122629,0.146679357023128,1.07932034735218,3.68573633261112,-1.02039991873403,0.764077837600269,3.02498201661722,0.228229162414708,-0.104170728174683,2.2795424283608
-0.932332220860588,-1.55086677906108,8.28154392626466,1.07707863798555,0.437761079001087,-3.00344156494155,0.344329263502207,0.171558514722292,-1.80234800106524,-0.0696122591779656,-0.563040701640273,-2.41727198167878
4.60409805904947,1.35701803836734,8.25980207925153,0.00925688276094038,1.84318971163402,-1.89444214376846,-2.55020851704866,-0.120364086914087,-1.73968673399975,-0.0387716395142127,0.0353640981889821,-3.75708664407758
-0.686078226365602,-2.43324180490305,4.39331503972131,0.0355650510323961,0.201081807464785,-2.32326668986714,0.15507533434058,0.222182415883159,-3.57790304405561,-1.10707350071492,0.323619513650735,0.163660104821407
1.01903477368947,1.71981854542732,4.9542196350817,0.0320287483176797,-0.0569803299899227,-2.36386275993852,0.0156805914745167,-0.136909223759276,-1.51408313897773,-1.83760477652771,-0.0972525968655958,-0.477919057569526
-4.15421110087069,1.33400826565439,-8.12319803914554,-0.322118589490033,0.132936974633195,2.43207298790345,1.42343376741597,-0.78854327584728,2.34212407455091,-0.135614762335194,-0.477933635066318,3.05470771544619
-2.18701036741567,-4.85849290751491,-10.7389460565056,0.040245141147489,-0.464405235844386,2.49104721838016,-0.949665908067258,1.86581643667075,2.17934051597643,-0.0779656381232661,0.0624693709350039,2.38991087683867
-1.23089660826942,-0.246123540237784,2.4552299201394,-0.433745723075895,0.403246654010206,-1.54071253010699,-0.339283628261039,0.0100382765136712,-2.40486066635519,-0.570626877318419,-1.70111673844789,-1.83179804380178
0.101691200849314,2.14901644318041,-7.78165412732415,0.0277042692399626,-0.192562313894111,2.99766135941833,-0.539223810697629,-0.32938929036912,1.10120054115456,0.178296855806655,0.0998157692919986,1.60383909080636
1.14760284762209,-0.571855081714101,-1.43935701840917,-0.20348608320385,-0.178309738910998,1.19480163718383,-0.0870305408720486,-0.546348764322713,0.221228571343145,0.233651214949685,0.682561516137286,1.08641448577352
1.25528959968268,-0.427956435576114,-9.86253667880034,0.0945742135020563,-0.130784866396082,3.94103977564088,1.20851177300745,-0.514271452506054,2.22851784582157,-0.63779045682295,2.80887200748278,2.97121605436336
-0.823354881980089,0.278765651501953,-8.48508355482941,0.142716867449315,-0.500884865608057,2.91088494579158,-0.984749587627824,0.085220829769373,3.20445518914803,0.331573859273702,1.41343441188524,3.43969182281094
5.11002706140069,1.67806649399959,11.6621637972826,-1.6019834893962,-0.641919541193819,-3.86722459241576,-0.331969679011775,1.70538410186747,-3.51682297292705,0.0631537303047632,0.0714776795788081,-3.0179070131314
1.42754195645406,-0.405490327773245,8.49461585670076,-0.434733554984669,0.771463185324136,-2.95962559868438,0.754542667375227,-0.443325142859187,-2.67017806039098,0.035641422542515,-0.0892539000101319,-2.65692110373207
-0.17718702297804,2.09028638656083,7.17235762436046,0.0913649964940484,-0.00123666054294507,-3.47660327027813,0.0865742668554292,-0.0843469045849007,-2.74066586521594,0.96049092839342,-0.438209856867756,-2.37818281005913
-0.469735031999194,1.29145844943189,9.35673306741472,-0.297722366518814,-0.381732241145302,-4.06738158495632,0.208239123795442,-1.70265202462616,-3.83769642065759,0.363417077512405,-0.0333257350416801,-2.56951481815746
2.23961332374192,1.04602606946137,-8.27996924439119,-0.588807355191288,-0.0926260808345004,2.66357718084961,0.82517145197329,0.505366319333395,4.17255152805923,-0.170185396718237,-0.0334094214044428,3.41591098111245
-1.858287260379,0.509166814437372,-4.33004045707588,1.08804266304415,0.300073417799641,1.00149159751597,0.12747243807314,-0.20045320661015,2.66754452361191,0.0151012011883331,-0.0370907671370004,1.66658498698792
1.57160433088811,0.558243435987243,-5.40012110856321,0.190168456593788,-0.527568265680083,0.901256788888461,-0.299225509193851,0.245095793432415,2.1154000654709,-0.684011689696231,-0.584597549116479,2.3680512029559
1.71456192683686,0.0879856631269584,-1.02988759774321,-1.3538033921952,0.593424820207573,-0.980462479305604,0.554439080201615,-0.0173003871657989,2.69288219618061,-0.00347899588761284,-0.0236711497923774,1.48831470777214
-2.15697117447007,0.933502087812585,-12.5589011883429,0.700686427378606,0.278009381322548,3.12848941270004,-0.43178664967877,0.523888128726071,2.90260712571565,-0.11405171783595,-0.815875480519701,3.09949624444476
2.65640673270558,0.260467457510735,-1.83114185708899,-0.133602340665236,0.309183826673952,1.03074749527093,0.391994623068408,0.336321802442798,2.3427226339057,-0.743125757590789,0.608189632458045,-0.299893174926268
-0.00411219679869335,-1.46505302373855,6.57508528824068,-0.516658650617423,0.360242220892097,-2.41449508843732,-0.262326873097961,-0.2016850277112,-3.34956913783276,0.439822748696728,0.806667499766424,-1.44372068056213
4.22326964968959,-2.48550914907352,1.59215269749556,-0.523667541934956,0.203034250188878,-0.78083552978154,0.227438834615067,0.0705242001501528,-0.467451030429201,-0.979537416481175,-0.969491511063527,0.349262410567339
-2.01526392650857,0.123441051618297,10.0860990320681,0.458619386427769,-1.71767675781465,-2.53941083058836,-0.568967122810094,0.220020680469996,-0.638117642802797,1.07902390780385,1.29903363058413,-6.39286207393099
-1.36218677996799,0.501910637724816,3.5598019968645,0.0712179899764939,0.125174267304752,-1.04535498811545,-0.045166630893928,0.339264499809829,-2.02387766839744,0.874773426013364,1.05302599081673,-2.26268039281115
-2.51717487227149,-0.268186500870992,-8.4995453296132,-0.123718843121667,-0.022340318191564,2.6153660471641,0.324299967860902,0.113237370698519,1.12436755009719,-0.551723321393301,-2.31643089589944,2.79302096140659
-0.11083662838948,0.712927527834167,10.0675824564871,-0.0756360934517908,0.166924682663131,-3.03404220211103,0.576078607791148,-0.932500435150721,-1.64311612053219,0.375259719407311,-0.372932603117526,-4.93100531283396
4.72644848206151,0.960290441567487,3.92368028734022,-1.64320421379731,0.582639530716413,-1.621883499163,-1.17388924024308,-0.129272628166181,-2.09543315347586,0.324702964743643,-2.08361247229215,-1.99474073161346
1.77034927861663,-0.994301893626669,-1.68814764654071,0.00572987471222922,-0.34597878304507,2.9829468732243,-0.103837346280922,0.00323523190683271,1.42777690250655,2.38802642972048,-0.323750605767914,0.343814325958784
-2.35205123857529,1.23867421005271,-10.4020558267978,1.36232854745977,0.185510465896824,3.98654776726309,-0.448410527400452,-0.226519648061235,3.14709439408469,0.563826966777629,0.467958290455437,2.55807019978087
-0.159099133061262,0.443542693917806,6.057441988602,0.0831752771970525,-0.0726175290625541,-0.587169112518983,0.188325686746185,-0.0546275907366832,-2.07923939921436,-0.254028889594024,-0.578286096185545,-0.696582607014884
-3.69104193094622,3.24896758462345,-4.21799301067909,0.174994728780808,-0.383867018046188,2.25832793808199,0.0111952875094932,-0.00789520224802645,1.17098622821285,-1.50539476979292,0.494277786800393,1.43558837059867
-2.26519267585768,-1.92973394122392,9.09964252017428,-0.436123996193441,0.393015337656151,-3.31171503076948,0.255177598777816,0.141460169527302,-1.82787000771678,1.38976345083929,-0.730087919937828,-3.05523043108844
3.88789895653391,1.80307960490055,-7.86729481897729,-0.90592050621692,-0.155927315585359,2.22595538376625,-0.452414002299299,-1.25561871587285,2.34001662497038,-0.210087717301507,0.168349214682192,3.47448512408857
2.17585716943444,-1.64564198897852,5.25698043985055,0.0477757036923618,0.355857235958889,-2.95014946831461,-0.255173655686351,0.435160453154213,0.415409578558985,-0.799151747233736,0.770562999067071,-2.50431412760707
2.42558957065688,1.07883781499146,-2.40521804552784,0.225991756876457,-0.767723598491216,3.53036849423407,-0.663347979703683,0.149619374887228,0.577467864166655,-0.598811875580235,0.26802499062913,-1.32655463043808
-1.51656164090593,0.654388474449312,-11.0429189143882,-0.09226681708374,-1.59502678036069,3.8108435726293,0.260465663342189,-0.48031963802409,4.21912757315262,0.393313682151167,-0.0195172200673784,3.18817481254592
-3.79354126790927,2.38801740439607,-6.21807904587783,0.562644798735531,0.612808803054351,1.97328020540358,-0.277180729521779,0.350103086794112,2.1428488085694,0.468644261691232,-0.239610348907313,1.73249679561249
0.477375652320559,-0.998160395112661,-3.41809966861716,0.352031541929673,-0.042947528028961,0.460364131568671,-0.073542497688469,1.33736465241216,-1.21903363383057,-0.151472639705579,-0.526974892117002,2.22853916459555
2.1598300212698,-0.627744353096794,-4.34295404325843,0.39411572250882,0.371872967429521,2.78479430303002,0.0586654285925793,0.115101745143589,2.54960375548119,-1.14453668162348,0.80438165947247,-0.181612948813371
-0.595757358983801,2.38320801932977,-12.7676804617079,-0.361971739195251,-0.123368692966536,3.0974956080685,0.0147502375779,0.251113040622139,2.66568172985895,-0.387285753325584,-0.0965184104439358,3.61334199986477
-1.66626933775193,0.61711956806324,5.14347542698563,0.285138542631837,-0.017695238708832,-2.8462376397273,-0.321721202516214,-0.0937425919286963,-1.6429455171292,-0.271396973493003,0.496987124685442,-3.14607333739292
-1.24799255458078,0.192440445770485,6.47655509095514,0.0624483306249559,-0.158957345154642,-2.25369976187597,0.222223936913036,0.386986072428013,-2.37274472697858,-0.0618425913988557,-0.343192147067395,-3.44889985690168
-1.12339678834873,0.213322684806481,-7.11297446029537,-0.225474781619972,0.00607693186509572,2.87300110265248,0.0402968998715808,-0.0619000608652666,2.4868504588972,2.38184003637956,-0.826197919917913,1.21945233102023
-1.398968546109,-5.00867439770527,12.4153188121634,0.608341731619543,1.0329250888481,-3.23679022806396,0.487006074878238,-0.598716486287991,-1.87958158936336,-0.166180082408092,0.0391053657556945,-3.34045013660432
1.47283367154816,2.74782127032641,8.40560432027176,-0.380690141044558,0.198702448502173,-3.56611721990698,0.227791875448184,0.492063638598495,-0.613095809824468,0.471953623774566,-2.08011462525724,-4.18857125532108
-1.35265236714241,0.573786584480601,-9.17114206557741,0.489932544260961,0.256088882153748,4.28642849564059,-0.287261920224681,-0.189416590210284,2.98141552806818,0.670856807656857,-0.655557890726025,1.22227907911222
-1.26979513220391,-0.973667982686324,6.12649539265092,-0.104925850989554,-0.211832501259984,-0.566148684826666,-0.184887046650161,0.189056905236906,-1.9587083181927,-0.440206062537609,0.860230076591833,-2.52065339576314
1.01183967566251,-1.78424983739315,-8.37799009843146,-0.232898332703469,-0.0431176668925929,2.71033657350318,-0.589999230776884,0.373948754099691,1.25784137094974,0.459146933723448,1.50680224336538,2.79460603465528
1.33917365560975,0.140738048223333,6.35388088464677,0.370164594921986,0.422015576648264,-2.74781739201505,-0.249022918790234,-0.174276428152856,-0.608846266889979,-0.412963535091437,0.0628199506604146,-4.39827185643477
-2.52387117935454,1.93382741857306,-7.77463521408337,0.734387231345427,0.410201774217869,3.53429623905069,0.171821216764864,-1.20017648887979,3.74412863000832,0.049316505031827,-0.096926852763463,2.84367456481223
1.78011635023704,0.702469415270673,-4.81717455039747,-0.281487174511894,-0.502499475722412,0.561266863885603,-0.103098683006542,0.175756255350137,1.5068912257681,-1.9067182380379,0.975906575221696,2.50943608119993
0.479357160044756,1.36982830167575,-7.69355304202223,0.667930486497358,0.513705804161206,1.74879575170962,-0.919670233382728,0.0747833456264853,4.1545801709413,1.19105763302163,-1.31858866465373,2.31769095154123
-1.16283469910605,-0.570353438096265,-2.78851645089466,0.243791061929257,0.478808968684982,2.59410868051005,0.135465657952157,-0.228610468810544,1.45516642396533,0.0566751420278709,0.390335867715399,1.06803916504901
-0.166576373814526,1.78652933074294,10.7562781009918,-0.18500204262447,-0.255534201176487,-4.43730233743408,0.349666950357759,-0.103767170778841,-3.48695939057681,-0.531292776842076,0.107690948725383,-2.93535218395749
-0.241457165459886,-0.809193477513089,-11.4990990294185,-0.126952665795683,-0.237932214656187,2.78146987564622,0.106409108062683,0.110614811995447,3.54752714399779,-0.364480961756157,0.941237361624456,5.11905268214041
-1.40070287109822,1.4070121535274,3.6978580578829,-0.433768580526174,-0.0563713118278242,-3.25666129128526,0.703993154056297,-0.192252979763715,-0.48365966457168,0.131256023471744,-0.0852410697740939,1.09994759942768
0.905185125974079,2.81696839770332,-6.01363777382029,-0.135115408043942,-0.411443112714438,3.22016137801705,0.153104918984785,1.06195837829793,1.44213277848264,1.04426821259261,-1.48280661120527,1.36370327023236
2.83386434707616,0.753688432044123,-6.83299095390769,0.028162099931907,-0.197937349674071,1.88948602525393,0.0723385556096557,0.265995040914663,2.848466261833,-1.52530195411894,-0.346509919992548,3.95028475543315
1.06221649195417,-0.784800742170855,11.0925874357201,1.25627342644093,0.983285715805243,-4.26688255783367,-0.0193253405262994,0.988008211333739,-3.32337595592235,0.587139954586982,-0.128971889107056,-3.31408942212627
-0.283136329984253,-1.15398070205868,-10.4397277893775,0.563700874155539,-0.380154420002606,3.7564029161564,-0.132702283253645,-0.264892339853714,3.88892174257375,-1.10238960441109,1.7208267572096,2.2992023566762
-1.59742390044441,-0.172254567369503,4.75651789370762,-0.13075556290293,-0.0340944001109338,-0.483635444437677,0.215187984855104,-0.295776691346795,-1.46933444589256,0.826301779916149,0.853065201545958,-2.97096970726673
-3.40231078965933,0.0133585473931359,-4.50383502573488,-1.43606698818571,0.209013034567995,2.42717075214996,-0.15841564462794,0.206036815617672,3.63361297254293,-0.450700524895982,-0.965496251549759,2.62890205262852
-1.11851441075906,0.0158431290622301,7.82440819032226,0.523879141966105,-0.859120510776339,-2.09115172868349,0.0129774736773881,-0.0831974210024515,-1.67263880678499,0.0566015153565335,0.18127074530218,-2.73834504761577
2.51376798261429,1.32891637537275,6.59915475387808,-0.318350980081927,0.442169607542398,-2.2959687071167,0.264761695762769,0.0414125594705367,-2.89543433916177,0.00922045459996435,0.0981925973674369,-1.95938198167479
2.92895146236596,-0.305797488037982,5.04837004143698,-0.401416237631003,0.7123523064862,-2.09634877431768,-0.255776829398382,-0.459242978854696,-1.38168293714196,-1.33068049136313,0.922300739922876,-0.626780064919202
-2.38973593717362,0.658461390827904,8.43331026303347,1.44823720640033,0.78451683196926,-3.44062808231016,-0.189635816653289,0.767067139318921,0.0545367605010615,-1.10761512121044,-0.0172221569804363,-3.54235441076922
1.38405817103775,1.44175800836292,5.96947010910269,0.120066970395543,-0.375373228243071,-3.15803191160136,-0.454492456039221,0.308842941895669,-2.2192719195693,-0.256689935928335,-0.86850650963837,-1.76329844586513
-0.72228649693195,-1.14428603096527,4.06233065101757,0.149884026974653,-0.0591957432885353,-1.32143962087736,-0.0688084334273198,0.502597674975379,-3.07376045282389,-0.782303176041877,-0.577082269471531,-1.8416857261266
-0.265927913811494,-1.43476463061472,-7.88315986657182,-0.237299473269389,0.140224365978616,2.31407474242314,-0.270737317635922,-0.5595954131377,2.54184632585881,-0.0833572178951553,1.07148496456071,1.84664660341484
1.69503934383924,1.08406809730691,11.3698095771005,-0.429200206279412,-0.428506582786761,-4.38437992679109,-0.188464207216786,-0.601078785656205,-3.13029087369922,0.266003336892144,0.817081844816442,-3.30016936929268
2.67612916964216,0.414968472498471,10.5387122486815,-1.63629529801718,0.174689085633663,-3.98674718056847,0.0626420767816902,-0.169076185510589,-3.38687363933979,-0.159634043492169,0.136051904506773,-2.37555314018003
1.60097540658656,-1.877811926917,6.41713417244947,-0.3520201610016,1.54094956527963,-0.591880666126402,0.0920809004835424,-0.220105838843313,-3.03749793209661,0.0610188819707911,0.351279051394358,-2.77081264967395
-0.712406995884887,0.232203526128492,-10.2079261318419,-0.471695801426034,0.192096274542651,3.8618568651103,-0.785835276271356,0.104457815717941,4.89624839428321,0.259567735532022,-0.320618875086987,2.96884974427312
1.86915745502711,1.71364049910192,8.40775871389574,-0.455157835391888,0.0064474884154947,-2.23858429275946,0.314119242566339,-0.435230480137356,-2.64632175771918,-1.58712813931929,-0.571382298214997,-3.61875722951482
-2.77503669343825,0.716709699130268,-12.3965771914647,-0.704626184391801,0.903896992885705,3.49140405229982,0.932305366425035,-0.17630080195627,3.15250536902394,0.81696841750455,-0.945527194244194,3.93600306493095
-1.39407647640297,1.05602425579306,-11.7100069063213,-0.416322282754448,-0.31146887497985,3.42152371570687,0.671693212504616,-0.277964834957915,2.80870837115313,1.4100726610573,-1.18285321358423,4.06905153693574
-0.452382261722117,1.60534707010366,2.34641040752882,-0.194054101555412,0.391916206307553,-0.176499336959009,-0.418480689963651,-0.579430580030919,-0.546179461607041,-0.0616728156724087,-0.131338259482776,-1.97245635361438
-1.53954362552872,-0.867108905371869,7.72282474805688,0.00416782691540835,0.469135292129621,-2.13003699252151,0.716677202655223,0.0948176987854515,-1.04966721068135,0.493427198991743,-0.148669748460869,-3.21109719209947
0.912745009595515,-2.63144643981925,-10.1013160066483,1.06375815307109,0.676163836543905,5.16798715638887,0.051000231859175,0.588308129937814,3.59739337538903,0.106176723829793,-0.600644812710674,3.02019167152344
-1.92228571528671,-0.306745852402278,7.797872132793,0.416869853656479,0.0304604957910084,-3.01580131797333,0.221511874705701,-0.878198057136593,-2.85079738042984,-0.288740938510514,-0.385212540010358,-1.25561626516231
0.514436048634088,0.202780931833961,6.26245259425002,-0.956288299274572,0.781687056473269,-3.17156011653963,-0.00839455583774216,0.33194410739613,-0.536514340117737,1.1965080844911,0.0382162054224066,-2.26100301283388
1.55501249045128,-0.163797107468162,-6.86464460680868,0.0424475457697642,-0.11265876731356,2.48198121572253,0.288299458149646,-1.06543833745752,1.1211012829051,-1.31820382471006,0.291065773663927,3.12334940273798
0.380263810726751,3.21686095966163,-10.7112226838967,0.613510504106804,0.728308312551362,4.05619311540105,0.427331418931012,0.450009427208098,2.67752788343767,0.976625749420687,-1.76043821251033,3.29540835669764
-1.1538664548242,-5.06470398148558,6.2613533685194,0.636381603762607,0.139171888532397,-2.88871908038958,-0.141416957440957,0.759266854962589,-1.44756583078333,-0.415449951670992,-0.537950786042785,-2.23445805403979
0.41619851398869,0.0134740398161653,-6.40409220593219,-0.0762057084770821,0.0773798111224465,2.16849151334765,0.125088106375623,-1.17809563460761,2.19648933699762,-0.636990427562342,0.962655238178986,-0.210869967956856
3.47703090669684,0.53883675025888,-5.68846997916175,-0.014758312816652,-0.152460205375135,2.53360878181075,-0.117904391807718,-0.231112158513131,0.678853995677293,0.0622917111054991,0.0219214252755734,1.56321203901105
-1.86113883810228,-0.0762514788324567,-3.5425778359269,0.427042716758626,-0.00958980816870709,2.66124208168093,-0.765303897932674,-0.220840192736299,1.59094187475575,0.222859245416963,0.387602126104785,-0.171075358213051
-3.64928744220502,-1.7349797881879,-10.0797145696015,0.0177373410226074,-0.401733001425687,3.34936272084662,1.15038731480588,1.31233512578924,2.43179980256788,0.527003930610415,-0.257176657496459,2.62115794631615
0.678871547921376,2.09084886227173,4.11188175765975,-0.140985844774401,0.0310065438894015,-1.53713751780943,0.305970038572746,-0.922552821759203,-0.479830901853263,-0.689269498694125,0.0537161150889717,-2.67353302211972
-2.16312204630038,-3.34987158437462,7.69457512426591,-0.565062401724351,2.018412850376,-3.46154049632073,0.199068658864528,0.0904014259388265,-2.14411910108138,1.49874007256679,-2.40921912599896,-3.20220744410328
-0.803232202015909,-2.36754421405194,9.88469759938599,-0.185063554316196,0.565412914484681,-2.49306923008597,0.472784590838837,0.107170517647604,-2.62028215100387,-0.610880161324151,0.00197127485056036,-3.17780887157829
0.896097414304189,-2.13372346979707,-9.71448705741063,0.0449129828510691,0.456601887664912,1.57600181842585,-0.199657368684683,0.377865068206601,2.69663341269939,1.18382506184794,1.1738284780788,3.99750546316457
-0.260099704238293,-2.09020236983664,-7.74289184975493,0.426686777141307,0.757457489476276,3.36773198949586,0.018148196564386,0.153418361449849,2.36637599337979,-0.189349784847632,0.79148514751698,3.16253475240224
3.04200016889585,0.344196632234925,-5.63998250118298,0.115983683589394,-0.257788715300344,0.568828528602686,-1.78957322902253,0.858076639089978,3.40501870303798,0.260508640014152,-0.14013205933126,1.71290322016979
-1.09483043112354,-0.353236798669413,-5.20262454761194,-0.0874639896055025,0.511035493381272,1.66588527082296,0.304897460874845,-0.690098048783573,0.533319033817182,1.58330496961308,0.839959467934468,3.08956175666529
-0.55656766478026,-1.31135322677979,-5.50959812924584,-0.184525128932397,0.0518171128054119,2.1664826929198,0.398801893941421,-0.037831270143028,1.91215868922057,-0.0227526960355469,0.950957865465515,0.317660128971118
0.629482622410927,-0.620270841061617,-4.83190986373937,-0.25600152204508,0.460160097612153,2.98280006790958,0.00254496694000675,0.0392552611191596,2.63454327716306,-0.88167093050196,-0.739797124944167,2.60070340670943
-0.482625228146186,-0.783281468411402,6.9638281038228,0.169962188966557,-1.04600397177064,-1.20902937156329,-0.333559658864299,0.298140960553404,-2.88645110791851,0.391451099448686,-0.378588248998908,-3.61758027361142
-2.76874613416221,1.90786910577823,9.75475083634607,0.513551703517831,1.52128603892717,-4.08231752930174,-0.0492733515723195,-0.152911398093185,-2.96031972991046,-0.224630236464091,-0.597253729004319,-2.48216041195214
-1.36399003509039,2.28281036941118,-8.56083194474023,-0.153735137528476,-1.10756859711484,3.943438612412,0.535149621846635,0.171765951039451,2.42059326209718,-0.233968519061272,-0.556719360543384,2.19506772752183
-5.259351360727,-2.4687968734775,4.69871558154791,0.0266525382802455,-0.0759085826743984,-1.65901553949666,1.25580228932468,0.84872622099956,-0.709631403532827,0.667811209472304,0.855608067087331,-2.63663917663369
1.57094331194398,-2.32212161615438,7.6576083868065,0.0862794416080511,0.892840327897273,-2.77655578743282,0.238442164378078,0.701730580989192,-1.27264131495745,-0.361893176375254,-0.196192130911211,-3.80830820909598
-4.11280574381681,-0.513186589903982,0.128078203303388,1.54712868137009,-0.283786836831606,0.379175520324292,0.47989878404051,0.205955221932839,-0.170111934424611,0.756676053360965,-0.1355740291,-1.60365200947568
2.36659379873478,1.85236999930648,4.39057887166211,0.21668192652945,-0.872845241262023,-1.82229836317828,0.117223644342149,0.357599953359244,-2.84737796914159,0.66713938596224,-1.38711768295693,-0.332923352506475
-0.969884677553395,-4.45814955977132,9.64520360682679,0.400778504911734,-0.91864770797755,-0.991434221187788,0.767062924663938,-0.198931138439653,-3.23604920503714,-0.952841762191643,2.00730964142662,-5.096649409954
-2.25999352121527,3.75407423903357,-9.46305613943126,0.342012122638692,-1.07847129837556,4.31922727917372,0.208792507206785,0.285161767403484,2.96054425767066,-0.546541277054575,-1.70035330109796,1.65485934643156
0.645941029934521,-2.8705091522767,-6.49057088341499,1.22166550553679,0.463178517745894,2.26373243602122,0.355333160408827,-0.131692545601291,0.799354693579846,0.683031949142575,-0.683651836901225,4.08403960878593
-0.861633144312178,-1.37458824100538,11.1174733034929,1.15941019064951,0.646881850376602,-3.95084533305692,0.125341960518757,-0.442785619361786,-4.0548739653659,0.06926395653355,-0.0127534654501434,-2.81181199008303
-0.843582822411095,-2.25528362975472,4.74785532881216,-0.170055129494171,-0.982747894940632,-1.02375697665596,0.326781091375314,0.24843719865311,-1.15223257545082,-2.18171719560392,1.24214657196919,-2.22183914000316
-2.08927973212024,0.350527666187979,-3.97985443734208,1.35729097283042,-1.0064699732596,1.69581017495434,0.404198397748652,-0.276046721850191,2.60540826608364,-0.876085215611096,1.31001698888346,0.137564229151724
0.855766927917049,1.22149460279583,4.79583400457704,-0.800521811237568,0.283622110229374,-1.94103527795741,-0.424098180179266,-0.214768497577854,-0.626486783751855,-0.488367458724914,-1.40587803328839,-2.96441599097166
2.501168197334,2.55810996044681,11.9991419479117,-2.39544609376916,-1.11819033234932,-5.67350223298847,0.00478262641663263,-0.144843667173906,-3.31337061850142,-0.250375737138205,-0.315065850828894,-1.92376128242147
-0.386644901382108,0.194856271316052,-5.08076086906699,0.716648072227659,0.715380701857544,2.83695645920775,-1.01202381759579,0.489090932867161,1.3592081585604,-0.254236773385875,-1.07366308431262,0.168473372256059
2.60285007765247,-0.365494235847172,6.32568174822876,0.0912490061901009,0.815229382348948,-3.64573728942727,-1.20876253105976,-0.360995061122169,-2.00417203898319,0.0709195121492859,0.220296142280902,-3.42003225527049
0.81526476612951,-0.538846073806731,7.36224434784555,0.0041012641556911,0.0157005198486132,-3.75591277017589,0.171571752239429,-0.463164363927253,-0.811369642578593,0.017810711436552,0.337393687324448,-2.00148341832383
2.85297080365524,0.869624572348873,-4.35550497079314,-1.12715155813418,0.0861276437483031,1.80091047614335,-0.0113196696067494,0.0157224724220787,3.46022151911448,-0.0607587973218605,-0.0374594367656932,-1.07264385156023
-3.21747597074096,-1.07303965503468,3.69641744632439,0.258670394200633,0.459900489636727,-3.08339118793862,-0.636100799004045,-0.581363454903377,-2.04722235998693,2.01385153001302,0.815683994597609,-1.63919707791774
-1.19493331057564,0.915184640981411,6.98343530745642,-0.198366396175514,0.39184649664061,-3.64050493536025,0.380290701076559,-0.494902948139074,-1.54728223216775,0.20716271283246,0.0946660955343616,-2.0135041912313
1.54864250813578,-0.637510657187711,6.86725254939434,-1.03314328241476,-0.092539638168763,-4.00280855525465,-0.353950579642462,0.459568099362624,-3.42836886437115,-0.342122534560791,0.190833974849688,-1.13583384913936
3.56866894640449,-2.09536281177179,-10.6163651505377,-0.00710579988961846,0.67227539516546,3.27145801114337,0.0962708253023448,-0.433948566933151,2.12398080503833,-1.99496927436196,-0.540737613244154,3.29409348518209
1.54441112044318,1.51398803000338,5.44957529446252,-0.692704692075482,-0.202145618314351,-0.939810309070516,0.255653918518816,-1.14237084687277,-0.645939057661005,-0.0670192950887915,-0.311311321942933,-2.70125415367659
0.376053614841092,-1.20013733454966,5.77002451619181,0.120090981258327,0.202530588578779,-2.85200623300844,-0.570711568752892,0.0292470761875908,-1.00563350457381,0.224408611401518,-0.0590818755349323,-1.14428516631114
-2.02199054171194,-0.299418355455368,0.0502025692925079,-0.807543070494346,0.256342811637189,0.112440358234733,0.582631100098747,0.189996432748806,-2.31412107871535,0.516221748796417,-0.377329165925158,-2.43313195525493
2.30842882286346,-0.889554784266811,7.41206791200449,-0.115761577250276,0.337605618581995,-0.599873299731627,0.305178436132627,-0.544682720022561,-1.66785161629315,-0.133959136284644,0.00866460070098523,-3.07421604472424
2.76489387061696,-1.82876386307757,-4.28773212851556,0.0359827321264318,-0.0183461650827852,1.21069111492447,-0.944954952398124,-0.370673460390104,3.34327113826221,0.236694277559919,2.60953895087128,0.116796986997567
0.718100505980647,2.95504656589366,-4.2302096690768,-0.0140514079929485,0.259151783480376,3.0962832463876,0.13056854640427,-0.34980327566717,3.44431108171941,0.0628340845548269,-0.0485071341482407,1.40156641133881
0.359208777626394,1.11393916840825,8.86407738020772,-0.456539602720631,0.552914936961172,-1.99813438878295,-0.0744842133428555,0.0750601032657153,-0.83482558223633,-0.0453270888941047,-0.941123264965404,-5.27586416475431
-1.36583647797874,0.547371599933164,-8.62575730791013,-0.0417492875565906,-0.0309991922324184,2.52909497550916,0.429380626390233,0.5186720822685,2.29181343240658,-0.279117479499747,0.0945389671035384,3.06687003222641
-1.57337255411719,-0.84531247095385,8.18238770076208,0.707676005517573,0.210669123422341,-2.24679568742832,-0.154068936446147,-0.364694100782864,-2.42344236966602,0.211632298876108,0.499970081986635,-3.94481563473347
0.696429627440491,-1.54999944499727,-11.0722840056877,-0.063767739882755,0.312008030978786,3.18338906505783,0.189780912150455,-0.0158533659794956,4.02672328117391,0.206669212639625,-0.233952911817099,1.48262260705231
0.00187636008432164,2.9149269530848,-2.08166472355135,-0.476165035367997,-0.297071335393157,1.34087375619659,0.00409523022101006,-0.595137269207573,-0.515201594336763,0.585770140737904,-0.25270896914791,1.14470056598175
1.64774363030397,2.4099621445517,10.9502160353394,-0.536004811497419,-0.0734251917525511,-2.50167635617243,1.35808412882568,1.17396017535437,-3.40987542772489,0.144876840501749,0.312504926448636,-2.2734698901422
1.56757518203139,-0.429493375580492,5.27060200052545,0.340167211860726,0.882437773075241,-1.25874566674023,-0.250605464094301,-0.18030726157546,-1.72249347005957,0.105844799731073,-0.81884450734653,-1.47019367564377
-0.233923885946604,2.28029373937593,9.70647534266399,1.48596133153121,0.699027155752081,-2.39943208886183,-0.130143252622761,-0.589096434718539,-2.04055809362062,-0.0298703529302619,-0.0291636152692891,-3.39545563753217
1.80871151593356,0.538549793721126,-3.11796554763433,-0.277367385929461,-0.769967790318003,0.121359121906532,0.235789117864647,-0.584552834346123,1.34036004732739,-0.296594803618111,-0.105913055263876,1.27926958015438
-2.32172855441321,0.705675962125201,6.00833424073137,0.663781808466085,0.196591160861787,-1.89031604339089,-0.308857362758954,0.641588814537997,-2.31891566268835,0.253768290162879,-1.4243797620104,-1.56984401650868
1.09193161732169,2.32017471088786,-10.2028324836133,-0.508950011015531,0.102284920811185,2.44203096769839,0.594151846683719,-0.384878287800796,2.11457499866017,0.0677155249078061,0.177469968412033,3.40469946441537
0.0926353494278173,-2.34314042190327,-11.0659842651023,0.755621628280657,-0.385553850745919,4.59289640055547,-0.176986324822297,0.477992127145948,1.64104904404197,-0.768910508714709,0.387410472966628,3.56053266807453
4.76710139965136,-1.17587040473568,-4.710344364226,-0.727772400228974,0.430036993535325,1.05003057882217,-0.719400153973062,-0.153132629414959,1.91931248596934,0.212228019934115,-0.588613104365854,1.61503437548538
-1.11594865714461,-0.352505851621864,11.6756386900544,-0.678314576338876,0.415721210292802,-4.21897895316508,-0.0216593432590822,0.516476046867247,-2.65133919796199,0.0310905888699845,-0.235061094895256,-2.49523016102986
-2.67343152330911,-0.166487588727717,9.13259897061439,0.121742329682899,-0.312254532922777,-3.51494194250362,0.2339096844194,0.566713272676782,-4.58909491817872,0.560278160441379,0.283628468679035,-1.17750375986237
2.51010159514061,-2.47363512879801,-5.64852349018713,-0.0886277301509966,0.0297371902566947,2.71248905985802,0.0147355838676002,0.0866671537940703,3.88365897921396,-2.15903403944232,0.555750751220403,0.422574363269942
1.68603853697509,-4.55510587256935,-8.08425902817394,1.20464223521929,-0.326535075608207,2.00959598298166,-1.67892197771903,2.50391158693214,1.29033960035309,0.00631178298509338,0.00495659698323662,2.70359545102688
0.614584797627378,-1.53028883632429,-4.15763860458071,-0.529582221307732,-0.730223008506961,-0.196069773871272,-0.289240647967709,0.0503701828115024,1.93624285257371,0.265194523254581,0.352422912850964,0.556943029470555
-0.914272370424257,0.0903209231337119,6.1859022737421,1.36179943866745,-0.0331326683707903,-2.45184275225039,-1.04800326233414,1.73926668788985,-1.91007614688905,1.37905514593198,1.39450638858005,-2.82029010069822
-1.80242124385788,-0.628686244527916,-7.71211119644141,-0.0925488975904234,-0.139308821581403,1.21536967005326,1.0602315259136,-0.075247240081646,0.846712722347542,-0.0357441671832342,0.0567277007486033,3.16020308349252
-1.97708913167777,-2.70688777098919,-10.2435092174561,-0.217925122888657,0.359590551060699,3.6136398702437,-0.0499098122813514,0.79599470961796,5.37026036856637,1.24219561800716,-0.882809023337522,0.986792562230118
2.3297021735099,-0.210901314232101,8.25919206715456,0.0964285741207925,0.854871611047858,-2.79126447156532,-0.117528089433027,0.180243876408989,-2.29488309343141,-0.423928926153201,-0.115782266420473,-2.58572126679443
1.34130483538897,-1.09902329449391,10.6015643485583,-0.410765558609018,-0.0312884469257105,-2.89847612823262,1.11862013757477,1.04659998255964,-3.02308029040325,-0.185559124689845,-0.900300177766361,-4.1923370861089
-1.05669902028089,-3.14148302257015,1.54853764731039,-0.133378098056292,1.3302113594568,-2.95009595128486,0.0564418198164186,1.1719410458789,-0.746442800471406,-0.0201259165494219,-0.599084735319575,0.103760501415756
-0.526783055114622,-0.929646969044584,-0.341560022142738,-0.643691397741892,-0.183151782684095,0.0856192617968065,0.408045923590165,-0.104038215451403,0.493231461548818,-0.863909800081906,0.207732283115935,1.68353229923041
0.6832374987765,-0.462354862184421,-4.76515390808926,-0.116648410547537,0.6985524284861,2.49498043663845,0.175258449150207,0.323382259252912,1.70671710712036,-0.069646463758091,-0.521960130584405,1.91392377678082
-0.378510289984395,-2.69932831126216,-8.85885386408271,-0.23692091850673,0.791284691985533,3.29879080467501,-0.00562328452507172,0.678413647153658,4.4465320839991,0.561637922274289,0.509291496092389,2.54124454797407
0.642275768048326,-1.29591541077945,-7.54261992745787,-1.24396543565696,0.0381187394959693,1.12523353654814,1.0580430861303,1.13860463417237,1.10878977935995,-0.0829321342678575,0.260968357677555,2.38154629258909
1.26146974868746,0.805346933208805,-8.80288951357858,-0.828530188740799,-0.842069258729565,2.67412283944111,0.0409962977103899,-0.0396979974166555,3.29084735409376,-0.429485943673692,0.132135730922776,4.49252222971286
-1.40326770388042,-1.73065986970031,-8.4024185343608,-0.100912562433899,0.136432385772463,4.64949985023557,0.566916591626474,-0.990122519038652,3.66739997512631,-0.280574928376336,-0.0287672021466944,3.29231333623535
-2.31814604151329,-0.547867101422445,-10.1266122215275,0.157549513138773,1.51734012743406,3.19543481416128,0.231434292550173,0.144325514594295,4.05515324918989,0.975479222496669,-0.923469089976375,1.20109262560337
-4.84963983905609,-3.90420295079011,5.90101847884291,0.78206596506866,-0.305933444552206,-2.58935058194609,-0.290268171532136,0.0785045467721568,-4.56269491680614,3.04738425418763,1.42331206162013,-2.06703139586355
-1.30663149867592,-0.982038033176793,7.87768406192665,-0.183270860325246,-0.0826281865118286,-2.40991702462536,0.466201952982726,0.746458498633321,-2.17614511403061,1.00735721129388,-0.919023326707332,-4.36871003217211
0.313142661163363,2.56642282285702,1.46156411751769,-0.429658876779064,-0.0787132229688768,-2.46664969927853,-0.0290429195114114,-0.600861437778186,0.843306023731048,0.0700164572097044,-0.962676643401156,-1.40694581469107
-2.18314185140886,0.702363954534944,-6.87079923634752,0.563238148022899,-0.104663452784951,3.41127830285237,0.139865898253814,-0.269226098066559,2.51620854288787,0.309362952823173,0.510969119127587,0.866065007781208
-2.70781783013798,-6.89955250138873,-10.3881803723048,0.845965592778632,0.974385644815472,2.34379710950237,-1.07421619220869,0.118523154648215,2.77499862134697,-0.864237052011499,1.2643083716942,2.57682045760744
-1.52018772423464,-0.733014016133339,0.789161445233164,1.26998174159225,0.192702420952504,-0.377004044087551,0.446064161608986,0.0384489295983114,-1.32195314671023,0.0420805937178052,1.10778607976593,0.483015114129261
2.64320809844998,-2.12192895560633,7.83849865747459,-0.280480321368507,-0.0365778152271863,-0.641334371259566,-0.630307935889876,-0.313319117569844,-3.88440244062556,0.00698839290689749,1.04883674174059,-1.66698439786036
-2.57767417920758,0.0522478151332302,-7.60574253731227,-0.377551723705173,-0.220322069887206,3.26685382817262,0.0268371576501848,0.457157533998342,0.52675231078493,0.913548460254773,-0.361764555432218,0.974202835216149
-0.40803559036114,-4.06040313502043,8.05571482148934,0.124869321988029,-0.159009121889953,-2.66473547068281,-0.321147408650951,-0.147572717535613,-2.25555139028402,0.689703988102167,2.12519473322025,-2.40809355257581
-0.48922406241188,-0.527205832649338,-3.94105813047101,0.0303221444822307,-0.126897455451392,2.454398811276,1.13138300991515,-0.427976632981407,1.9784425300136,0.100897022277661,0.984671696395947,-0.655654332526604
-0.785172516525151,0.920436594169043,1.72242823863008,-0.333175748351685,-0.253361284935327,-0.442831319723458,0.220162131223394,0.150127879098968,-0.889989910391633,1.04141679231871,-1.26126889534273,-1.17837610254952
-3.6383749765645,-0.178952419775712,8.0430981558991,-0.102557876733072,-0.096032307190997,-3.713810228287,0.112387834941041,-0.0532044528281444,-2.44325209984224,2.04700375468535,1.65898018898724,-0.133609932410408
-2.72606412405888,2.59761224364066,-14.0670813767054,0.445451444545671,-0.234190958890972,2.9733043461879,0.528651049425186,-0.844856776368133,3.73030736348266,0.333317819255995,0.605859787829588,1.48731853000162
-1.73082266658567,-0.196926137508485,-6.54801063714769,-0.0650386335362159,-0.963687083636352,1.52393229121411,0.0246498841003374,0.0661546565709406,2.18660536461288,0.995259083186738,0.557178034106873,0.350063571894212
-0.935858221649253,-2.4523195985109,6.94249554106555,0.0297267378531231,-0.0219846409631994,-1.32653710882991,-0.789702356463143,-0.372645843054408,-0.559980737523965,1.47478743373341,0.830029614751055,-1.34350886437894
0.403501827722157,1.32964915914461,-1.2514859776505,0.0870268802713284,0.208189908894,3.43061715371008,-1.10130110665966,-0.370279270234249,-0.71173517311585,-0.492184716944386,-0.440324043842052,0.908022522921127
1.28752637341839,0.370703476078166,-9.92371231035587,-0.479850296961322,-1.10970306683266,1.76097004304988,1.15926928106545,0.382632250559685,2.71150180220275,-0.9520895367671,0.735631407622584,4.55052033830358
0.568710865462189,2.59921203087594,-7.97270329482711,-0.156982193758829,-0.103439012023113,2.31809673118484,0.0696379872436667,0.130005759557599,2.86319564531778,-1.29972300203508,0.222638632460232,4.34878575727153
1.01014369957312,-2.41897957209069,10.5443066255299,0.0116578644805512,1.06522107413763,-3.59763537620147,-0.415013826325606,0.151278112035072,-3.88026477527926,-0.112843343385499,-0.0536818794004464,-0.931539353238308
-2.74335211760912,1.23949300404506,-6.13033172879109,0.196640858677081,-0.113835321450293,1.79188162349821,-1.00624320607764,1.3625799822026,3.14911193977777,2.11137424302604,0.393888782215361,2.0439977868346
-0.279747629244779,-0.458231926936565,-3.25766780381309,0.50926213410153,0.192525610929019,0.759807899216128,-0.262692025716506,0.212417693922533,1.23033261710949,-0.625684379769787,-0.330478238930522,1.14545389062157
-0.208688763534004,1.16803925280554,-7.87666252855533,1.01803363685683,-0.757243824057432,1.44940317864702,-0.0306224023585001,0.748655936077523,1.39624865973531,-0.0729830560481991,-0.409782201353954,3.28840324804258
0.993574486542939,-1.51732671521371,-8.52355606219757,0.283758905173594,0.682608603381999,2.97354323172451,-0.651322086440102,0.284824904819204,1.73885702840078,-0.918417992687834,-0.324566645859992,4.58772335696501
-0.642729256094468,-0.0586414854478361,-5.31134170653232,-0.294561820767814,-0.139419880563764,3.1416988774401,0.0564866614854098,0.0756942327660624,1.35905205439257,-0.524850336162883,-1.1949924037505,1.05827848752595
1.19322235043404,-1.76555584453653,7.61512729876881,0.399343342501369,0.429155764069859,-1.11967585908436,0.326291230384069,0.845888318518433,-2.59907005487897,0.27857977178046,-1.26748815937589,-3.98041632081999
-1.5601825463183,-0.0546996278815146,-10.1805234680205,-0.438110622566131,0.944722150553542,2.89422237673223,0.88748702254933,0.227239825792118,1.38303301156608,-0.869418643814473,0.282287868964481,4.40226480343013
0.457124036727802,-1.58416977960575,-9.73703328895523,-0.204383883256375,0.0666856539157846,2.60523822568763,0.228454319928217,-0.190743605767799,4.06336183507702,1.30598028310943,-0.366811695665134,1.63594139043291
0.522283057879751,-0.481394857288888,9.33777102202037,0.127940028101863,-0.108787433345808,-1.93641150839994,0.504314221257161,0.00827121153793702,-3.15548368515436,-1.45963111576661,-1.23571425847768,-2.5256542632346
-0.236750592268382,1.92806647206527,-11.6488514253336,-0.0547403671857887,-0.192371140023095,3.6491779983429,-0.0468226184217605,-2.15175796973482,3.32465446278052,0.266230336376552,0.0417509271581224,3.14159633998946
-0.760990313051011,-5.07724700988943,-11.4335638922678,0.061499340472453,0.795489765979211,2.39951394115017,-0.857631042201705,-0.0469181047272286,4.45754182945877,0.907335273244658,0.572027666080514,4.16627862425516
1.87748337050389,-2.053986804056,-8.4862205335502,-0.569859954016166,-0.155697040367278,1.88264591407316,-0.968250489374143,0.638717439244753,3.19699125617801,-0.0420107313831905,-0.031298208366433,2.91770622315392
-3.57117372421552,-0.316421703989694,-6.16578314098007,2.01609922223673,-0.100591855238556,2.24584978308548,0.269780169324684,0.376177041307486,2.36129007511971,0.506660638292486,-0.643922511804354,1.14274163106638
-0.833825178081753,0.666914105375567,9.16474268645895,0.00543060413041348,0.541726152139051,-3.50959929704967,-0.488466746595112,-0.639212102503518,-3.47827942051162,1.53495974472543,-0.458508166035503,-2.45659281423486
0.671836103463206,-1.03386439592605,7.0623928029604,0.615467397129705,-0.4009923812751,-2.24866561992442,-0.11229330214112,-0.3593603590713,-1.28281066949998,-0.273026787599373,0.74962533865014,-2.25185112025243
-3.18064025238408,-1.35417977496772,-2.61822058595488,0.223817058508403,-0.00565729423042664,1.5527244841151,-0.440758822706692,-0.58800350531566,1.36426352312711,-0.390448788992149,-0.236511682358902,0.780846992456058
1.29441952118399,2.2869488097355,8.01449178084768,-0.93046376593743,0.293379152311829,-1.77247367783427,-0.0643581527455328,-0.304139918396,-1.95986338177375,0.0814808457874896,-0.42150474325146,-2.5231493876386
-0.134837692796892,-1.18816216463994,-6.87738768493858,0.0689568767613618,0.70347237012487,1.65530387583733,-0.206236999144939,-0.756606807756647,2.35575425553775,-0.279497172617768,0.237312365931441,2.33837937597363
1.46748010787923,-0.213775511524531,-6.21952757521555,0.204713959443118,-0.694670209440767,1.18166125309323,0.0961018205862124,0.650011761202043,2.85257308542665,-1.40361432964565,-0.611528672092053,3.25056124108992
-1.12025910066674,-1.04162058145015,7.82578722963711,0.199466654976562,-0.701114398326704,-2.25024813874947,-0.579978504313713,0.223861815607074,-2.14475403267842,1.02062488633983,0.426730443032884,-2.87762980500275
0.0477124135235405,0.455173940142011,6.45780133022946,0.605971654093594,0.592440079816552,-3.1683176275947,-0.0943817124075792,-0.19386695798614,-3.37622670056369,0.771308055523438,-0.369031484276228,-1.98560289998277
-0.82622105102885,2.65181871016917,-7.51888690904215,-0.967480101177946,0.225937316126169,2.30704510693318,0.0919589520869873,0.453283117972028,2.14670997427613,0.984344551003084,-0.795870327301657,3.00707785596686
-2.69817738930407,0.850084419999202,-5.53523647347542,-0.284481418454631,-0.37998042527732,1.21665357403703,0.125434235112517,0.669909238754727,0.603202678809473,-0.248329800853187,0.0811525952634211,2.07446320612148
-3.21387561895794,-1.24171232321537,-9.05922736646798,-0.117241130265576,0.375135990222841,2.62202632420099,-0.371134620975674,-0.641579343310077,3.30171352821337,-0.0291671161631363,0.0548071778546372,2.86646554672249
-0.50644410462731,-0.238543500505915,2.78356764940976,0.973007247023314,0.655584405360137,0.125028377683477,-0.0801179202852572,-0.760234164745777,0.0282656553846507,0.214665936944708,0.0013670768598364,-2.53411329424805
0.726513523405753,-0.287355149727869,4.14276294981203,0.466101115556837,0.110213619311536,-1.79464307619606,-0.0367858672118022,-0.760957379795879,-1.48881124178034,-0.459829176910178,0.139976696042389,-1.20581347799148
-0.836221534550225,0.868393514193893,5.54732882251444,0.188224116612973,0.363577933899872,-0.744456009996106,-0.145977121956818,0.325773548267469,-2.48762154057394,0.51688100356792,-0.697901185471565,-1.68877622563294
-2.19067900718751,0.849826952809222,-5.68569566371482,-0.174301297374105,0.291000601590001,2.74129502272347,1.09013726536143,-1.03380875571193,1.13469968938091,1.23364977657114,-0.499466538849801,4.29740421672512
1.04682533699277,0.886000802119643,8.08339863728525,-1.65170338797006,0.955750662587494,-1.68598428982805,0.0359170150350214,0.2342682173093,-3.13577011918603,-0.726340649798477,-1.73511761809682,-2.29104104063391
3.36889510787409,-1.01633314304482,-8.75510327460929,-0.442489638091977,0.193933773240845,0.81657262933533,0.512274769292463,0.453121314787384,2.78183196044243,-1.50076461055567,0.718924834614177,4.51003128582372
1.90382801991368,0.553697835544347,10.3984665036883,0.380932470002784,-0.0651245879038327,-2.28573849434319,0.747395265769495,0.342155456181787,-3.39041406720729,-0.565834332078042,-0.706114881745878,-3.42698671861132
0.761516738235217,-1.38916227922653,5.51538486750472,-0.115613640064885,-1.17434018881493,-1.67827530150347,-0.540753158351335,-0.539976552447104,-1.47245071072999,-0.824517960290193,0.924714995219839,-3.76522126210498
0.104589760557439,0.819283875564726,9.2583111612019,-0.553964026254504,-1.92748812569835,-3.09720194652032,0.0822583810199474,0.534629773246653,-2.5938580890271,0.311207200317462,1.182263055396,-4.11291872134419
0.527231838926559,2.17266101374095,6.04084420887726,-0.250783963376206,-0.303661741008964,-1.50987653016235,0.275913660911018,-0.432754249445274,-2.84595453758146,-1.49508886289392,-1.77238355899471,-3.14101739557852
-0.762848699471591,-2.42422052063031,-7.52559986629661,1.29710995177541,-0.321918548700833,2.2787997573419,0.00169158057653632,0.156673083994889,2.68809586443969,-0.33922813803314,0.0625685655100954,1.64289405967342
0.50100687689233,-1.35032147044307,9.32651285023738,0.248445506228417,0.278471554224662,-3.27806805802816,-0.601640890418688,0.473607551214842,-3.32397436189394,0.121729721698859,-0.309111801809729,-2.08406145252711
2.58666224999255,1.61210707229087,7.80966337703962,0.754493578098231,-0.305763884846439,-2.43113734634524,-0.060398848907726,0.207074876500982,-1.72505479036658,-1.52930318170981,-0.82131053050568,-1.95986753918178
1.73961852376497,0.173313872514491,-2.28354544927567,-1.2397527228556,0.113968121151171,-0.0962202277775328,0.38775590898227,-0.0212168997092463,-0.295246222071269,0.0141369257820376,-0.0583234647294293,3.42631641596326
-0.882704839763126,-3.10742364955346,10.4444813495845,-0.180995793725669,1.20586200605072,-4.78950629884242,0.164019327832249,0.209690822100896,-3.9948376406076,1.33947377610395,1.23086802210693,-2.65516822091651
0.00354438216717679,3.05644359384049,0.170599399192495,-0.133720500100096,-0.0390543108255292,-1.24146121730703,-0.862639040598244,-0.260977105449805,-2.16540181237888,0.691509443836655,0.425271808499959,0.856658013947935
0.427336346981806,-0.993072150360167,-0.555946498576744,-0.357346622491919,-0.0996807672733427,0.591740713851633,-0.557259440474894,0.36702238924969,1.08149772216839,0.090089219130819,-0.327724634014183,0.703941949755072
1.83129490914027,0.929798090341583,-7.24049545407099,0.386681987966485,0.136852198938855,3.36619727003314,-1.1027903473316,-1.35223471400238,2.58012737707806,-0.253949735020827,-0.021005356500742,1.34574228497679
0.616709166306423,-1.60389117151088,10.0567116342503,-0.806714299474015,0.916795646857924,-3.55113484209244,0.749585115664473,-0.360610156159376,-3.61869481742241,1.10417106583522,1.9586771988152,-3.3157981102249
4.54738265892149,1.1498328270786,-6.73829756714781,-0.27102160617355,0.130025809867643,2.01736540413865,-0.645159597625413,-0.9104857026334,-0.809440751526639,-0.361294306337323,0.123981278392041,2.92920049308899
2.6137302355755,-2.40749746777048,-9.75438924563455,-0.661815417539525,0.281907006979441,4.2889261403283,0.0367044260664758,-0.0475198764426409,3.11647752560557,0.0933290250038157,0.27539985058973,2.0221009398232
0.700300292166522,1.24834315359226,5.50041415260281,0.235821659561044,-0.545229158167583,-2.44442385833468,0.135756343649421,-1.15027500569537,-3.40864823296284,-0.594259884754893,0.282519323966601,-2.39394137962628
-0.854857540662618,-0.870582709220553,4.1898046494202,0.84069791538187,-0.8595721806326,-0.879915832623285,-0.468607538335025,-0.127457925340752,-2.74604369587276,0.149673393846432,2.10642486100676,-1.11786592199955
-1.78479797258823,0.0947744186168316,-4.64908451730487,0.385585907527147,1.17919353739957,1.31786189172575,0.0793201645785724,-0.85274126414469,1.42146823167097,1.49395422675101,0.60174705312872,1.06173967881181
2.57161638021562,-0.210987396283342,-5.20251156637925,-0.176758802037563,-0.694724895705551,1.24350187293647,3.02582693246244e-05,-0.0504297246691003,1.76291866864473,-1.12430100162207,1.40184786487555,3.13999105214898
1.38878831366821,-0.233527155577294,2.77078929314411,0.00198818166106617,0.240279491421106,-2.57582123239424,0.143321786956253,-1.71650968563896,-0.232041513048745,-1.11096341402494,0.982916389669905,-0.959450607773128
-1.94093412548178,-1.64338784713162,7.78311929337535,0.0880445840831777,0.141973762111859,-2.27343283584318,-0.287639380323324,-0.176692193874494,-2.93871001261793,2.10404235487788,0.831254462346654,-2.43133018329741
-1.69784786986335,1.61410701684969,-8.98551405949388,0.416869528836112,0.140189854596314,3.00638656160771,0.532467944462903,-1.66470685311081,3.80650478946503,-0.136678156847942,-0.0497848866765065,1.53572265769398
-4.10505381808112,0.752693796475586,7.28818964344451,-0.335359638157991,-0.658564213795538,-0.885904574080594,-0.206086353218569,-0.201462500846375,-2.08289484375702,-0.193340652357242,-0.360263467501238,-4.61583788349084
-0.34022544191623,-2.08507191039956,8.63772792470675,0.216515441193934,0.13278356879943,-2.76261139614781,0.40701100977804,0.418201381675306,-0.662281949923973,0.172866882495854,2.61015596791025,-3.10968349812641
-1.74342870537291,-1.499967180819,10.8838243849547,0.186787336596354,1.23169880744613,-2.31585886321337,0.086525506149352,0.361652341536657,-3.7346927451759,0.36304669718738,-0.855448935955486,-3.9011274759841
4.18839505525088,1.04491965599113,7.40615360170322,0.183105035746278,-0.220743587955726,-2.5598411883753,0.729723665199935,-0.675169925893923,-3.6677912171087,-1.20181994695998,-0.106920823679081,-1.4771523379008
-1.87978396172129,-2.50766503003551,-5.41401436065973,-0.0484471251730092,0.231735882536563,3.92170450149383,2.08064278285528,-0.117542180886726,3.51460189478036,0.360945368160193,1.17183457192658,0.958884636690101
-2.02948238250637,1.96557223288306,5.56927142805767,1.34712180951831,-0.726736467170081,-1.74605068254357,0.643141921622972,-0.351637553778862,0.199305851751419,0.469722933262024,0.0783898795846412,-2.74950881973023
-0.92781400634822,1.46063545310133,-7.79653980430761,-0.135013572615883,-0.249951296736329,1.84657296373663,-0.549333892972999,0.409984966946954,4.18933441182471,-0.0137928736913549,-0.369725805382949,2.46118094293697
-1.03067117237421,-2.17800837349166,-8.30203137006765,0.0917469909718035,0.50741869412176,0.493242381285612,2.00897375532255,-1.3257661277561,3.70291829919209,0.14004704947958,0.375097371774843,2.4856435060376
2.01682593026708,-0.575859637281709,2.49626156016638,0.690598603445691,0.0589489313204821,-0.264534949835725,-0.565855250985088,0.0684505815974854,0.194401169818922,-0.697319787607299,0.12681975242838,-2.85241622896049
1.7859164556125,-2.82708519391199,-12.8039791280659,0.214344554515839,-0.412209797631164,2.7798350091801,-0.104614670898045,0.368713781734724,3.30206049970592,-0.188990799470976,-0.190043161970123,4.16244565334172
2.55491358095623,-6.70750095194078,8.13057922590874,0.162776904811754,0.225308356061522,-3.03574344997454,0.540711836182599,-0.203864782232306,-2.74923085146731,-0.0338449578014541,0.0482907817714641,-1.79602045476522
0.581111684728595,3.36738476745047,2.56443632945421,0.0333266088115189,-0.695924465476114,0.633442644386237,0.22842720301681,0.210383252087634,-1.11178318506438,0.0759280723434335,-0.0110508504313947,-1.952688933912
-2.0864803314005,-1.90840521896191,-3.20802808978667,0.580762791772959,0.137092420614834,-0.0623999144903018,-0.21519106550445,0.626238430152311,0.518978894815724,-0.0643609163051719,-0.107164664414454,2.36350819479427
-1.70098903848494,-1.04036827244285,4.45712254024432,-0.211961711428859,0.163663317757527,-2.36646231898833,-0.811430960125278,-0.137835931577258,-2.8686955786064,-1.71054361890552,-1.41186240051808,0.064761275184897
-0.724601685962888,1.27360968824392,-8.45979751584327,0.217415718409699,0.553743437382195,3.64955044445825,-0.750077565088419,0.359382019450768,3.99743755237212,-0.661375156116044,-0.942842171361594,0.96402670087946
1.17387327429445,0.668151434262282,9.20803796910999,-0.155215595845914,0.572140892215723,-4.28110867837086,0.0440254746682784,-0.150162683299669,-1.77826302285216,-0.880771077161225,-0.347078130137576,-1.74483483538728
1.72708494759785,1.83876608932578,4.76772824838045,0.536193202785852,-0.858924356071697,-0.227415405545523,0.01851845884747,0.00850118027480179,-2.92315285256261,-2.06270334352091,-0.364682520453008,-0.0905187950867238
-1.13314199312577,-0.778887207176524,-4.21539371959921,0.079924420942678,0.3056549707239,1.63552007342833,-0.167825208684861,0.370990271371446,0.630714198336018,0.450497703847224,-0.45705990855834,2.58562594210219
-1.75291023532816,2.59254609175909,-5.99302110347633,-0.186791408106508,-0.366408401932388,2.83518020131831,0.183535113598204,-0.181742774195839,3.41456709424196,0.66687593303371,0.405697181110797,2.07646832940666
-2.00849049919522,-1.04266204497277,7.06425135395382,1.10895466537938,0.429552134036551,-2.51014050088076,0.651439453059946,0.658672309148,-1.43100480336995,0.0411327778559351,-0.00207858897448365,-3.86544595961188
1.23156787044828,-2.01129784399997,-9.77046019756975,-1.43594539298713,0.423107676826517,3.22542369441491,-0.248464869848471,0.0691801020148332,3.61841585841485,0.127118813387729,1.3606961141799,3.78478629278111
1.99072708693869,0.188535745210402,10.020682031199,0.540839134587438,-1.91500753601403,-3.32388134662376,-0.281375172321319,-0.0245761453789714,-1.53033152326288,-0.202446413143396,0.72951292843804,-3.56074020901706
2.43608966872462,0.339458780518093,-8.04952605616885,-0.475623604186392,-0.408944900724926,1.84314200093585,-0.0330769002587124,-0.0520348463025883,3.35978189258777,-2.35995725737743,-0.252583303949839,2.77744168913654
-0.859949238997385,-0.381647685148529,9.5438971964408,-0.749962527486642,-0.0156303941604317,-2.42580988369051,0.12530081411889,0.0441421199506814,-2.68567870722963,-0.0524732339806226,1.04510909802211,-4.11440496097116
1.67926280606528,1.80391965402771,8.32178074950991,-0.0316083940902814,-1.10608038142025,-2.97205467747009,-0.468207204320518,0.0754728114132938,-3.81791054782469,0.0530460814068174,0.404319913744441,-3.29298170448243
3.26113874462671,-0.410682669027201,-10.8542638793693,-0.123220302929932,-0.110645521334028,1.05706670843026,0.150009835847561,0.422473474943586,2.61567448672431,-1.65355451269752,1.40886882432493,3.22045746470409
-0.758873891541246,2.27689253015744,7.44850147834999,0.186193976920023,0.146161346284416,-3.53420928981642,-0.352384680644588,0.0744791914500338,-3.22979326800743,-0.367997333086301,0.0686712754164494,-1.04824239168088
1.18766886708928,-2.06448213056463,8.40025360543362,0.0942309774878928,-0.103680446599784,-2.89885260897444,0.503610773424231,0.853238666598574,-3.21181213071729,-0.710682241708774,1.4714225890691,-2.42126965511321
4.25646840904058,0.259507610844227,8.56074330902695,-0.256874052030397,0.0134920132405559,-2.77621700618892,-0.0382777933452786,0.467043466243623,-3.54304854333596,-1.72510194257346,0.426617186985526,-1.71429284239371
4.2002419640104,-2.47297813221436,-6.32229241864079,0.358344875249503,0.135064390002861,1.11466554385724,-0.780568590074096,-0.171737198163245,0.793247215024242,-0.825013215371632,-0.0947850459744687,4.72169479065818
1.00220866553641,0.0861728406084464,-9.04761350347434,-1.72021198074129,-0.250879382855807,2.93526355502263,-0.311318134878354,0.228703372097452,2.63696532696122,-0.275585578255124,0.749096492216341,4.4803499022758
-0.169376580922505,0.41195063475826,-3.33362187917936,1.22388446997767,-0.597651114025727,-0.965181438738683,0.397565500579029,-0.339178312092282,1.8110105189488,-0.616595986623854,0.854626999474129,1.8082033707479
-0.294443158938075,0.673021395151399,-4.37981597707025,-0.19092136762276,-0.15811416577333,1.42727278385908,0.369850424158798,-0.299859472964973,2.83565970143164,0.24265377082019,1.12164926726087,0.0957593958681305
-1.32036476261373,-1.29479164081547,7.98576131637988,0.219793593467979,0.347847735593344,-3.97680693494441,0.237623413650818,1.3777001845808,-3.70252677335768,0.585281676102376,-0.254128181700422,-0.708192975145448
3.56559810778721,-1.76533215809023,-11.7823146060121,-0.0246504205702066,-0.947756687221134,3.7609787439508,-1.78107211991352,1.42479141622947,3.22443019762768,-0.343134410277846,-0.367574160568279,2.85177879442402
0.663979733530112,-0.44072698716857,-6.95896013417717,0.43998639288266,0.245937806659618,1.71268215807373,1.14952536002773,0.624906304566723,3.35480467846912,-0.757873168014352,-1.56667818067916,0.620259070674205
-0.921817198521824,-3.45842932694947,-3.75104939346885,1.1352879129246,-0.183547724540914,1.46918079146615,0.0949970078207209,0.0988013445958346,2.81247262929573,-1.96893887206794,-1.00465828227514,1.76873559725685
-2.30654234329264,0.227523373525981,-8.45263321237083,-0.512695169041718,-0.260773134133057,2.82836998030585,0.579584950257815,0.11680851694981,3.85340802422717,-0.862277066202163,-0.956245005037992,1.02644152886086
0.346314319777141,-0.823102510902581,-7.59216537155733,0.190645035535637,-0.284207946045295,3.7055223627603,0.62920923172417,0.0364128042734267,2.96146041736936,-0.0295559745208759,-0.0222372100799743,1.22204020938362
1.41041071577165,1.51943850553744,2.8089956960317,0.123023932900941,-0.074296466831598,-2.98336936359147,0.494916301835898,-0.0411209316047142,-3.98191902124528,-2.56425193570572,0.875476178184673,-1.15512997056202
-1.76744475589317,1.37835964559755,9.12847447303096,-0.0630584539428446,-0.500458787325453,-2.03532142988103,0.231141427675646,0.289092899243534,-4.41790153592207,0.705209772290505,-0.886311829012154,-1.79320494959081
1.46881350083535,2.43607424466464,7.18035494461453,0.0851975348438719,-0.0327474491268087,-3.44092891961148,-0.485147479768646,0.159970655446879,-0.984694961299121,-0.875632263126796,-2.10933463500365,-3.16538818806213
1.34045221631653,2.3657746708452,-7.01876546188255,-0.403519923441973,0.051684341828609,1.17560350015917,-0.917846582540866,-0.314156237167013,3.8889854594717,0.587930285940497,1.15829936527892,1.45354056925213
1.65633876340267,2.84164427154218,-6.24897640390561,0.0907638368773533,-0.203692937436861,0.904613866906643,-1.04371373338499,-1.64049778460271,1.71839828848073,-0.759611553469515,0.31284570673873,2.59474240683213
2.7136073727051,-2.41073153772102,7.44216468113011,-0.350265138354789,0.503733841536893,-3.04465126766532,-0.00705770914382647,0.645858733933244,-1.69845246721356,0.194766853335755,0.138504363314489,-2.91391673349229
-4.00637008486907,4.1902498268391,8.3264377365101,0.3544407785694,-0.455965711675189,-0.759120957193599,1.49637643089756,-0.81484337880951,-2.67311851859006,1.42531404515062,-2.4994182019179,-3.02865202937403
-1.09888455079798,1.58698825536167,3.88777370747191,0.375580225572339,-0.311611904874309,-0.992789357716614,-0.212779747528918,0.180102564665827,-1.2431237153782,0.669397713864397,-1.36010439908316,-1.10016489182648
0.233360045331372,0.588129303776261,-0.70621356746536,-0.678474976336429,0.173832225896808,-0.0644797014239935,-0.309108475159543,-0.566079445889883,1.08239721635729,0.372359786768185,-0.41289867545237,-0.140229277247747
1.032553414465,-4.29339787423476,9.82859414197245,-0.400673301926079,0.159798135308447,-2.14609147422117,-0.717140244713687,1.44973870514671,-3.53287011686679,0.200138810404194,0.0945229615580304,-1.88385165262494
0.783402073574729,0.247183999462619,-11.1029057351707,0.274067804600901,-0.03952206465402,4.90673501628217,0.398797203299233,0.0647743132186755,3.58214793419599,-0.337848104733566,-0.101676999969676,2.48939421712587
-1.44678693946289,1.7205231848016,-3.4782659577125,-0.204200289672238,-0.291529158285403,1.48749985598394,-0.228945440796639,0.768004546008363,0.415877031717983,0.54655901920099,-0.0268668393693813,2.23469191192055
1.08924381526109,-0.808739106190788,7.87929715199547,0.0569657756923886,0.320741453253429,-2.20290962578112,-0.133109535777496,-0.2609912794615,-2.55799733526775,-0.23207623381191,0.470222492346485,-2.98113842020819
0.444898173395353,-0.746789727511879,-11.6822521348044,-0.118656454069462,1.21006443994023,3.87830871301337,-0.158072253741571,0.300947034561972,3.48275156052196,-0.0156094737575686,-0.119753757203607,4.80847002029493
-1.84809079862429,2.38512222733608,3.9640388860722,-0.01940848544464,-1.40017960868116,-1.85346104545436,0.040497529336207,0.462321081621007,-2.8755632397809,2.08726269610767,0.179803216275188,-0.604531125074269
-0.843402059815571,-1.13424937983521,-6.63357012787133,0.900344072781084,-0.249886760043775,2.31172136524337,0.0811042086830321,0.348184746086387,3.49334922636429,0.344159118772074,1.46896092545512,1.57028503257159
-2.53214247548342,-1.66054437207109,7.01740014881895,0.412883625664054,0.244279014564516,-0.707237056387263,-0.0641356294138195,-1.42241475581853,-2.545822439989,0.602440115341733,2.31967527627919,-1.89244199209529
-1.12700154309712,0.66791912025171,7.9686462721202,0.0665029452417005,0.00101787778247008,-1.62668900555434,-0.331619486561404,-0.748890532057278,-3.21879919652812,0.789637718440545,0.561268659009206,-4.62007212225022
0.681337393010577,2.7387472655119,8.2884158107875,-0.654029560838065,-1.04023954786733,-1.09457968423272,0.177596284350327,-0.486941369679628,-2.62665386737093,0.350624546159191,0.235995304911467,-3.57419085753486
-1.54670692386946,-2.45586139890265,-7.7236973548869,1.05233997642251,-0.011140311983176,2.9543924554192,0.33246384734185,1.08179748510089,1.81475742715288,0.564794203228972,0.426401155050641,2.06920823668801
-2.34397887151702,2.1220798713635,7.05509689143927,0.181066600270556,0.154401310453126,-2.40518924900738,-0.141383527220841,0.446102897293873,-4.08843931980314,0.179104592577391,-1.22052097453141,-1.64209822072503
-1.83834243867069,0.496332379434501,1.33201123993949,0.308243637346222,0.123392549877244,-0.637868597357569,-0.0898490586625253,0.60862245640263,0.541398065414033,0.978506102941933,-1.00620081818516,-1.12168101902472
1.92333166783193,-0.923749446077969,7.51479984482854,0.00872944151209746,0.0919926485856739,-2.03701592415907,0.320575215242425,1.00355983327489,-2.77547227810259,-1.51680762852987,-0.508745477581424,-2.12492142193468
-2.61466214283057,3.10981616198015,-11.0930831187822,1.09069556636976,0.327194630052268,2.62754449527179,0.622764904518246,-1.8305452174757,3.57709391154243,-0.148620757298346,0.105504841001725,3.07924621978745
4.4644358403217,3.9665031050643,14.7879835634552,-1.28160197331596,-0.470788356425349,-4.69647360460546,0.0660043554531714,0.0524826594767021,-3.74345554808763,-1.0095970833933,0.65157530325267,-2.23304272614503
-0.158302502748937,2.91864407524948,-7.46393897335293,0.401955672361971,-0.13615804765093,2.85380340135624,0.233185609003291,-0.861318088170925,2.00073020300687,0.291116755022555,0.210680890562186,2.00870924257837
2.43946485261679,-3.46020299618221,7.00605200666711,-0.0685367492411539,0.322779988393084,-2.61552526803827,-0.863396832332719,0.625631920685631,-2.10438157754432,-0.250035318447015,0.379242839068607,-0.916151955865469
2.35848416096724,-4.33927060199799,-2.46331914544444,-0.728623859574259,0.867083473140503,-0.12457444111771,-0.0523223980520656,0.255710125945801,2.20804643753388,-0.0366016448680513,-0.00288040725070842,3.07027135467025
-1.95815554810494,-1.36954887682492,8.44635504062208,-0.187410108810301,-0.356233928149659,-2.70983611110435,-0.266511966030851,-0.13060199397462,-3.42051412718244,2.52591491140367,1.67048164361346,-0.663536341453096
1.52989036027085,2.09845250455575,-7.73382435220956,0.392398790876806,0.798903364887194,3.17089490617608,-0.95498508864506,-0.668075923920136,3.92945021941216,-0.319632517405443,-1.47527910084041,2.12410147751995
2.8382494111043,-2.07930221545526,8.81753468258467,0.472930589595754,-0.369883109365938,-2.02283916587978,-0.210578438002451,0.423438157514556,-3.50549559467712,-0.128106354742333,2.26401999533074,-0.385333834897112
-5.02634871865767,-0.25391562599715,-5.4460093476326,0.998911647502489,-0.975420856819102,3.31953584673621,0.851803913859863,0.931797818667496,2.38725669470445,0.862504310333678,-1.24178195727319,1.024412765302
-1.84671407852074,-0.0460731749781752,7.84012092289152,1.77911353928393,-0.733540153754499,-3.74903756624199,0.112782698649972,0.253643385530762,-2.54755328635182,-0.490351684515508,0.273682035413559,-3.5596454123709
0.929786036624677,0.743600223814988,7.86706961629645,-0.144995536468587,0.232543853780539,-1.57302091959847,0.506451664120591,-0.178500053955015,-4.18408544836361,0.0453010640413365,-0.46153351544596,-0.965689315215098
-0.738339350242917,1.83156944825131,1.36153498760893,0.623587603160595,-0.74320861496994,-1.10088101156799,0.466109589856047,-0.0351032241406332,-3.31415774151144,-0.45747454400582,1.67027857670379,-1.75154253831136
-1.96670791819344,-0.994076574236706,8.1747506554542,0.0615433406276644,0.029666304273911,-2.87408228192795,-0.211619937995456,-0.307220464146773,-2.52265904402131,1.5551611125177,1.08536741439814,0.172983328608644
-1.71169876197926,-0.290323609105763,8.81215395212835,0.375005193545673,-0.526163421910086,-1.29555327357922,-0.402960820082634,-0.203105223383477,-3.31477939235387,0.762679073969524,0.421982207882688,-4.24368889523405
-1.48720774830066,2.73060834747302,10.7486335312494,-0.142118337917244,-2.79253621154171,-1.73520777504163,-0.293629026502301,0.455443889944917,-3.80608925879622,0.431498034411969,-0.717347605036605,-4.35240414309317
-0.768214364205153,-2.43185404568574,-8.38417205134609,-0.433666415380989,-0.121968842012686,3.17454655425691,0.195120902374976,-0.0645342181081843,2.58488670085714,0.200786044543327,-0.0294120930868785,4.3359281397999
-1.50234663430201,-0.921663117031827,5.31301925992878,-1.13687149956207,-0.166557388020978,-3.55780973510521,0.0791156557572434,-0.0123468607852684,-3.37788026914485,0.00621715973896567,0.0557733115224095,-2.41669781150641
1.5766838486135,-1.22063167932393,-4.46900124731066,-0.826255193181599,-0.158096386301021,1.00026240689622,0.370917698258594,0.14774374380364,1.25180520710148,0.322056341355359,0.460300760431548,2.22862903811718
-1.86247269224321,0.543053497855437,-7.43901664754692,1.75458406537759,-1.02214576448546,2.61232474962355,0.167508673074762,0.415746008663835,2.72763250418751,-0.0494077671359052,0.0753148403305686,0.866710840255885
2.12277011266987,0.735937456539437,9.83058993394459,0.122324066253629,-0.3623347411615,-3.06882729660426,-0.592991899989174,0.642417224389756,-4.54848226422813,-0.254524317630346,0.310818361847219,-2.63371512291727
-0.115042062702276,-0.0916566444234703,10.2206807878502,0.232561537619654,0.242791227367371,-2.90366267677805,0.055607093959289,0.475189951122525,-4.01241900834466,-1.1871978415289,-1.77363141515136,-2.84807610636134
1.75032414512286,1.49460803705398,8.47988746999347,-0.207038700318034,-0.49354120746549,-2.82102366495147,-0.148762408348246,0.109507993543839,-3.28071400108917,-0.502866019853568,-1.67924662300373,-4.59453890097447
-1.68183159496526,3.76844985618883,-10.2875211983344,-1.32441274743078,-0.428266092128614,2.90761073219115,-0.783544810521378,0.447391360519867,0.943294391977853,-0.541147524590603,-0.423382315473215,4.35100129213169
-0.76185279459207,0.741390123536108,-6.79238605534066,-0.506975961116273,-0.167938949993246,2.65888379947847,0.186583342937657,-0.380025244772552,2.81339875095894,0.34873289879805,1.79308256572832,2.53443418381086
2.67501681271655,-2.70704566080788,-7.7988482494398,0.159788913364233,-0.149043901056738,3.72369599384703,-0.626026231685642,1.24147021770504,3.79943339573712,-0.0177022021410207,-0.00369831675505341,3.07131285649867
-1.02973476357376,3.16693231928328,-5.01842200796563,1.36597001368042,-0.2869554710149,2.14969243097423,-0.0881472745016908,-0.0276925635408299,0.804305259234783,-0.730398029330681,-0.0603520539934334,3.20003686826321
-2.22278985252572,-2.42466324449463,-11.5932879047029,-0.532102824782172,0.882874238428907,4.07789223407726,0.0309628780615229,-0.082621452773154,4.55611231380416,0.974452203996027,-0.850262020339022,2.55304336603256
-1.3275602537334,-2.01601319583928,-7.1697249231167,-0.449789824961807,-0.220525410365185,3.39119708510629,-0.243153576712647,0.62955544112428,3.78984956696624,0.178377684059765,-0.0180095105743123,2.26976880414138
3.20677663272795,-2.19223822180018,10.5836896593377,-0.829620664646562,-0.138121431270482,-1.99730202377056,0.543787048840382,-0.870614522374951,-3.16845090697307,-0.356560883766965,2.28891165872943,-3.24436416593634
-2.97576632161744,1.09601229891161,7.27229913056691,0.564798807519601,0.376538165251706,-2.16046012834072,-0.0727386563733752,-0.506283687067825,-2.36234490274697,0.932511577002029,0.892379096061163,-3.99607408045219
-3.89850887021185,-2.95716302936042,11.1424475120199,-0.398761222721729,0.681536472030216,-3.90835865993047,0.042223916004456,-0.0272713815848504,-2.87699032882291,-0.192571075393918,-0.963133707726612,-3.76137406841203
3.1171982606537,-0.579853389255402,5.65120632026834,-1.55002298175077,-0.411623938879413,-1.71217905206557,0.025577237687767,0.765682347371553,-0.53850600435878,-0.713819257577323,0.298412281985671,-3.02885444977042
-1.97254076927224,2.39020923851979,7.32854091609011,1.08370265132162,-0.113874471740413,-1.80989961471512,-0.00802630025409929,-0.601930131002615,-1.80801301816037,0.0826771986868384,-0.487035694244615,-3.63443165616907
-0.436817820982023,0.612845875067491,-6.52135287236535,-0.30527259271503,0.417388832643676,2.96851633427028,-0.157464860848795,0.598666350045308,0.938984020585601,1.50830551609881,-0.64446685935976,1.72121240091272
1.47664335661691,1.54612190943498,5.47329513779856,-0.0303195533557489,0.564702809899379,-0.402149774663018,-0.374295226705403,-0.352618429656194,-0.316694058468187,0.134674030085989,-0.143536636083223,-1.3386660422299
-0.299586848780523,2.81179272026102,7.82730715061886,0.677651891192678,-0.0970505127363068,-2.4438353184251,-0.650119891879187,-0.474574978461689,-3.48898562075348,0.650764047181964,-0.48422248465389,-1.43050607910418
0.921039709427187,0.306399363140063,-2.5401950877431,0.144002324039847,-0.600541008690792,2.03300915578782,-1.89761781793146,0.378491039839399,2.67312308198734,2.26764744608287,-0.583252222668542,1.35647797707592
-0.683808143779786,-1.94663954127976,4.25039197280395,-0.516026847801197,-0.0144542453836702,-1.93964416267023,0.550834776108373,1.02016222223781,0.32953910356963,0.013614236684153,0.111504209998435,-3.56152667231438
-2.92086902491143,-0.401741909946993,-9.0394358189748,0.10919585277737,0.316984401258331,2.6994738425355,1.02748801543759,-0.66873630237957,2.13721027698276,-0.636813448177504,0.217005683510464,2.7469293116051
-3.36713371380557,1.6999896808156,-6.11148927044485,-0.0727589055498191,-0.550638140720772,2.44200370967707,1.20004618250455,0.780232065686448,1.68911670030164,1.02381596774625,-1.15663678783495,0.200935583728136
-1.59875594152057,1.25770030522988,-6.16981514015934,0.0953239906967425,-0.057269975711327,2.0433858207227,-0.3676903154298,-0.0709258740183449,0.547270108350879,1.43951549915934,-0.739164811652659,3.49708152431645
-1.17087555966338,0.0250627088245405,-7.68428059335116,0.125080842489645,-0.0747248187343845,3.52637040344878,0.651187841853206,0.820149259781935,1.93815694840506,-0.392869316286242,0.213340799884132,3.95191690069589
0.214895547857777,0.922672465224264,-1.94073984940613,-0.458309777771525,0.446949463491812,2.41270822088747,-0.756524329235844,-1.43438004319866,0.817302993685652,1.08043011013419,0.497344230126045,-0.447500798662245
-1.2605919842436,0.0364620874824125,-7.37526832904681,-0.0518610646718489,0.0694746741272963,2.93864599358825,0.34489988245124,-0.344471411184532,0.5642326707755,1.34057455264892,-0.314278353116996,2.14874855788388
-1.85868910150577,2.45445406888035,-10.1769712219437,0.119615600010365,0.138067665000971,2.26200880850056,1.20040971059238,0.530645551269907,4.66424149883025,0.771350171610991,-0.516460927715469,2.64352484431221
-0.184048205572927,1.49917117731861,-5.10949518854912,-0.409386717540718,-1.46234451412847,2.70903230433583,0.734666290765657,0.217708278157473,2.68065913199164,-0.28070572422794,-0.182582830434266,0.652293175383699
1.29436328691871,-2.567632171026,11.4239956204432,-0.337066278005184,0.212877933954363,-4.13504425365763,1.45822089646651,-0.816207053110782,-4.3480476795851,0.149753320698875,-0.078973613199863,-2.53498819669646
-0.459862226380759,1.19045875238868,-8.1626961763633,-0.572449052196067,0.1319726839531,3.04819389787141,1.71716006655414,0.436025713201882,2.07943476581662,0.388022147952406,-1.14240522422806,2.92384559297349
1.82562411321896,0.323680312694151,-5.27477045608222,0.195633569979132,0.13164446248159,0.845584415642227,-0.384424418113563,-0.209413935145106,1.19577638531329,1.0404736368515,0.246381181409225,1.52285233215034
-0.142765497111611,-0.738834462278128,-7.63109816244779,-0.527136944050286,0.927709230201106,1.97496619831372,-0.241490291176665,0.656473422208264,3.25074506584921,0.0478409928443346,-0.489900266347718,4.57271503314976
-1.12258015493759,2.24850460479076,0.317650727670479,0.463106319360259,-1.1020607446502,0.0374571628481545,0.347655948284095,0.0123563327012308,-0.681243708307607,-0.517884764082583,0.257393728824956,-0.820174963023662
0.160919086128114,1.72844302178958,-6.95684667089326,-0.688331308290627,-0.0542319335296227,1.83772152345954,-0.20026097924327,0.0923146215095063,2.97746591868691,0.00219197890841446,0.0708482442215981,4.3759669152981
-0.48413570963493,-2.69384135977314,6.9290929666874,0.272033419569322,-0.0804465124989469,-3.04195705271284,0.165951526790651,0.973461065082622,-3.89226889132082,-1.05385928175483,-0.317051532748465,-2.05617527338645
2.97276008318419,2.87778511385861,-11.25978609738,-0.537155419608154,-0.240267510293689,1.73864812382645,0.245543988874729,0.833029140063334,2.94297412889581,1.08050464688572,0.0286377254152872,6.23451635016131
-2.59777447700429,2.57744528989657,-7.36721875928046,0.248513374088696,-0.101057711573875,2.97584327173221,-1.10436502110705,-0.186161002411769,2.36491613693807,1.27143669758466,-0.0169975878056719,1.78676289870724
-1.1871808798947,-2.41758152834786,12.3832348409261,0.750213940382225,0.485658272477155,-3.35188697145412,-0.178208765770795,1.24936686138146,-2.66102017359551,0.684504650063167,-1.75069579455098,-5.17253724562882
-0.801414864060185,2.12879667002128,-5.57660966667335,-0.639810285500302,-0.00290160902007665,2.58022413933129,0.438935901598815,0.168844060281539,1.07784279256142,1.52948176925277,-0.0723962172133579,2.15633904132111
-2.16672853486786,2.94744037787582,-6.95811668889583,-0.486068785413331,0.564750411568102,1.76178095634781,0.0870151834834135,-1.21394361028189,2.26245821346442,-0.136918895791247,0.257356541480545,5.01038823741986
0.572277364375155,0.257077936950746,-7.7973181381864,0.439620647961183,-0.503075372754658,2.21994437964143,-0.483703429023222,0.0229843667233093,3.8975037387623,0.797915797989804,-0.0300792042225715,1.49194192207062
-1.14118931131875,-4.46893585949823,4.72231047923762,-0.0783700338664255,0.482907348419016,-1.54656270436995,-0.171084936870093,-0.150780116870109,-3.21834978232501,1.34817496801446,0.359294177084071,-1.52814644310426
1.09072368354172,-1.83959281738599,7.1899034951032,-1.29450054379452,-0.162706327495882,-2.39227670114426,-0.214475158197815,-0.353444030441391,-3.52326951357398,-0.388356002186949,1.12374529218234,-1.22993604501423
4.48369989188212,3.41939029233257,-12.4871442476041,0.427148326071287,0.474142706682151,2.93629595272634,-0.0787199141596031,-0.507589912164764,3.14454326288144,-2.05857137792489,-0.205710326016761,4.51373709412757
0.609846944952261,0.494435495086234,-3.74295910602122,-0.161386191547544,-0.08872385260154,1.60254234766835,0.888069477298752,-0.583080347012719,2.21728483955286,-0.30031058459057,0.209169739820475,2.5482186452938
0.718712324081063,1.31101867099528,8.48420518513276,-1.28528219542004,0.702307681756298,-2.80248602534843,-0.675124518698923,0.375437357225597,-3.29519262173853,-0.0594008280054202,0.124368152708308,-2.63126657466248
-1.82541684397439,1.82267793056208,9.94348697348526,0.64439301070256,-0.64935853616409,-3.98195076112579,-0.154421539214687,-0.0236249748275305,-2.87720452018903,0.190008925079445,-0.15661521599888,-1.10014886719667
-2.56766927018383,0.0576432302575191,13.0782534561427,0.877220533016214,1.85804750497199,-4.08565354239951,0.133448949305073,-0.231837477476377,-4.24003821758844,-0.148204184035041,-0.793284672569706,-3.10157534420653
-3.11007747237542,-2.90301161816165,-4.26098479812345,0.133282012209945,0.108305153444849,3.36770076733138,0.553414157623086,0.341305155504171,2.28829147747385,1.49323962608332,0.900080806483987,-0.345296556656831
1.55077379435505,-1.90174297802962,-10.3399834462921,0.788116931319457,0.142619675449597,3.47452117729634,-0.949661065588424,0.522579396912777,3.20695279610381,-0.0418064188944414,0.102816418468876,3.56997500057456
-3.13855159540222,-0.754706889682314,-6.88566808682705,0.28571619721986,-0.0570913904523987,3.64682473903984,1.28591623281723,-0.559980949581992,0.817074615017723,-0.00741076436604851,0.611879152026694,2.94632484150192
0.0813759229257549,0.00257205338203509,-8.47510744749733,-0.184873104578197,0.334607236685664,0.907722732079721,0.00741657250241074,-0.619560561940918,2.7812481625271,-0.835140249887712,0.512548763626437,2.8212604943795
-0.157966245757145,-1.8872105092068,7.43706956729055,-0.0320344041589113,-1.00799756199816,-1.98671399283397,0.297393982695829,-0.121416843851604,-2.12698619427443,0.277071900796974,0.0493329130444797,-3.57096404521962
-4.2391209927748,-2.40313075388929,5.62072003575502,0.634845761767128,-0.00830182605253252,-2.24194935109304,0.496333483865223,-0.156288646378222,-3.32075976391539,-0.385740344558691,1.89227595236982,0.0632702454359575
-1.19611174683008,-0.656783768992576,-6.46853015777655,-0.000298245897535496,0.420494000291174,2.16586551298653,-0.382839935043204,-0.37749394786667,2.62217137387148,1.75369825882957,-0.499368372145811,3.40038730287123
-4.80970999626929,0.187568645615922,-6.37476035308752,-0.198268056395538,-0.137422818768563,2.13118118370858,0.177960121190882,0.0529602163187968,4.77285203707639,2.29676110016671,0.791043292771492,1.57172263196173
1.14677158386911,1.61587823273552,-6.76634469449339,-0.332214685644683,0.135790205142187,2.24100309406958,0.120298626502569,-0.26811119074042,1.01198915919898,0.0947391192812766,-0.280803668011941,2.16048107348054
1.60436764065509,-2.84993060532901,11.1665481732563,0.299292185237568,1.10708511775775,-1.91834929722862,0.138992832465021,-0.183454066782839,-2.17433556319269,-0.338283745567574,0.327207446205173,-3.68995284223907
0.412384780329742,3.63855062499764,5.30018113783696,0.391330216939262,-1.35157186908041,-2.16825052343288,0.658051795527054,0.662294917192986,-3.25771716486592,-0.0939753462216128,-0.177532471872598,-1.95538553713483
-2.58151670427021,-0.675526144513754,6.36234327597387,0.146404326980749,-0.0137286549196966,-2.70267255411884,1.94549997251079,0.820120162148765,-2.18621389722997,-0.105094244022323,-0.170750619259823,-3.6640050775195
-1.96553389572387,2.07384078757857,-8.77630218725623,-0.641872830298629,0.127195075456812,2.88897405800207,0.465956496933107,0.250812603219423,3.80613574877561,0.904164640370166,-0.702651009158398,2.2149623234238
-1.77534328233319,1.83633083254663,5.06062845378417,-0.496451007949079,0.276681284280179,-0.548968711308516,1.11913782283498,-1.55715492104056,-1.73382116375776,0.356116174998746,-0.0345024320263384,-3.71062042606464
-1.74483770364226,-0.170159485923727,7.90543637143948,0.280403950947094,-0.351866954933748,-1.45406965213804,0.110827498016983,-0.00837510217973065,-2.72212347499868,1.24440804854599,1.12547822039574,-2.31842782973951
2.83718990642051,3.625939611522,-10.7984544715821,-0.59312130772715,0.132516374172843,2.35451122144652,-0.281185814811871,-1.13695224063801,1.84144879640275,-0.413243871899421,-0.440280747331838,4.17546096912402
-1.80919930257682,0.710053000008813,7.64511128485139,0.0455611328554438,-0.0976063390507566,-1.961740529452,-0.0151328911932235,0.291841756338296,-0.716444383525337,1.42988066419937,-0.310912925759499,-3.50945668636565
0.0603125606420458,-0.361006033145558,-11.8035494545076,-0.226240205803101,-0.766297698240066,3.53327017929458,-0.299086156665504,-0.85600847174268,4.28939212227149,-0.185359499294083,0.793161698857426,2.73430655624416
-1.09970289793945,1.92035061013453,5.59097211902148,0.0302694389020385,-0.127124613910296,-3.03858906141742,-0.308329455835149,0.0892370259994233,-3.72704962888636,0.195021569665312,-0.06428613756151,-4.91212587488198
3.90735871584688,1.01684621642706,9.5624847361656,-0.472664451718802,-0.994889836372864,-2.79395477429373,0.0133892340747215,0.145118608528089,-3.71140593610297,-1.05230441541956,0.54572995763377,-2.95749937387902
-1.39242946514552,-0.446597417434705,-10.5286284924949,0.208254593189057,-0.333897136692659,2.33892901786613,-0.0694357632070225,0.913453914761596,3.19987224356071,-0.547700900649607,-0.880678018607104,4.14028843272968
0.112566937599721,-0.523683852718508,-2.11653645824923,0.487652076238549,-0.659675982863154,2.05109983188792,1.51839459646236,1.32316847795141,1.86115726875314,-1.24459073914311,0.961451408771202,0.932256838916692
1.03603939834313,-1.61906366739787,3.0746384101732,-1.15177685252638,-0.263097578977583,-0.935956112100926,0.128851337682271,0.0405555509070701,-1.50530451452098,0.433033331946623,1.41871971713652,-1.20286017753072
-0.204999052752744,0.0611629858790326,6.88084375794684,-0.675569369271348,0.0430764272106953,-0.503784222264948,0.0282003225302515,-0.0998597730720989,-3.43752227543643,0.745944477634264,1.24647049312008,-2.67747152032445
-2.7909494683044,-0.675525982764237,-6.4666984958597,0.554275797424206,-0.0511639807148625,1.46061969688203,-0.174527159360914,0.300990783696625,1.46521097366295,0.437514453201572,0.702061287472047,3.48305721657897
2.25394445913412,1.47128032420505,7.28833270725922,-1.5252707049094,0.686652324457605,-3.45544701659797,-0.0963654460681747,-0.127059382522706,-3.42402161730277,-0.0674085460589621,-0.84840921402994,-1.48101764788562
-0.0895610673250217,0.152719272575635,2.81255475154631,-0.440704914963183,0.089396061982589,-2.74910728238659,0.573795987178288,0.0988699534031296,-4.09920954744071,0.627787330540664,0.317862915050328,-0.589689879948923
1.31819118662231,-0.555466168551059,7.49777651345272,-0.680306278209464,0.333705076192271,-3.06082809270954,0.1714615202422,-0.240055924028702,-2.6976787814796,0.786989623266638,0.974143183200353,-2.3104107889593
0.135572607915691,-0.0822225122559145,-8.97288186870194,0.140060328848611,0.257684865089362,3.32448639391654,-0.68075359790777,0.442269150836738,3.65670367400682,-0.128018002382418,-0.791673325822894,1.73356577037457
3.48896402246507,-0.770760377463715,-8.60020958707494,0.528457116257459,0.799973799171722,3.94199070686588,-1.36147924716094,-0.656542304861249,3.51024103421332,0.00980415838878747,-0.0541836669074124,3.36246176815613
-2.00046167725259,-1.63541375860954,-7.41956231420741,1.09083592248359,-0.463338873267263,3.65371474280108,0.416147374139521,1.47563311170788,2.96007852027155,-1.6830669586229,0.573355471813716,1.72284862248169
0.123909538662683,2.64151780415518,7.92667146062047,-0.282489553349196,-0.367063761122677,-1.7292457776508,-0.258400766847165,-0.378655749942406,-2.8133045354153,-0.10608207103074,-0.336182168845476,-4.23224172614051
1.07962256973874,0.18078413223389,-6.70438905665366,0.217494667363393,0.0677367846890055,2.99207673676549,-0.0922152779489232,-1.47655574450785,2.50683259999453,-0.450853530438232,-0.057049354597658,1.0498901160059
1.80066008800623,-1.17497177226246,5.88426710672986,-1.30062399798581,0.698499001166271,-1.99560776064109,-0.0337015373975042,0.0791926924228886,-0.896633697189803,0.683638917961204,0.306376688842798,-3.26611206404493
-0.00999769961709596,-1.37196185056702,7.01849986190332,-0.239975757145145,0.0198291573860372,-2.01211360596557,-1.20354465181202,-0.430010227587149,-3.10937323527041,1.83517248171954,-1.11232941879662,-2.39343275200515
-1.18272238831599,-0.368515264918138,4.71600191195215,-0.5255846048462,-1.92440360312376,-1.42982934680561,0.254106617696734,0.361399051800806,-1.0609993010044,1.05130223699321,1.68701099401753,-3.31694813764301
-4.83132678827688,1.64378700965851,1.53112012883862,0.950291555587169,-0.525578862516187,-3.02037911895048,-1.45365482425494,-0.181381205917273,-2.20223291827324,1.61466290486235,-0.242179587314765,-1.9117668298245
3.07067029861344,1.38524118366132,-4.84094161950622,-0.0664397112744729,0.502131692143635,1.0952491762355,0.586084609716619,0.456906082792435,3.6959308908714,-3.27439611375389,-0.683441134214007,2.31414648485211
1.03155172467949,-0.523531795633615,-7.21740244076838,-0.627231736350064,1.41844173846359,2.47020237409171,0.413085991001843,-0.184175001721411,2.51874321716732,-0.555909501125231,0.0189021004380458,2.12191438922282
1.34836828123166,1.80116140468445,-7.72667876674879,-1.0619483108656,-0.0338356839056384,2.10155250035608,0.0337449046235521,0.246374794740913,2.80450245623861,-0.30386763781871,-2.15939592962869,3.72256504744285
1.41535943164962,-0.958919481083832,-8.02402554122175,0.244790174664222,-0.0657057930988514,2.67967289252631,-0.809566228848141,0.918654383098375,2.54061600262403,-0.110783484193943,-0.188586869292568,3.17190416151002
1.46011048651024,-0.619588474730735,-4.50389670383584,-0.382145757385736,-0.158592357623441,2.40571974029616,0.0614809193022781,0.420599419511165,3.19234805398585,0.752202569690788,0.19854701165142,0.715350318798595
1.6441689111942,-0.0295541589626102,-4.62619451005872,-0.407749649772964,0.389126451166811,2.4111286794959,-1.69367161981333,-0.403504285069443,2.45657558676561,0.0304162983282267,-0.0273425191051715,3.27739404866269
1.43679017820259,1.34278770612428,-10.1551318804396,-0.103446492761418,-0.324292364176447,3.12658753478664,-1.18781796766628,0.0565669331369415,2.45637936334731,0.468319668643567,-0.325950343579736,4.91275942375201
0.251584679630527,1.08754048339424,1.52529416197299,-0.485352798838249,0.174631590866728,-0.0784351008986295,0.973866543128339,-0.293662789531242,-1.58070637833874,0.671894718266051,-0.448685459741108,0.288552095445624
0.771630814277434,1.73766394584209,5.29528170445997,0.272415016507996,-0.0330322070443791,-3.15121482385516,1.18379386054184,-0.594624925429009,-2.15243613553837,-0.232095614065114,0.0548376538805957,-0.399784290655354
2.99738535608969,3.58846777230301,-4.5750107453263,-0.316486471501102,-0.176300834752777,1.49917004105566,-1.15057661730109,-1.40891450746231,2.30796562307074,-0.114661732670156,-0.365667689633126,2.69119117425113
-0.694696012407435,1.69048662497408,7.4440105215989,0.603079072324583,0.181594255942195,-1.31587807295308,0.524078220461549,-0.787690289966512,-1.76326499403931,-0.268176202890243,0.0569126103041419,-1.59143852676713
-0.915462495367522,3.05157306399445,-11.3785817260474,0.35599108395793,-1.78295506612738,2.23983477749455,0.120557748217605,-0.337699569697264,3.09075786651277,-1.18232137502616,-0.465650788644119,4.17822490120863
0.393080698633016,-1.88002473051144,-6.04042241899354,0.30892809158755,0.168003107308844,1.80895037478924,-0.184523332332642,0.313270500063629,1.39684081008371,0.66435801468813,0.291865949853486,2.82772328906822
-2.80474784326483,0.514261201933558,-13.4378609546777,-0.694286456368854,-1.01479378618727,2.81363905709758,0.529929556863822,-0.470094893331672,3.98466437688649,0.682170426483783,1.21850032500031,4.68054684533053
-1.36249425937314,-2.05487823100491,0.501801516055973,0.241365582613996,0.120340242409785,-0.854613028252736,-0.853769456640426,-0.676907090506397,-0.171924751669765,0.890431104317387,0.736318531764938,0.393613225256632
1.99555730115592,0.86331842779527,-6.9123279193998,-0.515556532651765,0.641406609617027,1.9197190645946,-0.0453290291963734,-0.117719251006919,1.8008015259169,-0.0545649322581948,0.283755574096598,2.91935866273787
2.4792785585748,0.144511845289513,-7.0405359636221,-0.604475919829401,-0.0685230056966848,1.3944251328734,0.387769788362913,0.369869898868731,3.95641396621618,-1.07710216725952,0.166304050701423,1.52279169945402
-0.686529164682693,-1.22100454266853,3.60344179897502,0.775791283687252,0.536353597160218,-2.49665317325127,0.344048094615982,0.407627990477711,-1.74135129773501,-0.110490556011146,-0.241400043102453,-0.545009460515895
-0.050586252263128,-0.503276296076741,-8.00443117031771,0.15531020819602,0.17952047886732,0.995298835754345,0.221551847562024,0.670087470685057,3.57679042420533,-2.02336968843395,-0.847516506958308,4.28634796997403
-0.122481813919202,-1.18034126442412,-8.11671929077471,-0.0415962515606252,0.0297165555111978,3.41229283936265,0.0797891878019631,1.10392444526283,3.26351191115849,-0.17285792862722,0.00514922326055888,1.2702162883592
0.937831727394106,-0.417828621570339,-0.429345838902542,0.35698859742867,0.387462467663466,-0.637751089874794,-0.574139067868412,-0.450132165066722,-0.587225693805711,-0.312117857520643,-0.55697233793767,2.36924323819255
1.22547639475332,0.78206569494619,7.44844057687532,-0.186710127969136,0.561859496489793,-1.94066814255021,-0.70041408732015,0.0223253483269127,-3.50671067532027,0.712753963345555,-0.0456734359368407,-2.35214613429339
-1.17347249995467,1.0899574106154,7.48472337405512,-0.133604550708943,-1.14970353418793,-2.08892208458106,0.273748745710297,0.521823982368338,-3.42459836242793,0.542991409595051,-0.313753658331074,-1.13185319554269
-1.19052293715025,1.25877619732504,9.94797933956308,0.110954140108912,-0.0423553428852984,-2.1939128319424,-0.278986582228929,0.251733018798825,-2.85078330706277,0.580117276712486,-0.393099209799248,-1.29688556602598
-4.5175068662407,-3.5372128745339,3.68920491331305,0.748503309008175,0.382825899872764,-3.20582426228451,-0.0913769384257026,0.204151431437704,-2.06127683973882,1.04832339127161,0.106560597730564,-0.690536826915946
-1.91307152653206,-2.13007402395629,-5.49562373031056,-0.0295920271235179,-0.0814871814645663,2.71654507781964,0.719545269012011,-0.405756767529799,1.54086674508656,0.135644852088765,2.49633633262655,0.440286962856499
1.51547532221865,2.99244489421614,-10.8668443137482,0.315616170977885,-1.27720878213602,3.3698906239951,0.0116522171939672,-0.0183199239948632,2.81139111200487,-1.13312470595903,0.381577648262655,2.70440822425845
-2.66960287847847,1.35388329396363,8.5742391175929,0.375266738121362,-0.192860764411265,-3.19838271858613,0.215055040600358,0.639686196266003,-3.72273433858186,-0.195091521164181,0.108753008991676,-2.53100149428786
0.10341442791566,0.121682952589622,-7.58733219421645,0.04151461946054,0.01347033074561,3.10767842353646,-0.941606596525171,-0.363794993896285,3.16503989035612,1.10024794842805,-0.0450037235941849,2.11645970957186
1.01452070574148,4.17159475444042,-5.65176295308214,-0.155085527507731,-0.104977134389284,1.83848912544401,0.565670414423967,-0.681921281324302,0.511571889966787,-0.424930705275093,-0.335534888317278,2.63115825061469
3.57138646462374,-2.10893568103439,-6.22006106498699,-0.181447856976282,-0.468485708385244,3.24578387991268,0.336145904098599,2.74377097832771,1.98607029123772,-1.86965850309176,0.311454472171781,2.02338252651717
-0.675292803773805,-0.159661670747377,-9.03510175841494,1.589297810667,-1.64504142314627,2.88497224338187,0.104342693520192,0.281371819119347,3.19475201679901,-0.0571541798944908,0.273269020490852,2.22276456342113
-0.47555866499577,2.31682820898443,-6.20632253743263,-0.225868080002554,-0.0769859166434479,1.33347872762336,-0.151927228859468,-0.430416783328097,2.80505291616123,1.38860413401944,-0.883135961896996,1.2215786257522
-1.37262712041482,0.293961544452091,-8.48954868159618,0.367455684739226,-0.00574839813766067,3.18968922943261,0.772330266696943,0.898745875657814,2.88811728631,1.944021407001,-0.526751878130246,3.05323343372712
1.62754875753613,-0.0819003901609054,-12.4082164302882,-0.0847019558801219,0.413800659593444,2.1445672598284,-0.0628919040683096,0.217827309613278,3.56598024704388,-0.0154639956969553,-0.45289019706409,2.22674423966334
-0.504895736340479,3.05983401497231,5.32899772183085,-0.325274585212797,-0.369632623246768,-2.8265329802625,-1.31100874749684,-0.611596891174363,-3.20834726102481,-0.225556315143108,1.89887733816446,-1.89707408411575
-0.316274541134865,-0.548376795465807,5.38421218309246,-0.233020480766709,0.1622917356577,-1.41326229187742,-0.179430845095691,0.373800040544234,-2.42856392508558,0.462296304849044,0.799982011098564,-1.83728106424716
0.855346844309689,2.15400792906104,-10.6908927516323,-0.151440536793221,0.0535625362084124,3.67011216345441,0.354641618889502,-0.155249800792646,3.20126809016641,-0.0792238837171214,-0.788505450445229,1.75266751194477
-0.855179755581064,0.774722182712664,-7.01407924513422,-0.104658398265465,0.269480292110477,1.00488023516181,-0.52497189195615,0.251612915537099,3.2095058837111,0.433099060331856,0.120122992349685,2.4382302468599
-3.8253719169056,1.94722228425712,8.98380981116889,0.287518173761216,0.437265077359223,-1.20726552048698,0.405272901730693,0.436019384308931,-3.41915924468386,3.15354027290498,-0.0430963033106611,-1.12131189556519
0.306874759203265,0.567141750192897,12.3851901121364,0.117352360485259,0.0557546076949321,-2.83063869152072,-0.362323729668468,0.173798457212253,-2.65711545717727,0.102358554824615,0.169628091466601,-3.38244610443263
1.3553905632485,-0.749747174027666,-5.28775514250598,-0.0868189658641815,1.27858813593113,3.0478637796337,1.23875869138775,-0.387140983631712,2.54733436782239,0.994417562249337,-0.194946040794403,0.995668817532664
-0.938091577824593,-0.403211009451029,-8.47462277213349,1.30886557457974,-0.539308919935204,3.02140105325457,0.205495000598115,0.380907934705106,2.08782014623444,-0.44892349579929,-0.244096795136752,2.88092549011742
0.622696686362129,-2.31908966132256,-6.15533223384646,0.618002557365313,0.163495041313507,3.31610222437432,-0.0887864532023779,0.0741657144626015,1.15743953247179,0.401586999509929,-0.509973618801211,1.87297154456724
1.32756925793123,0.708541587816017,11.4545203594487,-0.121935920469278,-0.77356114834773,-2.39972469333065,-0.143688929499783,0.0202690792978944,-1.25978835176478,0.219572187981277,0.444480354150162,-3.36112230512551
-0.949906253172338,1.6185298499627,-4.79007212227684,1.93760936808838,-0.810114420948336,1.90268653065788,1.44808068843449,0.948632896834981,1.57463540619316,-0.562324132161063,-0.891290384202458,1.49890582373164
0.361217022682658,0.845774776035365,7.95559555933086,0.546631144218837,-0.114254796497256,-2.38075375507462,-0.0629464859612127,0.567552892647901,-1.64431143003733,-1.42387422405316,-0.297022165342331,-2.77239436080624
-7.79507904813439,3.04232300184341,-11.2854174923767,1.08267514553151,-0.397228264594622,2.58877324219298,-0.597329827647919,-0.241161466405125,2.64199161989539,0.251242945832829,-0.485064478283423,4.79543305361821
-1.15553838534034,0.734067292574098,-6.56939594783876,0.571317198054017,0.0957073917376771,1.62893493100279,-0.0740698659755544,0.692635081012057,2.31065733026537,0.693777570124744,-0.0343573803840621,3.03446572746221
0.250692764872331,-2.17502036803067,5.69517165183894,0.110623303612288,0.185170517024867,-3.84731242962111,-0.776364856483334,1.1372130340031,-2.68234030557687,0.623868225195282,0.495794026285977,-1.79911640161486
-1.01083769309136,2.6240046810635,5.46072628409718,0.0739377431037813,0.454235695758452,-2.1806571327008,-0.278347118163383,-0.636885844922092,-1.17997590197933,0.758412780752113,-1.38808870420426,-1.46099583960639
2.70920636061651,1.34624763166659,-8.00277997831643,-0.873513349570156,1.49796702321858,2.79904095512,0.313291983950607,-0.530772970842734,3.93769444907949,0.188773753369963,0.25061171232962,2.71003039650499
0.601748806465876,-0.665152009403672,8.68490924024058,-0.239516847296785,0.386305640147733,-4.01131398238634,-0.0300001345906112,0.160056222949861,-2.75982768595351,-0.135614253666289,-0.118673238578846,-2.01971489011268
-3.22576828131295,-2.13144387936465,11.372498642274,0.200041250348769,-0.172985874867913,-1.99916463167237,-0.339813074831798,1.11177971982054,-4.56301356035229,0.576010053341818,0.453483517789283,-2.6951957903554
-0.132914823690622,0.00821908481857603,-5.25410418957487,-0.687889171725957,-0.115936116701101,2.30556466025662,-0.0775325398100971,-0.164650651510421,1.30692351568356,0.176065824014816,0.92432177568401,0.744768376055574
-3.60906816361932,0.0878518825206914,-5.95229705806388,-0.350453876149063,0.0368462220631796,1.691948929147,-0.112900085260982,1.11067468890103,4.03702979870577,0.226593285204859,-0.270936126282745,3.23775424805071
2.20857609330496,0.173492553695424,-9.75890531600035,0.118303853550923,-0.287311316123938,3.38411253873611,-1.91802902294128,-1.49339517397356,3.18361710307446,0.43047903008972,0.170913771529687,0.551370701649633
-0.144290684625957,-4.32826349529357,-6.41304918664958,0.245250480754982,-0.267504075704147,2.42329197691329,-0.00940891123002848,0.0470403688958199,1.98475744197383,1.23023971175349,0.642507149848402,3.21966509143679
3.01128761255541,0.477641501358125,-8.95736297421686,-0.476994700860308,1.72522207415405,1.51401739035192,-0.0852837881462566,0.131700040577375,3.21133462263824,-1.69005085805797,-0.550212636144999,3.94314541213668
2.11015111274411,-1.29927361721939,6.52016146227704,-0.178984598944361,0.270072441123727,-3.14657845675219,0.105999238177448,0.0552286344803488,-2.04423275169865,-0.628298091934568,-0.347945825170518,-3.09685086483634
-2.30144117994931,-1.9821272742567,-2.47771173348971,-0.0799299339743836,0.173978208189515,0.967091700610497,0.295567978785522,1.33632372680563,2.06300565389731,1.23098254559784,-0.409410211632625,-0.0253871861117526
-0.80972318412356,1.7339650050456,-11.1357250924059,-0.39283875553754,-0.0439815350859364,2.17192956747148,1.18435049084155,-0.864528496030699,4.54071599084948,1.02409711064295,0.759229219153003,2.89243227499525
0.360011142131762,-0.860455587311423,-10.3714631581599,-0.136586617331311,-0.480007970033152,2.74276324050327,0.808835980207961,0.336304669838513,2.38745076261176,0.0593539166906027,0.299206340496264,4.64658015880626
0.381514382782985,-1.01450251397863,9.65832295017969,-1.05611941447311,0.388553805340362,-3.71351548926652,0.0502053319092407,-0.0243290569634372,-3.58214963807791,1.53353015286122,-0.16111223713504,-3.37970992151944
2.04033724558635,-0.651122100731604,-8.34582586615516,0.715398326642073,0.272632060114832,4.15611168785469,-0.131664799577335,0.144399027607669,3.83289223848395,1.22172176860265,-0.943560818969664,2.40507477024086
0.349781198420102,0.0269029723518721,-5.53816322254104,-0.323822445687415,0.196539057737222,2.74923654842791,-0.254784146544375,0.15943116203315,1.42949096021568,1.48068230382821,0.816608428337412,1.12870095381388
3.03166150425328,0.468760751968295,3.00046117937028,-0.285403110923059,-0.93371144682183,-1.0322317864363,0.219715917022437,-0.521674812308079,-3.42802074143359,-1.74583047218392,-2.51789314654607,-0.709122372171365
-2.11177616096662,1.16359585466784,9.78997282324674,-0.0173938529627279,0.246622143285493,-3.42295061039876,0.526164488944418,0.130411742657849,-4.50225392542645,1.77333976145208,-0.732016963825932,-3.24135976100552
3.40630012684671,1.906916891246,-0.187725441738548,0.769920450809197,0.149555170854719,1.32217941297409,-0.140601661525216,-0.551562784454306,1.95765180689329,-0.7379486798051,0.0792175743745205,3.60105819794606
0.602355715091967,4.27062009597822,-7.69015885764625,-0.227214112702679,-0.216123723727963,3.04253793925613,0.26435267671813,0.191249964819312,3.72369653238657,-0.572590442572682,-1.91467900498474,-0.207299115144685
1.67752150998024,-3.40694076566367,-6.80534601346143,0.177806207234753,-0.205752706879752,1.63971213515754,-0.22492864180359,-0.107262595199687,0.943781528893504,-0.163752580459693,0.71247005992138,2.90937542756749
-0.875530859278029,1.65251397391563,6.53559795820957,0.201227338452154,0.106827867526046,-3.22286084043202,0.319368786253216,-0.296807834056278,-2.16336110382753,-0.75743413496663,-0.323696975901952,-2.74090208806954
-1.24986208040389,0.0567875241961866,-7.50230340082748,2.01993920898887,-0.852668910538657,2.3393229865955,-0.293961090032557,0.189513520477472,1.07428800849513,0.597683028531166,1.91925327320901,1.82460849345266
0.406013433727067,1.0493241464841,-6.01046311760027,1.59820442180813,2.08687085420843,2.76091309532739,-0.1409170301212,-0.315448819128883,2.78109291424946,-1.08094509963824,-1.73202344592479,1.37819053970996
0.516196257177836,-1.75714232072714,6.42347313447918,0.213059344409777,-0.322766255394785,-1.55091984939294,-0.144652025179161,2.50559883040234,-4.62798261974799,-0.0520669914556944,0.179954829534416,-1.82839329262467
-1.52884887833016,1.81712231744648,6.93607128967557,1.08117172264647,0.0699188311256718,-3.60467010590934,0.347012834014749,0.0100627200197711,-0.686594020609801,-0.875459105346545,-1.80917968637369,-1.54421447674434
2.77420804245974,1.63243040955465,-10.9057168077693,-0.192744770249313,-0.12863466478752,2.8771670209819,-1.89190829597321,-1.73971359249294,2.79814664199133,0.123427074704678,-0.602449026868608,3.75565617483475
-1.3464806184789,-1.1526161859933,0.89918366182553,-1.12567122841997,0.496551925503219,0.0620259288017409,0.896820976085488,0.233201008157944,-3.24162854296846,0.472514883811705,-0.161492191407003,-0.939348013743184
2.92558420580692,-0.659764282518276,1.89756022149912,-0.668851956248559,0.394166548566573,-1.98446554673284,0.375432629607351,-0.301121985467479,-2.91987146147621,-0.347233410978208,0.011100077043761,-1.24127655532536
2.91614627149779,0.0256750327876094,5.13115199766115,-0.531321693402844,0.221033111861889,-1.32566124826147,-0.210294420673563,-0.365061778607848,-2.65589574519736,-1.37463402471292,-1.55031856101161,-0.479790990534506
0.0818253512634741,-2.92191629642506,-5.02960841453146,-0.321769592066405,0.408524087399178,1.16283778932049,0.809366709960386,-0.0889172811091696,0.201459084446008,-0.193333152839878,0.727402117970982,2.75701782409319
0.148571351277229,1.65523850323641,-7.84523428261381,0.209915639631341,-0.225881983093789,0.58132125410785,-0.674074347196167,0.0885236192284639,3.10754982271648,0.442962776189427,-0.431491902191623,3.10407282151325
-1.46648395318795,1.0354330610664,8.48755384593144,-0.195350562386454,-0.585198182119086,-5.10467567804014,0.0585153790919203,-0.130694192278553,-3.49091011230312,0.0375871062182642,-0.0293853638935282,-1.44183511349889
1.74111868222911,2.77499224889635,-11.9065451732955,-0.452141538151705,-0.295150197836693,0.436254682425587,0.172468767222359,-0.692469175254047,3.472358304388,0.290682108150458,-0.329135028232369,2.69719659108148
1.36788703388046,4.73289693952783,3.71952977621726,-0.0871725359999723,-1.12394166155258,0.800910401277473,0.253690849414392,-0.363920232232355,-2.56350857468269,-0.0287117220171338,-0.730661937399446,-1.77278812017826
0.436824491570567,1.08763359510622,4.25566106399194,-0.149561786898995,-0.250023171570834,-0.882912897846609,0.13785769751742,-0.0391937956185819,-1.9598234237005,-0.776909838889737,-0.725191733676188,-1.71146012177724
-1.82702812005435,1.53495273174263,-10.5222898959503,0.0309816426240532,-0.34285788189576,3.2421267408994,0.589080540514722,0.618902718953077,4.28281756719541,1.05042681759788,-1.08214090757339,3.45318634158559
1.26058252257751,0.578363226205359,0.402079799836402,-0.170336375487493,-1.44569944670804,0.696665894014597,-0.475175426822979,0.582945300453753,2.50408402229548,0.00730181389181453,0.369249711101499,-0.826701421076719
3.24034729294303,1.91289422287903,14.1116269482714,-0.226046136712833,0.223803759665949,-4.16082770655108,0.701728126853344,-0.164230936562738,-3.93118756658566,-0.283270356485732,-1.49507364955169,-2.87041474626732
1.55509980272036,-0.657013657206453,4.31620953767991,0.014638019855826,-0.0269696669879533,-3.0736333993559,0.0694238714052695,-0.714119070690894,-2.0566945949668,-1.0653269155302,2.07173263155143,-0.497303217002462
-2.76950854387516,0.157787806598743,9.110581333948,-0.0839174656066163,0.219196858572024,-3.72237134589578,0.478613662514999,-0.151106655862452,-2.84422710625512,0.338075652016726,-1.26126451488737,-1.80967463013502
-2.79900841959488,-1.95671203119915,8.45363784669486,0.389876009166917,0.23806972553965,-3.02203888379013,0.664859153287688,-0.757814297337516,-3.64937051263175,0.620973839053934,0.236129843743595,-1.52608757369014
2.39573808149116,-0.883480711286999,-7.59229152669868,0.269474298812247,0.282811123385325,3.53634450036145,0.130423664637661,0.336895667205386,2.19958697006022,-0.884990217333618,0.078205561940144,3.70029102668062
-0.893315741131833,2.51089075598552,4.36492122250463,-0.456214255666557,0.0383400692678162,-1.70264689690414,0.71819293415981,-0.149069013774096,-0.739346078313319,-0.0667840185334522,-1.93642271295991,-3.04933034011224
-0.740515843172176,1.68276549667798,-5.93617806336722,0.268771986194796,-0.0321375442664148,1.70085496459385,-0.19162174957615,0.140104831793622,2.68539069538509,-0.229107430790385,-0.208977162663001,3.68025861607216
-2.29615718087868,2.61485681893831,10.7133299804582,0.15768472547654,0.00579784709905952,-1.83515339459497,-0.285443428032874,0.270072101625463,-3.92446114625425,-1.22906002817659,-1.83786566803098,-2.33766670773327
-1.56917858967682,2.08316373198727,-3.68848640205965,-0.189875702038186,-1.17205534690618,-0.339327135083285,0.824308635394071,-0.687795864330322,0.878998126929902,0.119173351878283,0.303877789376938,1.82226080593968
0.384749219784385,-0.22511798401659,7.22813419085196,0.732882424857313,-0.89750252326212,-2.31541013519451,0.234074771934445,0.93621201514687,-2.81588724439467,-0.117419649943104,0.348626857818467,-2.47811026473956
0.467264182030272,-5.26034090208054,-11.3762886483482,0.176772623627087,0.300319072718164,4.80602453909444,-0.416082023757252,0.562717905790687,2.09765272773,0.0395145405770675,1.81689825330284,3.67017046018939
0.43881112450886,1.24233836004913,-15.3562844674559,-0.275676529888395,0.668410285752648,3.544480320137,0.465229237174514,0.249330659892281,3.00275139789131,0.421433072699257,-0.849734422887863,5.08324417170051
-3.86993560057667,0.441710155892673,9.40189025172271,0.249067593815297,0.529513878229756,-2.71160448348762,0.370354900926684,-0.436912777343543,-3.33236945408662,0.629533851262289,-0.11103683812852,-1.22338291225969
1.96587745256499,-2.45879199824011,-5.83120724683315,0.391338303476007,-0.192493286427208,1.94586071024527,0.0631590349885716,0.521796177767115,3.30782000141203,-0.709468915542888,-0.715154020136364,0.184784243840811
-0.905781184257305,0.0307791534368421,5.19032069939212,0.393373227048436,0.559034100647437,-1.70767987649755,-0.180219119078283,-0.153285820358013,-1.88049569292637,0.793281427784019,-0.123733847460815,-4.0157878149459
1.54913446665615,-0.19758871207068,9.17560475661477,0.0341937027149437,0.402348497168326,-3.39076010314993,0.208208012300307,-0.445117473595542,-3.34730957703201,-0.141787689414181,1.8242477247975,-3.71022093201919
0.0804843293247133,2.25990699114382,-7.13039849586666,0.177521185204953,-0.0166677294038691,3.15619437108099,-0.218048145245663,-0.195863996084909,1.57995987338705,-1.06629302136459,-2.62984505058368,1.39822462185804
-1.27513323554866,-2.70608581432962,11.2311357203414,0.752279979951727,0.445621466843856,-3.60766150642681,-0.152356762105081,-0.14332637871432,-3.02692348002418,-0.395898434922777,1.97528461869687,-3.05951392593835
2.27508699541375,-0.497370939069329,10.9773177475314,-0.585032728689059,-0.0829132451988204,-2.50918576981467,-2.05730941358158,-0.4300659305182,-2.78267373513556,-0.614264741737803,-1.6106485549478,-3.30246818073316
-2.01157660671816,2.18530161237487,-9.26472208413564,0.697892574079188,0.0520535490499674,1.90824139010261,-0.871850938834512,-0.266217394161231,2.83766674399234,0.642614238407574,-0.644886339504049,4.23900040626713
-3.39103573555994,3.36091938151763,-5.09239659471486,0.600140358055462,-0.436215026190183,1.83930775307643,-0.21849315523064,-0.204344479426884,1.70749173886613,2.42264200902499,-1.60071346043606,0.931648007011241
-0.840220387514767,-0.568128452896765,6.72125826689373,0.56350326531203,0.102952431594315,-1.2888874688301,-0.320902099632882,-0.0845851557176244,-2.6076904986565,1.27278684638541,1.27649207068997,-3.98393199096888
-1.6673494802937,-1.58634677506378,-5.03622055384987,0.13170879522754,0.561921409314506,4.05084061976773,-0.0890867423592731,0.987789427921218,0.820446407858414,1.99825558250845,1.26730085099676,0.363644773620144
0.0819353095684849,1.81340284707087,6.1163500951423,-0.609646468873929,0.188662278785263,-2.83382243757932,0.211409365127042,1.49305683136336,-2.13171887646673,-0.0326820334803679,-2.06835507994555,-1.64083418266365
0.525051258014825,-1.04803780979093,3.89241794965015,-1.31662706204026,1.70636880391604,-0.136950052136888,-0.703492998061628,0.444186962721327,-1.57400449046149,0.305174739230666,0.0592535343637174,-1.02706340048878
-1.71708609996649,0.438114412439815,2.51900696741438,-0.187968650378824,-0.134371587071042,-1.74863400024241,1.17666145321341,1.10618970588022,-0.103674527309503,-0.00904252207016179,-1.65562570313038,-0.16294308614975
0.475220877940849,0.360706217933569,-5.64007366674704,0.5032105543689,-0.0472587790145911,0.55169218710945,-1.27394723143228,-0.00593116227491307,0.712280515705828,-0.226592737705567,0.439814423225434,2.09431370438632
1.86463820773772,-2.48975584944487,-9.98476449647127,0.285349911391896,0.244132665992695,3.18401804893449,-0.44117985857867,0.38590370576928,3.55714226818789,0.448560731573874,0.803665269143672,2.17059115503153
2.47991425132548,3.1056396158119,5.33950468132939,0.176384889573813,0.0655337044802602,-2.02689233159415,0.244132927311706,0.155853552915478,-4.14017626875748,-0.310796201836633,-0.604790191022082,0.162039461265348
-0.919436123025852,2.02990989382963,-4.97913345073968,0.182945810199343,0.418169398026062,2.14268870596881,-0.0745592994469156,0.0657105340376441,2.57895628137711,-0.547133732750133,-1.6681116271461,0.142070396936729
-1.39457255074823,-0.31156340284115,6.28520769864211,0.173920290187237,-0.377060790074019,-0.520642811772166,-0.313600688697563,-0.181313086052722,-2.81352982569967,0.840937724462094,0.329766368418264,-1.55914901845123
-1.82302251623159,-0.0485634387917823,4.54954867965885,-0.174065213126234,0.413126801781542,-1.71481542781617,-1.12958411337057,-0.290325415672281,-1.30681272096785,0.62232258219932,0.446299582996219,-1.35303015894947
1.37638413772932,-1.29709193406494,3.04601858809715,0.0712314409261598,0.148362536918461,-2.98519218888774,-0.144519361825142,-0.131677889965637,-1.87822304604695,-0.994014161058839,2.45760726235225,-0.382754085893059
0.337811729144796,-0.474395295598711,-4.31907425802636,-0.346597454384538,0.200937351882809,2.49510119684706,0.520257314762954,-0.314405987911908,2.34422064514742,-0.423228072675331,0.259015168993646,1.09244265716558
1.4897831075373,2.80718188387191,-7.64858571871725,-1.25960359042552,-0.983807656020242,3.9740227930582,-0.210495510554807,0.192649057078613,2.97594229895414,1.26835929104539,-0.377002923697113,1.67180381799768
-1.91816091934322,0.492934440075833,3.76858922144234,-0.485364449725143,0.723297249338668,-1.72283334270782,-0.17620035960629,-0.528326595434345,-2.23322318023177,0.503233693377755,-0.80399754030364,-1.15605272059198
2.1920594354724,0.910805136201114,-5.76329222901743,-0.500045610695588,-1.09765223351035,1.9780689049973,0.188767744907814,-0.437800300373789,2.05999238276618,-0.373158555238128,1.87187426748479,2.44158034879677
3.64888487574118,0.479267482376323,-9.2360857831844,-2.18375030371656,0.574546930671589,1.09877519415368,-0.0776215082194006,-0.410382425423199,2.73158675410726,0.284315832333061,0.428682028155272,4.78690130946608
0.987735328046855,-1.09809794526245,-7.46159293483186,0.138018762595828,-0.840500223659093,2.57851638829474,-0.212272885373608,-0.555283327203602,2.7051652393853,0.903394761955735,0.896446201898986,2.08684832361058
-1.73636905398569,-3.4751781908882,-7.39753466478231,1.45680842514817,0.480483131318316,3.49709335836082,-0.38860012782576,0.0727973762030153,1.16839672837584,-0.183281090393494,1.93347966375861,2.8646398128383
1.97634993075512,0.644011765675492,9.06888140134841,0.1092196193051,0.0114036424511322,-3.24608931004408,-1.44510133133573,-0.630874665317656,-3.93462840018041,-0.441979065131747,-0.644860416122735,-1.92576315308048
-2.32089341946985,3.88100249710811,7.07246665091195,-0.276127394220255,0.250952091305334,-2.50369911722475,0.389170283435173,-1.19051252771133,-3.34690434307295,0.115864432886551,0.399412545035771,-2.02897205293962
-0.158513378039932,0.864904247919166,11.7616501688738,-0.403575165097278,0.750709257129123,-4.51187471671355,0.506642367891572,0.0600436937825845,-3.23055297225644,-0.117283799634755,-0.0954469344320879,-2.38222925821067
0.88576818401039,0.399906652665858,8.13887145770568,-1.30798714171468,0.188311443200882,-3.83397705891309,-0.172494415611592,-0.807757749418463,-2.38866530313678,-0.00443545317652185,0.0661927085761818,-3.6280381161458
-1.61598331166812,-1.96664048426099,11.3999875715522,0.0714084768179445,0.243149474882579,-3.07906244768899,0.463002460251737,0.184842237200705,-1.97451960322077,-0.663658458149662,0.881927898042024,-4.04500326103206
-1.03560938557232,1.3610291671832,7.97501170655877,0.272253858141688,0.150757258259394,-3.10855066117174,0.902531642843411,-0.0465357621617798,-0.97774745084642,-0.250614993631726,-1.02085116337017,-3.16819378647472
0.202926532881012,0.872008946163067,8.50139613217537,0.750801136675087,-0.165972756725884,-2.6608514428113,-0.861881686157831,-0.0798832282322138,-2.91592641805606,0.212251092389649,-0.264185787652312,-4.69016768441286
-0.369483479718652,1.17869891761652,8.66853164414069,-0.151465713141038,0.113315471172217,-3.77030790977456,-0.0385558389396691,-1.29260247310602,-3.10535593879054,0.377071609433216,0.248156435270335,-3.22928433090671
1.10589221988317,0.304358205364728,8.556604794049,-0.20790068386499,0.397226903983893,-3.35346541684151,0.649854111891332,-1.16170553203678,-3.35271590458658,-0.433032796253407,0.00676190493048395,-2.06588065541157
0.551678102210216,-0.818422541767344,1.12458299932558,-0.686532170561849,0.272728152196757,1.63797803018894,0.500360921961891,0.446367835455909,-0.971673635088604,-0.430121814003114,-0.144483032562174,-1.28233593621504
-0.048597919427845,1.78312161314981,-13.2329652106206,0.135226930174355,-0.331345392566908,2.78818150203174,-0.325140331544792,-0.12382563669109,2.68004850736776,1.26156563003343,0.471743036047573,3.2836396258593
-1.34471397697125,-2.33885872712414,7.36696076081792,0.200120149676304,-0.22907030322176,-1.88636642886361,-0.351540300019119,-0.538469029279021,-2.88740749754178,2.02442626192594,0.863545667485345,-2.61464466421766
1.75452802943576,-1.35959714662768,-8.55284271741988,0.604025227869996,0.460850736865456,1.43002476121208,0.347036143489955,-0.884329591963648,2.35716323156248,-0.419139512208583,0.762593387993661,4.27468584380524
0.56043177760514,2.34320240232682,9.37738389540719,0.532256062013217,0.0624327930127548,-3.32975937008796,0.011114103659598,0.396117057441759,-3.11028065894859,0.055544906758009,-1.90276132764019,-3.27750025509697
2.12320279675729,-0.513781781395787,5.40970696235781,0.0203506915073934,0.201695144952568,-3.31527837739647,0.0136910160222943,0.0423192206316861,-1.38344681795408,-1.92479711956974,-0.521094172665597,-0.532044921538522
0.00481959151753975,0.115158133934238,-12.039720447574,-0.590761367169706,-0.0794369243528394,3.18980317060698,-0.383351708567715,0.390423881531921,2.35925040760684,0.483120693351433,0.326838036888159,4.84612023744349
-1.88160601186293,-2.32540502054619,-1.25821242878564,-0.17570550876799,0.588808029084862,0.0709430404141017,0.454360893596948,-0.430254090342155,1.71830810722313,-0.280295159368533,-0.0760329849403257,-0.813959229280054
-2.42390543403362,0.251112730750339,-1.69715365411533,0.227463656497414,-0.188832794642531,0.717121355963135,-0.0744905530073336,0.240948601608519,1.34680899115042,1.62543405746877,-0.639600434434098,0.137942973865729
0.148196742435712,3.56217339889826,10.3266513235421,0.180311307011063,-0.124892759352525,-3.50263246791551,2.01589305001557,-0.602851038698768,-2.83514679275847,-0.735251621632294,-0.73504544398777,-2.03486835383091
-1.32435050526151,1.61629714710051,-3.55395655632385,-0.38761083327025,0.488414471304047,2.56205111876687,0.2781801241059,0.267945014020166,2.07033064139175,2.16048522281105,-1.97065895601567,0.622486965444262
-2.39324870149991,2.21474218637182,7.31007137826824,0.0914417379833918,-0.915103356825856,-3.68929449481116,0.890228184749525,0.345215959734059,-2.38205247982905,0.0561080941546929,0.635286785791594,-4.2826125466205
0.396473733532618,-3.51165327457696,10.1106470284787,-0.493305086450642,0.586342851583503,-2.72641583237499,0.327883334778832,1.12411622807493,-3.82542494076197,-2.01273182902414,1.33400002610502,-2.97172628745624
-0.172323280625154,-0.537360034711442,-7.4212518390039,0.180354619927268,-0.0279344044900371,2.51614713419269,-0.655495752957844,0.156363634900659,2.50792275161112,0.672954525437296,-1.01592261497624,1.50666527974653
-1.38347983686703,-4.54333994932562,-6.25750272434214,-0.153133564245328,-0.237743085843874,3.02582351495682,-0.405034227295915,0.371431779148038,1.68639800717444,1.40948775444605,2.19570984735367,1.18492581446805
-0.219087607274547,-2.10099144560927,-6.55897027462013,-0.485497124110188,0.7762806859087,1.75372864560647,-0.267980983665834,0.029914921873753,3.33616187146265,0.41361364049278,-0.401704154934492,3.31415039690045
-1.42738621487343,-0.178392236215518,5.31748274262057,-0.0602551760464747,-0.156204970709243,-1.33754300510865,-0.115022689434511,-0.256122867311642,-3.19228003567073,2.56263717704098,0.683135506219201,-0.595172841873936
-1.17179082840401,-0.304908682748535,-7.53794193305409,-0.0728784185706361,0.0578889017937537,3.19085523830555,0.258899951396433,-0.234829424363278,0.736220055407366,-1.78662607215819,-0.418697707573874,2.57148674841491
1.60111076163532,2.53409013817593,5.43277861615247,-0.0884565798409994,0.337608853868126,-1.37790809137046,0.175188763908544,-0.155026577242983,-3.55591151375189,-0.585921901167335,0.562733561641271,-1.30789094650031
2.08613603758194,2.62866665354053,-12.8072326490018,-2.5456706022775,-0.355799517979302,3.06589262659156,0.123183498989721,-0.398100308079302,3.71930727056036,0.00269255772308299,-0.0601545842105637,2.44490680297655
4.15915433869584,2.28061371373784,-5.56031674648935,-1.78457621876978,-1.52188114271637,2.47336789969432,-0.945300797440615,0.181923682616212,2.96969537494555,0.0407383258686075,-0.692536667666364,0.277927892170348
1.75032513476259,-0.945047895655102,2.60928134939362,-0.597350373571419,-0.210298638053209,-1.11906508118352,0.497373358800284,1.04225456162233,-1.82064602924543,-1.22370041409327,-1.16697520819317,0.304454310915034
1.9688883292871,-0.651544344681262,5.07216056666712,-0.638102261326409,0.538606709538731,-1.18210609784956,-0.193786586804783,0.340745558298563,-2.79238738897103,-0.242967347737017,-2.15013394108162,-0.945738897204484
0.761388611416622,1.34014104383095,4.96370435551265,-0.437138782399621,-0.0368403152526792,-1.76745237531289,-0.427395962806525,-0.134675913091522,-2.42563694812541,0.399175504013237,-0.56003600167874,-2.63068660669306
-1.32986250784023,1.75705233025554,-9.03066157933821,-0.0251967026353555,-1.39137670064466,4.51842876007979,-0.458992891658459,0.392333276946864,1.83622344208835,-0.111009852207968,-0.355854431212752,1.63957158001915
1.0275502308542,-3.98611077041886,8.79347475648324,-0.152367890726886,-0.838228044169534,-2.77726778722868,-0.000376240110794122,0.167612591194211,-2.02170004989136,0.717937979989694,-0.0723033399222084,-3.49731679607681
-0.58084086806879,1.55142132652992,-3.49086263025628,-0.367352814624307,-0.4128601026249,3.59959282591284,0.480311814718528,-0.651913600366054,1.67112626849299,0.632984623898168,2.11569036224574,-0.401239517834049
0.663687188020322,-0.507265880846816,-12.4294816924108,0.413246194362908,-0.146583994284195,3.27384178387208,-0.5316358378841,0.426165731235725,2.3776250755686,-0.509584441157871,0.509418342062638,4.18595841099039
-0.275380035967673,-0.255118565387085,-6.92793107124426,2.28954369085169,0.364416375187907,2.65937862123163,0.416373860228626,-1.04401739801701,2.19301399767201,-0.136863485216913,0.156745104325688,3.64464337078696
-2.51144133223386,1.30005125870591,-5.34822949014244,0.320885486357883,-0.0404062563944669,2.03117504611903,0.432257160240492,-0.139779904011572,3.44323398809968,1.36439779550198,1.68055769644978,2.97669749448179
0.282174646532745,-0.485675081648481,-8.28848099538191,0.184050219996907,0.0961867920141031,3.06559023051769,-1.07254268392269,-0.43682437293334,3.22805624605521,-0.00289111117764778,-0.157944406132919,1.90895901167231
0.724928366682287,-0.953808487291053,-4.84061348433478,-0.0176620349312942,-0.830687886503829,0.982979587764947,-0.158166591508032,-0.422736216511703,1.63165152487171,-0.807191508367099,1.50985960323187,1.3169127482719
-2.04752219841292,-0.181762087478813,10.6461122094061,0.468266344020017,-0.414009390856466,-3.29675374822743,0.547689416047685,0.259958330208945,-3.71325152668056,-0.00602586908863447,0.756859662776649,-2.59334364596429
0.409239336833518,-0.581215948408561,-4.739532455646,0.366628769588959,-0.0336835650301398,3.30109495111533,0.238198635783156,0.0340741240547212,1.84860982358061,-0.487410858513885,0.600429671570276,1.02643707806383
-0.580679077796222,-6.01993100463316,3.30292991074168,-0.124852311842121,-0.547829302669833,-2.68251265326224,0.411883569496459,0.544416320823852,-1.19607928872779,0.421989836105513,-0.159255229986048,-1.16295105144059
1.57739345473945,-0.298932036892596,-3.70392943904807,-0.136439798814973,-0.592348938908709,3.43608835459245,-1.94101452714215,0.494279618082528,2.24643687214292,-1.06244072748971,-0.08967851076485,0.868761791938874
0.707122181578483,-0.984926917077021,6.22204131006619,0.108183040775793,0.330595679167302,-1.15615097568351,-0.563514834675726,0.536662079206907,-1.78702467465292,0.280563830878043,-0.656190317995887,-1.7985344247139
-1.42291466484759,1.46503606265346,12.1596269851097,0.452352430842671,-0.28610942687824,-4.7183573396924,0.0777366012439295,-0.702361150488438,-3.41193113617925,0.967596051366,0.253362685032026,-2.05582199580418
1.20496412034607,-1.33744690016558,2.97534108796767,-1.52170474835963,0.205830615724596,-0.490542427477917,-0.727045019716447,1.00215909270565,-0.467063811061158,-0.238701574781059,0.43343374884386,-1.0995842766971
-0.654760733010111,4.04798229587333,7.13696094796208,0.179851947327039,-0.592035561057984,-2.30359417528264,-0.0988468216493091,-0.00647855472460615,-3.27822166929411,0.309779771753935,-0.610002932559767,-1.0801561137574
0.5265835522575,0.400855814096487,-7.47071496486822,0.183039878087641,-1.39058395783751,3.27575472695375,-0.330950099401498,-0.140168076804702,2.18779836536259,-0.359229120119168,0.35177524997545,1.1370663990179
-0.629271727894669,-2.85810873307639,7.51970374181448,-0.243905457469958,0.735856447231721,-1.6527995037442,0.00956568598561613,0.309350487083158,-2.66297503165326,1.01422634662468,2.48426952883328,-0.54574399094869
2.00675649253402,-1.49402256437918,-8.85571794555064,-0.979822877746001,0.342411226251486,3.1019378086695,0.103991030947497,0.072050805434295,3.07146352605809,0.75441143058147,0.476838920687347,3.3380204258294
0.141721816037175,1.66261013287532,7.41889786079397,0.362346889007908,0.510951103849003,-1.99051675165631,-0.482650339428531,0.364207406671808,-1.70033911138354,0.0875811391203646,0.66669267583897,-3.94725546640514
0.434741105620549,0.980705193099881,-4.84303731555198,-0.691384785184116,-0.931902130817004,1.93203675393228,-0.23431314000677,-0.457583994217636,2.26377291868832,0.297042291084877,0.487102272393819,1.28645695284286
2.20124134142991,-1.73074678798019,-8.77577430427595,-0.125875276046727,0.294549890657272,2.04799296399828,-0.505536060627975,0.659893774075576,2.31953424617542,-0.696161123888015,0.467967486235597,4.72271149323272
-0.0443160689159678,-2.2428120632189,1.28982015528876,0.159379926557681,-0.0518349685814891,-1.12986245972307,-0.0497895834737704,-0.0275423373908154,-0.490873134293338,-0.847361981686682,1.46267884065996,-0.00437103811656209
2.7111096923203,-0.63173211636434,-7.58726973937873,-0.558460634187519,0.436251210458745,2.42326827189366,-0.12694632181004,0.436878015679522,1.40483452360906,0.0742633755773777,0.0899924924398411,3.82546092470288
-1.76121821446824,0.254093634777966,12.9447336757811,-0.117940128026174,0.450206448143995,-4.22678142270192,0.149360651778995,-0.264402616919068,-3.50323647120451,0.061341896685109,0.0879507571976401,-2.28401386582967
-2.158588792114,-1.95140279814865,-9.47822164458901,1.24357787368265,1.22318821783412,1.59567133392252,-0.228273701222712,-0.298436542008804,3.09005823146181,0.553655554322531,-0.166793185763901,4.07520082075117
-0.244234087642299,-1.01926723952952,2.5728308403006,-0.0570087353729017,0.407543208659998,-0.817391126972696,-0.652358788498562,0.433204841375214,-2.20875586772286,0.33015967356153,-0.231118551548846,-1.62849788741689
2.47237653343205,-0.232410983742239,8.41868328902798,0.253909630877369,0.121043665994923,-2.46098901419458,-0.0332390668463956,-1.088379533096,-3.07695125411239,-0.531821408454176,1.91987743811638,-2.79809036054224
1.46754569261252,4.17558679643675,-7.56050441795079,0.249012687050185,0.0357318058945433,3.00299538204033,0.11375792913401,-0.135509307254586,2.17718014584317,0.488066317649732,-2.01348758318672,-0.219055135334401
-0.205938248534654,1.6525543501764,-13.50116949891,0.288518802499799,-0.456256081008047,3.97619545849664,-1.00360505938521,-1.43758305604624,4.83736388276675,-0.380037405754969,1.16757257130114,4.00860514167011
0.417811992606615,-2.37197288735203,8.05117915889743,-0.517605341682651,-1.0481748039382,-3.89785797173939,0.514521502566338,0.150872316152923,-3.12278457244388,0.00960118729463996,-0.268467121915758,-2.20913377086519
3.83344224466707,-2.47035171701073,-13.6413120804922,0.0138180435141559,0.131095282588374,4.10462916476786,0.05157451505183,0.334654550226317,3.07298583136846,-2.70862252106746,0.604553609480161,3.1029347554159
-0.972473564730924,-3.12682504000519,-3.03960250982248,-0.312768200091496,-0.147397513686064,-0.141367069473685,-0.0361971341917478,-0.185018524146484,2.81523497923457,0.714698065200652,1.79536754258449,-0.138696119025331
-0.615125887110836,-1.01372286950988,-5.42123640770103,-0.618819451000343,0.483101459404222,2.11756457420686,0.296144064440024,0.840856838502414,1.19240472453437,0.318805280601344,-0.132276804883259,3.36097532364101
1.62623818354843,0.214579887735731,6.16001741475441,0.0602584685526903,0.311473773089039,-3.23625803412964,-0.0668590333327254,-0.44383892608165,-2.51493832572401,-1.02394556787692,0.0742891455140303,-1.42391900183871
3.28492789290276,-1.2445252398587,-9.68809382173533,-0.728211056249109,-1.30115639568623,3.69491370536566,-0.424055799236358,0.576916808225639,1.76923687013963,0.866926726190932,0.0188076736115373,3.206176624744
0.5268343523075,-0.664608982346674,9.54824540497038,-0.170041493248632,0.164608069388967,-2.51396696362155,-0.340969677531514,-0.471149262791076,-1.82742120027454,0.526510851013681,-0.233693316889133,-1.74936240956653
-0.715604296125241,0.687513266468154,7.4803960865072,-0.182066018167247,0.613430989858915,-2.17964216745111,0.275075545478757,0.483310872217924,-2.01131008839568,1.16641368925074,-1.40735578024733,-2.26489642591691
-2.78019016302697,1.14871166314833,-7.85550315746131,-0.66304267784626,-0.129105670329433,3.10465366761466,0.179138990610377,0.637097954127575,2.81493167312326,1.40991709144917,0.378522829153766,3.32262169598735
-3.88046316071517,2.94625435176038,-7.01666925681338,0.370785851386212,0.6130054856149,2.92576971448306,-0.115757146133808,0.205039144791622,1.93313737764741,1.56646316050961,0.193019575374026,1.4275453990469
1.11511791283005,0.726249293592454,-10.4700542717525,0.0230251338970156,0.321625722654004,2.29570656993719,-0.264403144848454,-0.124154966244499,3.44833837832007,1.09835851884091,1.064318470587,3.38854322258858
-2.24468638186986,1.45575180410547,5.18672720121939,1.17543793053664,-0.884939633515798,-0.319247610339891,-0.593703155655472,0.531422190023504,-2.01891158199992,0.677588301221981,-0.238753131700028,-2.20649343217001
-0.0522226864942164,-1.84332262941678,8.74716874975813,-0.368582391971619,0.230146888657654,-4.33995743889696,-0.147958922087026,1.29204732771407,-3.76767103217133,1.13242294114537,-0.876258388699155,-3.53024297692319
-6.44324566382957,-12.2328467924531,-2.98927886731027,-0.219184125326909,0.0818682446505726,-1.85402233120537,-0.497268253744824,0.047068498072528,-0.500008688078132,0.181430581248746,-0.709897894954185,-1.13598095912833
-0.181244628449298,-1.68833941480291,9.06103792458963,0.293935040341832,0.0145400647465107,-3.3590613233442,-0.637904199930162,0.147949835637174,-2.79262307354432,0.162402748001301,-0.566693961012293,-3.53679337649912
-0.945037109896329,-0.670901700913294,-8.52063971872386,-1.0402808534863,-0.722922618673816,1.98701631909311,-0.0651786220797723,0.20891699836847,2.67019856139024,1.46011149387466,0.323635367723087,2.06452092338379
1.59589408476181,-2.48113507514848,-2.4365343028985,-0.808711422728165,-0.223316143283021,-0.532789915496086,0.0320565713649911,0.419450015386557,1.40885179766121,-0.380425459746941,0.517834770384986,3.19764511477869
-4.78195404731312,0.60464963286425,7.07636441457357,-0.157139300140909,-0.387224357613083,-2.38015990549264,1.39305347837892,-0.278325412248144,-2.75248735114142,-0.166671040582741,0.482562857066831,-1.71547248925698
-0.958030678265505,-1.11656718933904,12.5453287745549,-0.744118686879121,-0.0526376936638322,-4.02783784406557,-0.107259699354207,-0.147569075001009,-3.2693697661849,2.74446130928666,-0.312454893498531,-3.08196040410586
-2.2431320334373,1.92899027624288,-3.36644902086872,0.184582371525498,-0.357594886189,2.01010216322909,0.831221576339737,-0.660222252927535,1.40351082129225,0.185193958988016,0.290632457635717,1.15306491792185
0.425354672128615,1.45000506420207,-9.48593339272635,0.16848897644964,0.202777530068037,1.20944338222122,-0.130248573159669,-0.301460845428998,2.23286583611492,-0.0255100402767985,0.102779001799059,3.32826814982943
-4.58722183802433,-1.29623767931398,9.22713713718281,0.462118781826608,-0.125623400644238,-3.53589368474517,0.0523293211905422,-0.421815501599479,-2.63563759905306,1.40385468086077,1.87634449402905,-4.06296024612244
-4.30161687951278,1.6254102674458,-8.20629075036577,0.347213883305395,-0.97820469001448,4.72002889467968,0.511768465139786,0.141644454776386,2.2653258972186,2.23925025098228,0.264974334281677,2.83772024239818
-2.97354121481181,-0.455160303528068,-8.58307392467736,0.214135110302535,0.0333592066476781,2.8455378953564,-0.204681136436388,-0.0405093796363266,1.76418306180572,2.59162044427687,1.80835191403085,1.06446838002333
-1.62061446928047,1.97399730399849,-8.05904444511794,-0.006901859803868,0.170756350543148,3.17347348408483,0.300628087677979,0.0529685794392683,2.23745442094512,0.417643616867057,-0.680305241126819,3.49360929662133
1.7867945104507,0.474107086801703,-6.42888757446176,0.079746522970103,-0.102360227094123,3.96968452829066,-0.176272966590624,0.357156812977957,1.38758037427925,-0.789967439104688,-0.213716082114368,2.90713208888515
0.794750896321355,-0.0921506131823404,6.48131599481463,0.641368347939914,1.64800914719563,-1.72821579717519,-1.00689236133399,-0.388736673361794,-3.63973746840842,-0.427653190291283,0.461789304592272,-2.41931248256935
0.800359643226904,2.47530984409148,-5.82970768284495,-0.368198854834355,-0.417903692981278,2.63572364216341,-0.646287854005116,-0.402973331666048,0.924353704621805,2.0875468166124,-0.738184087232143,3.83537312268992
-0.234470025950958,0.0756746614337235,10.0432822199949,1.17331685060507,-0.262621002943688,-3.22698135763041,-0.399084804131607,-0.224686918162789,-1.7755187316164,0.196453378560336,0.271969622484821,-4.56181658880558
-1.70525998847575,0.149668519664592,11.5299033962641,-0.38694638287774,0.525478035952527,-3.80746568554714,-0.956010603420081,-0.960613472935876,-2.62240138665967,1.78985509820284,-1.62676565152512,-2.9520837336255
0.410009590093069,-2.32603525683757,-5.21197368126822,-1.16564296751876,0.0750260436624963,-0.827433524926787,0.202669646030718,0.049221913678736,2.4032586435702,-0.416706933670333,1.19168987278096,2.54921589257932
1.11502987101182,2.64035288853232,-11.2257859843657,-0.730388827520428,-0.0622982242956759,1.27408578580062,0.286119252385664,0.0397733867271673,2.6635368696419,-0.880150041148428,-1.217101565442,2.96048733266557
-0.4942783252843,0.997902116873728,-5.65787740315524,0.451475607906544,-0.842937601912906,3.34589866297299,0.569426319680812,-0.217353678369766,0.997076088330339,-1.08580137055599,-0.262745246528386,1.48641871869883
-0.886415582860465,-2.46308121824599,7.9147120694672,-0.131452700823671,-0.28059503869949,-2.81439928025408,-0.290134421492298,0.748731004019725,-3.39745903904851,0.586709495414485,0.377032656296696,-3.15867759709063
-0.65098310661047,-1.41417580916652,-7.89551316768745,-0.291296593727394,-0.320882712962999,3.24893296212712,0.581544236354606,-0.0567025561307039,3.01944478766887,0.0555282949603019,0.281475860136376,2.27755011202735
1.6307737714759,-2.12674815603806,-7.9180599555801,-0.167032532358098,0.504471715245894,3.11780931831709,-0.509524998279335,0.309557797009293,2.18695029220098,-0.189454959266695,0.215903300981829,1.39794294983404
0.0720433014286161,2.0470778535976,-7.24505515980106,0.251142687674866,-0.375686023394983,3.4609489597444,-0.326440965702169,-0.0462486371638491,1.31257670159712,1.63406503531926,-0.801040477461076,1.06958121471386
-1.42588123363125,-0.122604936820142,9.82515362039983,0.167944032090194,-0.374835028995016,-4.22279979054106,0.87572467675463,0.0345667165647592,-4.7215825211293,-0.0761089231274178,-0.595915663777096,-2.38666088498574
-0.587531788768606,-5.66124303150815,6.42262218412058,1.12870925769327,-0.0697168211670626,-3.06121232211016,0.133169316878896,-0.110075695916643,-1.1274221186148,-0.973074336182334,2.78989736026349,-2.01288941716355
2.36725176845538,0.826731117201472,8.26680680064157,0.305467040263438,0.418918308436454,-1.57205848515468,0.351654063789315,0.410874419068688,-2.40625014574182,-0.083377302683234,0.121846944955679,-4.19517371013021
1.0810325029108,1.51666286950361,9.2328558711847,0.445884792043276,0.271871696988957,-2.29683064694644,-0.256465245269826,-0.31424980491011,-2.35812859047463,-1.34921071651215,0.625779434162688,-3.51587212516367
1.98119668236939,0.226403791950262,-8.3245716096389,-0.0981170701339232,-0.170353305409518,1.94786538134881,-0.224807410383886,0.261918691573249,3.47019627032226,-1.53970502015313,-0.270602089468617,2.85375605823499
-4.24578342926535,1.54162233729998,-8.03456765457401,0.44116106031059,-0.122615647621139,2.29715447519209,0.378206678033818,0.751719673208872,2.03026588123269,-0.0423341307356425,0.0726302001536084,2.03366436967346
2.05328023670591,0.429273016572195,-8.11143205912653,0.128808186953867,-0.648105928429091,4.13067070689252,-0.450700370466894,1.06517739383451,2.72807608856249,-0.286475948150235,-1.18047987619579,1.24070666295465
-0.674185024681934,-4.4083245699866,-5.84245162768016,0.137181504794009,0.0582414406667498,-2.50659820341493,0.289932347964734,0.623166343538026,-1.67866071821003,0.864371419534006,0.754389813860931,0.0381161938853933
-1.79915824347258,-0.164812511115131,5.21136969313908,1.10095487262345,-0.0415110593650416,-1.86449888104791,-0.570842773529968,-0.387991087377294,-2.63426834011048,0.23639407831682,0.189806551927005,-1.39979350838285
-2.44947930246673,-0.15807772713285,6.66147921536695,-0.430854603230982,-1.23482229347759,-1.09674297996849,-0.316540054709887,0.666028664393953,-1.96958048529212,1.22051497864587,0.0640480880801926,-2.48645643110273
-0.580672963083686,2.61792504932685,-10.88050154297,0.464174141402773,-0.641272095123845,3.12317096690353,0.0428453286818076,0.318631246522376,2.76824805525445,-0.311555209481509,-2.53743220233389,3.73260916684919
-0.794726139459602,-0.96427102227073,8.82507196254349,0.605721081089546,0.240686049037764,-2.2050387748444,-0.365533443373287,0.579736963375763,-3.38019735120426,0.22577898477137,0.0753241851784287,-3.32949980048728
0.352513965335783,-2.57273575999848,7.38362456455818,-0.153181244854818,0.550872686334023,-3.11662038674011,0.952668316031958,-0.120473976320387,-2.35665464306894,-1.91919279862692,2.20728817226474,-1.01394458061985
0.910731106786539,0.274680991622829,-9.95023159964955,0.273924668080058,0.136009804749342,3.85699083065541,0.411411511602551,-0.542859265783022,1.87093506452028,-1.02974834383379,0.461985198551832,3.27848118234488
2.06816472538619,1.3726089593491,8.54296671488382,0.60221888330203,-0.316938997452605,-3.25261058271356,-0.912437348064751,0.00890304372814255,-4.05217280349405,-0.444617745043272,0.141528218105935,-1.76226022799171
-2.9663870840085,0.0975938031673302,6.91507870861267,0.116582625284628,0.147409293506671,-2.71040419773319,-0.0749306391828933,0.529745646896611,-1.14473354459957,0.149390040410524,-0.0876368102841751,-3.95997672974717
-2.83547010765434,1.73662470732894,5.51180958862087,0.240111426662474,0.767887787254569,-2.16784512102115,0.344581828675275,0.0971052674471749,-2.17464029393922,0.0574426455602278,-0.0118303336442002,-3.07598895063229
4.80110758859728,-0.800415992594021,-6.75010629228806,-1.05735469516178,0.341890481502405,2.44790654984644,0.337945620259519,-0.384795864631415,1.30313261534179,1.69069919702306,0.402914814325214,2.92445964059378
-2.11799006965689,1.36718775038862,-9.44728510036726,0.509418375496289,-0.396998460661892,2.43751243494283,-0.730519112339453,0.334652871567824,1.42367722902007,0.0742664753917744,-0.0217773568064937,3.66578365367698
2.18505815763993,1.8294890598719,9.37457862138168,0.00578400285488022,-0.396942078798043,-3.46594013912387,-0.0486643307215691,0.390406441781904,-3.77175426111666,-1.02480755565387,-1.08268159406608,-1.58982483969741
-0.577401675300105,-0.360936264655277,5.28932390081479,-0.013487100271005,0.389898622811558,-3.76935402310534,-0.176746908607399,-0.107070006741787,-2.15046792034003,0.503277947820308,-0.770224979199162,-1.63017376886391
-1.4376403567846,-0.606808486955528,-3.81355844433714,-0.269389983839822,-0.0581058258288464,3.53838732785554,0.158746514022183,-0.160532491263894,1.97404040983062,1.979737778555,0.879594682789901,-0.0372592701780023
0.852060334925424,-2.65321033191279,5.92293305797483,0.336386045678689,1.39672129633909,-1.93161828927675,-0.245130067299136,0.00804021441536006,-1.76090681838652,-0.482520678684039,0.682589320628035,-4.16005378375501
3.23186588660135,-2.25626676657967,-5.18822432581808,-0.0237415494437611,-0.0259314303393024,1.38923259434173,-0.0667097597362975,-0.481063227670118,2.57317121457431,0.65937823345019,0.0254930725940423,2.64077251390142
-1.35237965782094,0.0430556252010752,10.0084057136353,-1.14163530357802,0.280869468413382,-4.33975167864735,-0.115211426235215,0.228304435381264,-2.49354802466766,0.34427752989442,0.159974806068462,-4.21377298677868
-2.1136546287643,2.11282436115687,10.1458248776809,-0.906964986939085,1.40771156530432,-2.9301135166703,0.780523710005693,-0.35275879943556,-2.4462585170391,-0.181467983144867,0.0213969719675741,-3.39908342194566
-0.251713010210548,0.143320150120878,8.47999151777305,-0.0401465890961547,0.0877740643905314,-3.03712652830085,-0.195099742442058,-0.562909225890334,-1.96527418477926,-0.0798063782712149,0.108042132906985,-3.46976230879116
-0.356196930784717,0.894217037760556,10.5010562506328,-0.928191826452401,-0.643939234110377,-3.84293812057257,-0.371194566089043,-0.268237666463178,-2.88584703371522,1.06013977916688,0.393774800386394,-3.75328325201967
-0.511182606346989,-0.415125352647375,14.5063525109798,0.381660343880054,0.623660050376243,-2.64395209218129,-0.635514996747999,-0.556356696980041,-3.74348116588485,1.42813244862376,0.632140012532157,-3.91221472244289
-0.453554025730435,-2.27282990094402,-10.6331993595601,0.662244031736042,0.268964241039375,2.79381804990538,0.143914375852977,-0.112922041727281,2.3210156189679,-0.00697340583351285,0.0523866322583652,3.01417462505684
1.33899148224627,-1.95733671734988,9.43801817320718,0.0509747436761019,-0.0964771221345852,-2.11225471648192,-0.984268672850071,0.184870372740827,-4.21332355806236,0.91049411058366,0.476920121581064,-2.82294113444041
-2.83759168692981,0.385472498231872,7.23600816152735,0.117493620400998,-0.46731264818875,-1.20913495776072,0.389985519588461,0.313126642387919,-2.27668237298513,-2.51001879733828,-0.776108369493093,-1.87368509254641
0.793268062334108,2.06391926894587,-1.31628390062577,-0.651147871870168,-0.22121846122285,-0.448537919717114,-0.342861989695237,-0.406110177642012,0.726357419407568,-0.173358715736664,0.368358638989757,1.51025026318927
3.64131653694938,-1.29657735038562,4.57621898626388,0.110271319684669,2.22455622287601,-2.53308175495162,0.168325264633898,0.437362870410444,-2.03975129457046,-1.44900909791476,-0.5002484534702,-2.87247258692288
1.46639800802979,0.735986996232102,8.80341458747661,-0.217209492330092,0.591145269772694,-3.36276722277492,0.0951284332839769,1.42039395465424,-1.21710037513253,-0.758817844590801,-0.446425090612559,-3.82932511316665
-2.0563908098247,2.79293922943146,10.3927474557386,0.0528830064491015,-0.174428348903619,-3.87836445252854,-0.0547568928124618,0.149700359113712,-3.00820137356381,0.760204403569183,-0.553842604796518,-2.59236799296718
2.46384175366294,-1.76944410517014,-10.2493237748966,-0.38753214670921,0.179522639791007,2.42950433844988,0.455045162074844,0.18695688318669,2.95113605231118,-0.678524986228366,1.2074998513872,3.88017423254751
1.95923772436821,3.49448708564933,9.60737984248924,0.865745386480312,-0.235614252289685,-4.86869212173095,0.283609904436113,0.0731745669730527,-3.37099891137597,-0.384822304822892,-1.57468075621505,-2.28043385408649
-0.0762177464486837,-0.582649494475971,-12.1491918582967,-1.32339186758487,-0.0956077484778666,3.90042788835931,0.0388907272486641,0.304841139269537,2.75229846020331,-0.638450257140539,0.62590906305517,3.83686238197051
-0.175246661215902,-3.41682709481302,7.95441612569152,0.198711250475397,2.62503066112273,-3.43056276723446,-0.325180651132235,0.395479256179694,-2.30359778461314,-0.667212744166461,-0.486161453135595,-3.66991587826852
0.44982083356113,0.394989724154869,3.85940879104354,-0.3501887346731,0.130509098600598,-1.5350054100469,-0.0908313130805676,0.110768000474188,-2.61904290643837,-0.193328535264845,-0.422325637585229,-0.0298662891852479
-5.33064816949514,3.25078926778045,3.83720410770272,0.432515213809525,-0.363341319023344,-2.44971716815033,0.637235403311064,-0.438011379988386,-0.913518052990028,2.45903471590819,-0.783751272371073,-0.968491345990251
-0.536676209866565,-0.769104923667461,7.23784729598388,-0.201500616695457,-0.502140041131398,-2.90754663014308,-0.0414659422538229,0.186664889030687,-3.41698017293563,0.587660649589308,0.889615754550882,-1.80807245124471
1.12028020015403,1.60848106288807,-7.48867471265841,0.0563804642217936,0.084311122211553,2.50450819277422,-0.517617950311283,-1.1699330625732,3.15826165281673,0.0503652572772694,-0.748881195861461,1.16493540615965
3.68195913319278,0.093653260090497,7.77804853646108,-0.649672096142855,0.0648169464429895,-3.15939200826561,-0.0284234891762713,0.23168851272601,-3.2810274749798,-0.747679251157324,-1.17332288322706,-2.47197888888381
1.30114445334196,2.25191023114985,-4.01114549709374,0.185365061990063,0.194221272542021,1.63381913041878,-0.152650006887276,0.458547057056302,2.46523843404054,-0.367404999201946,-0.744610699311927,3.11782930704236
-0.955181716905527,2.27628228652323,0.565480731958948,0.582294011125367,0.127942549056208,1.29650157024565,0.446293685885499,0.765567895879957,0.355209449245864,-1.73907602630451,0.486000255735703,0.780568191191723
-0.760473705976062,-1.92690415430283,-10.2669016391157,-0.660226173207188,0.69483713984162,2.37252663588093,0.616229793082233,0.438818606102547,3.05207078641617,0.276694193064832,0.077059229162987,4.64510825390871
1.54592518381628,1.48396258280473,-6.9352425651673,0.325876518713231,-0.592580605821844,3.07366908171454,0.310209799196246,-0.608171131551479,2.60211859232478,-1.14075164198599,-0.491378259177946,1.28771953351564
0.113471003725275,-1.29385990934356,-6.14470895334503,0.220850651634949,0.38507039564214,4.43270792782239,-0.184340884222669,0.274243863987351,3.20492054217498,0.830884255846945,-0.497629520850925,1.11340544055166
-0.184413007661601,1.2248584859889,-11.1363050877252,0.605938088385616,-0.290433005318196,4.26178334216598,-0.0390154806474355,0.364885113099544,1.78897374851424,-0.660505480160686,0.22751959050735,4.50475862955931
-1.83186077441878,0.520392115812178,3.55517879437005,-0.344684953687495,-0.652486554532569,-1.92970978827601,-0.298834767496523,-1.15088850857725,-2.57500052426083,-0.0423639837089125,0.459433650577314,0.540673006085434
-0.121514407954169,-1.28348088709282,-7.63718699024113,0.264853248195943,0.176762478218846,4.30284498491396,0.0381504537969862,-0.277650067393978,3.75340260339495,0.451591843584111,0.223573657161144,2.88718908410943
0.56338764937982,-2.28307829288414,-11.1456663253286,-0.277068823561336,0.55753786699154,3.79519881780528,-0.0473143920233795,1.44466939446296,2.23798706768684,-0.0141862782518132,-0.655738725139582,1.57698949692779
1.342759566266,0.31710596806674,5.48540046838524,-0.470177721713801,1.06531481013024,-3.14566932645319,0.525828355518541,-0.476438050174746,-1.74442528582475,-0.127923578429723,-0.640437386635666,-2.8027548865121
-4.17698352075192,0.0146755050582921,-11.5474293482592,0.282737343673879,-0.315284481885117,2.69668701085708,1.03670625845962,0.290224919207143,2.47712615282017,0.359579759017115,-0.0720717643380944,3.12047052875005
-3.11465720984522,1.63163258766795,-6.14321887176094,0.306287356083673,0.559808519201169,3.46526810743003,1.09977441086421,-0.974004224373717,1.49792365799253,0.780164447434563,0.882368217108241,2.48776863270395
-2.48725321874931,0.81962636452401,11.362703744417,-0.00623921637600392,-0.215071702831943,-3.43864986299632,0.527820651648506,0.811121448670055,-4.21804937131544,0.290805397134998,-0.169525758709,-2.48719385431872
-3.25002640894269,1.02566607704984,7.93779954384584,-0.104097500443525,-0.208023425683508,-2.64743682972258,0.637363830961299,-0.113041940902866,-1.65749390684856,0.604918212986263,0.728427212899898,-2.57074281064828
0.277791593433364,-2.8281617154786,3.63323012405634,-0.138665970134864,1.32430205937594,0.248030507414736,0.248278127060935,0.622165654235458,-1.37658691138829,-0.0195993612290447,-0.0829505411720645,-2.10662118138048
5.34023717802218,-2.16631008170195,6.62560818590859,0.143955613843815,-1.18405137086832,-2.44147639541049,-0.363307610069422,0.217085270395864,-1.50741508467943,-2.23527497866013,-2.04050090384329,-0.710917259543793
-0.956380939256218,3.01488894260773,7.84283953596603,-0.0919595240593212,0.0482426492245124,-2.03261579050711,0.490245148045066,-0.000103344244136881,-2.36008897393485,-1.64815996547961,-1.56052874950847,-2.89028384395565
3.50450670381165,1.71947825912824,-8.37120476049236,-0.1808922286691,-0.258297539461656,3.94151007811052,0.508393771814865,0.076897540347163,3.15151167101883,-2.16886603152645,-0.264418251666417,2.2989396885581
1.35589371432054,1.75609977595827,5.73962394271769,-0.882617174291902,0.196135908263665,-1.58948730930179,0.132294139849585,-0.71934474373228,-2.3176778213309,-1.04837661408108,0.786075380696439,-3.3082239178408
2.20621661684812,-1.77444439095241,-8.91287965437334,0.054097365497201,-0.406610261313827,2.94596527829308,0.266720405794895,-0.397856538880362,2.35007484957649,-1.09503350138784,1.28290191894603,3.96559700668058
-1.28264399458024,-3.48193998332196,9.09946672185346,-0.0784045480305222,-0.283999581931985,-3.55759085528174,0.479115666943579,0.760110121102243,-1.12708203203896,0.730947326853472,0.831641588431881,-3.61698384104313
0.871946747512124,-0.399084287085409,8.11998138600382,0.411829133657943,0.427863563833244,-3.46145584393124,0.464178935901675,-0.457401547042682,-2.60607901042041,0.237680189012047,0.881892469465442,-0.258690215281501
-0.937741823816008,-0.263172637739587,8.01126460103316,0.287640808657948,0.217351769331538,-1.87806261607229,-0.0340326404124123,-0.363500435429805,-2.10930443842917,-1.25694616816944,-0.457137337683069,-3.37366247907944
0.0818353396035387,4.22980777101439,-7.41466819360745,0.812313315183447,-0.211255461429055,3.73512944194838,-0.635511314211485,0.321838778722868,3.5432383903891,1.00114037901153,-2.84351649478046,2.63448698829523
0.689165005979529,-3.5183987144626,-7.06826751643111,0.317345061673969,-0.273543042308811,2.15527534216021,0.363899148089542,-0.321577098204491,3.45556208263738,0.85244677128015,0.930057891796233,1.82065014861339
-0.188040886884699,0.136459793901019,7.88005291348803,0.728015299895222,0.296877071223357,-3.38325716654237,-0.65268629621089,-0.167156072115398,-2.50015745783719,0.0383706162934611,0.714495409675856,-4.11574880334239
-2.43321804371822,-3.09829489342383,-3.40095086756261,0.0842463422091901,-0.338895621249186,1.27346572352746,1.80494725521632,-0.538569191583644,0.658200613684468,0.253613491148486,-0.96871398467349,2.01205277309953
1.04716137152605,-0.133772739746573,6.36436046865066,-0.212571638524217,0.28090576157644,-3.39486470071573,0.397977041580574,0.2233472839818,-3.05523032697584,0.0739160203231173,0.0668149464311803,-1.05251676273081
-0.220099452153449,1.56969989989463,-9.54411310501021,0.564799012427744,0.0938853145461067,2.17034723400053,-0.437444119133374,-0.930240952386259,2.2405007302434,0.131971228746996,0.0550563376271698,3.89877769643739
-0.468465183488035,-1.79829323140683,10.1847628752403,-0.588869970280415,0.803424274899388,-4.11291763676184,0.68921115983381,1.77025673469459,-3.35474413330608,0.647748017299566,0.132719392383851,-2.16444111517746
-1.12415507740161,-2.94354818412026,8.12849204024307,-0.0479821475615527,-0.252454019120767,-1.4161852555523,-0.775615541611624,-0.640616458852161,1.33917151842642,0.211225966029976,0.122525264470955,-2.54904625945598
1.53763291528218,2.91731642595642,-9.85951101974391,0.00577728659342115,0.0151980448027385,2.62194087853283,0.135940901863219,0.468052481218855,3.52792360212698,-1.75726364322019,-1.56989774976464,4.02822210612121
-2.65766331163929,2.62583529808498,-7.5048068635231,0.705729896890477,-0.339637635701689,0.504308746173732,-0.00348576619853977,-0.120761555776227,2.7646822349599,1.38490457510517,0.0379904832011745,4.125054841676
-0.101074258953625,-1.04102485852005,6.5993944636009,0.859664339725736,-0.446405939893265,-1.90757837418605,-0.529745419358567,-0.179333144041108,-2.55008442352658,0.0757004551085067,0.18778437118401,-1.65009016140875
1.18262026003417,-0.603463167814529,5.72481755493189,-0.0498961362572644,0.744642431959171,-0.430693758214828,0.333964050718706,1.42201477266386,-3.54062534809726,-1.11050296619345,0.237599787199966,-2.25420029188994
-1.77669345933324,1.3119149314933,-4.50638750536621,-0.38115618692953,-0.582238044718548,1.5938802405468,-0.0754400557547647,-0.122015617722996,0.963856663132213,0.0447063285368069,-0.0392281898297408,2.022596067314
-3.33422643626031,4.26828229800824,-1.42932215171925,-0.202400534045568,-0.632596761419522,2.66141238450331,0.0527025754641197,-0.4391662676028,1.79887009370067,2.59155980276725,0.684549293700066,3.78842191468736
0.569409941656971,4.36274646570194,-8.25883065418287,-0.215849904396041,0.353990808330709,3.14957238995287,0.401510845227955,-1.66081189901283,3.5257690611593,-0.364131884706059,0.4189539290308,2.33215786231225
1.46775452776231,-0.327669869030803,-7.82126805622611,-1.48754928171117,-0.661893167645751,3.03521490743914,0.0426980380111719,0.607144388170131,2.73261205001527,0.505977016447176,0.259425303216253,2.13487341271433
-0.403015570955441,2.3848248430372,6.86947302577048,0.0976744579470977,-0.733647730260059,-3.20492151744667,-0.50588224517389,0.0705145774800153,-3.32241807240475,-0.598356257670488,-0.820477671948473,-1.7185554323419
-0.450690117430716,-0.151185687568905,7.98542408444068,0.00268776102675534,0.558067363771327,-2.6860920342848,0.258648399110998,0.00545426787203177,-4.28980723751888,-0.596504605030154,0.96077212391709,-0.197494469584708
-1.8102679579707,0.0818027098213283,-7.07094028011277,-0.0268441121304236,-0.234438657996744,3.63735030854703,0.0971104226299659,0.913803850942254,3.48364329517104,0.548783003647831,-2.7574603283341,1.24902569649644
-1.21876636012009,1.19257728406378,-4.81210879636807,0.81564066720742,1.77706340865257,2.2258147442367,0.28414005973428,-0.331636995622527,1.86153390801674,0.655468617381614,-0.429222210651613,1.10714564157443
1.6848808663862,-6.68477035107097,-7.04218963559261,0.49116713097874,-0.429411115602313,3.08425238628948,-0.0781406233938565,0.050028155243312,3.88097427375106,-0.888448662769111,2.10312420570299,1.92547645846429
0.123289199918686,-3.47563827581555,-6.74739351306239,-0.782468386269001,0.423896283955932,2.78907386285978,0.516110628865639,0.11173617283057,2.04635580186768,0.0112002409289361,0.0189435918536386,3.01565827582649
0.26452899886765,3.17820186418349,7.1849945023024,0.0731707175434357,-0.468596071122796,-1.99578750065356,-0.305452441158159,0.563051565460822,-3.21906452878723,0.433881669767865,-2.01765566177328,-2.78849644202121
-0.319295982371109,2.34566742190615,11.3264468222221,0.021851663344502,-0.49650948501095,-3.03438237757783,1.18375759793135,-0.64083707363845,-2.69019250960883,-0.876783347726188,0.0877685837088461,-3.16572983727701
1.91202307444134,-0.322502200504988,6.96103219569615,-0.62692917112007,-0.209490387023558,-2.140897120221,0.0269046683760458,-0.0893409059046967,-1.04520723006908,0.324939446870062,-0.987647487052763,-2.36343969474711
-3.77320550906719,1.21461774457045,11.636182030668,-0.180424160716908,-0.176023949793434,-2.51874846448764,0.228716821117594,0.0474298720949491,-3.52326090887391,2.47385312083818,-1.10024913546789,-4.27587013214037
2.8498082399986,-0.516927759779145,-9.55058268318309,-0.0353585318704404,-0.98634527536486,3.52503850042458,-0.365252758450721,-0.295257719798378,3.21123363780334,-2.95674314600292,1.07729367941315,0.66403380485588
-0.338865349335022,-0.524472612458681,-10.0189347344964,-0.114674826285783,1.59285998540029,3.46923491411669,-0.554956457803804,0.177902295734379,2.68401603911806,1.79833907105801,-0.206666701298806,3.98132866348463
2.06162950762128,1.98545978818136,6.52951517245032,-0.651842539909504,0.582715638889284,-1.62312117210859,0.145407922910455,-0.320758704575305,-3.92075454505834,-2.1868232726174,1.77787675307751,-3.18358592197385
-2.95513752793437,-0.762852608112241,5.21704791850223,0.458163504166221,0.0906257877065857,-1.22276532846217,-0.151674519858296,-0.428086610853187,-1.55651544414904,0.700511002012815,-0.196692088413905,-2.26187758520906
1.75137472579245,-2.0786578497042,-7.89245720219011,0.231561020912043,0.107519495251382,2.08474598729815,-0.220156416907089,-0.820673414197114,3.26074873032229,-0.726841320857807,0.284252889929265,4.2207660361612
-1.61758370942998,-0.133471186890148,-2.50266856937454,1.32891523157068,-0.0192215279846125,-0.137723627376063,0.124149832420167,0.0761847717763363,0.999859475111479,-0.664848066428074,-0.13356163165744,1.67955053483122
0.305055997487631,-1.69773553051543,-8.09326486391626,0.524305634051261,1.1145406795611,3.37651638641553,0.614559395826601,0.267787577941818,3.71594110216466,-0.2154343001263,-1.2992634961477,1.19227907429766
0.942121141274751,-0.613656501689052,8.68666605151754,-0.158421780454919,0.795047426556975,-4.23439047206894,-0.458226255101665,-0.272194967046216,-3.03946834948148,-1.25000495499116,2.47362748977597,-1.7044585257499
2.56851427993552,-3.7560332247797,7.27631466702528,-0.198264162083358,-0.57784758406617,-3.52684293408338,1.18911575643327,0.674049497233901,-3.04206137292554,0.807094372889426,0.0782759930480968,-1.54023389395907
-4.3397661082925,2.40274454596891,5.18658375234115,-1.35036314977582,0.656092310443946,-2.77449284227968,1.9578507898343,0.758946957341857,-2.15151249901852,1.16092025011322,-2.67347682918172,-3.15129625804913
-0.304230460522621,-2.94584676109568,4.5186708159444,0.596640445748834,-0.127942255274657,-1.22733889823301,0.0863170278749384,0.610796133541917,-2.21400613084236,-1.78171244937843,0.515182139650698,-0.909374727420188
-0.999389879103783,-1.25280344065624,9.55941365152442,0.978256511437503,0.38283490204532,-3.19947645993677,-0.362378120989322,-0.096667266665699,-3.1846022363085,-1.21385162846778,0.852848659987637,-2.61372095715593
-1.76434359661789,0.688411976392474,7.84201802523451,0.765557593555463,-0.416304987603806,-2.05379338922389,0.0671808796955741,-0.0554356707296486,-2.2462695548302,0.692742821501788,2.05475499211725,-2.4900562196966
-1.40904456727075,-1.30987554704158,-4.43495721129661,0.182799338148001,-0.200815494054349,1.62393342387887,-0.0104403822573402,0.441776498847111,2.50041141335988,0.0536044070428526,-0.311465477200062,2.45973299243916
-1.59697839468462,2.3392920536746,-4.41862932810042,0.714340384556993,-1.99698219530441,0.711848223585653,0.109405981902256,0.332410053896013,2.49211173988255,0.277290333923019,-0.558986620869891,1.00733126533863
-1.0108591709491,-0.0758427282797332,-0.749371809554213,0.00212934141324446,0.899642819872248,1.94991315559716,-0.248257692499069,0.032608115762586,-0.638583863809474,1.41082300815741,-0.268161211789936,0.918014454676686
3.45130392433958,1.40203792090232,9.03710774235849,-0.407233488052892,-0.310997509557019,-1.45201252083221,0.126817732817024,-0.697154670302832,-3.26175150067875,-0.710545003895258,-0.123669858856162,-2.7267462516615
0.269752701682688,1.72057365804119,6.74050290232196,0.544816402531672,1.48802597661188,-1.53566492840105,0.447947275556599,-0.853770718611407,-0.887478671725686,-0.198188638719068,-0.0419516932625634,-2.42735434856348
0.49410296300768,0.874944415863181,8.52937692685322,0.347137917564799,0.0387388093869172,-3.22785897339714,-1.20352576553801,1.12208640525921,-4.80087983718778,-1.75335867322583,0.559550312813682,-1.28594003310943
0.48454486584309,0.00313793170707988,7.65004467282555,-2.05363743556977,1.30751911883087,-2.10495781408953,-0.010825004921748,-0.261546240288602,-3.04160701757845,1.0445634186161,-0.119895819617217,-0.574368878385389
2.00811135267481,2.10648089328573,4.5555641627317,0.0162484199253011,0.0233470574841412,-1.18167755418952,-1.08572487826013,-0.155755540410793,-1.75054879987067,0.390293073728435,-2.64071836845439,-1.1688946912749
5.93024599255177,-0.642073273038223,-7.00299494826358,0.160172318225367,0.220815101320714,2.41888321938906,0.305025716414545,0.426908400453217,1.77686232397818,-1.54870150671337,-0.129574840096403,0.93907045859974
-0.0894301657372469,-2.2519912981318,-10.8822391042296,0.205699655817035,0.235315256409126,3.50465611394146,-0.442592314669367,0.05697091967271,5.27940846851142,1.33985448450506,-0.13390425914641,3.71847954316375
-1.54126013761722,-2.88709159634317,8.19021080354949,-0.0291007320092477,0.0531032509071248,-2.89685634236758,0.234789154334946,0.101367293574169,-0.672619360479896,-0.51176614518909,1.35372865768967,-4.68297057840687
-1.02320692119358,0.815546396352692,-7.00006403105631,0.0574134554338769,-0.136686825310812,2.91143381348882,0.0916448413255213,-0.248316847158217,1.17252249066179,0.906287282442889,-1.4821826137694,2.23704773301578
-0.538544417224665,2.98625948621401,-8.13071413609162,1.10647937340941,-0.802091046797381,1.60538674257768,0.105963042421824,0.159576922426086,3.1504897308698,0.57380155922283,-0.432179470669178,3.7350739959533
1.14573018946516,-2.4036105782866,7.98923690642216,-0.424943141966731,0.162445618930452,-1.55452226807634,0.301855782762395,0.721786816693589,-2.62669548967703,-1.64940904824089,1.00262158798377,-3.59913458958541
-0.506936197914994,0.369995931851712,2.14971443351791,0.160902222263628,0.223625318758508,-1.37722608687684,-0.00571545809518167,-0.985992390479878,-0.87029258964817,-0.588695194926384,0.114279172126366,0.255631960300159
1.06416504003222,-1.88029673720981,-8.49696020930202,-0.192492484434928,0.397748275953488,2.62947514553614,0.0203353542825848,-0.252445481942434,4.44021350558388,0.587202634147282,0.190540373696389,1.04898633753427
1.81997955158898,-0.638914495128532,-3.84642286510221,-0.758085654411017,0.242138081533439,1.10474130357959,-0.093219347030244,-0.128361675159951,1.13364196854034,-0.534665896851677,0.00363834853965553,-0.248923540683189
-1.23319234053926,5.31410292260056,3.93295933390806,0.449127558659781,-1.25901976394834,-2.95493376960186,0.517646297800805,-0.0832751898414302,-1.93559875720239,1.16493452644474,1.53006590021712,-1.68121172180331
-2.75952592079609,0.266734124953982,7.8861669632408,0.392169476182472,-1.120611897646,-3.0961780240386,0.4312906043914,0.457842243766107,-1.03950341698256,0.890346622385816,0.664203235693469,-3.78525582376088
-1.4660546235366,-3.09946803512629,-8.43082068098425,0.886588541471559,1.85982269080032,3.57128655639322,-0.112098257342666,0.0620843901258292,3.657124360162,0.275050628675145,1.21921066376191,1.06749277417243
-1.12719115546439,1.0999911008816,-12.8144597540374,-0.0583349224545254,0.305378761918185,3.12516882241568,0.758855441459318,-0.554884118585191,5.82272914908861,0.309238536040889,-0.106895129876197,3.58693828760597
1.79969354406207,-0.667167030274555,-6.89518822707554,-0.554376327578878,0.299845804597431,2.30106840366755,-0.157511592215631,-0.680273711758929,3.37736669140111,0.238378284050214,0.115943371362994,1.78874794863813
-2.7349170350723,-3.42607654434339,-8.10156335023097,0.243522085863494,0.041579896873453,1.60179325338272,-0.126791596066551,0.000105192480557439,3.09051552983199,1.77338246072322,1.90217688562242,3.53977596838281
4.94291460979051,-4.12356435450891,-13.4438375115212,-0.0912389229270531,-0.0470364312771443,3.43776191996742,0.284427103300266,0.82493999756134,4.2146510887957,-0.223698874065924,0.696935286403027,2.93809998355786
-0.717276588228827,-2.4711387265818,-7.34938064747535,0.217530999987268,0.14736737111081,2.19138057347122,-0.513607196509051,-0.180773126574418,2.14553008204224,0.409602630626381,-0.775734451502452,2.91247459970909
0.60557354261399,-2.240293736263,-1.97455017404547,-0.135449152774843,0.114260921053722,1.38721756493057,0.461924015073072,-0.364236326996487,0.349074523695033,-2.07193491754354,0.437602707081857,1.55350018112053
-0.322516930012446,-0.574716961536094,10.559450846717,0.90682084529498,1.3330764124945,-3.07117222955272,0.754819754337518,-0.209477142956027,-2.1752856724169,-0.165468166232504,-0.391190533718151,-3.89416174031996
2.73332946195804,-2.90110750101674,9.19707288798001,-1.87152338792958,2.03398025224192,-2.97952689158727,0.0735327515880396,0.233332874797322,-3.15830100722163,0.629536844659183,-0.460423152642078,-2.77044452163857
1.07534795088817,2.60031697042497,-2.99162297738043,-0.0704314302562933,0.0951395306954697,1.11951932310025,-0.0650908700410387,-0.6979820796844,0.94552993149642,0.295193809407689,0.0234573590529264,2.01433214356988
-5.10694040969199,1.51281765761535,-1.64388439493583,-0.548298704480442,-0.522240518211301,1.61205841914122,-0.388986570937093,-0.151873557060099,-0.0157308376285432,0.109189460355012,0.268981240355409,1.86318947581807
1.00219148540796,2.48017471760561,9.81969757420008,-0.34636812590164,0.421287382243268,-3.44480561191717,-0.347086539989509,0.0449345971986981,-4.94811390593494,-0.062374791360169,-0.412766252114006,-0.858475686281757
-4.25472923731126,-0.00329322457620063,-7.97472197370453,2.24928679210803,-1.10974242854814,2.04605153491504,0.132212307114384,-0.138032326666971,2.4442184764064,0.230893296043481,0.362394064676021,2.22409600975724
0.98887632495242,-0.782003789956198,0.999604595764956,-0.292722948016123,-0.352355247821221,-0.467326880335414,0.38043835434853,-0.494363101801706,-0.475140198735674,0.141197525304374,1.3518939053547,0.237244541226177
2.35545753870838,0.862187343947695,-7.21281515199383,1.20616175957068,-1.46005808744241,2.12280990921105,-0.429874066721331,0.459651147136272,2.89487062821206,0.496339273439244,0.998896280030674,1.47721012582565
-0.545659113193986,1.12073442285777,-8.2620136031958,0.259180667395745,-0.0281117942415622,3.03706890831248,0.204802089813803,0.642403128777048,1.95224857501455,0.00679613357111443,-0.313891223234524,3.9492103912607
-1.34947786973114,-0.732864397531842,5.41621928063574,0.607509829356633,-0.350644059953306,-1.27070953437172,-0.129994832551279,-0.0484762925228408,-1.33066476307263,0.419636963304226,-0.317832600879242,-2.24087293723461
0.43998894925197,0.952740403119591,-6.03585078857289,0.0977167825771182,0.347004415744585,2.09406825574101,-0.059196432808042,-0.403141691766608,2.74450142561691,-0.378674662795844,0.735308697204186,3.0729587121181
-1.2948915409461,-3.8091014996419,-7.71988097817292,-0.37961322787966,-0.246398597132377,3.37942397296433,2.09909242475743,0.851960737095976,2.54416360668296,-0.225122271968189,1.56128073149325,2.33862934860226
-0.960470937332253,-0.97898430386268,7.66997476146879,0.560131310172646,-0.0047299782373099,-1.52310119629965,-0.234246753351588,-0.757976361875071,-3.73037009128639,0.411634854973309,1.12650337567106,-1.84456382296542
-1.19257925444592,0.443271766292826,-6.433184220513,-0.287019057667052,0.638815982580618,3.00390150352171,-0.121570368876869,0.0555237231652174,2.10216415697905,0.523768430538923,-0.410737687498877,1.35441987346426
1.1574566533785,-0.657933435653467,-5.88112203294246,0.196476799074583,0.0437074086066069,2.55579684211597,-0.458624937460278,0.433652971538779,2.26355728537082,-0.522713961045271,0.832510405096738,4.31335889625772
1.80389998692829,-2.3445754926433,-9.69872790861436,-0.0582742103315885,0.381436130941226,2.49787580226395,0.306680770939617,0.737362082731271,1.80881413247561,-1.53615498105503,1.09166463670293,0.304491707012047
-0.575879482158814,0.113962213638707,4.11846389055152,-0.194520554112018,0.30587526707687,-1.34535700259987,-0.211708358257509,-0.524410929457362,-3.2480762669709,-0.442203328326973,1.23741924226306,-1.2550483993208
-0.769475133627322,-1.12834087052272,-5.62131354057241,-0.220023457903719,-0.445147806844075,2.85629868965422,-0.390405262743877,0.737154679711883,3.42887057011475,-0.0764134176445503,0.0768807654075292,2.01691214923747
2.81419115102084,-0.322047746228675,4.89966473493797,-0.342460021822646,0.701727858522647,-3.00731190213106,0.0332394555526579,-0.564627160505581,-1.57904702905907,0.198626545229084,0.255969016697229,-2.02930432673778
1.96091026510827,0.225406969463942,-2.51099132103641,0.019279223846793,-0.120963504729867,2.28115845328479,-0.383793403811089,-0.183308380691411,0.977826744061543,-2.19109843724509,0.842513340635925,0.402921877191333
-0.922491985430633,0.165797720767466,-8.64888561626856,0.324007752266876,0.0537937423433784,2.58429774897273,-0.0419585684561505,0.188687100412484,1.86251849374304,0.0445984581999137,0.0330676866591316,3.35882170549723
-1.97494399018007,-0.572973595991793,7.22626941563797,0.241013844237712,-0.131843668530169,-1.2564229669395,1.27300073607261,0.229289147339745,-1.0477506297547,0.162145699709925,0.282895991184234,-2.22778626715444
-0.0383730499975921,-1.51508045366561,-4.60009610795397,0.0299876704700874,0.00774039180911142,2.80251981272621,-0.377441117121294,0.269482832899645,0.616813668672154,0.210797944626599,0.0297700387611831,1.73610259415341
-6.43451682171984,-0.0196188089514637,3.96391146591804,2.57934798542008,-0.823135663427052,-2.22016298149638,1.27653891015928,0.26380227292439,-2.17382069902344,-0.0232948619292523,-0.0873715156550589,-1.51415553610428
-0.439920879566248,2.03870419893489,8.46337650821546,1.1807899964616,-1.80907873936544,-2.26389832768461,-0.457752402102878,-0.328095950018148,-1.95683373683952,-0.0547336926877366,-0.119378583300783,-2.62551323222537
-0.450660381505848,-0.066980048196983,2.43533143137694,0.726044292002096,0.013223057414054,-0.435906940101739,-0.228367474297656,-0.367409221858475,-0.467605200471136,0.0565870745981554,-0.175192641526229,-1.9133321378957
2.8574383265014,-1.49923153574067,6.92145570195817,-1.02539882040732,0.0887346660580309,1.16311721653369,-0.372091331129906,0.292436012039256,-3.22679345515511,0.0281747179004488,0.104601471536762,-3.92953190680862
-0.844636005800197,-1.41180374864593,-7.76440303982548,0.199497597054901,-0.18578471968953,3.32448296432348,-0.322920722566293,-0.707459758864782,2.12147310686374,1.90452146227838,1.617991378668,0.754406443505998
0.85454098938735,0.425211381494786,4.25753479560458,0.53465427790623,-0.0535309759736272,-0.951755017213201,-0.460404247859446,1.41716111853995,-1.05132294455775,-0.353060055560466,-0.0801475790755784,-3.20980274611578
1.46329954793792,-2.86549042030695,3.32389767152533,-1.33107038666652,-0.813416822616721,-1.23787504235101,-0.796965232092192,0.429762260745487,-2.9605772539678,0.342786001820488,2.17017003362519,-1.49659967299016
