1.00958713346888,2.0077523839248,-5.12672827400552,-0.0437773464428518,-1.55627541198015,2.76306375723125,0.0710626620894561,-0.325217349385467,-1.57620396860183,-1.35329618107691,0.679551791772825,3.63092233850584
0.00377576776859342,1.58987237603256,-9.91807146525514,1.00997311608223,-1.51890982977804,2.97274238442315,0.254648701517175,0.478458146149117,3.51101616359396,-1.2656862381976,0.338255455458234,2.59452318424039
0.567726603943709,-0.742339456510891,7.12144025490904,-0.447595859626288,-0.592793300157709,-3.8778315538914,-0.252184002489654,0.328689918822012,0.249498533092258,-0.441364359018725,2.13399831115003,-3.65208613484387
2.24819940747346,-0.212588370517889,8.07346186908493,-0.545601046078293,-0.537161148374172,-4.20984320665741,-0.180411443797516,-0.0439581280662715,-0.0855823501618267,-1.50863903695127,-0.0925235791789931,-3.24208896013337
-1.93991202726151,0.729055138210365,-2.61543292018918,-0.0760857019352012,-0.0192241211975562,0.651761547758385,0.333686349763623,0.141581620313567,1.55621063104418,2.22532517595223,-0.821934912961483,0.499703929027835
-2.63698682769384,2.81814572620363,4.55579872289864,-0.402143838932405,0.75052797576898,-3.07317198918648,0.142007152657592,-0.158775205968507,-0.481768586345962,1.51547172223352,-0.81134939046191,-2.52177312042048
-0.00789750973404457,-1.2315593132198,8.88359209503124,0.779231029581312,0.218660490804488,-3.30063395429311,-1.0652312559764,1.43177160459229,-3.70097730615078,-0.398839066221127,0.0841668882258023,-2.87114264920389
-0.390716761749722,-1.4581242979489,1.54944931119841,-0.853044142785815,1.47921765731164,0.360012277107195,0.265662563102629,-0.0557620798461446,0.819118690558594,0.500110551827288,-0.555575039687858,-0.471652499671181
3.96121967686498,1.94725069201374,7.78952381004295,0.136118074138934,-0.0432488950202282,-3.53610611653646,-0.0760329315200139,-0.139628029821603,-2.68331298012658,-0.175236785644099,0.0325847667043367,-0.468541570018333
2.27743801991877,1.21083021042888,4.766010753446,0.266979227745982,1.09876040197242,-2.63789219426149,0.0208213874363809,0.00838191559192159,0.632701778038043,0.518740183717885,-0.550308428077365,-3.63488192910378
1.74402780315018,0.0322965518056775,-6.61557549529701,-0.370712249160755,-0.102821970246348,-1.78853057016,-0.181770687247003,-0.324715140579234,2.55618141994495,0.239173530095005,0.650374733300543,5.17904949926747
-1.00178893479136,-2.05517225498648,-5.01763156348036,-0.254560053409194,-0.0827134375509564,1.78270596536587,-0.228335959667063,1.16653469311813,0.889148119377156,-0.213711546494948,-0.0124343089270044,2.98333835935092
0.872622495978089,-1.21744136660272,-2.18467481490458,-0.348424559191317,-0.656529126385544,1.1649673000027,-0.343761227224603,0.537540086434539,2.48077658267608,0.0113613189233934,0.534788876466207,-1.22445781493715
1.08228806851167,-0.148779096377265,-8.40091306097046,-0.508525758443075,-0.280940489247138,2.76042452032915,-0.13918077449972,0.731939618964761,3.27247468465674,-0.0114798102172546,-0.029027151957304,2.24344443188063
0.872515867887952,0.706599018879781,9.81648010659553,0.0747500036536521,0.122710902694058,-2.13678968346385,0.760660268856484,1.17557821405439,-2.82219015221011,-1.07460826201188,-0.452375781067516,-4.36884693953644
-0.130217733127794,-3.77863807266881,-1.77332554621873,-0.0603545983236304,-0.119432417800984,-0.865720012662498,-0.0418854100344076,0.580202804616019,0.49953912614571,-0.272732684550796,0.36772272889628,2.74039079820543
-4.16177751062212,-3.72190906765385,-5.22538208435391,0.0899833259257982,0.0934764828936986,3.36110381837355,0.0919015100312565,0.943509229711682,1.52069855390677,1.84664182163402,2.29100306053436,0.793467242640303
0.799924969442566,-3.51647725612966,-7.47804327623567,-0.620213445338775,0.265529209029598,1.56606452721304,0.113998775062242,0.031976087056398,2.74945711768369,-0.238628881258918,0.79025523567589,2.42059287288965
-1.04773941053224,-1.12109820050905,-5.49947666846982,-0.446635818589689,0.23162345057034,1.79730866089242,0.231550955495379,0.138104421265562,4.03192375333312,1.15015170481572,-0.323580929572047,0.96520186125066
0.119858612010049,0.768266498136959,-0.128928634293233,0.0843232552930565,-0.306592118707692,-3.1672713943457,0.536628522712433,-0.194622245926146,-0.533294367373203,0.0122278701705166,0.289752143631554,2.57324910340108
1.67923153206069,1.58465105334052,0.988595205830131,0.721910270366431,0.00977864283847085,0.0759135101134168,0.0286589419438501,-0.118623024954475,-0.472048789262652,-0.976212326289065,0.139668545637888,-1.35320940743367
4.26081301043173,0.226781663543948,5.75207487058631,-0.162168127815587,0.173739691761075,0.340678491602882,-0.420564623526649,-0.820678848280377,-1.31273967250006,-1.52067885043423,0.137009008751769,-3.84564616449917
-1.43292068038219,1.8879600538796,3.81128680610713,0.424720509262467,-0.455911884332739,-1.01367696713279,0.337290644758394,-0.316498619683106,0.237171152845058,-0.23393212231697,-0.138349903862685,-1.66618254378473
0.970711615484951,1.16152775237227,-6.71249197192776,0.622353184816756,-0.20448983242203,3.05967583927038,-0.22277298035248,-0.0840002726127498,2.37588947065221,0.581507723775944,0.213891769261477,1.43631256598637
1.92213244235227,0.871549396104198,3.7764971963964,-0.368377196005775,-0.836002373010783,-2.54920889467385,-0.0921507870354648,-0.403411329642709,-0.271879076098387,0.222244500563736,1.56855949951574,-1.89339062840283
-0.987944207539261,2.15558118584109,-0.981608679832059,0.0867148886635929,0.355673452299343,-0.921861365753155,-0.334356495297585,-0.124305539622547,1.7906190275031,1.15470853733811,-0.492876462532668,-0.985840379636083
-3.77991954406641,-2.17038175055476,-1.70537002943916,-0.013317412691106,0.0706634325811385,-2.01744213887162,0.797963354127453,-0.0221624564243221,1.48307609856823,-0.196317364166936,0.217352055928957,3.79920585074646
1.82350854843512,1.24481106737092,2.66805826020979,-0.330262501790746,0.408674260569555,-0.890140057148513,0.106137863477959,-0.281299364702756,-1.2529952623989,-0.0609380950857649,-0.222438912845812,-1.8169530065932
-0.634556413633544,0.0330061828082921,4.27786729019024,0.253330143816747,0.486729262567381,-2.94801171039484,-0.186234129839987,0.045567802250222,-0.919246405792032,0.0189391776802343,-0.0692921590372811,-2.51360921034561
0.509120164217321,-0.632624099373388,-4.76464489948498,0.00735926003851287,-0.0420196372652309,-0.186822295306908,0.396550664298546,0.497394220421306,2.3578513314395,-0.223367843504433,0.234973703701017,2.47988235154692
1.00067910076451,-3.29859853681037,4.21604822667704,-0.0827010592586359,-0.376319220755083,-2.12071009204817,-0.17036509278781,0.215382936871178,-0.16813504786764,0.0373141998044994,1.9692698306129,-0.550641964595178
2.31715714469294,-0.375115383198108,-0.639844437260792,-0.0630506745536092,-0.160101264921374,1.50872789480779,-0.701856254573805,-2.01643082206877,0.041994620815128,-0.790884102201399,-0.0638431421172403,-1.04588146258907
1.26079460492136,1.74628956333539,9.15533288690405,-0.687038663188414,0.016303850825795,-2.10381631561641,-0.245799909832101,-0.508664485225099,-4.27394083930948,-1.63829832451978,-1.28937974580814,-1.83582754391532
-1.05039278315558,-0.275207552069433,7.91082547172751,0.37167275893714,-0.351226862577301,-1.01137265471861,-0.776821786478194,-0.778685315872324,-2.35563811554206,-0.144754435163505,0.926713923394972,-3.50224689786263
-0.866673350940231,1.16449415909845,6.43429884439151,-0.495327118376233,0.224523418306648,-2.57963920377815,0.106808996828612,-0.125641046146299,-0.349734594643699,-0.214009250409137,-1.80022055190599,-3.282864278303
0.739992224633847,-0.239823255851636,-5.72172366939632,-0.349721560632243,0.212878246625626,0.815253861674455,0.174666968642421,0.0724591111261312,2.22191905317467,-0.28596351402042,-0.39569213119135,5.23417944325745
2.65079389364142,-0.65634589833766,2.08448832182538,-0.395656279922297,0.870273106086612,-3.65372000841145,0.0325791352009378,0.613959693457371,1.21271912821221,-1.21097122146477,-0.613991162859011,0.282287681905218
1.45346250306523,-1.80139335739539,8.42284207745485,-0.0872475228978004,-0.991122717297853,-2.51427145266253,0.0088196188246003,-0.057982923634016,-1.33500900327052,-0.560640453733561,1.42073867312735,-2.75407232274599
1.70725259683238,0.787797061828572,3.76924264285835,-0.355255258713699,0.493429692617207,-4.19874867480709,0.165709054312686,0.320760247784726,0.276685911599001,0.405207168867183,-0.563748657062504,-0.676284591936173
1.00789879885253,-0.0404846502213887,-8.52238805375782,-0.197200873524123,0.059990623016856,-0.0748147297336523,-0.285896123260912,0.639452581334355,2.75380031171638,-0.538777933841446,-2.135528761457,3.2765663132428
-2.41000237866736,-1.68904304079842,-5.959663156957,-0.097410211399672,1.08494857163196,-1.29488589323437,-0.364217070513539,0.0226158311972154,3.42432050355824,1.7371011194247,0.582555156423302,2.41526863711475
-2.28577173243081,-0.0624095017936163,-5.87541055248133,0.0138027546202716,-0.429502756663517,4.10069825074421,1.70452991362661,1.33301392293846,4.18039707892833,-0.142624415906282,-0.0456407269638987,0.467568196435785
-2.52069885697485,0.977334937446583,-5.44652567497795,0.1813353434416,-0.26211476786173,1.09021158079342,0.201136719150752,-0.0243162408731047,2.12521203251962,0.418124321606247,0.483290041572283,-0.299694311072715
2.42061750194932,-0.126541819177361,-5.97362014134819,-0.765703170934315,-0.110818050916466,1.43765526833301,0.116405051868869,0.0228607344269135,2.32076393597015,-0.0851717473582632,-0.215956631142984,3.16440274159506
2.21826719895056,3.76220803327986,-6.80435661658335,-1.84034027548598,-1.59874980361506,3.08567779737524,-0.456621043187365,-0.116565334687161,3.9538237465392,0.112331760297204,-0.0457479568956994,-0.921604954117353
-0.587117766789165,-1.06793095843721,10.1780450617856,1.0671490074504,-0.68822546241836,-2.95828538498979,0.130245015285118,0.145047336949487,-3.2417167121298,-0.456848124427729,-0.0378022400778956,-3.02918212706322
0.442498597689562,-1.37909814183709,1.77500614133477,0.484813299403637,-0.00701994970105833,-1.07349071157161,0.0521056528504317,0.441956449666484,-2.54632170906533,-0.559246746800542,0.497529380911234,-0.528666592403212
3.22573451276733,-0.168909429450443,2.62433694330844,0.237259565675047,-0.0299431213078415,1.83648671448851,-2.06172583008189,0.812394740075912,-3.59015615748812,0.142353551948522,0.368996896244942,-2.68748569642638
0.4435409830185,-1.32757023058336,-4.26094059857923,-0.36103102605732,-0.247062010525334,-0.868189491968773,-0.359354498659456,0.0523025859341557,2.75343335754727,1.04126087765502,-0.35516955061573,3.609554113897
-0.812002256328218,-0.573950025963614,-5.94338375161635,-0.0462697509723093,-0.525077246740321,1.26377056346799,1.29495176408016,-0.0875471083298334,2.4250030432129,0.118752602829966,-1.12965864935647,2.95922834990687
0.41326087106886,0.130824682108309,4.1136349739464,0.581383575607443,-0.128169243029647,-3.97020516230306,-0.32440110329514,0.0413395831166693,1.76592640365365,1.15573588252473,0.243679701456845,-2.26196782672702
-0.401545640959469,-0.225001988099503,7.48308134751234,0.0863064567254919,0.217113680890222,-3.54099565456705,-0.327423400808503,-0.0863154743275262,0.650668255993622,-0.911093159305412,-1.34716438118473,-2.69583899975062
0.0989282408136278,-1.2293549793215,-3.99151533017528,-0.464198571483217,0.243345834074485,1.7887252211706,0.18150546390578,-0.123545875401693,3.03808880470247,-0.327521759083686,0.15540225743653,-0.846015889684492
-1.63167612938128,-2.23278174570982,-3.26634460688318,-0.293132605727738,0.0308756854468467,2.43982355684736,0.099055978316424,0.205767412511682,0.987424484347649,0.39757360967776,-0.268947381091007,-0.58301437354318
-0.419667227709911,3.87528376812959,-7.04661477593203,0.33387460102311,-0.160029568155703,2.38509422117201,0.621288029757718,0.121043500594257,3.43869132799063,0.681584963932896,-2.24041275875542,2.80060020658074
-0.110266659691586,-1.31190527201418,-2.7166057887016,-0.193052138814506,-0.413087133918527,0.144851546288773,-0.000124099284853362,-0.00195661237464664,0.662440373483438,-0.826097223313276,1.98477764198716,1.39596527401219
-2.3123001410963,-1.8481719624509,6.18495915064303,0.541347734477518,0.0454900630568436,-1.78789430167223,-0.191951670118703,-0.279076872078565,-0.965450315712679,1.48573665648071,2.27391859164461,-2.34850216814652
-0.501170772739909,-1.12866130690037,5.83809892183806,0.056853024652293,0.0977315859357608,-2.62161637854141,-0.135710689888632,-0.174507934637286,-0.253572552366902,0.124184332596169,-0.0663540755943405,-3.365791720515
0.606459135503206,1.94291385959757,5.90992066453368,-0.0738510526384566,-0.563534833949208,0.56503754007274,-0.604913295381292,-0.119259976962041,-1.43748109867536,0.103812722719139,0.455246097651949,-2.78464108010649
0.553045599453515,1.75841215312222,-6.98367114848821,0.0792022897826303,0.349361744122106,-0.278320616814063,0.626123434551306,0.416519515863543,3.16829199711582,0.051907222685954,0.308270014014688,2.28196483778755
0.554784997684084,-0.692082442292447,-6.67909660499552,0.479109466037181,0.992432511921115,2.5430271292058,-0.576462529108021,-1.6838318509674,2.10896192636403,0.28415112232,-0.124645110372483,1.79166191213119
0.00842188819252598,-0.0482865625955281,-7.90047964786459,-0.5396728565862,0.80087464193735,2.90486134094625,-0.439714953639463,-1.09721372969276,4.71062571375719,0.21000112619067,0.965473871912274,0.366135091144239
0.470434266214941,0.510535292654538,0.1049157657624,-0.258702370638298,0.0628485295835207,-1.11835173103055,-0.0675908003862806,-0.0897602496935891,1.29283351916238,-0.713482419663214,0.846673981738452,-1.81462610423446
0.521874865197243,0.916681259043635,-5.97168241225066,0.437613960425992,-0.725075293483569,3.40701245558844,0.261642874274742,-0.381758895985809,1.90464608778574,-0.075645271238142,0.122683063771502,1.26031333179189
2.01801768352676,-1.66894100250461,3.8761957186492,0.312978587384832,0.411040365311454,0.594635602461526,0.379184009502053,-0.244586345414051,-1.87155171330648,-2.17376920148698,-0.851968676687311,-2.75116940619918
0.3092712802692,2.67919253467806,-5.70366855698552,-0.256953316739855,0.539296044646188,0.38820710508794,0.225607390106073,-0.0896543686786657,1.49759966317593,-0.996080608151278,-2.58311291310884,1.58216851952743
3.12792150057815,2.59158910798263,8.01612801739218,0.371799232721161,0.269171439078313,-0.270254403747115,0.641621573054486,-0.965812297555385,-3.98958380776535,-1.08482354284996,-1.45323679838974,-2.3080688292044
2.61493155763181,0.664901483912681,-8.204157587869,0.00240219157541316,-0.284231755198212,-0.291197396671944,-0.0942492123489027,0.0915397680908943,2.37213579194233,-1.01680867735172,0.00354612207038418,4.70812175011869
0.845506554008134,-2.48317760743788,-2.77786550703929,0.0267463843168231,-0.630550962947461,2.14872238454423,0.659944569376441,1.29584356222153,1.47313622800814,1.91228975678404,0.422364459782245,0.453425576013232
-2.31741692218639,1.77614996570897,5.17115064405404,0.0447974344061533,0.154752873075174,-1.56364464994381,0.0333254756451985,-0.0499984183108761,-0.0945943128829027,1.03597455542526,-2.19943543980128,-1.78530781387759
-0.0872284487409209,-1.42311741417356,6.59887176517339,0.155271184775707,0.0143880114337109,-3.33646748181105,0.0335935966564803,-0.0380197256749273,0.106109796684214,-1.0075026242833,1.66199762518884,-1.93634685051747
4.17826938523419,0.680576408258194,3.61604711855298,-0.0565525674804131,0.104052224429412,0.190110831240856,0.632372827262625,0.537945964414895,-2.78927438178225,-0.23306827824384,-0.128653205615918,-3.15974733134352
2.14432524700338,-1.0396743696154,7.01216263661141,-0.737894452929698,0.0894976521327803,-0.19707765166803,0.0124424488395989,0.524846028045119,-4.8443954667863,-0.477591386429203,-0.928748242808429,-1.8749788985403
-2.10195353525815,3.18054277550377,-6.57543157638495,1.09108612585592,-0.537676985019924,1.65124804241782,-0.134011125378524,0.0143037853980416,-0.216529419431617,-0.164145657379175,0.0336475103431401,2.93413209055297
-0.727336827073506,0.062463655345924,6.17824933203751,0.344869690762814,-0.175198331031801,-0.300838993776373,-0.146465442874858,0.820250443051458,-3.12832081121583,1.34251211786379,0.161926150863744,-1.98182856516038
-1.53371031606922,-3.4915831004213,9.28975616505943,-0.107569858524594,-0.113547410634017,-0.421655593097135,0.0587774803925433,0.032632398579,-2.8172573980341,1.23759059685813,0.948296936777009,-4.11610126145549
0.0259152818013624,4.6757394036307,5.21648931339107,0.273708471491737,-0.328584595696059,-3.7024352206786,-0.0397135027325464,-0.212516641399282,1.14253182185118,0.0415322083028157,-1.4302504673965,-0.917771769037718
-0.772704636060568,-0.986301649949872,-6.05648383668452,0.0979427925214152,0.366250276556831,1.72676781152185,-0.0987626481786645,0.14913876044841,1.97309520908857,-0.29726294078615,-0.237866939365122,0.472070598021594
-1.51611155465782,1.30581706028444,7.41106514448795,0.177655111256287,-0.0806066596782693,1.84434606902661,1.78922415008611,1.14720290219071,-2.19164643027037,-0.285942836159106,-0.437285363691605,-3.6840673519841
1.73635063341863,-0.366522315213778,7.87661480280732,-0.314510285716716,0.921441432165725,-4.56632996133637,-0.225593912278387,-0.913165345027423,1.4164939134235,-1.74529537446405,-1.35927094750434,-3.53361403247132
0.193961774055809,0.0111341912837117,7.96707656830344,-0.340141040643978,0.0482368560766366,-1.41728753499567,-0.0515762979084033,0.144794730883814,-1.24351658681518,0.191999219622222,0.79223017448195,-3.1089947034011
0.0127278230556173,-1.40820101925548,-4.52977647540429,-1.31999199193681,0.372903022531493,3.41990482736532,0.0652465991120939,-0.372134737361868,-0.22427572211764,0.753799527366784,1.30536163150184,2.64399467721803
-0.0774701274465374,0.588687672791067,5.13184008678688,-0.225896801695424,-0.123183023875153,-3.59005257604084,0.194499055134359,-0.211871316882732,2.26023558824079,0.391743452332898,0.282896423870705,-2.98449949219037
1.27242695868238,0.264274252428284,-2.89551287510611,0.502419861646087,0.384747230256102,1.65257180249814,-0.77222148391271,-0.186522797017446,-0.221240539458527,-0.898003855839746,0.428383159599653,1.48289169204785
1.94221749259762,2.44092310267269,2.06818155328224,0.553176766274701,0.0032267515599094,1.03738284530288,1.30446791629158,-0.400079593483359,-1.5642493225152,-2.18155183828458,-2.39955505388425,-2.43110390360382
-2.80158090444835,-1.80068104677633,9.32636837791506,0.0447204118210498,0.558552164607984,-1.51036923245451,0.247413379760715,0.456521450241176,-2.5402799917936,-0.0680600115014988,-1.37769363347082,-3.80482043793567
-0.0501900283181091,-1.52634297787646,2.64976078178116,0.0418639332024525,0.189413425561045,0.77042419127449,0.60900538648332,0.482359213138546,-2.62707407973756,1.17728579442366,1.92559250498074,-0.491331973174405
1.73350406787886,2.23681156362068,-5.08806268999931,0.120285004492365,0.00391607623629277,-0.704945613084958,0.134062260072933,-1.18162070063984,2.71622949246324,-0.918262905154907,-1.30318670886462,1.73998001447703
0.309542660943898,0.619052097516944,-8.78636351701643,0.391128191929763,-0.0689688652580518,3.14365584336631,-0.697476595351538,-0.687484703233138,3.48834956540548,0.0872164750829993,-0.465606636720439,1.15395731791007
-1.08093416835165,-3.95057657383055,-9.38151764208286,0.352808938963321,-0.265078743664864,1.7412332123597,-0.212096193593932,0.429606649035795,3.02829362368772,-1.39687459004231,1.32943799467881,2.21758210091666
-0.23540202983332,0.807134168339831,3.43455799040818,0.242452188545635,-0.0643912423844793,0.1167739709619,-0.412774397193243,0.464827239848007,-1.25808191457607,0.0291082883685324,-0.847618805037681,-2.09716749749335
0.0991866286170491,0.755167829391648,4.04987916516899,0.509909830557637,-0.360895200142295,-2.95767803670944,0.255883864012696,-0.139146366646908,0.242046870459044,-0.371970900255719,-0.115092655010119,-2.28128690936689
2.15488198873346,-0.475610473452969,-2.40083900390697,-0.0525127307317036,-0.200750794442539,2.48494763245924,-0.30832632009793,0.514795748569303,0.056705119184048,-2.23697466794052,1.54677305447832,0.730366646726584
0.990280152782094,0.0498011361396703,6.76883305335401,0.436231088535357,0.0907745305512769,-2.29628418848477,-0.570706580358736,-0.157363041435553,-2.08520803540507,-0.154610066722094,0.181082464538906,-1.4996904732554
-0.717027793837075,0.715282087600089,-1.61857411863077,-0.214568176862008,-0.0542174096925458,-1.25199161401327,-0.161884436911677,-0.0439518533211362,-1.61882056460265,-1.42327061855306,0.134434501099742,0.790176382880401
-0.308169844954629,0.895048670120108,-1.98256051281377,-0.0331671746037215,-0.0718247205881512,-1.82587398387717,0.544805191803702,0.281018759017675,-2.32693297533877,-0.0147727392227903,-0.618868697495372,2.04741118127812
0.581528386275754,-0.581355103939122,-6.1821832490303,0.643588121367467,1.02718881471354,3.31494864346297,0.313855333456119,0.198577644575291,2.38714626699887,-0.313452788181126,0.0580562092994843,-0.812936457058858
-0.190434340132866,0.765011431921224,8.64911446781605,-0.277656764335514,-0.0494171579995671,-3.04562460734519,-0.210945599583844,-1.3350547998643,-2.69974495208814,0.438449249165419,-0.251249467185169,-2.2260861993087
2.80699743337673,-2.21977945680631,-6.01712127508474,-0.0155915459304709,-0.181430016226244,0.676382411404782,-1.21370207778068,-0.662468336463072,2.39059872739537,-1.25723611787086,0.717674826878675,2.55369041848932
-0.906479021208067,-3.94943284171903,-8.68962138182506,0.0246999711148594,-0.142953996660871,2.20797026287015,0.708359532690885,0.607814230466102,1.0740205969848,-1.19202189746301,1.32316001024866,2.53112339413207
-1.12472400258938,0.303060185072316,-2.19221378724535,1.35817051355179,1.69567171088985,-2.76279079264083,0.19339652230657,-0.263393025516031,-0.155323508157756,0.178359441916513,-0.17154369635724,-3.43339272936471
0.399614770026952,0.391406951229893,-9.33045976251809,-0.509045966046302,-0.659130049418038,2.970148876027,0.264551862221086,0.611846110563014,1.66922709011902,-0.117962393419074,-0.0156322797819032,3.00025741757878
-2.16585832463004,1.08526157017162,5.41907792740978,-0.0641382111501836,0.171475218633262,-2.11951007703101,-0.874154215718218,-0.530128023009669,-2.24303263820992,3.05623603691913,-0.161514469931262,-0.916064697460165
4.88455336752796,-1.67502437171073,-0.0394094302594468,-0.0630791183968694,0.112730436989899,0.500265105367774,-0.00131237577252048,0.309324869726948,2.53688465648999,-0.108577010161841,0.0653031585690509,-0.588305009000462
-0.102699720905962,2.03763155188255,-6.27049136531517,0.539961006674107,-0.050340389148103,1.15757894308838,-0.126507609057611,0.15150698924572,3.63519363116782,0.385214150528045,-0.424209643917003,2.50173888406559
1.00029729233444,0.59001177505829,-3.94987131989624,-0.194083702386819,0.231307476124513,-2.50557263880345,0.625482293145699,-0.464951724421604,1.82636786196797,-1.48763445683724,-0.919322209267666,2.45965483054181
-1.57760352752713,0.712886522004588,5.99929496521273,1.70853486407792,1.70514416000062,-0.732710750629305,-0.0100962552159252,0.0859732291857454,0.512508146406253,-0.140486575683523,-0.233459017537445,-4.33788592357299
0.554975032179365,1.77593963661285,-5.61494420451801,-0.568016380841418,-0.4657377165236,0.567112890647379,0.620898515846643,0.782341586314875,1.69166222875612,-0.715349782880619,-0.757857190060185,3.0656116547245
-2.84423219404982,-3.76422303253837,-5.83010002425288,-0.244394312951941,-0.246417075293631,0.432574218262866,-0.43837940304143,-0.216099932409036,2.27780510208987,0.286883049946155,-0.0407706711240377,3.38494298629175
-4.16493912684012,0.0342757195834042,-7.50919305887139,2.26269026057277,0.20395705945014,4.14087894423027,-0.31765893629395,0.267892186092769,0.783238908942273,1.55923319194156,-0.602921798340955,2.68171424915535
-0.522575786096353,-0.673293909671883,5.98387986660953,-0.050806569610943,-0.636847577299536,-1.84774734963926,0.671896933064681,0.342560413033395,-0.0231211061078276,0.00856490012271831,0.238786221209569,-3.57053649960766
1.16620786326505,-0.581503697235587,2.8671307492699,0.0452004662866149,-0.83558068008332,-1.99970256799288,0.406545732516739,0.120850584333011,1.98528741519945,0.158460130930656,0.618894794773755,-3.43845053347408
-0.972917887133177,-3.31721694680829,7.13524929528726,-0.164405426808277,0.566958195804607,-2.59322269552076,0.0917095685534672,-1.61823885245538,-5.8120566507867,0.529303157802529,0.817528707819533,0.91669943861477
-0.375862991945106,0.873253327951374,6.67564804854174,0.787061588178056,-0.0148290169883486,-0.926096162492206,-0.066193900153083,-0.0630512762708278,0.922347018928453,0.0303143080580053,0.550902819287504,-3.58858427633629
-2.34183579205852,5.76125140934667,-7.03316059833788,0.166516799794173,-0.362352950896317,0.7115120945524,0.2211612242944,-0.612900354205067,2.10092917985949,-0.0478025276256349,-2.03270598589507,4.03812506193354
-1.48933374657218,-2.78403479700289,-3.93810513619387,0.253388035950347,0.0250396797489222,1.03458936046553,0.979763248786207,0.869853716263057,3.92713025078729,-0.103757140483449,-0.283367499455562,-0.150806243348842
3.73521230652272,-1.24155118642103,2.20167582923342,-0.102246033859877,0.247262136177336,1.67943564284883,-0.545903078111845,0.8468386193345,-0.854553681425743,-1.1798707291033,-0.147518703816422,-4.0660535943924
2.81038008244729,4.00611729354571,2.88727845002805,0.20241323314463,0.0842996340909865,0.768327983233276,-2.15877500324453,0.707137027070897,-3.21947401714466,-0.7713042923853,-0.670358409653477,-1.18794878945271
-0.419743010190772,2.31417706565475,3.12906070469375,-0.0692596155247353,0.000241287501097801,0.327601543980658,0.40591238726863,-1.69232235082084,-2.85260958573752,-0.278358314813098,-0.361083018151951,-1.34534587593514
-0.362691543319278,-0.0534422656534844,10.0547255982303,0.319698992333869,-0.550826398037373,-2.74861029484564,0.346958332464798,0.154621526522932,-3.03593303418536,-0.157745724824901,-0.0584399589688194,-2.25152971260865
0.842335840817547,0.501888463560686,7.22634882685492,-1.04641300798629,-0.87959240447314,-2.16021043763577,-0.969630405432177,-0.228169379534342,-1.05298843984305,0.0165374592629276,-0.0375938898228191,-3.06729059584398
0.432087275040022,-1.36025871502643,-4.8626856484771,0.175847368590369,-0.451044743305257,-0.611778817478471,-0.219696696779669,-0.144472637460367,2.51120297453261,-0.39658577384998,0.935119415738387,3.88383156677544
-0.403046715705768,-2.17244139938276,5.68615713860782,0.38012037757756,0.0787542362159483,-0.544491293435731,-1.2616787150824,0.969509587579469,-3.33536010388326,0.67156127108538,-0.118055808865465,-2.14642749496443
0.389128425381179,-1.295353179461,-4.97080217098562,-0.230743796741937,0.416358364585383,2.48038779967598,0.0589360701752216,0.13087221780232,-0.460760450658239,0.45105879855575,0.646912807485646,5.12955554941517
-3.64150508041471,4.12074758930824,2.82868250677827,0.505584258875684,-0.363833808371449,-4.07843157766621,-0.300680648275257,-0.0255074132038175,1.54615503908521,1.40045693270922,-0.428657607314248,-1.0190353185068
-2.33743288863444,0.568704645766535,2.21605264248829,0.538316622806446,0.0441270875912943,0.509539503508017,1.7520199890878,-0.155777601757263,-3.00111752272076,-0.707466603191495,0.20268175214371,0.292392201576731
-2.68955819513242,3.29474798991182,6.94570299943065,1.58605999841233,-0.508921926546627,-1.77455908508953,0.241939032099059,-0.129782571486018,-0.317489928592008,0.0920256594773912,-0.022966211359565,-3.02578502078691
1.38679190895363,-2.77582491872038,5.02378599942175,0.45428531161736,-0.755578582288153,-3.63853747381963,0.0548168023114565,0.504158254885144,-3.75986645805379,0.427053479067866,-0.0554767500775223,-0.461014944580875
-2.04045431498525,1.79163973805355,-8.78849346632799,-0.0773390764654985,-0.0208412229225935,-1.46158497019915,1.52660697811076,0.432034572710815,5.1589236116276,-0.0222179028658025,-0.338273812270779,1.23104919121517
-0.198693307660316,0.429693568638954,7.18221925683809,-2.35178650390607,-0.889420260264894,-4.06396022596397,-0.0327971599970412,-0.166663772315649,-0.190904200527362,1.1409465860849,-0.701878482734159,-3.23742504269641
0.641606372480097,-0.954895931448695,-9.86696921709443,0.016879703395053,0.952817288267721,3.50248506626415,-0.45640634469991,0.290431386191623,4.07814756652118,0.0514576519320754,0.676890702946053,2.30394129589354
-2.31784451917131,-0.252850938750214,-7.5388111895272,0.0365617097424776,-0.0435056162742474,0.868446534084716,0.148724726338048,0.502561865887423,2.88597949056017,1.25089446647109,-0.400716903214314,3.00018975510711
0.110583560825748,-2.6261072955893,5.60388900596045,-1.04064782551637,1.13591312150568,-3.7130108943868,-0.160144109646801,0.274438037318815,1.50690380321577,0.814107134021411,1.39214083293969,-4.23147560313929
0.304418636723499,0.517492454508414,-8.5033740108752,-0.869255095119809,0.865643855086729,2.44715014601764,0.562005866469506,0.525182751039118,3.62270013894765,-1.85314175142896,-1.90320536723918,3.81230943185616
3.12133489325596,-1.65782078345272,3.20117803133331,0.130298649727927,-0.249702943363316,-1.03707770322506,-0.103149741717666,-0.644493439807359,-0.270331971207478,-0.540130311081048,1.27186514598755,-2.09387127012175
2.19557781122937,-3.38424277942008,-9.52610922663886,-1.31302636156476,1.61660185287386,3.25496796220013,-0.62480295456773,-0.145848861396388,-0.44090017084097,0.574525815017363,1.13990065343399,5.62441802425261
2.08447937209952,-0.265994113523183,2.77214914862863,-0.179868469830264,-0.0830696694154129,-0.62599713002109,0.0442326598156111,-0.120037329370808,-1.80700588832026,-1.2096265916432,1.37416361088567,-0.2111759307977
4.46621210309886,0.0890597131420369,10.6591866441957,-1.5072030074633,-0.783040474388631,-3.46174741385471,0.136238944426533,0.467368040607597,-3.33733310978254,-0.257829797387117,0.805118181024988,-2.1007559556728
-3.73632058033372,-1.29826255722884,0.281458324604639,-0.239702201175909,0.209773862064025,-1.09365190203056,-0.0271260050912124,0.128090072655125,1.77445064724348,0.159632353529933,0.00695053118024329,-3.59419868065459
-1.02492333777177,6.94758011485204,-3.06702510076775,-0.813131773283819,-0.10301112883828,-0.694920033558574,-0.253718451310355,0.907511168718323,1.08676383229985,-0.0499278024332374,-0.512075035231583,2.15500438069178
0.174146181572715,-0.185816801111654,1.51862984408924,-0.0048610700001965,1.20951171566768,-4.01830299811109,0.209379661652957,0.0762574215882147,2.75985909357754,-1.67306300823023,-1.50146201037807,-0.836697738266839
0.0805207203418873,-0.0212725463604149,-3.99979479655865,-0.0437405603834325,0.00576513007595699,-1.64529573528344,-0.121342550965815,-1.35847173154551,2.85668597999166,0.74322113917321,0.972622919012278,2.53707563852303
-0.705385256019462,-0.794726458043343,-1.44506481769958,0.226090720125846,1.17891560507619,0.285557085055171,0.358133700968667,0.287673679942577,0.601610114089935,-0.274053532363298,-1.18411972751387,-0.763280118768189
0.0635737531078019,2.02176363469302,-3.41895629520038,0.466299257926681,0.188992916464664,0.827126604468095,0.464164132273922,0.129721192097689,-0.834116030909792,-0.0795779277362768,-0.23703643932116,1.19983527039229
-0.339109573550631,-0.131922468462996,-4.49649449038431,-1.10469207101728,-1.28487524059938,1.68340699884989,0.18198470176032,-0.113283660398816,0.747638997125841,1.08765777318821,0.587070457026995,3.70669543716007
1.86203327189251,2.20123726683919,5.36253831069186,-0.282660778786756,-0.847125799855925,-1.75939562937011,-0.646552241436379,-0.168559732399103,1.17986244773466,-0.0126488050601355,-0.537732111212806,-3.39316527730013
0.926563176596331,-5.20380304062037,7.65800270963329,-0.13794936460893,-0.456341735672885,-0.314701145398508,0.589655731304434,0.351078556643521,-3.5127831535045,-1.80050676423792,0.399761626558828,-3.57384451971661
-0.758446244852508,-0.096835295099385,-8.37486116242014,-0.0753572839805612,-0.348323859152619,0.415786665658456,1.10144508286224,0.247768628711088,3.81752152998459,-1.01335369729268,1.01785247735579,3.19730493084706
0.169659290802163,0.580668999922177,-0.476758946751539,0.221883170666911,-0.222446043377021,0.810010101962698,0.60208685314282,-0.222572688509222,2.82086755247265,-0.181065474842024,-0.0451801229536313,-3.10627492509923
3.47861616151757,-1.21538205839095,-1.34984591580541,-0.692869641401866,0.184419942454061,0.709864830272889,0.648186413050712,0.360636738465524,-0.86601229014416,-0.0213778106824993,0.100925262387516,2.74970840062525
0.404932994731268,-0.308896296531431,-5.2138874433786,-0.896837997447454,-0.994586232709854,3.60823331397183,0.367068903650546,0.595495939617027,3.66247551123221,-0.723810239256545,0.555207481400181,0.28631196623569
-1.81909965223723,2.78921583234909,3.75776531967174,-0.166318827135073,1.47665947787869,-1.84812954348829,-0.124617333268408,0.172938366598297,-0.78860409922108,0.417887367045362,-0.980407828773918,-3.77090928660844
-1.56897475496074,1.80983036760879,-9.87863540148001,0.423683969389534,0.591203202645252,3.45445603074455,2.50478898012216,0.221570873508528,2.93782908872033,-0.572010274287661,-1.07082351246428,3.77545141180904
-0.806357284871956,-0.156989768374658,-3.55860204482243,-0.5955418683274,-0.0921409813500991,-1.06838395506054,0.177120272831083,0.556598971162533,2.24281311397258,2.45795627599983,-1.71233997767536,2.34839596232583
-3.02188028425598,0.91440772019065,5.62788645607608,0.224645623376001,0.513262689625406,-2.48885933360401,0.419342026349607,-0.39064607380371,0.0959197757320652,-0.0546680301654936,0.0169221485775234,-3.19696328813761
-0.690363611323936,1.14795054217884,-10.4568767747069,0.0568960862801346,0.934973997072062,1.44133834210976,-0.0983286127900472,0.161422937633691,3.34302219169106,0.580318716194945,-0.159475496486276,3.36228278794747
1.77331699769994,-0.819459302253182,-6.73917557764248,-0.91356218151543,0.409697597669454,3.68927185200948,-0.171006081896056,-0.160479197352796,-0.143606367387596,0.520173352637569,-1.48202881959699,3.75784925690914
-0.532392625088657,-1.15731884904851,-7.6251592518531,-0.543820516213059,0.212135904527995,0.504141086773336,0.2554733189955,-0.197939549347774,1.49639020023008,2.01866700245056,1.05153483491943,2.33696717147576
-2.18983678738709,3.75350523699746,-1.47150866914099,0.239346229249199,0.489294048592149,-1.35943938472454,-0.386412722586724,-1.86403534757417,0.800238322630518,0.154148055683815,-0.412068701557169,0.882615648130697
3.5475286450341,5.74385305676896,5.2507910449838,-0.0276810270983758,0.269865591285723,-3.32935963138095,0.555604854235848,-1.34006115477291,-2.2148389501494,-0.245697122217304,-0.00396657454127614,-1.07298433077531
-1.27386540076956,0.510814721841821,-6.86335331684516,0.600136582578938,-0.0911845866318213,3.88647416938171,-0.04878148905804,0.261687853935324,2.47176927812454,0.0989321281551074,-0.553839348877156,-0.669789084849084
1.3657154391001,-3.13240099719688,7.36414602463964,0.0457682073228026,-0.184464731936577,0.439675669961111,0.341326192482632,0.622861665417865,-3.88375745652824,-2.36185008700949,2.7161242601813,-2.16072520237044
1.2805444576019,1.19387780500802,1.71806135747889,0.0824304050408501,0.0672208970774563,1.29567520684992,0.0943051526525989,0.205799296986329,-2.88772122459141,-0.248590584044875,0.869279444696989,-1.7494072571292
0.392309073355075,1.62386038265287,-5.74606789321862,-0.119510625980524,-0.919835094057918,4.08558975813136,0.216656668460426,-0.418135075810362,1.73920388087562,-0.00222347923737094,0.59258843452158,1.00145906377128
-0.00336655628494209,-0.805976936482685,-5.77861433533975,-0.820654077490925,0.547318742772151,3.0419021223264,-0.13254352811728,-0.519994132366531,-1.01580926876466,0.682034325555496,-1.01365026928077,3.67738224702098
-1.39641033596701,-2.07236395694922,2.84386752228853,-0.378962183845716,0.0694193023828098,-2.27758928156656,-0.309241178254999,0.32845646477978,-3.23750975570073,0.427293798376439,0.335632490116089,2.90969133359872
1.26259617426734,1.71816939632149,-4.97308383813337,0.222825767044553,-0.274364684628094,-1.96659521001385,-1.22187355375954,-0.706853663780198,4.89409641477349,0.444057784903225,0.0956082662003241,2.10996814463762
1.28326924490075,-1.73346813189335,4.94815712547623,-0.325711333614353,0.177788136679228,0.301140101445266,-0.229676731057126,0.00788963396740249,-3.00760540288649,-1.9871223825301,-0.838635301024824,-3.12335684721776
2.5165180607028,-1.3930522630925,3.4132643953266,-0.0353652014783427,-0.17779848095329,2.48355409952187,0.637366258965721,0.114241592308751,-2.9784270763283,-0.432427838789172,2.01172252293404,-3.81115378186564
0.0727101129348611,0.803628240427707,1.38254813126645,0.190238289868024,0.0857513489044922,-2.47444124005535,0.251554471331658,-0.0209999474225616,0.824623011166342,-1.88168268417918,-0.781773899334909,0.12603197824719
-2.6412668328159,1.69242940353749,-3.69928707704785,0.162316503784582,0.293905686795191,1.94851489323298,0.833351744679039,-0.492449768490876,1.59012708184525,0.146340146653216,-0.720219837464562,0.789597477873928
-0.286775234532674,2.50246468292926,4.46747399497279,0.519379622822983,0.621516822811986,-3.14975012389365,0.248032026817458,-0.205290101108832,0.800695738934467,-0.0338531866662972,-0.777849826237188,-2.21429976965372
0.131015225829465,1.7359147800505,-7.2868136356474,0.27564862390327,-0.561809417495866,-0.738982683389895,-0.132208664251445,-0.43568569314633,3.57120275684584,0.24052581177998,-0.531251886771756,4.11493755029625
1.92650407775161,0.670442122709099,6.94802864929986,-0.46572672989291,-0.810776110471598,-3.74999317060258,-0.386152722257389,0.579390226194433,-2.58424295918894,-0.00521397283031067,-0.80904713654343,1.14604414294286
-2.03714730790238,0.888265414992673,4.85691535512396,-0.110176649514946,0.417362859241353,0.098043685399387,0.0765915924301998,0.0730289446287948,-2.54361196998738,-0.462373862494984,1.69456937976702,-2.99335661837696
3.14409650519707,-1.36177753207396,9.01144975471832,-0.80901729177914,-0.741857020003023,-1.29509819006481,-0.158294713961365,0.970056801397058,-2.53439079265935,0.350311684679241,-0.568800521945849,-3.66340370121741
-0.269288394489298,0.148030498624959,7.0464031631463,0.0739063529581482,-0.167881325958998,-3.73774309473179,0.23126658507735,-0.0485112523045242,-1.56818536791799,-0.449203409124059,1.44339464841285,-1.68139710534143
0.0829210808885191,0.652646075199165,-5.71551229161512,-0.200543546767157,-0.213330107380871,-0.753951399791951,-0.0396711907617947,-0.121118184836297,3.81350111762333,0.0433204652826225,-0.772912122132255,2.07860695717988
2.27292401725038,0.895015764314531,6.32186316048045,-0.136120868863689,0.515957291526898,-3.43446877746043,0.239025716829303,0.0541339713678777,-0.86117039842802,0.18464902293249,0.0313207872233606,1.40075644993597
-1.85780032794935,1.84105193394497,-0.741540797738613,0.480201893288975,-0.00707520428376167,-2.06054404738487,0.0284042280414585,-0.0711946068300264,3.75019936100441,0.997631860902243,-1.25000729181705,-0.252506808913934
-0.459771101628906,1.0589160610834,7.93029920021947,0.492829978825716,0.18707648171119,-2.82093390707548,-0.351258255618732,-1.53454385981067,-3.20056297348452,-1.29468487542841,0.458518429195295,-2.13210024674171
1.47282358577954,1.25668694559499,10.2409695260635,0.25302537671768,0.606853694935043,-4.3589618149963,-0.267768085605279,0.337933467190913,-2.83714875350864,-0.561277493125488,-0.593702007646468,-3.06361309096451
2.33918383449555,-1.99283436523964,9.13215960136248,0.557907131819127,-0.273546270656947,-1.63487114198446,-1.31775641340292,1.59371771628829,-4.52027956116275,0.337585547455235,-0.0917594619243021,-3.36513737854302
-1.29103590490199,-1.78769237359192,-0.998045854644751,0.0151421095344678,0.102655737096041,2.57178139797371,-0.218900401777052,-0.275347858194286,-1.18529353458979,1.18599277370549,0.20318716866865,-1.13055975174222
2.54205582010284,0.764461900002284,5.51395825069473,-0.310838486758891,-1.07599012172145,-2.03935853032111,-0.814035029573031,0.0126360981587828,-2.23259036302344,-0.281085425070044,0.499988398700469,-0.147937199562457
-3.95065216729958,-1.05502441032143,-4.52092263460097,0.503049365119836,0.243758916064047,-0.623230348202265,-0.283829037873295,0.189594283382231,1.16472457503399,1.70269025100676,-2.73534506654344,3.72210064006268
2.88207976868651,-1.20104348057766,1.45445390496279,-0.175578665482535,-0.235631780658483,0.27835144224561,-0.273193022912121,0.404249401715762,-1.9803741491385,0.490469031981146,-0.515896173629655,1.25804121570992
0.895439466224818,-1.19791258227424,5.23178345707679,-0.353979050222634,-0.183863197169032,-2.46965440730578,-0.195163732379805,-1.21949880988274,-3.00767432698647,-0.47605336380515,0.56726177855804,-1.71815536691239
3.20522951665577,-3.27063850796738,1.8027723282505,-1.08014375981992,0.462109509471191,-2.15887769139846,-0.368747723475165,-0.031574913498482,0.895461262554052,-1.43166096958349,1.6674608192947,-2.90725608664416
-2.21531502439646,1.03562431366283,0.257866791773369,-0.290052370419147,0.285916679865645,0.133251561616414,-0.151347699130394,-0.122635798441044,-2.03383778714432,0.728188373367381,-2.22035414164666,0.527086103650953
-2.13869162743509,-1.61690345020982,-9.4529362895812,0.349118709333555,-0.190310014089608,3.32423523213196,0.454788682065138,0.0137293375670279,2.79409239772633,-0.0145984123430611,0.0320864364863383,2.65342929671995
-1.62263325644664,-0.182046213271885,7.55398752737243,0.154551705849953,0.129398348332988,-3.1914890714878,0.1401258106935,-0.0272898869748199,-0.377918537604916,0.0873612428034327,-0.825484647580604,-5.27478498464529
-0.829182685086575,-1.14992771002164,2.85287781914104,-0.0267179035874473,-0.111291300305151,-1.4084790265666,-0.460732346569894,0.449035324014825,-2.54433932935555,0.494074788650752,0.0480589292126184,1.17234449331072
-2.90124533326244,-0.541220852336851,4.61258467471237,0.11745552854916,0.100345529176337,1.44898788897536,0.892748633156753,-0.730493677318865,-4.12596514150354,0.89253768294076,-1.59904658376438,-1.75317731356634
1.31879348115113,-1.62477240637479,9.8208517596598,-1.15480288536572,-1.12430564876857,-3.35204128404185,-0.377863208307435,0.344982457173909,-3.87326937539179,-0.110687307023315,1.07750361620198,-1.9085677729008
1.43722949677756,1.43061772926129,2.27355545620106,0.0368415941881589,-0.0157933804301456,1.21743157556439,0.316999906610052,0.154283766294715,-2.644261578265,0.826419320070969,-1.72104054946581,0.23430113134474
0.786001762476377,-0.693211582536155,-6.85482326090399,-0.592100397822387,-0.0447370843733377,1.76118704367894,-0.080111688264097,0.426435009815973,0.763447638094612,-0.189755693947569,0.811359569403462,3.8486036778245
-0.0643275562803213,-1.31845612529864,6.74986469790321,-0.449219581714503,0.258865328001117,-2.3489522473243,0.16942245671578,1.12357252879592,-3.35538857710476,0.0384749859001843,-0.16122027793041,0.36153166824357
1.49774784012247,3.00514313932476,-5.07980165144926,-0.00597574941218437,-0.169195718064686,1.44914611978688,-0.37180650705965,0.0316007550446087,2.58289193665087,1.71341531374243,-1.28253193139409,1.57055756515376
-0.545810379878707,2.29679711435898,-2.59081423228616,-1.05837214595503,1.27856202503712,-0.703136103463794,0.101242170134171,-0.386280536052847,0.492392744786015,-0.0179190572217602,0.462923634827878,0.565444156539055
-0.0105127906269463,2.38603856410641,8.02439490828917,0.0245532372964375,-1.31384503554275,-2.17172829195216,0.10443804272077,-0.0210070118694595,-0.782525198935247,-0.174411711752662,0.0814581371520732,-3.40107683447295
-1.58353699390328,0.795199539808368,3.25962527602162,0.728519022533208,-0.874521977699157,-1.1816547650736,-0.423139001597612,-0.0745882552111885,-1.44878462281713,-0.608464167770453,-0.728064272284864,0.405385616461792
-1.78031398359022,0.247519486959783,-2.38856007532482,-0.0336304553398779,0.478925815192305,-0.591562532610138,0.104681343219502,-0.0452477876677383,3.22623783325406,-0.827678394233512,-2.00785494867573,2.5295241452454
0.589304984996129,-2.29062099864969,-9.34590909840137,-0.0357640387132274,-0.186792710074623,2.65344245505027,0.386892214494868,-0.00039544409066944,0.380747028943272,0.293977549041411,0.0789632581893772,2.94365594078362
-1.27935254949976,-0.0141288936020696,1.7670767616744,-0.0460529724307092,0.23785799686306,-0.898976257757153,0.0989777069650812,0.515442821539819,1.02568854747593,0.205562934207035,-0.417113965440204,-1.04516804752384
-0.275052834421583,-1.1478946564654,-1.23191956748101,0.863244610248344,-0.453786524558025,0.0252705202637909,0.0775817272459634,0.32900743153458,-1.36647022647238,-0.584880607317114,-0.0350365279952084,-1.09647337961063
3.69526645919024,-2.04747128897553,-19.1291842319951,0.15699720988659,-0.0286650266705373,1.56797579836567,-0.355694088631772,-0.760300871443616,3.70035372845135,1.06596177337188,1.8947927215851,1.9792823919848
-0.0741343401759895,0.853497173390561,-4.34918714902181,0.447021466432861,0.222369002780764,2.94042145044762,0.32972648315553,0.423317072857746,-0.898352117184276,-0.577391647782504,0.363455929224825,1.34742861257051
-1.67424523643128,0.100331324904285,6.0235609870668,0.433694975176986,-1.4365283492392,-1.40974191409729,-0.276221357606583,-0.036905010410221,-2.06530166406614,3.14774304139782,0.106131715171851,-2.35807623462714
-2.20906433835131,-0.958868410089858,-5.29875864887901,0.141053604496692,0.145138880686205,1.25869856604506,-0.368318362132007,0.294504843438112,2.3780816398095,1.72541839787472,0.71953544899815,0.253164590576071
0.137542021124623,0.0489886944712882,5.51004821966604,0.876085109466031,-1.30119158670657,-3.68471119847442,0.0439582985241556,0.405383294407262,-0.060786959230235,0.320056419458943,0.192384165307369,-3.47624779984704
-0.816184983474463,-2.09278615112986,4.40214844819559,0.0214535237355411,0.10217045614575,0.187771860058326,1.77249497005708,0.318795415254003,-2.91543354410175,-2.38886791933799,1.67631147040637,-2.13668039091461
0.0548857775522636,0.439870416719062,-8.90936611059207,0.116668294381971,-0.0516640310447932,3.73587460452332,-0.5774330529821,-0.30119628042178,2.56986097347848,0.29146733979871,0.0411389444682159,2.43659819435681
-0.0731780902330108,0.740761556042667,3.60476178007679,0.0418302091252389,0.143779025821614,-1.59392876650489,-0.700642137818415,0.116241536833559,-0.398167312182793,1.4105803254489,-1.77095960140355,-0.931699074058491
2.92821220361217,0.479761553995706,3.0611201872554,-1.17059196370575,-0.706418080943273,-0.437770379293653,-0.189916456476707,0.129319091619356,-2.83476687895858,-0.698564734083942,0.484068376318341,-0.602224530485851
-1.4701527931287,1.67427572446112,3.62652672607299,0.400968940462581,-0.38459539807765,-3.2975184231401,0.103122442916014,0.104740870760138,-2.14755183099455,0.297877526715325,0.344987449641429,1.1935369889706
-0.983066882184864,0.100602147517337,-6.54651203192745,-0.376015567768509,0.109690010242678,0.909319289000797,-0.440573594808361,-0.0994136074878205,0.967086289744297,-0.117383192214973,0.840964784767108,3.17930391462043
-0.324950638321849,-0.966024537553361,-1.7271198082874,0.416638775062066,-0.241499362633424,0.256205997698609,0.113293772672343,0.0476637481498218,2.93330577954567,-0.514438719909653,0.952567557648238,-0.460210288077151
0.711329513593818,-0.110898563110081,-1.19524258035249,0.234741102178005,-0.113200548044405,2.1856783018925,-0.0249045736056082,-0.0520539833226208,3.48718572352598,-0.791230464252039,0.729473263787894,-0.543213657770789
3.83961034758345,-2.61500398197743,1.88484205385628,-1.68669964687842,-0.616470901919972,-4.33987129675073,0.418463529644735,0.338458599198157,1.58759820002533,-0.349113787503905,-0.204916824386499,-0.216576526374403
-1.58305684569395,1.54337006419347,5.50846531578069,0.877095944060828,0.446678140376157,-3.31072282378887,0.197850846989952,0.155489372226477,-0.260613970616882,0.530788843239708,-0.806133988631151,-1.23770199893812
-1.52201078818696,2.3147448749479,-8.19864074500311,-0.337362829097903,0.282960082084432,0.933313154963481,0.41544809111041,0.13416423696872,3.13208290920669,-1.56789745205257,0.7513689672111,2.44913604422495
-0.62858087532237,1.01657079579291,1.08250244593156,-0.328873984646298,-0.260221629632327,0.894097738737417,-0.182565770955485,0.181281713517718,-1.58100292316596,0.737496759016873,-0.149812694465061,-1.24112394772492
3.38834551975597,-3.5038151690635,-4.21136125250709,-1.30219532153287,-0.477273083295459,3.92579566397925,-0.0295100868667554,-0.128510656674188,0.688618619945568,-1.20903044834113,2.38151487286111,2.38249796248839
1.35670872367133,0.621276835418666,-5.6985881805149,-0.530980490093603,-0.595056616425462,1.32639580002767,-0.129213560650934,0.151902590089682,0.0645274967531933,0.518305185559922,-0.189447619659688,3.42837709405626
-2.95362963237512,2.4695486382426,4.80348530489059,0.447410973684747,-1.00127107343989,-2.30743066639384,-0.381930815366298,-0.789721240903788,-0.82149454818742,0.963992390782125,0.685749120820302,-2.3013243111536
0.343231205135078,-2.76733929056148,-5.91836419750521,-0.778739801843147,0.103866157830074,3.16729471510135,-0.0466186756634946,0.373141809290529,1.15346388430877,0.0438643819966633,0.807603529490451,1.87809025672769
-0.0892831614135249,-2.73318793325471,-8.1011884695367,0.683091567411948,1.91646644677595,3.00377909558589,0.307199780878315,0.0371138432598169,0.603162858137582,-0.650979457889677,0.601436000070378,1.98270325763356
-2.2644927751378,3.59285377569633,-3.88425566819922,-0.459070112501886,-0.395699470487281,2.55957272652907,0.498171568440621,-0.213673802189435,2.07557235230025,-0.0616994825884031,-0.310360655364944,1.38311266879025
0.887417193596278,-0.590729168058407,6.64873670404502,-1.25955965931954,1.206235911747,-3.57849810225232,-0.10655274880988,0.0254579056013611,-1.00518120163598,0.984646420339485,-0.432421302307121,-1.41298282445888
0.179881873754832,3.0983232932499,3.47912334994876,-0.317273210196373,-0.388221322347876,-1.44401688044665,-0.67932518188591,-0.17626211301674,-0.281396707471908,1.60511032571089,-1.79104557433835,-2.01650936809183
0.458702118777529,-1.53630881189703,6.7922870909428,0.453247821697047,0.13676343606341,-3.21486442514445,-0.141332044917019,0.514664349678115,0.81688394497595,-0.788747418085202,0.0784970156091995,-3.86191276893506
-1.21783237417025,3.63968499702751,-7.36980897579976,1.30525731804362,-1.39085054380201,4.04593532870367,0.262459544811842,0.00972281492900093,-0.738245631304644,-0.948707525300908,-1.35471826110061,4.02829847866635
4.87039007840055,0.664077303171284,-3.87985362455447,-0.32574157557369,-0.266662185455625,0.792744920785194,-0.905000185002035,0.498732261628291,2.22901138467329,-0.0658117785540159,-0.209083260704358,1.72171067120461
-5.44000228027031,-0.206592522230789,2.10647592156045,0.360543269839676,-0.172674588351138,0.235516354400863,0.628573525321812,-0.67501937989261,1.6755870351897,0.0793136865224566,0.459903540384626,-1.70931004243125
1.5327025629683,-1.68565415371457,7.45526460995109,-0.368558769300971,0.072667607274476,-1.39217811701624,0.208355412850429,1.56672274456305,-2.46410607682453,-0.0753030781988589,-0.255739685582286,-3.64235689857384
3.41472703366431,1.24227281102017,5.12739416172007,-2.07826399218185,-0.759747664826852,-2.38628168915465,-0.458363993123221,-0.104091343847958,1.68365041700647,0.421899317228774,0.123099233011189,-3.33647509096656
0.330443987353387,-0.684636823220884,-2.29743901571936,0.00481406399664369,-0.0136698988350696,-2.68052077431531,-0.179956020714287,-0.0809729498028413,4.260564909936,-0.209969686615381,0.536397656185252,0.65695250618105
1.41964561988067,-3.32601353047709,-3.2406804252785,-1.28419099800043,-0.484850753880747,1.77159207739996,0.242520687906216,1.99245032579168,1.47749199422705,-0.161389180023018,-0.0263331494124888,1.02950546305736
-0.711373089046345,-0.404027023961973,-1.81598722029627,0.0559628729962773,-0.190388501312201,-0.211315709414508,0.0606585018802024,-0.317484080263162,3.1691888357877,0.109680213819463,-0.693984300989794,0.617223905022281
1.44095774987823,0.0471375181188551,-1.78923215062723,0.856568657361868,0.212829552436754,2.05694329565846,0.0369055828967927,-0.349284831758029,1.61405828887071,-0.198479930751461,-0.123240654016421,-0.4823831156871
1.54968654272653,2.73384397384516,-2.8309988010368,-0.273109297513653,-0.32678201082376,-0.701961441066853,-0.42432295112558,-0.0690245576229191,2.3823141728423,0.45980122087018,-0.442750223642793,0.864940157058894
-1.15310859889891,-0.759808948094007,1.22121069200886,-0.18502978016895,0.451645843092578,2.18335048772817,0.394094083640243,0.294905332319317,-2.45542607979803,1.82470476573315,0.35686742687113,-0.0538868957159404
-3.08208561695761,0.717776465390839,-6.74599856140744,0.0413483207449852,-0.419537248575467,1.62331462568195,0.341164195853091,0.188408186956273,3.85220123780406,1.03622972678811,-0.639571251352145,1.17341739495987
-2.3201761193941,-4.63591308866621,-6.16107048044471,-0.130536440976885,-0.227617247129046,1.29514657127953,-0.0551558072698485,0.500234130919297,3.12723250806992,-0.366652248797124,-1.14625336571364,2.15492932302463
-1.22884241707339,1.29504934597537,-5.14650822856841,-0.468537191005859,-0.193256950592611,0.0578694479805611,0.0570878762631196,-0.829192523403855,3.64186300510574,1.56086834053183,-0.529512023105205,1.46386379240736
0.210674441235043,-0.553875038761653,-1.54221681241339,0.182474339981641,-0.388971364345069,0.257254002036668,-0.207916192015763,0.291895642175558,3.41806263618077,-1.40045723621461,2.09514649315371,0.321942011858702
1.10949613798176,0.0552464846593652,-5.87152037753577,-0.0314521177438503,0.0310530477450524,-0.292936442398102,-0.286875547682248,0.189300999629732,3.83354957423677,0.0797426437630297,0.144550828068423,2.92188914703466
-2.20372814759894,-0.0763593995463751,-8.38573646576781,0.0908026634301399,0.278961778511946,1.72885203305968,1.31131070769055,0.202028353031965,1.51191363376016,-0.174849336119627,-0.0623984196735719,0.475856628185034
-1.3993447744224,-0.939311389338628,-2.94580607886328,0.00695434461726526,-0.524864179809011,-0.665368916198108,0.268362298694505,-1.78823098788941,1.98232398540884,-0.251362529633734,2.9029619805114,2.27983268776987
1.09920895118108,-3.47765132898559,6.6998848068172,-0.0740323858224229,-0.759938173640789,-3.16921903060651,-0.236658883190294,-0.374261773880224,0.637157485389222,-0.696021932465388,1.42096893899921,-4.36874323235674
0.86671054947909,-4.24443722701425,1.72619437641755,-0.297009705698835,1.68433784956332,-2.39286978844651,-0.0504230762400203,0.0555810833582174,-0.981786541614919,0.647441167236793,0.779069650874935,1.42195313466874
2.42500039142003,-0.260593395045455,6.43434538132559,0.155138920733266,-0.289633723124524,-1.92486586610725,0.190970898877387,0.182409102259818,2.40677158188715,-0.635819815306758,-0.0472247482912696,-2.82194282570923
-1.14838371104398,-2.30971755184407,-1.48853354442313,-0.0797442448133749,-1.41005111292105,1.68107923396673,0.0113839008232565,0.244508321058617,-2.22705995870775,-1.55263946140957,1.39972760404966,1.5901571654085
-2.51012534347608,-0.259639141539723,2.45391877422372,-0.433452431272514,-0.111786990770993,-2.1545739364081,0.373156759401177,-0.0213031896378211,1.05468647857151,-0.511628395977927,0.322665311136366,-0.483519066107297
-4.21761815323457,0.0357394836418226,9.65806717174713,-0.260228076489496,0.103775988312251,-1.38643059134511,-0.0945399495371146,-0.128699838476487,-2.83993322624144,3.18458393220079,-0.0188283958713112,-2.86821550200606
2.05681932813129,-0.399045313145955,-7.06103177573669,-0.304886303195312,-0.334490192270476,2.577564442646,-0.266600633399291,-0.203301489888157,1.32029187676953,0.65181087722342,0.622425900223887,1.59165844740424
-1.0379214529775,-0.0129525176486402,-4.2367800813495,-0.119366448583536,0.165732512264554,3.1981348726402,-0.301977627950051,-0.381754518344985,-1.42736239207115,2.07705735683293,0.295810518804105,3.04215825400113
-1.85489069853236,-0.247242764426431,1.79586611854471,1.65974811990759,0.559982687855276,0.0970311106107792,-0.294224833142013,-0.215641882831064,0.028225874239607,0.226464513544616,0.156409332871962,-2.71078143270723
2.57605470205553,3.17825225797466,-4.79946339335994,-0.0812650377237403,-0.359289431658658,0.00480977474264721,-0.0740140417306346,0.42320101388522,1.78631207661953,0.0298505154008823,-1.96463239325158,4.35248367731394
0.759612417681096,0.960114024977158,-5.57916728777788,0.785761569605588,1.14914521337982,3.18028862488227,-0.268382952011874,-0.0449351581713785,-0.580873051421933,-0.739770705835159,-1.77885651041614,2.79918038798113
2.44625015304421,0.325386355271454,1.46962474453489,-0.0367356406407383,0.22439034071811,-0.0530046955001475,-1.12863870669782,-0.109008666221199,0.527240459613853,-0.351006499091419,0.640755024133619,-2.107024562578
-0.606050998904386,0.981742493392707,4.24948387297277,0.250789588668268,-0.679718952519306,-3.70197071838928,0.365944287235388,-0.240874925578192,0.793642973578522,-0.185461758304748,0.0255278515432123,-1.55854943345503
0.156993728161373,1.03551432092889,-3.89360913014733,0.0409401373823244,-0.124813581418436,2.28475634507762,0.110994609009546,0.771587528681113,1.04565664392113,-0.448689050626552,-0.467038667129557,0.338773571469188
-4.92137119879178,2.41268535977212,-5.79491295243151,0.0708800837577135,0.0852685958628603,1.54424028201464,-0.152364198510878,0.919320508841677,2.7441136046537,-0.352229136892852,0.3491741912107,4.21306620203336
1.19005398607379,-1.85008376824106,-1.80489657182227,-0.243705120432102,1.15000779975141,-0.618535388809128,-0.266427981176533,0.125866866643913,0.0496145137821705,-0.0944597698071685,-0.415099409795716,0.988515301900805
-0.622650713509449,3.57020919663537,5.00180409349016,0.176392017701069,-1.27661251670604,-3.37766845067195,-0.139130430430813,-2.53650890605943,-3.52333207612188,0.0591621006146264,-0.134803402484168,0.655767562158029
0.406337810354413,0.210028770892833,0.906468709312764,-0.184405400613817,-0.465947463227468,-1.23905210675758,-0.042010963442563,0.274515749377289,-0.290531204683598,-2.06597638637117,0.871962877141288,-1.7380318616672
-0.66469811737881,-1.44767023343005,5.73855830020896,-0.00872650733744077,0.67979043259694,-2.04175315830267,-0.120853284606869,-0.00565896439770798,-1.20419015967169,-0.762339002173935,-0.0840817665284103,-1.72737104310617
-1.13454617474025,-0.0582738129885872,-3.22361371456606,0.0955246811775199,0.221517021696998,1.5031197393608,0.0126443080780594,0.00203959931210662,-1.94131319749735,0.0655146962631721,0.67191436194796,3.36544847047624
0.563063675842073,4.1863509921216,5.58037756647072,0.122044736493297,0.250823162084478,-2.49718310490146,0.281018424040194,-0.0207005967579592,-4.08998264320031,-0.542592537118794,-1.61353380563797,0.0159994183957061
0.770374838554126,0.691381545041452,-0.695689367707244,0.0319765650099186,0.0533958738531471,-0.588535308074112,-0.184153490748123,0.0138411415965086,2.63934352118169,1.5350828509806,0.38632705933893,-0.787574693980805
-0.10446278026887,-3.21892122477635,9.04762392888289,0.39538684278251,0.436209009212965,-3.58628017082896,0.708956233046609,-0.113595603035134,-1.99552328202419,0.0954653163576563,0.741922505363592,0.0266015648542004
-0.14077715508587,-0.832913437817588,-0.0188684461934464,-0.0920601351969498,0.186199962999525,1.61650869393201,0.308180698008906,-0.629209813948814,0.434966788110859,1.14363172060569,1.47932470560657,-1.67904636322247
0.159388627049474,1.16784562061738,7.02507431078309,0.00540875547346711,-0.0742208958849324,0.634096734887901,0.820719750960307,0.229365532538426,-3.91404075440715,1.03145754373997,-1.99466431298778,-2.41412027979111
-1.06907180856636,0.11968621480078,-6.03820603789629,-0.0842203021777567,-0.195739755390504,0.295209623745572,-0.57046447963065,1.89153614602559,2.32000362925653,1.61619782360127,0.309047740513155,1.89450443690702
-1.47746432728349,0.783738175050609,5.42972789169714,0.44347888907887,-0.147632744411907,-1.5287578267208,0.59519791201266,-0.0416385964824239,-3.05465841347208,-0.0224666426281706,0.783773120553606,-2.11859210366529
-0.833157557894268,-2.45632436124821,-4.02829155021924,-0.65928806779857,0.254749173874695,1.97488055624695,-0.433866129585474,0.163485679222738,-1.61850185144771,0.257212602843481,2.5904380822796,2.96975011527449
1.80715491588155,-1.43424261252223,5.05293679037197,0.175855898851916,0.594004797596536,-1.66232443907625,-0.291242985751884,-0.22468247064079,0.280792431424884,-0.339099825035287,-0.184582464685561,-3.1359204121552
1.65010218271101,0.158689151525159,-9.34734642965352,0.465055899049945,0.353471713129137,2.92539418327861,-0.28162661169015,-0.409109653293823,2.81088225983335,-1.15980890636613,-1.37716561862789,2.7713003368537
0.602091251624478,-0.629394178197012,-8.39319819244381,0.0853874298245064,-0.951424579002321,4.77081949756076,0.308974249909134,0.56398264713166,2.93739359041611,-0.660744587602122,0.0243049598857082,1.1760500465016
-1.42141927342712,-0.883305618724941,6.75426252128774,-0.056287986192007,0.269805294229782,-1.92674912262271,0.00575084301876711,-0.452680098031606,0.117920429228261,-0.911820642792542,-0.229243781098669,-4.8873630752491
-1.66243424445512,-0.011213747091858,4.88966746474383,-0.774857873593447,0.244635576134965,-3.52702005280057,0.224626068647282,0.17613310325438,1.67303901831026,0.0759161695425277,-0.0256980052422611,-2.73038397491833
3.39047284879884,0.525224672744641,3.16265236934819,-1.13146465410288,0.163029707351044,-1.48420790047644,-0.392879123344328,-0.419344040868255,-1.02680618437386,-0.281454322761289,-0.478459594196253,0.295088590058426
-2.23935708388115,2.02107943510181,-0.562928329473933,0.967143297238363,-1.31742243307409,-0.204591590176314,1.06396971268363,0.850490910903988,-1.07629014693507,0.247530994491795,-0.486519352009679,0.67897168007017
0.35574034999294,-1.10674395792026,7.21916909710946,0.147411323083879,0.0439871313553349,-3.04808874348122,-0.102386395158291,0.00134198665915178,-2.59161614183365,0.152179976736767,-0.204160454780606,-3.52330162288594
-0.945679847920221,-0.304342279971691,-3.79158001722939,0.127181068315637,0.525322687795451,2.01922760084002,-1.60509974977768,-0.509649573970543,-1.50707121474019,0.60368478665901,0.119410641920391,4.22818665248717
-2.80829703392235,-0.0245209288858044,2.23281723001835,0.0940121534342335,-1.22299283856267,-0.37754620138688,0.348646985233847,-0.820005328991454,0.0759512584868199,0.781202004175717,0.0974746209620498,-1.63815631979108
-1.74788522822732,-0.280729536119233,-2.28038344232916,0.00522798016713594,-0.00422351980367904,0.218081161499239,0.316216358041112,-1.05932836937965,0.570512386017785,-0.230504573301321,-0.119007410955401,2.84036927402912
-0.578636656120466,1.53172390911914,-3.58451728489975,-0.140957633269888,-0.152240874554035,-1.9064249616908,-0.682709060212312,0.0703485111653397,1.7239776854949,-1.24968383961099,-0.944850030187463,3.26970868137221
3.37938050190929,1.2223784980932,-5.87241036708738,-0.109359605360747,-0.0147945152118484,2.30647008197522,-0.00696839101916466,-0.370845441534935,0.902969401635566,-0.0303152701795162,-0.0139096997560349,0.173144188228692
1.97682450233479,-1.60511993061475,0.684482211196982,-0.46903097394889,0.451138123503233,-0.840404894620942,0.618777805849493,0.960523347084924,-1.8222909490877,-0.108845058969843,0.0650644511297519,1.66983679747102
-0.447113356248627,-1.84497139940147,5.66360481293221,0.0141782457863878,-0.0243640997387885,-1.16155557202124,0.210175873377652,0.183488916033681,-0.545107317302767,0.25297904403968,-0.447081190512463,-3.31580923602594
-2.43490780553248,-0.942504719432174,-8.21284799743466,0.0479235632285091,0.222004024190106,1.04354464726126,-0.471055508624051,0.017052522153423,3.58878074345327,2.11184060559399,-0.0496073438732025,3.68396429458105
2.78079479928454,-0.200866048437596,-7.13546136507657,-1.06110163364403,-0.0801253248671889,1.56986357954866,-0.225672424745182,-0.116497272687524,2.84239928534589,1.67705291130941,0.388734503440604,-0.0386833361220894
-1.09417233687137,-0.980922184512213,2.01799209201669,0.102195960457713,0.0436290343025748,0.618836183741873,0.508735410095655,1.40860116065803,0.460895855233897,-0.0726556756619185,0.293523840850425,-2.20720045580638
-1.71274257436736,-2.89167834031412,-8.6388311213431,0.982828572011853,0.821221216281132,3.36737796404211,0.0778793029982004,0.0333817056905283,0.957670868770722,-0.699775308813781,1.48125017377271,3.3754392760152
-0.899868987914881,2.52867955715239,-4.0046641985127,-0.257068393541651,0.105389549932975,0.0156200236768724,0.532757228112,0.050078552324401,2.63001956912827,0.0548786183408893,0.261042962546378,2.15802686472063
-0.526966017915908,-1.43990966802255,-4.5276085864734,0.210908970499009,0.0493905726996936,-1.89221664969217,-0.363880654117621,0.758421979942203,4.05756588896577,-0.78273077977438,-0.349123941609908,2.08135766473853
1.88282719759007,0.500380361582377,-2.10223136247839,-0.00432975102150662,0.305992167833704,-1.51914122369158,-1.94039173353628,-1.02310706777662,2.38062039226114,-0.211151788610745,-0.12168103348966,1.61239276370876
-0.617337974294866,2.51550318373236,1.93820986873378,-0.0638283937301322,-0.175372751826202,1.44372935789869,0.00255123053804747,0.0453208210425609,-2.20641654587988,-0.223575408054093,-3.42611587020804,-2.05917745788107
-0.535273223578275,-1.22912050659044,-5.47165272072567,-0.0507926993321051,1.32089001265969,0.48179242758313,0.27041445913863,-0.414459539481891,1.40513691045419,0.0839691959188622,-0.0719649916951853,2.78724352974764
0.221240114622109,-1.56663131330527,6.81887768193905,0.139924258718307,0.219245406350603,-2.78315201427726,-0.232534958849043,0.71389645640944,-0.143503213099612,-0.502943917719176,0.545393818653847,-2.59134627454676
1.27567414771632,4.92138322309058,0.819615919691649,1.00739850331946,-1.70305182626701,-3.27874700565807,-0.334284543044774,-0.261672099801984,0.887105953313931,-0.0884722891207793,0.0267157174047517,-2.67623265999645
2.30236590729243,1.40942440599142,-6.57537596527328,-0.287774000397584,-0.184558452508532,0.329803700569111,-1.15561841936602,-1.97771413614358,1.43711864924384,-0.0433809904347554,0.222238689539237,3.15829616641168
-0.642730219534526,-1.31716014532841,1.36795270739287,-0.076524499316237,-0.0115044889966203,-3.55913322610806,-0.0787971790600927,0.030679934471531,3.63909607324031,1.40065866707634,1.05233368257883,2.02406500449761
1.64137293624173,0.0642221577328971,7.59414891025286,0.501141847661335,0.0502648369241772,-4.35496024184089,-0.197355588429544,-0.0972861515886451,-0.890673047782467,-1.35077426676214,0.337575251916549,-1.89820202283179
-3.00777524814763,-1.4770168872822,-1.49450609260368,0.0819112480194316,0.361629758181404,-3.47376543782361,0.107215220312889,1.49454257777049,2.24777288660562,0.54833128066617,-0.394075207017281,3.0337314300296
2.13352116468151,-3.65294003502914,5.67585431772717,0.335549149655199,-0.156538736791635,-1.12008065356451,-0.491115358330255,0.370075318088461,-2.06410156870359,1.30304096410295,1.35743131605674,-1.33207691990724
1.11538973873479,3.47136721036087,8.55744803470267,-0.408252482549054,-0.137469899683648,-2.52994602044252,-0.110210019254728,-0.157958748829619,-3.82990902382049,-0.269589964568063,-1.29593678746674,-2.2646062710714
-0.536584601182476,-0.273770238851166,3.13859760970772,-0.200935680741269,-0.146334126303188,1.08328652980602,0.0489828105681908,0.112106984267383,-1.96755034888985,0.550604572260807,1.58070245307587,-1.77799116607735
1.29811178406787,1.62164160723044,-0.588106191697857,0.527652028533597,0.574907643297795,3.43988659561178,-0.0329998568052558,-0.166417000058607,-2.053953102691,-1.40827578700084,-1.37180203156238,-1.62857848546223
-1.8010169454916,-2.37048672006168,-1.65670282914761,-0.0204470569027497,0.20490225251864,-1.90300674897842,0.769882096227415,-0.615171421808858,4.20294832989181,0.775217232195932,0.705991157686338,2.57352845962566
0.940149605820907,0.199666460862872,-9.28420687486643,0.337042860843934,-0.0750769818993085,-0.337860776752945,0.17241172074978,0.139436356618162,4.16726333260911,-0.817255021538996,0.287111105253397,1.6361707935289
-2.49429406480563,-2.72114733705401,8.4676757797112,-0.638392221194296,0.331114335241547,-3.14186566122972,0.967023762297141,1.24945581413489,-3.03118296093276,1.22889048292369,-0.250324972123253,-3.2571246605331
2.32732337213583,-0.438418714856978,-8.47701062539669,1.32317999617307,0.133656598431587,3.29161967012719,0.00793444744880689,-0.0295655289398095,2.21338091074861,-0.613069527950907,-0.513509416270467,3.10334371524094
0.131800608229243,-0.192105826728445,3.67251750018768,-0.0559298618708119,-0.210453447985321,0.433868408275149,0.141347845062629,-0.714865441511466,0.19830962595804,-1.24597294281851,0.275219285626456,0.39746184348286
0.200462768472677,-0.473645948182373,-2.77564055853574,-0.576921938949179,-0.149695175655874,1.2509666601252,-0.884266516360354,0.792488141353027,3.38838419681647,-0.0203977940726387,-0.127148258204003,-0.834684504060039
0.00426203801234148,-1.79544314769193,-1.47707749466635,-0.390944457749246,0.214778016332552,0.184774679484447,-0.281228765328771,0.714814284125637,-0.858439792648921,-0.474169347010181,0.565806265893953,1.79158599808139
-0.909762530065504,1.01754472299114,1.62045460650288,-0.17317799277357,-0.467587791834453,-0.865419054399392,0.571837182803279,0.200668150057743,0.821256247553336,0.149901698355771,-0.335493141466378,-1.647114376272
1.13321602059407,0.444373544724588,-3.42160594956529,-0.912705121394904,1.79539808315198,-3.39365603983276,-0.256152524619082,-0.565762824585682,1.27914088082137,-0.341116057487008,0.256307985958508,3.40193451849074
0.165907447917045,-1.27974699270483,11.1679108913577,-0.318656755879762,1.33724374609609,-3.82994225056949,-0.351819152092093,0.0558058789705927,-3.74843228097097,-0.696333273247353,-0.710569132820098,-2.68444260675173
-0.0775622616309131,2.24602020155333,3.60581474808534,0.207860506254159,-0.541058086290468,-2.75271075461814,0.150953680834537,-0.407992776713444,-4.10782624208422,0.202366460858425,0.282904094991962,1.78359041213962
1.59658740363234,1.13512783909893,3.93177880240705,-0.330213864092232,-0.119146716463794,-2.47263042434068,1.76178466480271,-0.0303906718961146,2.57088308741942,0.73697920842394,-0.0181500442321323,-0.449555764649537
3.10042053319424,-3.44700185207185,4.73670484718935,-1.83082943916582,1.45977110233591,0.66820973748887,-0.796612685320677,0.929386552060749,-1.16561037974873,0.0422189092051302,0.252223439612781,-2.24056705643776
0.890792596553962,-1.11279965441675,-4.90516591422871,0.733445401527057,-1.41537695805092,2.29216285548546,-0.252843987850407,0.447203534600109,0.0621541288231479,-0.578929113837666,2.28300503901095,1.73469022623994
-2.28491224996979,-1.25042057568505,5.99563614934295,0.590929815651114,0.253977362629783,-1.42826778564233,-0.106228172613667,0.389533941841288,-3.72515592918452,-0.215941970891006,-0.248270501631797,0.276301403799897
0.0183411179017587,2.74111721576608,2.17116422051263,0.429016432518915,-1.14149731511493,0.128598878743831,0.0493524371990459,0.384664038243073,-0.684147900247453,-0.00186376660058892,-0.128001054326699,-1.08190588608205
0.999304526404421,1.04174953045267,-1.67408347087072,-0.073413250340981,0.0146771172235144,-1.45902244950632,0.793524925152463,-0.977823676095265,3.13464141584315,-0.498545072550686,-0.43999487894112,1.82826091561024
-0.371991008803564,-1.90933941896522,-10.8655601041108,0.226467856873836,0.0470935367451163,1.88339401345576,0.727912044158795,-0.00851364399452849,3.69062099364201,-1.06422957327896,1.59664438458711,2.62437249574824
-2.08575326099004,-0.879304660151985,-9.4209090485693,-0.104307959074695,-0.205459122865502,3.14571362798044,0.506357267366413,-0.148382413380084,2.39526224293586,-0.0347995359310466,0.0563974747772163,1.9179773353359
2.60349384094956,-5.61149300992994,4.30339355018011,-0.0402845021878701,-0.0566231778163224,-1.93721205018554,0.398738991810639,-0.0274837578095023,0.0417776801456546,-0.669016414867988,-0.0608358958183721,-1.74217116103629
2.46589945218953,-1.4435435296594,-0.229271960630665,-0.405826254189454,-0.392319353475961,2.86202489461945,-0.12085841913266,0.197913760130826,0.483135605883678,-0.669046850666294,1.78995032982841,0.0279432707698186
0.638273791819876,-1.07921176198613,-0.349106552044329,-0.499100524916959,-0.0423869510718382,-1.48773645009631,0.222822481252366,0.69297207879081,2.17482679583168,1.00532986876723,1.20956562765732,-0.190324384209598
-2.97220284992742,-1.60524458289777,7.62053033511236,0.411738649353353,-0.348592574606718,-1.52393785743419,0.62521396721838,-1.17683223395728,-3.3369100360127,0.126354981698854,0.293476455766346,-3.78028447953569
2.30249888071086,0.0453069035657291,-0.236758183320729,-0.203928118243508,0.181604277003166,1.77282418752608,-0.875053331576704,0.431131890865116,-0.918114635450659,0.440014261081766,0.351633208931818,-1.45037212729944
-0.772425963932201,-0.812143096697089,-0.262108673263356,-0.240303434571797,-0.394850743710594,-0.248206270362295,0.0280245272079774,0.237491555133139,2.0894127675882,-0.380084189536571,1.37736332279226,-0.581795433337505
-0.454844486834029,0.0694518133122253,-8.60760375222733,0.538038824117257,0.0016254220986238,3.26736321273894,-0.792691691297423,0.765059285321613,3.32561214406443,0.127593266192422,-0.312609631366446,2.65749442207941
1.72249845418013,-0.412563484809736,-3.8885973251663,0.224403881717568,0.140904379751494,-1.9152874138771,-1.20615322763501,0.463592495968774,3.7812298502916,0.519911905740847,-0.233518185071713,2.31381841427459
0.508192641042759,1.44764352367912,6.83611799241764,-0.274112533974531,-0.143183469062521,0.929325004248157,-0.416920313008186,0.734788868384699,-4.14721664273456,-1.39871465814686,-1.36829759852906,-3.41326662808497
4.30060816845698,3.8402375211168,-8.27088844456623,-0.402830430186482,0.0863989507790111,1.67261829345175,0.223371845440626,0.668276307416491,2.45618890318013,-2.65124973431481,-1.76188636558587,3.92761683731431
0.276159779567451,0.551635249697898,-4.41234279060829,-0.278805615723499,0.174098394245536,1.98553520421318,0.492838250901171,-0.175306174941103,2.31632341797853,0.161708180993857,0.612850175440293,-0.311956233821551
-2.81050309653067,0.519048918080545,-5.31194035879552,0.191657896365948,0.139347334849776,3.57122391134194,-0.0224033058205951,-0.088828495356749,1.08982994234929,-0.639829759065706,0.506368258442103,0.682550621701281
-0.132723949385379,-0.70592660610104,5.30273501279261,0.0828171087145255,-0.229574196359339,-2.07856382369405,0.188636730797152,0.0101628043580475,1.2843230541996,-0.23745762635429,0.531573671826051,-2.67235130636304
-1.70991254942894,-2.6454021758386,-5.54307077608397,0.0855457189319381,0.286106618132357,1.12947326424576,-0.613049209031797,-0.33362804153201,0.709262713467792,1.11156627282543,0.339371591952527,2.73528219635546
-1.82761577006038,1.76638579961917,5.6193103290151,0.404030881227865,-0.896934756823193,-1.27061113181517,-0.0292746929153633,0.192818338524131,-3.48694464261363,-0.450088683262128,-0.414338974828181,-1.2913119833984
5.15931024845584,0.761134562634028,-3.77998032784536,0.14062992658961,0.316251749033962,-1.40342516404343,0.0903735594798829,0.134348302411595,2.81284600368836,-0.337445586963356,-0.757746247768629,4.20633841035752
0.578958667530811,6.9339745237758,5.05624245738293,0.212032343841791,-1.55862042701752,-3.54565096979779,-0.0261382511319532,-0.611846358907954,-1.28122454371389,-0.000621718973623532,-0.954985821423506,0.876883074459296
-0.739697041756174,-2.52854709874552,-2.82262349368454,0.430894136499525,-0.250354997599927,-0.697751982594076,-0.758017381441967,0.468993770949365,3.22957142596581,-0.0537864631098003,1.71062289756646,-0.23448129924124
2.58759435225932,-2.52314477143404,-3.02903317755471,-0.0844615511809246,0.479675908910041,1.00619373730862,-0.176490849871532,-0.0467892117478472,-0.031748391429024,-0.12953584484961,0.160322166747629,1.63441731242414
2.47712482815012,-2.88221187326699,2.37780245017926,-0.033351654273913,0.276821274668652,0.193433214975819,-0.487764024074627,-1.09496903635273,-1.01592201836178,0.0437630361632327,2.53975833282698,-2.64324791526323
-1.05290464432626,5.45698348136006,9.33963062615715,-0.657082924159252,0.0617526487782189,-1.52686792603737,-0.0470500656366432,-0.41626993209987,-1.13097466388849,0.859456139136681,-0.231881242383434,-4.34172303293491
-1.83381242662868,3.33135755579287,8.61889104232435,0.421695358346961,0.242558844576052,-1.80752869041028,-0.220331302506068,0.00112131626086261,-1.63650043546828,0.082973370748518,-1.94494891764927,-3.4596361510639
-2.14017841221093,1.83174417166771,4.86770714510785,0.241925751387412,-0.388479194561318,-4.17501979501082,0.0187316569719464,0.0182239807790644,-0.241445310181758,2.01577338486577,0.339818396909172,-2.17805422419832
-3.94803819417841,0.707589387126234,6.63350694004462,-0.0322111008628689,0.185458354742881,-1.05618202504297,1.32511203916078,-0.551342358390661,-3.2421150020755,0.826427733595416,1.32759241199971,-2.680518767194
-0.00553231673935302,2.29812395698886,-7.38598599952117,-0.19178925681591,0.109063493671178,3.07293498298958,-0.396642888292738,-1.08495179296299,3.10745130814059,0.622576426348734,-1.59977237281403,1.94359739134854
1.21019604768897,1.2055196749546,-1.2167528914447,-0.194296574106629,0.293700626201014,-0.912351951804884,-0.486271863499401,0.16840420944341,1.21264044695749,0.526599306123948,0.24767824185457,3.35962360459431
1.58360679559833,0.890795624325831,0.882984402751743,-0.112970964131495,-0.604886873455678,-1.07337151458658,0.147895733030645,-0.183721148804981,1.35929247894833,-0.673153649464965,-0.740294408063596,-2.57199331749894
0.205017232919017,0.447709615162258,-1.67439877267746,0.12817477222316,-1.5750240737905,-0.00585340957917014,0.15557887218196,0.523442991779122,1.21415084897882,-0.121850891006747,0.399136119045991,1.32385021697993
0.00217825559524587,1.19074878380012,-1.80116393735789,-0.0906572088745777,0.642954287702498,2.67085019911234,-0.0746178352963984,0.0497035017180757,-0.245117393959312,-0.436893083155405,-0.565344332504892,1.9450145942042
-0.225995651019331,-0.454428099020406,-5.66346979112492,-0.578318523542313,-0.221680429606955,2.29609051166813,-0.30945237319016,0.0656690917178876,-1.70865906463846,0.375435442600541,1.040328895903,4.77155348765291
-0.0142312248030322,-0.250462174173127,-7.47669737698939,-0.553626903886323,-1.54790112363136,1.12494821793051,0.0732060796908271,0.0242924583628121,-0.0508849311098312,0.0113329911013733,-0.160386432882568,3.25913948080167
-2.62813218877959,-2.48231111830623,-2.69587379565369,0.422171947213201,-0.0636468187684323,3.56009642518496,0.0104086098359538,-0.096906197591283,-3.25418223922066,-0.0406832013080277,1.7318429909562,2.94442467133331
-0.675036685437757,0.213325349764355,-3.73856442386076,-0.202336835702321,0.967428579623007,3.2791314845917,0.00050566358423948,0.00783752214333307,-0.0662826867440901,1.77918657763354,-0.873358381371556,1.35810301519743
2.64974666563233,-2.0052029788513,6.86648152519574,-0.278057316006915,0.230687341801446,-0.0630310627216842,0.498624642087581,0.261081314425208,-3.4056280044551,-0.925978743168451,-0.638577173391562,-2.4646006882617
-0.231542558237539,0.595837925461813,6.54812186950742,-0.317126009170158,0.393661568745044,-2.07109346835581,0.965391573232954,-0.363137549011401,-2.96616457872528,-1.3260111682127,-0.169221734433855,-3.36865017655638
-0.918051369256448,2.85713799721878,-3.84480361913867,0.139615434737625,-1.35834318833074,2.6564746002982,0.277170927903506,-0.329064194257468,0.120391044457968,0.0730001395725574,-0.0822644471629253,2.70281825106222
0.576460917240856,0.500807483175007,7.6052154785138,0.453934634140442,-0.585919627320307,-3.23710513988352,-0.188054730389166,0.0151033389125796,-1.56592563137081,-3.15096413868081,0.470410195305034,-3.50637877880914
-0.118711864843179,-1.34678824868287,9.45189419708991,-0.136676556885157,0.140567433216996,-0.625241549884807,-0.052409565018802,-0.161966149639911,-3.83510706906486,-0.226180982882224,0.554311880884493,-1.67234303450839
2.82562327374669,1.88808324546911,-6.24311898498793,-0.419493061325825,0.914197202927379,2.95183640445836,-0.143028264322963,0.0330757545804115,-0.648084654653272,-2.24499933942448,-0.550435449583511,0.362369391437153
-2.39984235830408,-1.30609476877815,3.27046002813468,-0.201801306296409,0.594361977695297,-1.17081328595377,-0.244281238484704,-0.0335506033990673,-0.240635343771764,0.138124002168318,-0.0449024672461977,-2.01780072364103
-4.20152187367788,2.30197592980665,-3.20070304479869,0.592117581400276,0.234658685377141,-2.07279699007905,0.202374233708115,-0.278125387471964,2.90569741902863,2.33925098374351,-1.41334851192859,3.60853410589393
-1.67427751306683,-0.846926193554161,0.173678614575953,-0.0461326825827259,0.0805552761090804,2.99168735058439,-0.122994352209204,-0.36368153995255,-4.14375844780716,0.479545136421729,0.833561460862985,-0.22988261855708
-2.29698109031359,1.49446567675053,1.41596105869303,1.40185395773654,-0.262700162018282,-1.46070276418538,0.835853805721553,-0.116691410233084,0.265952874914097,-0.388811963442343,-0.459511926167139,0.944639984160095
-4.25996719873621,4.30438209864587,3.67385094839636,-0.728528018101536,1.8561027421474,-1.07614622648385,0.00986395864485524,-0.0701361700406528,-1.0774021408015,0.393686034082229,0.0696634441160951,-1.45788387180878
-0.807027572511447,1.01527880219339,2.76699703803144,-0.30966708234554,-0.589431156370637,-1.44399435136103,0.0477573150258967,0.262713194448351,-0.710483237512241,0.109988934114485,-0.0480205875401937,1.53569302070363
-0.152364995905784,-0.513866952268139,-4.88977381021131,0.64944791112767,0.211640665935017,-0.135538563046507,-0.470657692803267,-0.272913126558034,3.02109786824099,-0.252590322646024,-0.030212237925776,3.99894169775932
3.08330333313792,1.53423363052419,-0.609775266484498,-0.840475133031571,-1.80459508051229,2.67391861177922,-0.0840530941862277,0.0749491205537742,-2.33524389925855,-1.4397732826303,1.02067204668422,1.49804442409078
2.18623044192633,-1.85672391209082,6.34269405338167,0.169610639225988,-0.0483451234585313,-0.252429792341466,-2.49099664906185,1.33067847428527,-3.13516986886925,0.201818062274045,-0.0120474241464356,-3.12994627674833
1.76064941668744,0.714820729593213,-0.823568265528252,-0.0925546145607885,0.0865908862588361,-2.73724060989687,-0.320384289262017,-1.34096690689454,-0.51456446019992,0.392179545909612,-0.559601155222792,0.88391044339544
3.38039336457705,-3.00852970796548,-3.56905408940161,0.351125283947975,-0.366194091691606,-0.102850877203775,-0.379893400418504,-0.137364782782188,3.78405613289411,-0.602069147470729,-0.667134221033057,2.14775314785484
-2.73974405892632,-1.02329946110538,-12.2994684099227,-0.0698029008932711,0.267136127882099,3.08854238035786,0.110073708658141,0.0102453282846238,2.02656923783486,1.28470292394739,1.14549532572386,5.73467026812807
-2.12008754730257,2.52774581475417,7.29688753982529,-0.469454515325108,0.144226097587988,-2.33170535323395,0.270270045637362,0.184058220002794,0.749793149000199,0.256360367162768,0.684812789963272,-2.80942234109291
2.26159126302704,1.44510034251876,-4.52219446663161,-0.954024059083631,0.0450544156026752,3.54025625237734,-0.25422616635529,-0.405716480475164,-2.13086050591171,0.659071411912996,-0.170845945208651,3.36091649355344
-0.950363809961994,-1.05974643927988,-6.1839856604859,-0.00214431757898836,0.249757893173213,-1.40801756029663,1.61844874053533,0.547532452211639,2.4698170444832,-0.983016303351684,0.584912122963643,3.27957232153837
3.77984508978027,-4.83068912908405,-6.89079989769431,0.311564023962549,-0.217385010712048,-0.924411069769427,-0.820392015174611,0.191555552565289,1.29466841296411,0.396288510064944,2.78342227286159,2.11736543615844
0.774840097607453,1.50182456305996,-3.16576705620498,-0.480211078579367,-0.102778868287687,-0.0686539559736426,0.0315359090204292,0.116425261822031,1.31528835675448,0.0805047194876382,-0.324739956920643,2.38007152606643
-0.783193874205078,0.781496260481239,-4.9005496472782,0.0283368633690522,-0.252888645319582,1.29168430752579,0.433279857875237,0.51077337520627,3.30714076676555,-0.332722392794373,0.0177096300716845,1.63684050450579
-1.62546445303048,-0.275272488518426,-1.73080425109525,0.429981918298671,-0.0904781282519347,0.95827420903907,0.215437419904093,-0.147047460051936,3.11255113431435,-0.327411929130537,-0.310232727356776,-1.47781971829087
0.508218976345985,-1.66471963466221,7.32164095791353,0.0872932689416622,-0.0213018901195443,-3.1084062287915,-1.59928110372383,0.873638751167723,-2.4779166220661,0.392899657145219,0.0980905394194787,-1.60176281181052
1.88676860710694,1.43788841441051,-8.371264748702,0.528733589273714,-0.0332449628413373,-1.23879305613521,0.00622684324440373,-0.156478909380812,3.30836439144741,-1.76821857585567,0.25135061445014,5.86225967826202
0.272529295702332,-1.03161315503968,2.65122386587154,0.0305717709439986,0.0657527656553156,0.410636303419552,-0.165957374150702,0.716593188830187,-1.47330714216341,0.400970065683502,-0.267606593962036,-1.32239196436457
0.14375082325867,-0.114505856861877,-3.11278511938524,-0.072409118570446,-0.0941758789402795,-0.887087459569852,0.0645187934163656,0.808489757073961,1.33403203126506,0.0685723799821013,-0.258031494036117,3.07968308072745
-1.82000900909286,3.05571046934101,-10.2308567484591,0.326209351286985,0.00524225888778415,2.8628892357295,0.323003202182797,0.241092076493976,4.3598748078455,-0.588973890803778,-1.73244195795006,2.84157330849471
-1.41299795650983,4.38790526427375,1.91518757225901,-0.0790245443620849,-0.0963743076108649,1.23549599774215,1.4719746475812,-0.977201095270972,-1.71988439176084,-0.238031180901093,-0.50871094603311,-2.5588784556422
0.0802621020282934,3.96549276489349,-0.621361021968661,-0.29610767514228,0.575957639681463,-0.168149228438858,0.211301636575069,-0.535356679237428,1.66534661767238,-1.87613127255685,-0.972402569600775,2.91120237636789
3.92040098479421,1.68797624522698,-4.54601632070284,0.357338218907835,0.164914316244403,-0.241003014325178,0.0133273356966429,0.230328618012688,3.0492993723514,-1.32125173181343,-0.143795782560069,1.34532596975413
-2.81251119371567,-4.01156207697942,-12.0851965160703,0.0364709178483999,-0.0161244735668954,2.69424652105972,0.0905566523453218,-0.415142747629974,3.69642596028745,1.48596535909801,1.45951012177398,4.7082535811059
-3.74019263434308,0.951677290566627,12.8476865932403,-0.0820408404630644,-0.811819086792236,-3.24053346152845,-0.142390086832791,0.0459649455652281,-2.50240108444306,0.526783690543,1.55461036868781,-4.47595910678012
-1.91435680037281,-1.01061592326755,-0.893975334339563,-0.672653474464644,-0.205049604444531,2.92320793694954,-0.258710936233948,0.0806364253276292,-1.99432537945385,-1.83003463934474,2.1013185819913,0.124169247288598
3.67480360081237,-1.20462428968921,-4.32351365053231,-0.366312672958385,0.0292508152392951,-0.0326239034610333,-0.230654839555527,-0.525049476535932,2.68645190578491,-2.45119574402481,0.457900395426359,0.434336320730649
3.25489759836798,1.5371937634079,-6.91681038753814,0.12593668365798,-0.443700228894045,3.28560641573152,0.165514626152856,0.00538122536493445,-2.01968310129668,-0.765515898819045,0.70955875362249,2.33434511679441
-2.82890833584093,-0.914957273998934,-2.49103571133081,2.28176056481553,-0.0188862844899857,2.97613094252228,-0.478888571459528,0.385384237671816,3.35128196572413,-0.439653962176839,-0.184376536682392,-2.53495615493585
0.974301230015426,0.142935518624656,3.19803639843127,0.271615148774249,0.475085748279633,1.03187022467939,-0.0560263539423193,0.44251638802823,-3.38521386644118,-0.298719658645444,-0.031108772375901,-1.88988484665284
-0.65603946292604,2.41366914649832,-6.06542275039185,-0.321294367884013,-0.27337460434877,2.20407759544615,0.618412985805167,0.169308747935078,1.26122535271836,-0.135515882836609,0.00296351215596088,2.99669523336762
1.9956994337699,-4.26619746045372,-1.67895101198423,-0.138829105047937,0.0294606700945232,1.23208155394662,-1.83804911708109,1.42576726719815,-0.402989448728827,0.36811431426229,-0.158380211708303,0.572047095759937
0.273699522849213,0.45640336215336,-7.86962026605756,-0.27071018607929,0.167036257902286,1.4110069544018,-0.045424054427415,-1.27944492155105,2.45853225203136,-0.122936303424367,0.422593676186567,3.62488988580541
-0.0224373091119484,1.88602018362295,4.44837634591788,-0.434590769806459,-0.400573463265865,-3.29107080673987,-0.380298747619297,0.00755454721238637,-1.53346607281888,1.23114937795794,0.53348529985169,-0.922337630517256
-0.243923320318419,-1.09483401843821,-4.85341723156127,0.36428186465866,-0.446925436926005,0.807963164433527,0.00870706516205998,0.576903650292952,2.97542165326223,-0.130625696951771,0.0439283312135441,1.85731071559204
-0.921024992918945,0.810785315075255,5.90329905516234,-0.236573803601537,0.364919852972695,-1.79186237763943,0.949750281192831,-1.40483243458821,-0.514548266303546,-0.158885579537362,-0.413834338143891,-0.706869812119462
1.19782444146035,-0.979923908170047,-2.8157529678302,-0.580525069145917,-0.225550454874481,0.534276104205014,1.43937044444819,0.974336319854514,0.452575443048584,0.163010426831561,0.268643863543526,2.93983974011446
-2.22872455252619,-1.74372351729901,4.76993447054786,-0.154356735690016,1.40487329956768,-3.39184683753848,0.26140701875064,0.372848921714565,-2.92155381791506,0.362220869723569,0.112896209564351,-0.236390332324112
-1.05347419719409,-1.53192466104225,4.83488829556278,1.20377612746136,0.951997285494932,-0.514779020675887,0.464741230965563,0.136979770719175,-1.80846384105074,0.896644973219308,0.495932433985616,-4.07294638178017
-0.214588380287764,2.96445557935504,-10.5046131310088,0.132092562325455,0.00943271730439546,2.0679929341322,0.0668016613060024,-0.218395407914557,3.59765662653736,-0.0359313126252547,-0.756638100771347,4.46040846376884
3.51741758807263,1.90051578936124,-3.22987476406861,-0.879077815579496,-0.399591886302788,1.9947954821549,-0.620496711656294,0.226870986602408,0.478813097224317,-0.360065969250025,-0.0618288161372239,2.05749400423201
4.45370564701425,-2.58479351115309,7.62235648604897,-1.56965309127292,0.415242509961626,-1.71514139528868,-0.479528200217125,-0.294699190545044,-0.502548311704677,-1.27965418577609,1.88363971260794,-4.78155484685928
2.26507128979724,-0.581762437440773,-4.80699525528811,0.260111232812153,-0.211607829191306,-0.725979074845947,0.0255505677733151,-0.724062390114224,1.48058074318527,-0.268208950135364,-0.0927964792561399,3.54674062174735
0.370188793707625,0.767031588330058,-6.22463128083655,0.00976929605469517,0.0189415461499851,-0.801305283586765,-0.153074296121833,0.0226290894372467,4.00179322936399,-0.437311592237846,0.281449821935688,0.500922268289728
-0.528521226544764,2.24706226325568,-5.81836844082436,0.33494322944863,-0.378677142171046,2.5295123568575,-0.551391592421878,-0.0573208031063685,1.66038166945673,-0.228001966175708,0.202185507193366,-1.21152317725364
-1.38786796229077,3.16371040827928,-6.58499874120729,-0.0438207206771126,0.156352280530074,3.54368621175232,0.234816492334369,-0.280735835503597,0.160479521994999,-1.49043166189569,-2.53212170899387,3.94277580486988
-0.540258679892489,-1.53140953429671,-4.28708095513368,-0.343835787602172,0.0410672747929944,0.70784179872745,1.13883263378032,0.322985604609332,2.06119590688252,-0.526204249476778,0.448892219569333,1.32755997208535
0.352906190814228,-0.410576230369153,7.50162343224316,-0.0619670334738253,-0.0389552543775539,-0.672407669790422,-0.00802065726137219,0.519132938664386,-2.56505365906185,-0.649465935550246,-0.0749757757135732,-4.43568409466438
-1.23197119461739,-0.920866008821373,-5.35119784819418,-0.153414225825244,0.330458085766535,-0.486206084673781,-0.353359672281387,0.106531240142951,3.85577463140361,0.464424556705348,-0.013945863789282,1.98119414252233
0.736582160018424,-0.662872684395397,6.7277177410098,0.102037849370324,0.148886831168254,1.48249784999901,-1.3501273974328,-0.532695751875127,-1.69219524050918,0.0797557657624795,0.0412814832544441,-3.02897145185152
0.745572222811009,1.48084668693156,-2.11297581467198,-0.299967442493658,0.0204714221874487,-0.829057990849147,0.0150600142916034,0.0112218243773204,2.21984680277031,-0.702405934551545,-0.80594460070898,1.18968574715545
-0.320301421929633,0.239922602421114,-7.06320420166074,-0.904019361418682,-0.234681836106041,3.63989310692594,0.488755724367021,-0.276598914197908,0.431191088156338,-0.385648489899104,0.816126089519861,2.14259745502208
-0.129572730815549,-0.951796659708778,8.69986392319698,-0.169002870119124,0.60138188415632,-3.20756866621183,0.23263675993371,-0.0397967370699425,-3.41981490170654,0.346296998208781,1.17066274035483,-1.82878075746056
-2.32241666368648,-1.11660788681386,1.83958908913258,-0.264747194435211,-0.32498704294009,-0.0590332430025061,-0.388920168707169,1.02539248776356,-2.43775227962322,2.21517412002247,-0.871016032537206,-0.159219661637092
-0.852168488449441,-1.42751793309987,4.18691302481903,-0.243225741112039,-0.0763749912418712,-2.47196896682253,0.0024236939528151,0.173810544175412,0.60494681683108,0.0616460282998312,0.460572239959195,-0.980468081866588
0.451920536108847,-0.901848000349195,-8.89453338154744,0.76742641593196,1.04112798789156,2.38910859013118,-0.368609575568224,-0.118800154297894,-0.223304464526781,-0.0699731858322413,0.639858620494885,5.97648123704325
-1.33190133551569,1.7398130095283,1.22379950534077,0.203656349939256,-0.000288496676234085,-2.11142335259153,-0.106907629261428,-0.213764088074282,-0.89468488719565,-0.129377011870055,0.152944216622401,-0.514036211264356
-2.3465432866189,3.4120622975885,0.218359807027189,-0.249830393246176,0.362849600185985,1.92346757589482,0.116150442818307,-0.404773783624257,-1.82381170795293,1.22724134543986,-1.75470745915945,-0.557484034121018
-1.73752471334112,0.744748838384269,1.15864782191799,0.0588111224805395,0.248614681967972,-2.13526335315952,-0.0872894303620923,-0.213976120187777,0.915492673056878,1.25230139130458,-1.0492181913791,0.309146381380251
0.981693624309614,0.109024340673719,2.15096913926328,0.280283256518668,0.609782577174228,-1.77630770512598,0.223321498943874,-0.333647441222618,-1.94486677897243,0.392771813081143,-0.0396273270635487,-0.106391795187851
-2.26552323650875,-0.0574221261055692,4.67912819903418,0.353725475114291,-0.538837066055425,0.273614709791268,1.20479040948776,-0.183765832123526,-2.47971774569609,-0.16322711760971,0.913588436913149,-3.50855213110428
-0.566631372929098,0.227160876971275,2.16491657439881,0.0382383037652875,-0.0138640900701648,-0.129114918054624,-0.956857820791456,0.140999198629477,0.430597099684097,-0.286121621695646,0.526619715895688,-0.650832803051515
-2.94440618167778,-0.281668964811604,-1.33883008350719,0.246950036805937,-0.503116119330794,-0.662080303971726,1.53661838268283,0.676786730387787,1.42301428263224,-0.292955987126403,-0.37519472229425,4.03767455903918
-0.739079832529853,0.592652135299329,-2.11645498016584,-0.158023681596551,-0.0444001113733409,0.729881015644536,0.414951014544442,0.128777894822013,-0.594878133010357,-0.632840739059595,-1.7166289132407,1.41071279427581
2.76056745249406,3.57752232405848,-0.146666940873514,0.204958240196287,0.145063189535583,-1.37197197095586,0.430864737415147,-0.167359828747562,1.41257465224877,-0.806866949124624,-1.35181293608514,1.83174317387201
-1.6005788819262,-0.520490916000101,5.23455340417846,-0.272705143615002,0.528206787870571,-3.27334869858755,0.938147530581544,-0.57446194715717,-1.97316704485146,-0.230130895680395,0.3061135059545,-0.230407323580013
-2.61465826684313,-2.57348129440496,5.38308820543193,0.0748052212282463,1.20782038440648,-2.36934755838467,-0.683494580013433,1.07414868046037,-3.01278454547663,0.635560669128939,0.326107152091625,-0.640216502843323
-2.65221409540826,-0.23245430342747,9.13472211276699,-0.134933154677362,0.10644744563517,-2.50032833973103,0.762666332840677,0.216787141430576,-2.13341943000574,2.23325332421465,-0.940859922193603,-3.69558015939509
-1.88460829763487,0.716303248088654,-5.75970690613005,0.300309273258902,0.17599302479165,1.27452813872712,-0.0905635519945047,0.0593508576291864,0.357256370771497,0.542046851970266,-0.580746694868588,0.0944961772795061
-4.57803507745467,-3.59155843406794,-5.43457934818684,0.388263627211789,-0.205109130050693,0.823974315805181,0.0735148383953391,0.88832898565588,1.84828030416508,1.43219775357156,-1.24048334419683,4.42177003469925
1.02630327710025,-0.855436663236533,-3.71286734774626,-0.0380539640392423,0.237558035766266,1.54194202177625,0.0901885683979771,0.546355169648131,0.106706338746202,0.674944820821389,0.238979350569221,1.47477387580281
0.633082950142024,1.1695512093404,2.38828571214908,-0.236519852378118,0.423113286394058,-3.2458999034542,0.00111463416463827,-0.0685798325935525,0.477859687703463,0.351651688391431,0.982618730255411,0.634719618461506
-4.40271697037671,1.51466470518498,10.5887637284923,-0.170391788014145,-0.0559183041181037,-3.04412576345682,-0.00693844512492316,0.399018716080926,0.100181193788381,1.61194414396797,-1.43275140000583,-2.94941064145724
-1.88376402323791,-1.21063398875643,-5.34702405602088,-0.173426672115592,0.098264023409149,2.53328337580431,0.0991963615878855,0.164818968092504,2.56887552962426,2.29948648113422,-0.0719689406773392,1.78159227867791
0.705013794309915,0.0838829257060388,-5.78752336881664,0.679396560373082,0.55048369855755,3.23647891967071,-0.115941391170789,-0.315284413629157,-0.890777694987618,0.900199663037811,-1.12239513524784,3.69125554774031
0.799487748289207,1.29216204276601,4.80030877723571,-0.430005588523999,-0.997943763645008,-2.48248774990949,0.113718906567664,-0.0644843823592425,-1.31279097261667,-0.555096632049714,0.269784641075796,-1.3050412851932
-0.148027075023029,-0.902470938744333,2.41919563242109,0.681712186780729,0.118104999994016,-2.01082350233929,-0.142329186123812,-0.235497645906051,-2.42052551716699,0.187313853262994,0.336712507429496,-0.46314152650101
-2.28768868435523,-0.0723929734685244,2.80614379045004,1.00255101543449,0.3462773736256,-3.51080612479834,0.68954215995519,-0.0381907201919342,-1.3732630974454,0.0787438936455754,0.13909440384101,0.557677861066205
-1.15591067937528,1.23187588710001,-6.21655018658434,1.96245005215528,0.248682106121499,1.98871876787733,0.626135688501536,0.277975691209345,2.9825397357044,-0.508446441576996,-0.0989635894774868,-1.54811376318168
-0.989342103442854,1.4090623581479,-4.06288450686478,-0.521148812140578,-0.147725446118043,0.231643701772682,-0.0297306495670623,-0.243192159933661,2.46443676455541,-0.351351043243824,0.796650147921891,2.45268637902622
-0.357312885786522,1.11549740240769,-5.70298664473305,1.3448225631544,0.802315620005989,3.37112680416167,-0.0186523591161522,0.117364342113555,-1.12956676202855,0.566546345618837,0.315333122870113,4.0949378602555
-1.44504963841861,1.7966614902791,-4.34618786346631,-0.284463245189049,-0.371556458624913,3.13187311073257,-0.240908716055583,-0.0748861579480258,-0.511182491527533,0.877369082348462,0.170629925978941,2.55464800253579
-0.422192711766036,0.555474182807835,-9.98295759712099,0.581261671469525,0.487716666771707,3.84222344491189,0.407226262385593,0.458734678782103,2.42944155636812,-0.268166757644899,0.116566418412388,2.57316575751334
0.26850795592494,1.91559934077878,-5.63886459724083,-0.106873721337026,0.000383213944615833,-0.27094354261218,0.749376913632319,-0.46126898881874,3.97056146489873,-0.31241840238638,-1.18226503004382,1.42093547191615
-1.81236192304836,0.139361157747854,-5.69368194924395,-0.129473384189391,0.270003094590444,2.18873346330343,0.534986943602662,-0.169021524823685,-1.31072146174402,-0.44459089285541,0.207437255141923,4.63267011918877
0.106986223058023,3.72180705792498,-0.126651216756097,0.106109499585353,-0.0890199267045892,1.11226330588466,0.125853377196736,-0.0330879795675226,-2.52702407878383,-0.427370685206502,0.132408311893015,-0.514037367935843
-3.22580350393354,-0.693815010892049,9.53394594547063,-0.358637870666599,-0.107543840936358,-3.3545932100776,0.205875469343695,0.469543088474665,-1.86682156669019,0.547387704871359,-1.54540755020925,-2.38982803188024
-1.35814405293354,0.291489011484386,-4.09862589493689,0.192111925107067,-0.0218804731346038,-1.36083707250032,0.0512155348996474,-0.706829126472438,1.37995825296121,0.131189295079897,0.0316286064904915,4.22970716510133
2.4130732948947,0.91683742006818,9.73144891972233,0.605013289212956,0.647892807138536,-3.78082524177946,-0.065306947657181,0.043430187030365,-3.53325548206294,-0.975461707226744,-0.825792784155768,-1.34754350002041
-0.863035386518225,1.59931033750451,-0.435759740159526,-0.504064405195014,-0.770402813544744,-0.998065580756388,-0.461883578528172,-0.0697518399869618,0.549476394117505,0.0784220159100746,0.409176749896016,2.52673804104987
-0.506396273502366,-1.23815692275509,-4.44729102618812,-0.230645876843578,0.134506272277817,-1.87042985654847,0.124360563993704,-0.107072051005033,0.609556511932316,0.426756116320416,-2.51330346856877,-0.908723433993812
-1.39883502899115,3.05788413376507,-5.65332258507111,-0.126565244310676,-0.162006020834068,-0.512813476966987,-0.141215996617768,-0.244960224506486,3.35685626129296,0.038842987103531,0.161092259330555,1.80430007616957
0.563916865372261,0.468042606008301,-10.1166949627552,0.334891787269136,0.460168578167083,3.74781183718405,-0.257001037074497,0.49287142820435,4.4778765605107,0.658140640067868,-0.575859233302796,2.94761535186727
0.421253106118637,-0.468233124252547,7.13448195030321,-0.279983746231857,0.621719128852927,-3.59452294651595,0.321589368735145,0.367655103282329,0.131828543395613,-0.7728437249132,-0.848599114111907,-2.86891449358698
-1.28315896110134,-0.0298427575739891,-2.70984775468804,-0.0595600521792311,0.507797499421599,2.12908357438374,-0.113374573502883,-0.44425494126599,0.413255689750591,0.484315011640133,-0.864001167140109,-0.88256315694162
-0.505766841616137,-1.21462125191868,-6.31845254192606,-0.0903361656874319,-0.0483181196490002,2.78040756348572,0.0997405515217662,0.123891324032303,-0.0560053099149336,0.594025297722786,0.183899735743208,2.56063091617149
0.247537568686806,2.72628932184761,-14.5268690630242,0.78299010562327,-0.050347008010644,3.69857584223508,-0.313807856263177,-0.00152520219395761,3.19473557242459,-0.447048866533686,0.539278576639523,4.4820308491527
0.0852660335947792,0.0224098135754675,5.42226441302528,0.279578714293925,-0.429938255597775,-2.50878063045657,-0.162370178857775,1.20633646105918,-2.26010462026046,-0.0341755050675788,-0.170461714107689,0.784927206085656
1.48808614151156,-0.867788190792473,5.67398442065257,-0.60593114010622,0.131555882103308,-1.00328796793491,-0.184560712900386,0.297521281033078,-3.46762447404573,-0.377447539317325,0.348152356702044,-0.651749353931968
2.20624155518165,-1.22560764693945,4.92114447878991,-0.112605186739544,-0.222385860347113,-1.18781482002897,-0.414563374750635,-0.211822260095393,-1.72240764886989,0.14114752164385,0.390907622330784,-2.83951308196873
-1.50653032955668,3.9515771181068,-5.98032590279957,0.990830348928376,-0.537355369232374,3.84059049554702,-0.0982755678791453,-0.0830362952161216,-1.84170302785466,0.463027441248997,0.581404875189436,2.45177954958018
5.21627988215242,5.54095627721499,-2.13902068937502,0.482294709079005,-0.475693212697076,-0.315088024080196,-0.178825972377684,0.200921917039415,1.2681154552846,-1.55402129509796,0.43703022686735,1.91748616810553
0.0725149272701012,-1.9890159590832,-1.52982676577542,-0.552687706179731,0.761945495740927,0.72307129637066,0.0663499525075258,-0.430787805737363,0.118304832408944,-0.0254205287075811,-0.0288939364846762,1.43930600430704
-4.46066063590407,1.25087703705854,6.81705624783485,-0.277199235385492,-0.505543189224676,-1.60206519270568,0.329248172242378,-0.209558849866304,-3.08273754530447,0.11887207056106,0.139829437358628,1.9831752867898
-0.543962423657894,1.13484848007846,8.10613687265125,0.375243183648087,-0.42014032009242,1.32134799256392,0.206616947335992,-0.0634831549984513,-4.77188909074901,0.00456747208236036,1.79818322296154,-2.68282953720168
-1.70903636241463,1.82830026033879,-1.21638607742513,0.298397745114534,-0.208125541282204,0.879676927260472,-0.0592916486451233,-1.03901241092731,-1.52369266610972,-0.185492381733643,-1.34091575320116,0.569154616945722
3.25060951423614,-0.505780336280701,2.91488102050485,-0.465439045096606,-0.474219733453003,-3.54427359400443,-0.075858927388517,-0.894060775958031,1.72209863691666,-0.110162381921448,1.70598184581703,-0.543641624945296
0.483908454416569,0.832097750811447,6.88135191088028,-0.0331926829978254,0.112123907290931,-2.80661767568378,0.219874111384575,0.464792412906784,0.0251498816852387,-0.0100127572885988,-1.48730397449906,-3.45433082598066
1.26404288222543,-0.134084765722333,7.35175197276978,-0.099914779511819,0.0604273913668034,-1.14487088713965,0.534698978119648,-0.276036718051278,-1.86146655717165,0.205059032951914,0.276008116338499,-1.81736618359203
-0.105770072349933,-1.33945128519155,5.9260952894974,0.554852802078866,-0.484752198799778,-3.0085490060238,-0.026943787413581,0.48701360274295,-1.5652216566825,-0.128462825723628,0.0328385947171601,-1.16476999753596
2.32185329912878,-0.838291793096982,7.28061683778303,0.103896396845416,0.430060200582841,-2.71977357964519,-0.907107227316992,0.788004468584647,-3.21302821839325,0.0805931318462226,0.817153746808544,-1.41324576757351
0.132075309760879,-0.547180992781171,-4.09892472052073,0.0265381423599037,-0.74185786277979,-2.54802074908923,-0.456968548644896,0.443078523780166,4.45330552325509,0.285513943545037,-0.00974827137655292,3.28230222139152
-1.92550216161377,2.66457446828608,-5.20560860589837,0.119646314108302,-0.421017932060872,1.58255277330316,0.0560827323232295,0.0366832028535142,-0.487092859369762,2.11111069247585,-1.99115318947296,2.56538374217168
1.10623400964084,-1.55643310158008,4.73324742297361,0.600401806359435,-0.126410369630001,-1.8909475764426,-0.207352931422282,0.426976565913205,-1.99076759593945,-0.696831380452603,0.292670952627622,-0.764527808549484
-1.11521917097122,1.12189609947859,-8.4664947071516,0.394407484545786,0.452381501097916,4.37171297483413,-0.119239356877172,-0.351012183005557,2.79425457759029,0.111072374723599,-0.53828597449702,0.850311449506943
0.485226324664167,-3.50008738967649,7.14163792506129,-0.399119284927476,0.177257348576463,0.837371304752805,-0.417338272436149,0.117712104384683,-3.5154384401564,0.743157221497178,1.51994984030846,-4.59302337936058
1.22933714976819,3.22492787304475,-1.93457540522185,-0.141384313607601,-0.144282344724771,2.92485788149855,0.0329207652952613,-1.50141787425232,3.36862368172474,0.00270808929397692,-0.0484104415779012,-0.62999299334651
2.43298203216259,2.17388380548374,-3.90690782748496,-1.07673128121253,-0.998635301201731,2.13706356231277,-0.305077671664925,-0.311436474861192,-1.20617486792197,-0.0903479531988063,-0.364099574971831,3.69901478367642
-1.83422844844343,1.55304489102223,-7.66064033443584,-0.118744822705889,0.264293125761072,2.75624344669939,0.547416237257658,-0.277863364059239,2.1158177945525,-0.0639563076443259,-0.485946607166563,2.76050871105297
4.02902067148073,-3.55761949067962,-3.26145771325869,-0.255099946176015,-0.0124637077851624,2.23266100306377,0.660020602793182,0.288353839110601,2.05560433950897,-0.340890355551542,0.162254614510644,3.64460852790855
-2.04698581359884,-3.75468642463186,6.07268557139457,-0.0364836794400255,0.290414312594202,-0.827804143961377,-0.364233157393458,-0.550435135727954,-3.35242873976778,0.753684037768974,1.90644641932008,-2.84027776273236
2.05015459864403,-3.08796937774154,11.4552923384781,-0.180736598670026,0.829629423046752,-0.783190624786675,0.352288718429733,0.267929908921999,-3.33526530962198,2.16247295627282,1.29717018862011,-2.68467455276283
1.873547020303,0.25908728770519,2.299398955382,-1.12745654568296,0.931633283295135,-3.95486778932334,-0.224885263864146,0.512892321699856,-0.0166377665915417,-0.155982438540537,0.445971814249431,0.475395043692237
1.31065505461607,-1.62848446962816,7.16659870773726,0.137374555688606,0.759236621401497,-2.58368670445344,-1.42948665908202,-0.101875932572991,-2.06377751172381,0.324925350738299,-0.4049632204999,-2.59234628266986
-2.05646214629687,0.684357013336717,-0.516231271184459,-0.0625096434539281,0.542906559490152,-0.604613227308896,-1.08139845325035,-0.10842409273165,1.11320097066926,2.26702620510135,-0.480375029487785,0.741765375262532
-0.269302607039879,0.550688252750452,-9.67310925649986,-0.641639921662896,-0.105045159544877,3.14861619952459,0.736493729791251,-0.359656773011276,2.33447746260145,1.45575221437895,0.714675541110485,3.86587480488133
0.27305938486052,-0.41251731668663,-5.54484828905987,-1.57659276877298,1.54544869258158,2.08574817671629,-0.503994771529197,0.948070571922042,4.39977531575857,1.03150143161616,-0.149598754441382,-1.01952465275909
1.46993962249982,1.78567606289065,-0.146911905127007,-0.217218135613041,-0.30665547601327,-1.93441140329773,0.290357571332633,-0.272887823382907,-1.18352137711361,-0.571512453003088,-0.225132651837274,-0.351842893258213
-1.49087565792493,-0.515330714950151,-3.91325242162018,0.925282599143905,0.839423245030251,3.00233752992847,-0.217611479465785,-0.069601280171401,-1.86914640267893,-0.976993270047128,-0.261271874555935,3.68548830212138
-2.8318007781721,3.31432235472764,-2.83859846821709,-0.0128074678103304,-0.111136747313604,-2.14242947554663,0.114469226792906,-2.1308643288419,2.27514739440206,0.85509905282916,-0.654280225161247,5.0896040619605
2.640380163202,-1.18318825594114,-3.20659769415055,-0.285104104833479,0.233058452790227,-1.61481039271667,-0.196803582916767,-0.32862311155644,1.08202473930569,1.20297235456225,0.158033056373062,2.62419467859568
-0.0325050729514291,0.484675693748561,-5.81671268298339,0.0164788115029475,-0.35046726310356,-0.45431745611671,0.948191911176294,0.266079194123609,4.49190738246408,0.258079240783871,0.144801256038843,2.51437617199378
-0.682589500936792,-3.65167916322851,-4.52547718955226,-0.243792643888568,1.56916924501105,5.39388615955721,-0.325935207365962,-0.290373082089231,0.256343472449255,-0.592497090058017,0.766207919386469,2.26981653770173
-1.54060532053859,2.22873854023132,-4.7785967908292,-0.252790841478781,0.444253530581278,-2.64891794814888,-0.0264907145032952,0.214238611366773,1.82400055787442,0.233386814331598,1.02616322061429,3.44476513550135
1.80689836460456,-0.736787734783503,6.32492866606234,-0.195153281146432,0.108169336011836,-3.68008793977284,0.26926253109678,-0.0928744375832639,-1.72873243330991,-0.0352241020085718,-0.588583182149425,-0.659293210241264
1.03683565329482,-3.01611239961005,5.36710802851961,-0.0698365762685715,0.413949985996126,-1.58175434440905,-0.545798146501086,-0.409865206187892,-0.366299209867498,-0.931525101747621,1.00101113258077,-2.63354306528295
0.766726193692016,0.802291695875695,9.41442459475464,0.0140228039941261,0.247107582567688,-1.48625936207501,0.399918944095117,-0.358242147343825,-2.82408738329934,-1.972855749259,0.733036877721721,-3.92164874469071
-0.176334545933297,0.474828293521087,2.56044951224487,0.0457728969454752,-0.0655843507817247,1.93376613313565,-0.843639679772754,-1.39432509433085,-3.57830455858623,-0.0505570559722931,0.513436555633864,-3.17495116986852
0.0351879852602512,-2.02658430965094,-1.26439430827126,0.166317302786101,0.955809657026659,1.43235705059971,-0.19378192476826,0.030520352779461,1.64029886046369,0.0213174817103132,-0.0363302773068351,-1.16983516194225
-1.05268555607098,4.54088929897255,7.08990075087873,0.106440320836404,-0.0805861209688118,-0.172281845323429,0.355364291371631,0.250061591437238,-4.56797006369622,-0.0486257743123467,-1.58730327712771,-1.12672566661408
-1.00898651875907,4.27816232893635,-4.51497091746204,1.03025056527461,-2.4670499728624,2.70215332542314,-0.172190043374367,-0.68959757664614,1.73564952995641,0.354656762804487,0.159211781323969,0.788567502958827
-0.464899432255061,-0.510823578777836,1.347837246687,-0.394802519914341,0.304695589105047,1.81117311897173,0.259541773181927,0.311342259162156,-1.69041718080985,0.753272865798698,1.13749764125816,-1.06473813157115
-1.41186706165985,-0.11631841102382,5.5635370193097,-0.397737332330336,0.178463240433711,-2.04004246540155,-0.396546066016219,-0.179391163161919,0.804659017746093,1.3220743419375,-0.398285247176556,-3.78383554238959
-0.379482629875439,2.87611962441223,-6.81398202413025,-0.412456527766277,0.214718483198379,2.18143022225429,0.281639123911708,-0.78558802416348,2.71990583016808,0.165757604685303,0.450267157647629,1.90089462493223
3.81864934137368,1.75628964896408,4.53646552124296,-1.50089553692399,-0.733018708228746,-2.35985378538647,0.0629633635426202,0.129622515323061,0.164917852073881,-1.36431215636369,0.897505316663936,-0.815895987069402
-0.875844149784898,-1.48127407219189,6.57377819775429,-0.720005719195215,-0.618232658099876,-2.87086624499103,0.461628833488452,0.136894266074493,-0.471838895476946,0.150081694881858,0.308768217658583,-4.09416042500011
-3.09687390257184,1.85739513020981,-0.88628523277157,0.274760912294482,-1.05694669812059,-1.28688691277264,-0.485537669308994,-0.162283655694531,-1.22006320966092,-0.0655877600939033,-0.0793361116552657,0.294265235820953
-0.2575898857481,0.00211450177715583,4.33708340451659,0.737867034343446,-0.0145496494355607,-3.1553808161758,-0.205750594395175,-0.310112094719662,1.22852835782093,-0.163594427222831,-0.051837581830746,-1.64063985807107
-0.387987063706228,-0.16339907812558,0.240905222399405,-0.195972578356947,0.283594501106046,0.250216612515054,-0.474093346346302,-0.293921794906133,-1.47792611725794,1.97996531840639,-1.89752360333116,-0.455733691308854
-1.28370904541865,-2.33237702958547,-4.69782318102061,0.602590148467738,0.402614058674945,0.807122792410101,0.45746137439714,0.32797208184881,-1.21725664585027,-0.775801121558936,-0.562370330727485,4.80065722360988
0.0815357952678232,-1.44499226666629,-4.14316575384077,0.506136915755254,-0.254881640503953,3.62522650231071,-0.130180575675987,0.231037004999901,1.07170825780234,-0.221479032021456,0.0146570825463229,-0.326414131327527
2.3707284463252,-1.86458788665872,-6.99878340508024,-0.12564128648436,0.245560797685961,2.42314834889568,0.697432745165344,-0.140708438295901,-1.13998087316577,0.072410267598683,0.415930821371796,3.99120641030288
-2.08552959615228,-2.13522564062304,7.61801345141805,-0.188818094919295,0.0181695896402066,-1.86501341102219,0.226691792493962,0.0101903033485709,-0.0234370564007919,0.249456161712165,2.39023377102003,-4.73959859471398
0.508619823346229,-0.0721985417385995,3.63295792314679,-0.230579502303224,0.0343673353827973,-1.89153860560172,-0.353326645746334,1.49185878284737,-3.298640726447,0.648082016255907,-0.205629929885537,0.80883536102219
4.54450968457446,0.686606090879206,-2.43397620342911,-0.694713218365516,-0.19875880218962,1.28357658497419,0.0929090457761388,-0.0856817208832382,1.59415155257846,0.0220837055827506,-0.126191310351363,0.0204834364472827
-0.372574101294818,-0.79949598486269,-6.78676640063643,-0.935538853778896,1.036080031537,-0.655138370181041,-0.238038770287466,0.462650245282901,1.31075758853816,-0.14373196516901,0.140465074934043,3.46321234860257
-3.27999447181627,3.07640786848348,5.24192550571788,-0.768658961151565,-0.0848318224630354,-2.17720142402763,0.602697983902022,-0.60012438768172,3.28758777683461,1.72743238137482,0.989896562116775,-3.50716615115692
-2.55344260588126,2.4740297662202,4.1284135946968,-0.0711558977781299,0.0497718418791754,0.933675377888574,-0.286491364739626,0.0498998355602931,-3.34103949251563,0.911440790630315,-2.03698096586472,-1.33478423972138
0.265528791662877,-1.41716837684803,9.15165533344182,-0.662744185605772,0.119914230562841,-4.05985699144779,0.477873783763291,-0.547034442993964,0.915020463108291,0.87859174488171,0.26726155249066,-3.74877592871995
0.309420963171793,0.327240311558533,9.40326195014382,0.15564068350141,0.0987657738716137,-2.46993370369733,0.147979411242091,-0.139196509726393,-3.37091866846561,0.0885060572390282,0.147276764576009,-0.798123669318004
-1.76507405971041,-0.334767370522085,-2.98132147297626,-0.109632073086833,0.188716615424851,2.30491041525158,4.10915632155422e-05,-0.0335863620601157,-0.0863893263781836,0.640729160629023,-0.16078402637028,1.42352605504405
0.606297791167838,0.0996051937897542,6.82748284412858,-0.542437311163368,0.0831233946808709,-4.6856370748289,0.0265282935911056,-1.28538959384179,-2.85239680473994,-0.180545706694006,-0.275318666378111,1.40987222520691
-0.818336198498193,-3.50968455887182,4.62012425342594,-0.187642818980705,-0.358447531844731,-1.39785397412108,-0.550282455100859,-0.115103880721349,-2.49370196155474,0.880452288477545,1.81862148256883,-1.60849987665396
-1.02695855824156,-2.342672985943,-2.84014013349499,-0.742435318996351,0.105522511359496,2.36046845527407,-0.100031418674057,0.308104009509383,2.37314278279373,0.410748602772472,0.194218176103547,-1.26489295266231
-2.77705351302951,-1.37608488000116,-5.84483324743341,0.78272785413908,0.523103128660457,2.29887820918076,-0.271711601917043,-1.57206036195982,3.35677330227764,2.09548729316537,0.98362034945721,0.755100179568025
2.28365006515969,-0.150548383672588,-7.13018714697799,-0.203409762449842,-0.277679735174317,2.19579242221462,0.0640379303826745,0.41819895456043,1.32613890002063,-0.0223849575751175,0.255719386490647,3.98270187924003
0.318588999900872,-0.506631115806307,3.90768194625543,-0.729606516747859,0.416183492936173,-2.62688795907915,0.316749857147667,0.454917493689312,0.607559024856507,0.175395830041733,0.156525639609783,-1.15469444117447
-0.0213272095428955,-2.32138301237737,-3.80072187289432,0.0344195947139992,0.0894596865921124,2.48106117098345,0.0192726875816189,0.411090078130252,-0.702866242000941,0.476303594898579,2.21106326692867,0.283203323723632
2.1279049092364,0.646725651253708,-7.56915676301956,-0.369595329994543,-0.102741913661317,1.86631860662258,0.00162930877835877,1.09986199885959,2.09370429419902,0.0266445379640339,0.036823881334028,1.38878250713691
0.12939613998731,1.39299214964272,0.649045706757252,0.042021639040615,0.0810055076720929,1.87350912434913,-1.59654467481099,-1.05392380209429,0.536717666948963,1.07180782459751,0.339820781844527,-0.868380895707606
0.535390757342518,0.330029195366214,5.49356789205355,0.254365775834466,-0.482960289748076,-1.30033078272561,-1.60421605309813,-0.923713614780058,-0.530903974457176,1.02577913400554,1.00327990676108,-1.50734601698303
2.82256369420363,-0.503445439110218,-3.59443095808049,-0.475904419365547,0.0545971802598544,-1.30493414449322,-2.63538717021449,0.409811429916833,0.864572899432649,0.325255549360608,1.19990131400772,2.90664608223464
1.3331786860251,0.0756151488183245,4.53681937520169,0.279423732115254,0.125318426797472,-2.70173985382965,-1.60110897912803,-0.10364571622764,-2.76672242909428,0.741749281991582,-0.18064005257413,-0.178625103970256
-1.55075511822626,-1.68648435269586,-5.60929676648363,0.702887243063041,0.351700378592291,2.43500320924886,0.0928646570902261,0.345827764903462,0.178946035937112,-0.0849109399940965,0.575014101326887,2.97387135214317
-3.8505538007757,3.72232728347909,-2.7700123318798,1.29396475409705,0.384245186633989,0.991965883670074,-0.00680070407849638,-0.275444441787999,-1.02778347232559,-0.288671610410989,-0.445175163204984,0.94636018798087
-3.98781164406615,1.26508649586385,4.13157499184027,0.777170786354026,-0.302423882552231,-2.43582300681936,0.539807541217612,0.852757083743808,-0.73622071019525,0.801510196304739,-0.970672222971358,-4.11661718066474
0.0635615249149123,0.133843221643726,-3.98799066101293,-0.3863471295769,-0.616211759104827,-0.194219946584226,0.139207484819112,0.0380511321709859,3.138525343958,-0.37511626192132,1.02226111472591,0.879033720077243
0.429678043252034,-2.79311138030026,-6.46100194752915,0.00529516669341654,0.236349709397159,0.66650595097455,-0.767750750738738,-0.168116765324487,1.0031361316298,-0.910347923286309,1.68385752295076,4.03654642136487
1.60804493928542,-0.242742017957088,-5.93724937147002,-0.304130975785667,-0.0484181558543795,3.07085823565094,-0.308083716452211,0.674881664968023,2.78676212626265,0.0852851176268168,-0.0626649508567106,0.464568869119796
1.9619770657496,-0.215999909081926,0.772784077346669,-0.389047325265025,0.333782621166028,-2.00720604607428,0.368461496785108,-0.669642133539783,0.522617180631574,0.0161440804858235,-0.019433146054671,0.572191328412122
1.11473367352624,0.469495263088302,10.6685175479835,-1.77635012611504,-0.188932447588235,-2.52162328155816,0.290516478352478,-0.00654799208547088,-2.31029278280231,0.207745936492012,-0.189462071041474,-4.8349846070657
-0.187064895832795,-1.12506443825044,-2.81875786087032,-1.12266999414241,-0.0244765361617521,2.58080175034069,0.392196368858443,0.192342733640874,-1.36708203361915,0.355648719004246,0.650792572064129,2.65775596586661
2.08839905273562,0.475214839203976,-4.9093664733557,-1.58915056211362,0.103717433288828,-0.206884649793448,0.49843983205746,-0.0434658918842789,2.78445634364759,-0.842966120213134,0.0216551740106528,2.35844969318824
2.20171713628744,1.9451275745135,-6.08597086303647,0.522603376180306,-0.911618048485471,2.631375946756,-0.883255906316606,0.262633477648126,2.24805537423742,0.167998607257772,0.349014344183316,0.417126528885729
2.51381904185088,1.61413881230967,5.78649683482991,-0.72394201998331,0.393357104472468,-0.85861280179547,-0.255648621277638,-0.28483748816008,-0.0897868587066293,-0.321197300157415,0.252417100549564,-2.78432165485985
1.44805397398705,0.415659187922766,3.54684983307236,-0.187857939310363,0.0661348521407548,2.83991992808734,-1.70845650913496,-0.919573522929317,-3.49405283137143,1.20638957410992,0.501026270381266,-6.30508199443638
2.11925814118366,-2.5319885446221,-4.52479609356358,-0.155031562389201,0.265535782001191,3.1610988105913,0.709127492962928,0.245117014762857,1.9586144628507,0.0143426972121534,-0.0320022228016203,-0.876411534694153
-0.623266492354805,-1.60957091228774,3.98056095388686,1.04467529043929,-0.89557756517854,-3.55236951972482,0.0902654428991021,-0.0165192635747105,-2.23230183612314,0.219622628457117,0.18942381234949,2.48666627158623
-0.414323510527427,0.853376372619572,3.31404086942886,0.0092496623674959,0.182002917884825,-2.63313375979587,-0.110648678909803,-0.0177362205572129,0.30194956378821,2.19146296142951,-0.928801171093347,-2.33465751450493
0.0114625288359651,-1.95283475191194,-3.5650048503383,1.19284387637335,-0.404737559307894,0.845225801143614,-0.475981081700069,0.030170881384311,2.06832525716775,-0.0606313998133963,-0.0915877515295446,2.34166280720637
1.88084380312469,0.557457756529143,2.45899656514963,0.845334616873747,-1.55787277159738,-1.16335881473058,-0.692383675666184,0.392648676942591,-1.5634482280225,0.355408801239425,-0.0800678996421192,-0.0870627217300127
-0.0648188458607868,-0.0428249545779973,3.03286048152934,0.234496153274479,1.16165050805831,-3.12899606995407,-1.24995802950717,0.0547625877999444,-1.80050218456968,0.840038982938427,-0.0998574127406447,0.521949456750246
0.000496809368861484,-1.18773619903237,7.14670266747798,0.00313310441160118,0.427952374540408,-2.87284432316217,0.255157216285692,0.11352383791903,-1.82472506683497,-0.125449359009653,0.406612451421637,-1.71194255372249
3.34710775633995,0.20096635580637,5.68907380736815,-0.0987030132920501,0.341356410787525,0.0599042663122516,0.564739214632167,-0.0651667668819587,-3.11507672521313,0.105503105522725,-0.315654016815868,-1.34598694031546
-0.402964486296104,-0.226737600384004,1.58051626482788,0.210787392387354,0.0711849264589749,2.06275097012616,-0.131310355459379,-0.110245480251783,-1.76422506489031,1.07592706807827,0.668990367999815,-2.18492092303382
-0.465429000223538,-0.516810466847517,-4.26170753171948,-0.473219829426806,0.83666951618164,1.39196283236308,-0.0118523275072837,0.102872834658805,2.9076208409166,0.0117627858829782,-0.0179225633549451,-0.300609563340213
-1.11247555184394,4.2471920566226,-9.08799583975108,0.261925583365271,-0.291820383530969,2.55565368961646,-0.210113559181461,-1.61543476780172,3.90031042017244,-0.19594171451703,-0.879678511388442,2.61227864226184
0.941791609225915,-2.36571611378341,4.34729284613049,-0.0912310857435137,-0.161871230507188,-3.09284318369401,0.243472364226166,0.391308057506824,0.378823047020477,0.824625823383931,0.0760156240745942,-1.71935402517773
-4.12876039261478,0.500027245985319,6.31721759906796,1.5853090057689,0.220894886252026,-2.6082484375391,0.682608000993164,-0.614283256281675,-0.193572094569839,0.744184470440797,2.48214359689782,-2.30267364874548
4.31276327905756,3.67579706644985,7.95203563989791,1.38349281761463,-0.11605467155365,-2.30392908181433,0.117432793311901,-0.156932190802953,-0.249259404895497,-1.67838942598006,-0.993764599856795,-2.75158104001821
-0.29925903764207,-0.592524069286489,-2.10733013302214,-0.316535859760239,-0.54842419811876,-0.565691589910236,-0.113641949108112,0.559607794559847,2.29707643384425,0.72677017305421,-0.733978182238332,-0.798806986438183
1.97723460453187,1.51572761928225,4.74998622349545,0.08165516095069,-0.689846967349744,2.29927644420135,-0.0455270650930739,1.02560320250915,-3.73168015489459,-0.626362747687561,-1.85599302663358,-3.71719614337425
1.44321330336356,0.623143205394759,-7.89320567561207,-0.509836281250306,0.603590804239439,-0.149149451119957,-0.998499799600692,0.154311359876562,4.28084622721218,1.62018666302618,-2.00008422991987,3.08740371564151
-1.17105660483914,3.11866710539512,-3.24364396077824,0.0494033429205228,-0.0422275873290593,-1.3707069619926,0.419634102675416,-0.176654441946959,2.14941114583542,-0.777130099717312,-0.283594379869871,1.4286146275084
4.32770659018912,2.97018875390487,-1.25529982326879,0.176254088509579,-0.25311554167206,-2.07760400428277,0.0955275613256775,-0.178999735687738,0.682706542731982,-0.0431063139788056,0.296755211063921,3.18553143919743
-0.24729392840503,-2.70594211566273,-9.84104762155295,0.277486712356727,0.457514168218926,2.9963979484684,-0.143420584267768,1.04884872033561,3.39828384651269,-0.303820478476855,0.428561181717768,2.17925621082734
0.658910699277383,2.89214396785955,8.00057409892933,-0.303547091031488,0.930313352868006,-3.17119991108386,-0.743251390374676,0.284409644006635,-0.889085679002,0.752931654800338,-1.77443126404069,-3.49412799474084
3.24887187040727,1.68508894035143,-7.66316907096258,-0.522198100941356,-0.121784005286781,2.22742723358824,0.163051165334402,-1.68649755736044,3.41052271919061,-0.466322758326398,0.504112196588539,2.19478006497968
-0.997850116818701,-2.24008800609983,-2.84740875306814,-0.393912886022045,0.0513457427051861,2.91300562063178,-0.0566704988894357,-0.0260930896620831,-0.861188145897518,0.521305373685466,0.0486685681557414,1.59759100366779
-1.82740801560698,0.591715820723882,5.25593035006428,0.531969424400281,0.39167497512734,-3.64093726446421,0.237402430870741,0.418671114084297,0.566015090298446,-0.50167087474523,0.933298221118998,-1.85356639263579
-2.65807579004689,-0.729616866945137,-5.33531731091234,0.0549298768151816,-0.01483015856522,0.184502632294961,0.193764684357892,-0.621138817337858,1.25768027564245,0.77326495182053,0.469712397282627,4.03409880923195
3.76112638506688,-1.76917657591955,-6.79418184901973,0.142577697759719,0.0915488197371635,4.19599050167915,-0.374972967747448,-0.797864882571102,0.254621330247228,-0.9059624841196,1.18313738373449,2.65423382545529
-4.09475829685853,-0.307230215698904,-4.61709829893785,-0.124166114728583,-0.140203051454682,0.639984481482368,0.199199370696349,0.348102227314188,4.1038374925987,1.249625746112,-0.555935762525823,-0.0105179380424936
8.27735582105504,-2.514703533175,-13.0080640921782,0.0049702942847274,0.880601449658458,1.60315996406054,0.139914006481292,-0.278426634037416,2.00339832945184,0.660530458355033,-1.21368631333445,3.47116333098921
-0.339479635824241,-0.443546278813608,-5.97773915951087,-0.298292999965266,0.0456848138768042,2.82365982320314,0.173437120608594,-0.380878205110904,1.39026392925235,0.0636081118087732,-0.156058803598017,3.29039234979579
-0.578458308439703,1.7103744298612,-9.63755635347425,0.294076116034278,0.00250587120575582,4.56181145137467,-0.189340230237157,0.246795840938574,1.25700447515822,-0.764110408518475,-1.15582994744636,3.36939369959
2.38410275774844,-1.65744392871067,-5.14901928384193,-0.183395906783734,0.0203044808128788,1.67240712785758,-0.160947267284988,-0.309109286015547,2.80672369480015,-0.193679260823012,2.88919465803781,1.37574662101773
1.50854965514404,3.26075114560766,13.5001994016812,-1.13495396601664,0.470186091301176,-3.6612172327637,0.260570325494126,-0.409718036461607,-3.37867103818258,0.272107645792474,-0.103034504723489,-2.14634689421257
3.85573999891847,-2.03909789285011,-6.86675411067322,-0.0711151924800466,0.16187566615447,2.63034946150183,0.295954804697311,-0.219203806429617,3.55634974222229,-0.541713181637753,0.106631651659509,1.54496659865598
-0.101432319462757,-1.78745694071059,-2.38503955242033,0.628187906005042,0.000342207669342405,-0.489778833270291,-0.371887036772504,1.10818935158925,1.76377011191542,-0.218831007516207,-0.153828245829455,1.82938684224322
4.74519453705835,2.34881935119731,8.85001952519091,-0.71826857187919,-1.07508760321235,-1.7195206742397,0.296847968992172,-0.926838875844701,-3.48496831590929,-1.7639069307083,-0.556364273626879,-4.38683269477756
-2.59685471410172,1.12890661535101,-0.422833470002912,-0.3686384176651,0.720509771562761,1.72617184748313,-0.300448506470259,-0.104433054945792,-0.692139895573634,0.171867936605557,-0.04093462680617,2.70574359147566
1.77118938932662,-4.79684799332705,-2.73176114448447,0.0273570567914474,0.00569395916070166,-0.868896878008146,-0.212983608988152,-0.0085093071783136,2.90978720580845,0.399263949545,0.349832302326684,1.60051800130194
0.00648059233820564,0.996047706323176,7.51595775319947,0.203329881525015,-0.586978205314385,-1.9744891694647,-0.144340596175882,0.282245082923734,-1.79565905921032,-0.56963323519554,-0.230458789363068,-5.37963146763492
1.92472649875669,-3.66993387156764,1.34614211332669,-0.18260732831312,0.681557858262358,-1.23756378671252,-0.842487321217211,0.943292960423693,-2.86101613878794,-0.0477123745675254,-0.169137114023809,1.24792807154247
-0.624152991192323,0.223693672024625,4.31521495543177,0.296256631761748,-0.45550766020369,-3.52294865674537,0.0371159368052703,-0.198142176665192,0.601984686010224,-0.291266360347441,1.20612296684284,-2.3747427475327
0.426671896978184,-0.407494810550522,-2.15248845854915,0.078957500079426,0.156062312000077,3.06743933286245,-0.453111340311093,0.658087896016716,2.54457963178089,0.287593300597656,0.414787876089268,-1.97715849211
-1.35772101608759,0.737628555194804,-1.51670574776475,-0.109989071336469,0.0427561508877347,2.08237471949934,-1.05151950374678,-0.310571801625165,3.24161485485952,0.100042937404934,0.647495995926864,-0.172700572965268
-0.553836765057474,0.749558787805891,-11.3105200247524,0.463208545667603,-0.124010767113783,2.72945177103158,-0.0313791626074565,0.00628245615276339,0.784820880893685,1.18848308931418,-0.519836204695731,5.70167713436681
-0.69478491011684,-1.18706491203301,4.08378131120652,0.384441648367328,0.26369536433288,-0.677127264863771,-0.124370318421809,0.0562718757868554,-3.33878047402468,0.893760541100479,-0.370161136772749,-1.8238684603061
1.60840731276869,0.85871952569441,-11.2701879425058,-0.0586503675101463,0.415784357530151,1.99777283688906,0.621334067457453,-0.103480250905871,4.27708258742623,-0.436834705434641,-0.782615088297266,1.09605414329966
-0.862784581524376,-0.888808906693813,8.39257585130285,0.0449445803361657,-0.00579049827638036,-0.901105601286821,0.140175412565771,0.768265366779445,-2.3298309216209,-0.548865789330289,0.26163318904979,-4.120349831093
0.697790165641294,3.02261979696407,9.30167369263095,0.106327626854773,-0.818091429448422,-3.58172549164616,-0.898213707074518,-1.24199992330632,-1.88643403919683,0.0822949551225927,-0.182500126261812,-3.08926884927109
-3.19445276212422,-0.841876393149296,5.22655968276846,-0.274656014662613,0.0316811771590927,-2.7801414198783,0.11374515466897,0.0378694716635529,-0.358731498213906,2.40047320814782,-0.21303313624669,-0.786020896433267
-0.329872682432567,-1.0266082505879,1.96971383618312,-0.856765506674495,0.391808784904445,-1.81420298476514,0.181226200216024,-0.255905401665315,-3.25667464099483,-0.0918971477637976,-0.330252135373899,0.481891212387119
0.702719885790811,-1.63013992188638,-9.34165057206341,-0.278443568745243,0.0129143148173428,1.32435379155701,-0.311780506634437,0.593644528425246,2.8557561891792,-1.11561339270777,0.751693526446734,5.27450452832486
1.26504654631304,-0.801864657545644,-4.9236237808306,0.135181961080034,0.86082356496125,1.75021319539893,0.178956833424693,-0.0108099812012035,0.678873053925626,-2.83938819238661,0.533567543202805,4.10826302291446
4.01725058798104,0.0427672149102903,8.19108318623794,0.00189667938230275,-0.0396710101235086,-3.25739909594981,-0.0118815262847917,-0.116422651630689,-1.32920028273159,-0.349706978616861,0.435421607038479,-3.89598188694862
2.39060714509323,-0.851663808593754,2.36281180078198,0.446714621506856,-0.440020768082534,-0.290688601019132,0.288754524604795,-0.341323202886966,-1.30304166791419,-0.246275883720789,-0.983198852561034,-0.0969016043708932
-1.89845662864096,-1.37050969087204,9.34387718358264,-0.419605016464796,-0.291963237315834,-2.57413393512521,0.878432202338784,-0.268843244790635,-1.48504767258844,-0.319434875830352,0.240117305495889,-3.87792846473818
0.440709248707243,-2.34343196918716,-3.55633415620603,-1.02891732887855,0.562519175242076,2.67720613856408,-0.492942540914696,0.24259661671383,1.69088029938733,0.492224822694286,0.0404069809524662,1.01518757961587
-0.941114049629447,-0.6628542206183,2.39110148655266,0.528749180339648,-0.453085592696478,-3.45861659801526,0.111437144217946,0.165893999534347,3.30777497724204,0.00540324564561196,-0.181744786657326,-0.885782799100052
-1.32820166395743,0.157847898552671,0.311785789244628,-0.763592760207374,1.09238358734323,0.0739064555243073,-0.270158518855706,-0.864669847611366,-0.373909952990491,0.0667902544165103,0.203350573220767,-1.3040460611529
-0.605270192371234,-0.240457007169086,0.94352425008481,-0.0600155276593425,0.0638400412545986,1.03916047986157,-0.376919227435784,-0.436485601916034,-0.247592729419094,0.615798464131678,-0.908534656367097,-1.00613463010762
-1.0014374131332,1.54144755317511,-7.40611706949016,0.0630060581556141,0.176222761882176,1.81819935907413,0.176504010278511,0.0235933938692715,-0.676898309329654,2.23984032230638,-0.279771705570442,5.31863014331349
-2.82042101727092,0.824701019071802,-4.33793199046995,-0.306291147745363,-0.256935013249428,0.390619449232236,0.0876674761822371,-0.303832583396645,2.92857957708598,-0.504115323908373,-0.453512159797945,2.18596241962502
-2.28810975231008,2.15904485236581,-8.58606639367054,-0.800482029675717,-0.205094567554232,1.2842418051276,-0.852133278961946,-0.517610850807342,-0.168807448437834,-0.194531490935468,-0.856770612058252,4.53284874437642
0.460430488405717,-0.410713380919342,3.63169933571172,0.42431774265045,0.666721638842275,0.667516740434216,-0.421112983928766,-0.507404624371642,-2.56532016590285,0.276253494985529,0.0114713369151173,-3.47616743454434
2.42820971208726,3.46539249576058,-0.375308339884392,-0.0606313103508125,0.0809301629958945,1.1105946207186,-0.00802774914402633,0.882129780505654,-0.753579693529338,-0.111838617163405,-2.57201135877799,-2.22094734227478
0.375067355939521,-0.388441721785897,-5.59160271621511,0.0318701472110733,-0.132938454637761,-1.15428296656481,-0.11910664576821,0.253998134009804,2.71300928791112,0.941242644711538,0.10418086569104,2.98217017529863
-2.01805665953734,3.30525304283281,4.97368792697633,0.18993477967859,0.769141303532624,-3.76063716106048,-0.0307376415491834,0.0985416046333146,-0.377301311687564,0.409671774674453,0.620020149222186,-1.14249883383793
0.23125185090287,-0.486851905622533,4.59182140315316,0.294324158781169,0.163997898185676,1.75834311980616,0.00861091143453488,-0.0750465020509033,-2.93446764215422,0.473675627347472,-0.159611912768739,-3.34088897748189
0.183868033718362,-3.9647550299566,-5.24599524830982,-1.49902282213366,-0.248706880896289,1.85372844697875,-0.479738597718397,1.00499221856781,2.88945315502278,0.415074095393143,0.263944832754163,2.51763498678128
-0.639863011661654,0.350122027421412,6.73403085563771,1.05391286913997,-0.63597358403369,-4.17262682782639,0.522673297986675,1.10903191733732,-3.81917363214796,-0.27903048922083,-0.0953722429939308,1.56625232280698
1.62653956838372,-2.23786647522759,-6.49677194632819,0.183233365615513,0.073399644586388,1.00049762716344,-0.289422411840109,-0.558223806955267,2.66401672959217,0.108423997696716,0.156940184011753,2.87347654049709
1.55704197601248,-0.397897538734679,4.0551184739906,-0.0478256183216809,-1.00125737352445,-1.02729473345274,-0.0309789793085858,-0.11131345603437,-1.85390394520189,-1.61708357759039,1.65551894408271,-1.57252606646532
1.37622096605385,-2.68383353247695,5.80650106898155,-0.448087118395943,-0.371576239720095,0.0186420902502373,0.215142907511451,-0.0316562393500074,-3.74430485405524,0.639081474411471,2.67218370442076,-3.55648844066627
0.44000666025794,0.685014111241427,1.31287988484077,0.167867672800508,-0.286234639140282,-2.55759407145827,0.0470598282314866,0.458604227286673,1.37865059438109,0.480935876848582,0.246358386281717,0.202993445682958
1.19394614492758,0.0655239987911917,4.79966800014283,0.00259466738684199,0.0480495086869442,-2.47638348304451,-0.310318357304304,0.0936477005018585,-2.38099032725651,-0.515424404745751,-0.384280095859119,-0.348281122984101
0.177237911976774,1.34796932524487,1.18427880658855,-0.463512317941131,0.221651756236564,-0.762848367118573,-0.00764374940411131,-0.0752592699827942,-0.303835183044405,0.299665022830305,-1.27512484489304,-1.36040570482425
3.93451770497292,-2.27844457723751,4.68409213234109,0.372558573247362,0.582905210291768,-1.67933451406202,0.407023638636903,0.648142887310352,-1.32656777776039,-2.37866117128614,0.381959700434288,-2.10865768319506
-1.90981594652695,-0.583649982822555,-2.93339068991624,0.0960427733753819,-0.437327831075735,-0.0793475732163153,-0.200541746898753,1.50215107088852,1.40320838718397,1.82479716350126,0.0686490107206794,1.83944079363645
3.77757205917406,4.47659472190097,-3.42322617105553,-1.41180471196764,-0.652893279540438,2.01617047073233,0.125946984889977,-0.3350962442438,-1.16558559751688,0.467469114182495,-0.612128879624278,3.24011159679721
-1.58601160801019,2.6992703095872,-0.349886910647291,0.105556792462337,-0.204773576417279,-1.1843355456644,0.181510281035907,0.239923713993161,0.174955479320946,0.991886845122973,-0.763866630099701,0.348225764615515
2.25267229687065,3.35379955962634,8.13856934765947,-0.756378288013083,-0.177943834451003,-4.16802645785275,-1.48485658475585,-2.24813071215332,-2.80635885509182,-0.0289712223584544,-0.127520465965063,0.306999096191412
-0.5050463833345,-0.327043025576329,3.84531058160779,-0.260106387241018,0.202733954194184,-2.56785482459392,0.136982955831557,0.50533257552592,-0.37753218731267,1.07832256878852,0.205314767247301,-1.86067805625348
-2.11163643751125,2.75243988364223,-6.49380912228674,-0.158911208837788,0.193528796948741,3.60504511078182,-0.179725596952232,-0.0394759488388555,0.312299839602685,-0.560470583183692,-2.94066172106118,2.92909509037747
0.428973899283585,0.894894825429139,10.1849747681659,0.202479190088561,0.158951851869929,-2.86933013572204,0.0234998459697069,-0.0201969701885984,-0.259242007298183,-0.0923461179953985,0.0317584291997458,-4.99761775983459
3.07587239760327,-0.291684810259418,5.14478062601697,-0.716843916640747,-0.428645577383262,-2.05244534647721,-0.292526577230337,0.0144937925363813,-0.985030772522621,-3.18188759731803,-0.606257286498549,-3.14563741198344
2.19028830682697,-0.0581054514512438,3.52858079563349,-0.560884705007724,0.193466222792748,-0.712143745564561,-1.22004086236057,-0.0348674754900869,-1.62397105357691,0.0973040069113592,1.03663375796732,-2.18680076850942
0.577214692745238,-0.599805669897853,4.59501767237124,-0.578570102357272,0.246838554139403,-3.54613476882424,0.400938282166051,0.361803426196781,0.690012276667287,-0.0681103964420578,-0.555274554692848,-2.60077274052229
1.08386088892861,0.256451517505895,7.97981543804653,0.117825256505608,0.143893093232767,-1.68129622868622,-0.412799976219324,-0.286842818583534,-2.9174112208554,0.0329489298562482,0.550541019951895,-2.52626862147148
1.56657381303199,-0.738839787373521,-6.06813023271809,-0.113036685513821,0.18670054033019,-1.09194217984769,-0.0990768145126267,-0.111313589599701,3.32000712926973,0.577302708566655,-0.110534859872858,3.40586140540762
3.52337080126762,-0.0454156721896332,5.02624982820058,-0.1033198659734,-0.223376110032065,-1.33735474776102,-0.153014607252838,0.0286226424810193,-2.64899225523278,-1.14344201513008,0.761391566088486,0.36380882340339
-3.64623794206817,-1.12681993283636,-8.13055053738766,2.03643282276874,-0.786712478854538,-0.797317883603033,1.74430542209115,-0.187610229423643,4.83641423114237,0.828856887703372,1.24837979005558,2.82825561788446
1.26604885337023,-0.528995993748067,-8.22952234058133,-0.752534336963346,1.01702909988709,4.46661753443912,-1.80109713305327,0.930408485021167,3.44153210559416,-0.024819244098163,-0.291178960454912,0.674430893410309
-0.809058134316175,-0.721254678682829,2.65383007145557,-0.035493231758747,0.0196735982392559,-0.663602435115171,0.836492100422012,-0.12519427305083,0.661605688118427,0.0590276699890735,0.209575428338177,-2.4623114459556
1.47690379723921,0.926343631143883,7.71589097619813,0.14533808803955,0.000163893216779482,-1.64025188916219,-0.158353600026649,-0.203600749991335,-2.7402217048341,-1.96099939437164,-0.374787536285947,-3.3595565367308
0.552199659533552,-1.33057284766047,-9.29553038421055,0.0084976281739391,0.880468688988569,1.71495149083138,0.00218095204568733,1.28229357355429,3.53649185567727,0.129812847257278,-0.32184473276655,2.65441557432083
-1.52614397299777,-0.103295112887459,-5.40278139041685,0.155784256866597,-0.409737322364921,-1.00182619967325,-0.392456284530709,1.59892475723787,2.3749120533744,0.291730350660107,0.0494284043087571,3.12448020451676
-3.55605034050041,-3.43419636940278,3.67842988423691,0.0934588635017468,-0.268040663664642,0.838117330762471,1.90403725367914,1.24370156965578,-4.01350975405147,0.10261382007378,0.142606802423833,-3.15671370746686
-0.0424372901659431,0.147325287470504,-5.57664738852084,0.114394641025759,0.122120423429838,3.07537488070333,-0.482322499117319,-0.851270534554205,-0.291437856376539,1.17499613688156,-0.0311790228626606,2.00040345055095
0.675492252052483,2.08869861524632,-8.76833590756448,-0.0898017351641347,-0.487331931957077,2.92595058482521,0.230310043251427,-0.451546793358496,2.34190614716025,0.236584945873978,0.427288940489711,2.65244711600372
6.17333670595377,0.811559349840313,3.8161066433111,-0.408428369564503,0.200143881809735,-1.67114788954993,-0.142149228229713,0.154686143610374,-3.34383709017466,-1.57955606543723,-2.30490278116048,-0.524879064831695
-1.58238152821902,1.53814365532045,-2.97681783810261,-0.196147039594819,-0.413383335185214,3.05856136040976,0.30683091210326,0.0014817918619595,-2.25408172054255,-0.640055986935924,0.774344877465209,1.68714674586924
-1.01124497097246,-1.65094793533962,-6.59839802881479,-0.0293946492756379,-0.491760241416255,2.80554966787988,0.176631575080606,0.732267701796257,0.777883371856714,-1.06190020516707,-0.00681924715196534,4.95688539755769
-1.74307962672509,0.82796283891211,3.36225139657153,-0.0730284569265964,-0.0161230235957262,0.657665916849072,0.198426211976697,0.617323545286068,-0.823378954906889,1.12258274767837,0.187655076717373,-2.34055838534571
-0.527383947350777,1.12486245252123,2.13627427565918,0.227443302513406,-0.117384803866268,-2.34732519888594,-0.0832089140638066,0.0746248952192937,1.30481897930306,-0.765508137246773,-1.12300445631894,-1.74745927812116
-1.43530699001082,-4.04220117431999,2.08682154611303,-0.487161444040597,0.104094392333297,-0.669429534668857,0.183103330942602,0.927008107227094,-0.603299517535714,0.0190324489406126,0.701724959360125,-2.70241229746348
-0.865987453258551,-0.198916870551492,-4.35442232518626,0.114605882124738,0.358771071500033,2.84542031500819,0.00997142072594456,-0.301324638681308,0.0528264387192094,0.211466308031996,-1.84434449663753,1.86365785284246
-1.99644007884957,-1.18471989861299,2.29537661495848,1.5715231529898,0.221374724805885,-1.07455410004831,0.186958132951169,-0.616593771883909,1.80428494790114,0.648595946065964,-0.368971717463344,-3.62651551352619
-0.875202706778582,0.39385006939741,0.801020737089847,0.280149305378771,-0.268237018069006,-2.08300041533286,0.229163297549311,0.114321270602993,0.0896924590132538,-0.566412166970118,0.778360508050769,1.31474785399273
2.28256098204934,1.4718421899524,2.8433447973616,0.166679857535629,0.186279905485523,2.97757019898105,0.182734039547904,-1.12327373974295,-3.72132514712439,0.12685334048034,0.0878721356563377,-2.30027563711131
2.15439168772582,-2.02471016046353,5.21301658042479,0.318286483760772,0.303645969483873,-1.86406765139988,-1.67415855563072,1.14102727719261,-3.33497417758931,-0.210379261583953,0.295586889432755,-0.203534409920715
1.7977670265598,0.92570858256534,3.06868836197378,0.123074797439486,-0.0431836263129925,0.109749164981968,0.516755512205328,-0.086965468753514,-1.47987520757608,-0.261985193295739,-0.479844796641808,-1.50323422511749
0.132850736092901,-1.99855134252881,1.5759636832412,-0.0106083198412367,1.30862896194675,-2.54553581039958,0.141057406635056,0.527960306967977,-0.319340601611073,0.0357496076038319,0.0773153873261871,-0.236844834362283
1.78355816908407,-0.57529722201639,1.27582011020224,0.107509173415782,-0.021235827633728,-2.79110563391354,-0.0156456575915669,0.0068109487184476,2.93471333478812,-0.20646458938274,0.99101904490598,0.666146233411146
-0.193740752136347,-1.64008940887506,2.96291169901208,-0.0256847810609647,0.098952316823444,0.458779171081297,-0.262618470463018,0.976306560401826,-2.1831448904266,0.135995512881884,0.253116481007765,-4.79007056184812
2.54511203172706,-2.03007927230169,8.9995871396211,0.114702713637503,0.295336909321816,-2.30807725360953,-0.407641533472615,0.295402817654508,-1.65157211677316,0.159656972503764,0.0367372172825321,-3.07286627941911
-0.726573425499259,0.130044175669727,-4.97892868811988,0.0374943540426994,0.443441005479927,-0.770042108712062,-0.214020929124599,-0.0268389419922331,2.09372177088863,0.0244957046383121,2.2430141850045,1.4961973714863
-4.31164034147125,0.509534666955578,4.3755953196028,0.259135089342446,0.00268119531459336,-1.86252959287583,0.0278240576300574,-0.0359357671077614,-0.203909163015739,3.12870463555874,-0.208152177063773,-2.90907381670832
-1.86213668610478,-0.414745747740084,-7.84581995673653,-0.181626506351025,-1.26841380627701,1.80288874477701,1.76419208915177,1.02305023338506,2.30793805003175,-0.288793870473868,0.0264619828035439,2.3400878484403
0.992306537211056,-1.33794802281293,0.590903742825674,0.593050306723181,-0.250005918770829,-0.0635160450533055,-0.301314081062719,0.0361782720981184,1.60959589637232,-0.335265881270471,1.32410471674303,-1.00956735535373
1.76081534972051,-1.97710953226059,-3.62712077722039,-0.793942038045332,-0.455549909452347,2.5131164203704,0.0381844839778113,0.268322324106743,-1.85938074768372,-0.583079876919412,0.0602642469659121,1.45550594336044
-1.04476496170087,-0.784835318511733,-4.08059394489129,-0.0622998737311981,0.160289120676267,-1.47620890632834,-0.0418979691635987,0.300980573711393,4.73201369412967,-1.68584784996164,0.109837784352287,2.95321274585071
0.00946758896093614,2.40324360728225,-3.47520149953831,-0.0999839836464042,0.102083865325015,-3.94040634016661,0.156480984088488,-0.193696919761487,2.67762231952633,-0.742064687023035,-1.10606446825749,4.11634763713696
-4.31247099823846,2.75164908795294,3.07762196415645,0.0815602905117572,0.413955671746798,-2.989496500494,-0.265475574431046,0.432070872579752,0.585491430032842,1.17271018242544,-1.1997797249663,-2.34783893884698
1.2027230563163,0.883539934827464,-4.79655402522144,-0.672155055835416,0.384607750103657,1.86744203684809,-0.00808607614500834,0.732414032069698,-1.17787783999544,-0.605723631113864,-0.120841839870629,3.73656610977352
0.820485203538209,-0.422598739335695,3.28994121162569,0.217210479984981,-0.292589853726361,0.325668710421079,-2.11163289740946,1.52424239229651,-3.02448194955598,1.26545560247916,0.0719698232972656,-1.40304877445965
2.65026976825878,1.74716030815108,-6.71616022458903,-0.222241844775217,0.149522897104269,0.281279808760971,-1.54231432383965,-0.761294944405351,1.99007375898388,-0.168969507119039,0.609559577427661,4.00845578141855
-2.1449511722446,-1.37869020972925,7.41157601772006,-0.277060009150411,0.352151398238732,-2.87853333558326,-0.228504256802934,0.184938155258022,-1.8100338226142,1.6882158523929,0.171415334673879,-2.02487948188682
0.441775639840564,1.3346877557932,-5.84230428221751,0.238183420711112,-0.492927374266918,-0.678329348987395,-0.21042735699688,-0.596560519210621,2.69831430760924,-0.208538838568531,1.3915550389314,3.79539183080514
-0.791970329440636,-0.0727963582842251,3.35061431022435,0.22274097265412,-0.121856139774473,0.407330516128347,0.773193289882546,0.951326378410411,-3.24130843894974,-0.134575506716079,-0.247476934644182,-1.44257474785278
-0.149700743914189,-3.62924229366097,3.7887634633762,0.314452441235597,2.00383598991316,0.597940905033349,0.25360348651282,-0.0613415767966552,-0.596480317884528,-0.0334338985803413,-0.0600130661381845,-2.23969191385018
0.947033574988716,0.302250376595101,-0.0531068235234651,-0.400754633963462,0.294332760796025,1.20519561850826,-0.0540983486802216,0.24173746357044,-0.738355902741542,-0.2047709105271,-0.0740122184685094,2.1581243108904
0.982783009144887,1.24912122870969,1.95097921471688,-1.02274357924769,-0.887601800670907,-3.23876796097677,1.13563668095651,-0.380412475901898,-1.91218528080242,-0.0561439966259637,-0.0773036102875939,2.00970220952912
-2.16536384335195,0.809929888544621,7.79439025557988,2.55752389425511,0.873441941340179,-1.68859089424947,-0.0254344449864985,0.0138643112943276,1.62206818003828,0.234896019948741,0.173386060908276,-4.80059927209338
-2.98425891151751,-5.12793503565674,-5.86277873313792,0.466309766761706,1.70291791938273,0.42966004815373,0.141677256972937,0.249389048062685,3.24283463815707,-0.248361363606079,-0.131982590729449,0.111024210964793
1.05752606881524,3.83512058503083,0.412022511437054,0.0415811109972928,-0.437588499377386,-0.741941743963881,-0.17803432886486,0.103564153047909,2.27294274581033,-1.20481097974091,-0.468693728572018,-1.80510147305357
3.42372297526791,-1.4273770390655,-9.39471745486835,0.115177447022297,0.208977256432832,1.86047670724213,-0.324061187378753,-0.346717319030554,3.06294821476485,-2.68735068040291,-0.350155123797336,5.15722299881253
2.10156580565605,0.310293819683005,7.72883461595555,1.02284573194662,0.6856551114795,-2.64149323710557,-1.06860963934322,1.26858954478529,-3.52863067502858,0.0264581852832102,-0.150107962922069,-1.29471421758709
-0.263495025927621,0.449071925321886,-7.04804816244036,-0.19710079890171,0.68691695091638,2.09691805809436,0.136829426856593,-1.13457729419346,2.20588503321363,0.239864852825679,0.625971235015057,3.26986230932585
3.14515805671991,1.27331465889498,6.55966158913943,-0.327693111689747,0.618463312741449,-2.10834989554262,-0.0310412800357876,-0.149105397626333,-0.989237841325961,0.537565112664853,0.243394419997272,-4.4742622169655
0.0789031494056447,0.486684264676236,-3.76355196746246,-0.130568453718707,0.181940005587221,-1.01527125466049,0.219693013356882,0.450756985216369,2.47302643509736,-0.489435648053491,0.240996291098755,3.21661176506395
-1.5583044929453,-2.62543446335378,-10.2564455025735,-0.129026456333689,0.00455187816579904,1.3173859282806,-0.721068318204257,0.229497431942591,3.55882203643231,0.856632384530232,-0.0263868033408692,3.36712525101055
-0.326906541822267,-0.0680287179291272,0.262841219435188,-0.306518550712746,-0.109166406137528,-2.70810428789015,0.187840360672749,0.536344494760363,1.06494735408477,1.93710430189124,0.703878288714217,-2.46702530713312
-3.21395676735831,-0.460565231987677,-5.4778394961176,1.95974683215906,2.18138925537523,2.41631972064544,0.494842257557864,-0.325117603248559,0.432176895738951,-0.293038905714334,0.244741340091607,0.675914081362475
-4.16982241655579,0.595724784948308,6.85676854809258,0.353870448369062,0.460221787578045,-0.458660980025434,0.128061118874266,-0.519884726962048,-2.70077097105785,1.12307235747643,0.0971868764914046,-2.49324359029672
2.91195119491084,0.611838542105889,7.70668119958748,-1.68860479246141,-0.853707423471474,-1.96844668083887,-0.00462636546051788,0.00699540997234669,-3.26716593228733,0.569417629269422,0.108142284874506,-0.550586437143291
2.42956637485704,-1.25951423826523,3.66902470808159,0.403653673610268,-0.479509164436364,-3.50932523309669,-0.0287171604448222,0.2998227866627,-1.16114962704626,0.0958392661530107,-0.243579631527406,-2.20568241869745
1.04223263117856,3.90219207375552,-5.89350431054113,-0.30415166630582,0.0844890388960868,2.22747698524677,-0.235582640209191,-0.734995493675284,1.71868478811166,0.132714706274265,-0.0828129676376407,1.26994486226398
0.360444199787757,-2.35567890182103,4.12252453391019,0.0977715906601032,-0.15595935523883,-2.69091777919342,-0.226069399867994,0.131925940406156,-0.586199735783231,0.451682677704451,1.79917345050568,-0.527494703485599
-7.88068796899988,-1.96271223377751,5.64960897053678,0.102099822924635,0.174183103963458,-0.656842750309394,-0.419692651807986,-0.838651161829758,-3.28724088426059,0.426925936561167,-1.67785952742632,-0.870125121664819
2.54602419184131,-3.73528971718782,2.26784172159499,0.065077593697965,0.0435431052285641,-3.35969953174691,-0.925401451437409,1.0013859737568,-2.59083970340589,-0.168827398755414,0.305915373865005,-0.916569954820501
-3.95269236769071,3.69028641079152,-0.366177364233378,0.235848308247172,-1.11712420376781,-1.27998976318,0.0543978121700867,0.119759649517123,-3.02803007173765,-0.45502534396399,0.697890006857092,2.86802057526136
1.64258462011349,-2.27432011205077,1.74303339862172,-0.25408515337513,0.139498006011661,-2.52271856448193,0.219022358106839,0.845978839667263,-1.25520806631909,-0.0232174917410976,0.121677418193854,1.94675953598868
1.59605786077451,1.32087555339468,8.04066908695612,-0.490881277550985,-0.409101873415502,-2.05392212497523,-0.0344935871754309,0.669244422001306,-2.52377575501125,-1.29334682232654,-0.983524739290074,-4.14128141215398
-0.80825846576557,-0.850588559579069,-4.58347341983204,-0.225380619303235,0.210465300378821,-0.928625425986298,0.0262304225595123,0.157441789397373,2.82513427473843,0.609946514420731,0.0625292646721401,3.32185189993728
1.19357858902572,0.92410064158078,1.42500548000302,0.407704237000347,-0.161939156325983,0.700137935284304,-0.531110275417997,-0.335914314343043,-2.14210579319209,-2.0075885792919,-0.152961149103491,0.102088945396177
-3.87242200951444,3.06064152140156,-1.78060058743482,-0.662723098840793,-1.65750570750796,0.95208210889725,-0.215735816652971,0.542222926228175,-0.351171920520589,2.13031506124543,0.755815404638404,0.961780113293141
4.71089315639819,-2.20687042072739,0.974802099680328,0.0287072796929629,0.059429712167059,-1.98308143327519,-1.35863309723815,0.71873291409858,1.15231804451213,-0.178370838326034,0.355951320175126,0.696283346417553
-2.53561091824958,2.85580301529623,1.28222409216801,0.0670940996268321,-0.283150634319977,1.47890557230122,0.309825545849342,0.195959247847283,-1.58931034065881,2.22915898878941,-1.19883547877283,-1.9735240395259
-0.200125146246712,2.65388920377292,4.71604500002316,-0.0399314126695992,0.182547548724743,0.128074319137922,0.603664269788019,-1.43779282832608,-2.19004496019731,-0.924969637266885,0.212949536102337,-4.10891610692159
-2.42485996408163,1.14476070404792,-5.13106983886025,0.602543883478124,0.374471951966451,0.598535293831601,-0.0869333279579754,-0.182282527215453,-0.155062199155981,0.793951417047216,0.160097532433113,2.72147620481941
0.988043285180297,-1.491719092313,-4.03294037151481,1.08922113581172,0.464763624799034,2.96601478890824,0.0702672073640932,-0.039522298377434,-0.0786325884685536,-1.40937236385344,0.968017616839444,0.923697592897882
0.167240552804175,0.145040949992522,1.89505276422749,-1.31406421960417,0.671574863992955,-2.02171226222834,-0.0486063409988893,0.451761701072959,0.799702607348554,-0.320816338540329,0.52567352917737,-0.454777995368865
-1.64951396515067,1.93260532347896,-6.07250435097024,-1.4322250467517,-1.65651357889971,3.13980711656014,-0.155233242198095,-0.279640759898212,-1.90555645137455,0.569399178002337,0.141040777499076,2.58104741991218
-0.545683138456548,0.36952156525419,-5.00179539827177,-0.418545651767266,0.136802016015857,-0.197458681112429,1.09831080637084,0.119691353616496,2.75220860053763,-0.204336487860241,-0.19923296216425,3.42193364918768
-0.915050266510183,-1.37884606593872,-7.18717312944117,-0.626634362452325,0.476043706724971,3.50919176432199,0.461615317912411,0.105797343508024,1.39331819225381,0.674173129415907,0.0312324263833939,1.25693641949626
-1.17807186041068,-1.7466411502022,-5.04939648224065,0.40519717852897,1.03829611394766,4.35489581039755,0.590356698084662,-0.149627307052365,-0.0666593633565365,0.287004696055551,0.277769436654674,2.40652449362201
0.691475317521875,-0.932427058182017,6.98446412669748,-0.362367459898789,-0.266395740882299,-0.709593140446579,-0.235789345374723,-0.390239597457884,-3.50298627534085,-0.016268053253773,0.0644588531107022,-0.684151569982796
0.76163369157296,-1.73879630553419,5.72925756975054,-0.157308472317417,-1.0118542173918,-2.78897527197926,-0.0459990390083566,0.467837810423781,1.05757411729012,0.216595734471329,0.040400163825041,-2.49996648451387
0.670566920994054,1.74026603685289,5.87951127849482,-0.135945267076738,-0.407281179722932,-3.58998401369585,0.176615501183113,-0.238648403823155,-1.51257082811929,-0.550649841275785,0.413585448407775,-1.1880999992447
-3.67778316552857,2.14577896994026,-9.59252331290702,0.762678578666292,1.39230079319987,3.84988122932983,0.356118407381843,0.0573711983158957,2.20849305234169,1.84655607735612,-1.80368059972044,2.74651959008307
-1.77474372303035,-0.22218906575364,-5.59071673211665,0.130657725329666,-0.00221577323495662,1.98211037881567,-0.14815191906127,0.382135196618379,1.42534329801579,0.267496132200252,-0.179004788260717,1.23767035327379
-0.253304066268155,2.69755714200961,-6.50356661694962,-0.700507611793167,0.291873349699644,1.47579570852441,0.190666251647302,-0.318910709848912,0.243598204305563,0.393744550416469,-0.336872175069834,3.09942050183864
2.95932958836478,-0.903765213983551,7.40825390195427,-1.31599314236302,0.247054052238896,-5.63299222413452,0.327670233308049,0.481310236583979,-3.03060854413092,-0.153962636286742,-0.0458290453905105,1.95400876573261
1.48308406947888,0.485403056649368,-7.90277932896686,-0.335671449897144,-0.0957244881432502,1.51302285022711,-0.011254728623109,-0.269969593424839,2.78561567573815,-0.108397316945744,-0.132962907437,5.57054038538318
0.019622774603536,0.86204669123962,-8.15517923308179,-0.441018706003127,-0.445714996294283,0.380374825647525,-0.668304851535715,-0.743404506822462,3.70460676099511,1.60985325719762,-1.21474736370285,4.28024145366237
0.856867904911878,-1.25098496247381,-2.00767153833058,1.20324156599887,0.0659929909960236,2.16382605728352,0.112067908962706,-0.0379455804051228,-1.16119649698576,-2.87733216161088,-0.0246996849795907,1.76647654373198
2.87515695605959,2.95384288876293,-3.47335731659144,0.123150887237153,0.147772478261566,0.0157346265957322,-0.449578557209229,0.439928756241134,2.43747339419053,-0.315234340131244,-1.12252954007264,2.42864816439032
-2.18580801406431,0.826931613476035,7.54554943378651,0.412753604376444,0.753851073270095,-1.59984857468204,0.185181546715122,-0.326501866920034,-2.71582720921689,0.0945933921840137,0.263366738755158,-3.23581382712633
1.96590286670697,-0.529356684055829,-3.04197584450315,-1.10825831325359,-0.416737214588415,0.944416681610734,-0.230802250184432,0.571239880732848,-1.33669140019924,0.328661183188853,0.259244417750838,-0.0169646377792554
0.96698797623182,0.676543024322512,-6.56595127054674,0.127349292380654,-0.0773926030328255,0.289846136073716,0.440994272190711,-0.447279995634201,2.67506248704498,-0.125019863934203,-0.0612233864844497,5.21684447089876
1.14636503577267,0.848072018352581,0.757060355219567,0.263284514051691,-0.0853649218323642,0.37466106160529,-0.14231454682633,0.483108153756035,-2.70421134004758,-0.293117042013016,-0.93921254086361,-1.29767396649014
-0.0416002812232022,-1.89350210479505,6.98433470797245,0.47283799914253,-0.750712700476444,-2.75638515651572,-0.184186559531081,0.118835811711168,0.165814563673221,0.0773079577252073,1.30165691284333,-3.78888310819907
-0.779915397417149,-1.82653952553539,-3.8935379692096,-0.148597703292846,1.17673093795055,0.86574368533934,0.469576147609781,-0.187753835344418,0.905256225261734,1.43068204953712,-1.44980083285255,1.74595100117666
0.614181913476268,3.65428058577382,4.36788685010065,0.28301836777325,0.022015734070779,-2.17153196567155,0.205077291944312,-0.327315352180426,0.715246358520883,0.253046688023555,-2.09260723135453,-2.32002885676441
-0.576866543834645,-2.81703154957773,4.16018540604293,0.819872246074507,0.110923707836689,-0.353490658579771,-0.181235983330446,1.82114126410416,-2.09707378693985,0.727444757200546,0.687034505581157,0.517227889892589
-0.018227310140313,-0.0136365654107535,6.75063715061248,-2.02158138152263,-0.509405222611795,-4.0234761119661,0.345319076718738,-0.331825501608593,0.52556025646318,0.208626274732829,-0.0875516107416098,-3.40970228581585
3.42140161396219,-0.66035077768152,0.385516086389061,-0.41230536876343,-0.183660966252587,2.01436670719533,0.0162184747841986,-0.111705430633699,-2.29161617424058,-2.50394607977158,0.345364467572538,0.471698532343963
-1.61484929756335,0.665151346193505,-7.89019673804555,-0.318655337331585,0.159588097777544,3.31267254494973,-0.0999510506102511,0.0240414273863782,1.87744887456381,1.90004319688901,0.545569490963535,2.39885383838264
0.434494743991958,0.457988089736817,-2.60834650052096,0.170400058058103,-0.220673792436013,-0.553999583345904,-0.280132533328814,0.650972149032031,0.464796794449006,1.00137101348966,-2.08800044528935,1.28695282725285
1.02160603429813,1.34186495845418,-6.59537469425721,-0.622648559773712,0.0536806216181084,0.849996267837446,-0.331193101552411,-0.715076217864697,2.29986388440752,-0.0679483370198287,-0.287403250666442,1.56437531940506
1.57875826351191,0.606078285663661,-7.95510100596529,0.0502483331116854,-0.0335805202784927,-1.39391873997044,-1.45925549537135,-1.20214020375241,4.42337075056381,-0.323459995656326,0.24459344302651,0.817438068949339
-3.21668637955381,0.865268433987972,-5.23523439545313,-0.0886836610281426,0.959930583556421,2.07000150236714,-0.283052855554399,-0.242423295805567,-0.44177250823647,2.37178463898062,0.402729102737487,3.74372332989488
3.2092811127774,-0.737212273637052,0.426196723006118,-0.117403797067567,0.120938253215567,-1.05717503255701,-0.850442064200299,-0.690651384175841,0.147627466342615,-0.0299136641241558,0.280538472341431,1.91023872722583
-0.517405661573447,-2.05790427195695,1.73529944768781,0.085189252935607,0.178694369349438,-0.719095206231679,0.50862112635055,0.195740812424899,1.47348431960025,0.796046618208186,-0.516878646117502,-0.79580146957807
0.679060647138934,2.50046759280161,-2.7180342677554,0.0897294653636576,0.159200589333563,-0.262563050851197,0.722209045408294,-0.548993207885251,2.99647541437761,-2.12166771555837,-1.20119923973982,0.290658186114898
1.88591157861443,0.339867049249842,-4.00364219048345,-1.12853433986787,0.577473094924085,2.58229031268454,-0.222289450399952,0.401618535314984,-1.87746453011728,-0.326001451467025,-1.71861704352711,2.37140974918734
-0.554563456044036,-0.0416484752649127,5.30688644720014,0.2766266906773,0.108617549521042,-2.42957569748336,-0.353363998372084,-0.00548707868578581,1.16847690711507,2.09057978413995,-1.35962083512029,-3.38790069534647
2.58044933703981,0.706414667737814,6.51517412963045,-0.566100132720236,-0.423893487784346,-1.66632536647544,0.904910729779688,-0.0730316012271982,-3.13975515390456,0.366674020453632,0.161419400726427,-1.16915590516832
0.61343932445351,-0.228292090892377,-1.22106352696872,-0.355585870598481,0.0991273422904994,-1.46329762243969,0.678190985498719,0.219927101844397,0.220853826632169,-1.00327033492754,0.301828946254813,0.452210878448595
0.14959500785767,-0.653808817524378,-1.70365809275228,-0.152391625197463,0.0939938241964986,0.291563702238129,0.296757183375952,-0.00404972568281845,1.57392048257725,0.120001493156,0.546747140107236,2.93810649379907
0.357448356671774,0.391140296239451,5.32798092308269,-0.0796457487278062,0.79494436652274,-0.553819950866278,-0.33376996069454,0.217293071250295,-1.78966842332124,0.34065292339844,-0.342631138994108,-3.20134108690248
1.04331752559278,-1.95647294407089,1.75639903503197,-0.0810326217896766,-0.0814105696916828,-1.2773005563232,-0.2324658642211,-0.202801653911554,1.98194258301645,-0.923932565679719,0.122856241112772,-3.01170944015714
-0.0262915105300474,0.709621831369005,6.20838741907135,-0.074705254054967,0.230811738526164,2.24943886539896,0.312719995185157,-0.549842242774987,-1.6018131470625,-1.63773523855192,0.0845574963084265,-4.4746497670042
-3.3421383713051,3.40997702484668,8.00825890920356,-0.411379293993691,-0.114208178138486,-1.62589070180292,0.043481507614168,0.0512643426661503,-1.91106904859581,-0.0582648401767706,-0.923168260201747,-1.27370803589717
-0.0731894586623923,3.36289983259216,-6.48233818713273,0.490250252545711,0.419457141690291,1.91110332325477,-0.12068663184385,-0.123502443224668,0.720817259487248,-0.569372108064929,-1.58894068862355,4.88343878667427
-0.319453268190446,0.22654433558811,4.78294239854905,-0.0923338267144224,-0.200350544838702,-1.78128416263679,0.166985971986473,-1.14676306499961,-4.12773802812487,-0.506605296810169,0.301759940657543,-0.375302198731184
-2.83277162350893,-0.126788248067039,-4.22461687927406,0.726070296172484,-0.178195897483306,2.3576330713154,0.377635679985681,-0.113625388849958,-1.10167750938764,-0.104605508151324,1.19994131533195,4.69020732615145
-0.957309680063002,0.582831740404585,4.76171117881458,0.170851749695018,0.325568121198715,2.94785122414191,1.15551283888778,0.0611618495192859,-2.12053171856544,-0.207225530047757,1.36845960240063,-3.17599385752348
-0.637268877749077,-1.56771136384165,-4.18269377644579,0.441247548413871,0.711472452253429,0.970789192710931,1.2091233386204,-0.321382378805225,1.57557735782187,0.0629704507786832,0.72381932266854,4.2253703987637
1.71610631491408,-2.47918722906453,5.05298705193934,0.149090727689729,0.0949745535678707,-3.3698524470331,0.153866493672036,0.153192747773575,2.55293470452559,-0.542803015507641,-0.299639883617726,-0.543095922479208
0.693088930753533,1.51733188249697,0.572995775054243,0.260751891833596,-0.811673041598276,0.732226120283733,-0.25010178433213,-0.0128241605540979,-1.46186967124821,0.345265224510615,-0.187690385616183,1.80293096349199
-0.97789407335329,-0.885267422564423,5.78140399611735,-0.55662037550695,1.72035974413502,-3.88624532992311,0.287816194436255,-0.135743025605129,2.42985089907477,0.0919457329105716,0.322063448370242,-1.91118287595664
-1.55444622949968,1.31434409370603,-3.53838650154908,-0.0729784068130506,0.0884113291658787,1.22815308219474,0.0550435401479388,0.156622196414547,-0.890370780312414,-0.152413438034172,-1.11993160484406,1.49191416900161
1.1687767639055,-0.915659259865351,-5.58536720153621,0.144065564855836,-0.736682769878964,4.91885035338115,-0.457000955881166,0.675037898246385,-0.228756036735531,-0.311298587400834,-0.922402611253816,1.7857265222498
2.31469479175437,2.28591335766859,-8.04627004692287,-0.713805148606707,0.88430531106181,2.9800918455941,-0.258534385564795,0.0176807884007432,0.471878640941393,0.77016406727229,-1.83234394973261,3.47278645770504
-1.63302900951136,4.38230642729348,5.25184417732126,0.29130574505509,-0.0618550525279323,-1.62528384761931,-0.487941284494199,0.0110877968709678,-0.129193207308878,1.87297315176044,-1.15133392436073,-1.25476299135829
2.53519850796997,2.20197392776342,-6.79658098262445,-1.13491941855701,-0.701572545813929,1.31289401392271,-0.307754142027556,-0.288615112770775,-1.5577859649175,-1.94345142637388,-0.463586881380802,5.14676662166559
-6.05137014760123,0.839915570042759,6.47815409807382,0.495023419729852,-0.636291979341371,-0.311971833720603,0.204403533680913,0.20457978260722,-2.53318268698865,2.53886974828044,-1.42874203305534,-2.68364183589112
2.20157994817153,0.349968535044482,-3.82850516154445,0.278912570877343,0.491402925220049,-0.741118958236375,-0.287667882429548,0.450673162526646,3.99549880804281,-2.29069510675116,0.560727720387424,0.483833598986339
-1.77922585204102,4.00056200685332,5.54726468966663,0.429406642049269,-0.0309662146157872,-0.297858367584783,0.735751899395665,-0.917614393755293,-2.71558864468719,0.0932228021022665,-0.064278502967039,-2.26385303943145
0.656351795259198,1.45867596042597,6.40980179435438,0.0494709465461931,0.117049520774506,-1.53364608764196,-0.3784673975167,-0.0883418851549471,-2.35906827727997,-0.70791283683355,-0.319822641596888,-1.72232029946118
-1.26112534141631,-1.37074990099663,5.12991057295114,0.489917725011655,0.416541307210119,-2.71887464456513,0.194300181981115,-0.0052125407915884,-1.16172419696191,0.417938816662305,0.55965068202586,0.280840560733347
-1.78302918023744,-1.19647636563863,1.56034440513189,0.187986851913967,0.682958679353825,-1.00416257579583,-0.535316669057373,0.00746771478471326,-2.66449379365297,0.0229312687956715,-0.445175232137127,1.00496437180953
-1.11620892854113,0.689273563104905,5.54665201692916,0.0123678217638281,0.223878904362462,-1.23325762987709,1.58183793853303,-0.641451087503471,-1.68854614762731,-0.254781509599418,0.0491160882621047,-3.69752036990324
3.52586701567423,3.09228046459974,-3.70375560911632,-1.45715699999019,0.0714151241552488,1.45081526874977,0.0239070788077096,-0.214327363792687,-0.125031184417218,-0.142535235520621,-1.61278894243092,0.850727316189623
3.39663472590913,3.38000451260711,3.18604202190286,-0.12492355739651,-0.454760860265011,-0.793483604078597,0.0804369940617413,1.50859288586514,-1.45925328883349,-1.18635889609319,-0.655012789576621,-4.66810038110029
-3.95189587940895,1.40710291482986,0.268313425338453,-0.249533923862586,-0.0335089089980718,1.76432187428387,0.412410563812715,0.154574762742987,0.848326846194561,0.158136668439265,-0.581776683673465,-2.45184277080227
-1.32722306184738,1.81307932913816,-4.85002984902129,0.893248038415168,-0.579196437429,3.20376628762777,0.21138354495152,0.341978889558336,0.142126375571009,-0.259050706660047,-0.267953955573047,2.11826518788682
2.28891753423366,-2.60166118060349,7.6465079436215,-0.539980760161069,-0.47734906112588,-1.47968678920674,-0.395224682853565,0.526347517814832,-3.21765778619214,-0.354316718689386,-0.0402317583368926,-2.93541207683243
-0.522024201276021,-0.574629139460967,-2.64085847624778,0.243984814058604,1.12130514867837,3.15086595853007,-0.121762089602262,-0.731293051144758,2.61003785767982,0.0491891117113365,0.00884016432092996,-1.59256206366787
1.17346083784093,-2.79751572853262,-8.03978298551253,-0.631582924764163,1.0420217093167,3.38089592474529,-0.170706688749335,0.0579582597459953,-1.3927204811875,0.840278870402503,0.306572483700474,5.55323687968876
0.615209823019921,0.78684709733921,-4.79011123985522,0.28590724675666,-0.423065992818892,0.276560684079401,0.458916087932741,2.40059840586309,0.734862786816504,1.73862978986457,-0.598560196699928,3.18321464602406
-1.00079518369452,2.88363684379202,4.19912678089679,-0.988070543013651,0.430954416425663,-2.61686387484991,0.22901380049894,-0.181354110241268,-0.660121126883333,0.305422306864777,-0.113991509784468,-2.65126932136324
2.34808015860417,-3.33370610209397,1.22311829742631,0.224113464262388,0.231443970793193,0.719076711575794,0.113902070497467,0.00939891539507113,-2.02885949983278,0.660343052389814,-0.544085952880063,-1.68487205803362
-0.0862433786085318,0.594735849930758,7.02873283386075,-0.271737928878821,1.22055185017552,-2.58258454112072,-0.00380248915926298,0.523818019937159,-1.23755155941797,-0.2481593522563,-0.471111411483622,-3.87439957418624
-1.40005234254953,3.17543309680271,-3.74420759940191,-0.0286408879227671,0.129723238759179,-0.965236451070739,0.0426779797071278,-0.214816516972767,2.37436140406414,0.315063521846314,0.0651357262345786,3.90975280543147
1.95664910309027,2.79599753939086,-3.96989516598621,0.13179643369714,-0.0146221883746103,-1.16286068799001,0.0919289901844273,0.0960103102157757,2.13460482964044,0.033446344409574,-0.0334416147307241,2.55378000020049
1.40348621943648,-1.50233712815807,-4.33510553609682,1.08381697171727,0.630953175120499,4.06181419279888,0.0728583111469579,0.0541693082104223,-0.762343412815897,-0.553797349604662,0.504128049151979,4.54256214208854
-1.41334996345715,1.58418641240367,0.871569705354199,0.040534203315229,-0.296417510281665,-3.00557734963331,0.0802091925082788,-0.0532453357464086,3.22153654883634,-1.01354985627422,-1.59554611523236,-2.49243965082028
-0.385910292697989,-5.1111192517104,4.25026102518017,0.603038014436776,1.09922589426762,-3.53286788527361,-0.64168517988707,-0.305586742318557,1.86384997563579,-0.441003125531436,0.00992013874511561,-3.8205902318788
-3.02516139684776,-0.0583751040185807,-4.68938360090143,0.314194505900599,0.590707477880013,1.59111865512083,-0.0848031687535034,-0.20385430688556,1.77736721928948,0.216124898759644,0.506594844862853,0.511905496434309
-1.05892673774081,2.46443909628405,9.95188374301154,-0.225054282223761,0.341611501510535,-4.31136617414961,0.203873722606926,0.420389580205342,-3.45454367764801,0.710637211439877,-0.633319572738417,-1.26698229547001
-1.84118460826283,-3.8416962003858,3.42905574237927,-0.430788022914782,0.315611571150443,-2.41724223130092,-0.102491081003065,-0.196093733844449,0.671664803559485,1.3599033720717,1.32881114886172,-3.7703355285345
3.09120375925105,-0.243422841225294,-2.66288212721595,-0.11861090572427,-0.217379521954269,2.40851765641961,-0.262624916240878,-0.0592209600009022,0.608827226022499,-0.223604308443436,0.567619233602623,-0.749255584833785
-0.689064740110996,1.34582189394524,6.77823494081556,1.11415684272275,-1.79926955844602,-2.02594095553113,-0.300479642798534,-0.19369381757676,-0.19669304932042,0.378559216768168,0.383433442479353,-4.51914149400575
-2.97383693958303,-1.1914996034078,10.5300151854859,-0.0183688447429576,0.0017795881282226,-0.335305140672251,-0.00858431079037611,-0.238291564844908,-3.78193260467795,0.475750683197656,1.79717892354897,-4.11340448522875
0.912651370719721,-3.15351568680026,-3.64104329620709,-1.10496017602467,-0.0595807086268596,1.63087652842061,-0.0315386034340991,0.314823864874175,2.27013665522734,0.2982786661892,-0.143378134006648,0.892588609133658
-3.71281354625389,0.962270693278217,5.69619974781212,0.304445553820345,0.0383041369227091,0.0744445154061248,0.137984175864577,-0.655122448089914,-3.82783467022803,1.00284805048724,1.18927614996372,-2.11676928066422
1.15574990163768,1.89798804285734,6.9657070685364,-0.150549083878445,-0.042465217860445,-0.254188132242123,-0.0746051282634117,1.13443170490387,-2.34459531223054,1.64453324395436,-1.06947440004278,0.289900420121083
-0.109918244034755,-0.943942547299734,6.31747661662849,-0.304390839779356,0.700540205985327,-3.25394405241315,-0.345137037533367,-0.31432391647966,-2.00857026073242,0.626669181597365,0.0887094052082709,-1.39793797251235
-1.06043342767486,2.5516233250622,5.35671153856172,0.115851911446588,-1.03369468503178,0.614795333064116,0.0461539083168536,-0.375595169664026,-2.43098858611941,-2.50538861829262,-0.568060208807688,-1.87358024621044
1.43865569942608,4.33929387354014,2.39936485914629,-0.0684587390712447,-0.0282399117220266,2.39384139427197,-0.257449027368141,-0.106355368705723,-2.84532601064408,0.793938715468309,0.0673925517345184,0.502765161766152
-0.922692898210797,0.315664177814343,-5.9022288740978,0.0859317056030733,0.0896947103960042,1.8082541428025,0.158636826282752,-0.119090281944338,3.47121962672413,0.229967661791929,-1.74718412913153,1.2663848852092
1.01043421384437,-1.75171683440491,-3.74200862246798,0.147280333835002,0.0254557772761036,-0.556648020379449,-0.0394496003433952,-0.320517111526798,2.70498659171297,-0.790474761664246,0.473399497635309,1.45648975617812
-0.891505406904147,-0.565465326614243,-3.50402760019301,-0.0060471960933194,0.086263745293391,3.29507759906931,0.863225497446516,0.924182866127377,0.591785436757789,-0.265102584633166,0.177354363589147,0.506957152010347
2.56983134113534,3.14337493667671,2.20850241297501,-0.166063176127095,0.321077510986661,1.01079255318128,-0.832097631418295,-0.651542715974246,-1.86944199681696,-1.41275720476876,-1.58955165951755,-1.22989000995649
1.13623701532224,1.78096277989572,-3.97232251041687,0.466291028303303,0.166185257893765,2.02016541663421,0.00377498644562745,0.0635699261507353,-0.432980094477344,-0.111770737392091,0.159982876814054,0.667971201561149
-1.96953344529494,0.895858101299962,-2.46766104243218,-0.474050973252572,0.189402975343341,2.43730620023249,-0.0288259883554018,0.263269058563685,-0.167472935258888,1.19667442491846,0.456862839537968,1.86134816855517
-3.78812674780219,0.853555446813322,-5.49038688567949,0.0706185428448853,-0.230105859491164,-0.622986206846132,0.157599770326649,0.0497889443275843,1.38795866782766,2.403839848272,-0.419732030446055,3.54550219305102
1.03894194870872,0.399361162493858,-1.16829004129268,-0.210623196751309,-0.230019632819723,-0.728841359980198,-0.966374924089022,-0.863879281042486,2.4115128860103,0.03230383566541,1.47902106378096,-0.0367845434057633
-2.49121111967333,3.43024204700851,-6.04596935500964,0.322975872015757,0.109498494114497,3.14619348385898,-0.0737178230593676,-0.475714841536501,2.88014282355294,-0.42305828057642,1.40312103931912,1.98408057639798
-0.756868875475837,-0.590492082841044,6.49534140943285,0.125164567488938,-0.0874168469586859,-1.02796273196866,-0.37860677521183,-0.074541661000191,-2.39111116570582,0.429069511889814,0.117822955620471,-1.16424420376327
-1.44839842852199,-0.974776830968608,-4.64037506257515,0.241979513046957,0.372203194222463,0.756262385460009,-0.0357518502990516,-0.527300770010014,1.79182363056588,-0.282773634296094,-0.238766344052117,1.97059517772459
-0.245026100027441,1.5767289248349,-5.79114525780113,0.432054789584208,0.0293145847243386,-1.47615115861699,0.970818422273212,-0.436269030597475,3.44664857001387,-1.89487269586109,0.0319911635166416,3.17515761844269
2.74943288091333,0.422679879753714,5.12005367582861,0.00337373567801428,-0.0523881409379521,0.65334644048807,0.589225761583361,0.443620546485718,-3.29719024092663,-0.293137396404242,-0.620953885373091,-3.47986544617955
3.23859180031071,0.860659211330008,-2.3830780357476,-0.419339985270011,-0.586019003641748,-0.898446602951224,0.304173451609838,-0.0436637858039277,-0.207919797258574,-0.991507521798666,0.89081251922387,2.03856664882773
-1.34145485752501,-1.4320172008286,-7.03223277665942,0.162021731633471,-0.214221114566513,1.46610691405178,0.221348702538187,1.49871096573867,1.43662501854076,0.469197135200876,-0.729716133983337,4.74892309526333
3.31386249595275,-0.937549383673139,-4.53955285468431,-1.80253685298087,0.739483526906215,1.7355578382889,0.0497681904308687,0.0547014945046509,-2.06812361191425,-0.533998499285809,-0.216713892497484,3.67464040023778
0.722299320821858,-2.0837205432564,0.539316620436551,0.0781940896664513,-0.293681021233806,0.171286269363527,-0.233266364341696,0.550028151160427,-0.674817351264765,0.0629520510223862,0.361378221197927,-0.402771886321792
2.30721897850284,-1.03174253559326,-2.54720947946332,0.522551358701376,-0.424714042758158,1.83795894862853,0.182383396233157,-0.155674394200967,3.10900024288457,0.0537464871867769,0.608477128604218,-1.20967908943656
0.887770856483003,-0.779137137107869,-3.33060250470726,-0.349029241483902,-0.119921532011112,1.91839355521615,-0.397776738798106,0.277410513575374,-1.86695623130339,-0.420073216135186,0.271684355533683,2.90535630307242
-0.144526159995323,1.2253632659978,-6.11773529479981,0.155746289133678,-0.386951097479271,-0.9918569972042,0.384950588377463,-0.376236072928142,2.49239226129359,-0.462294558545823,0.536393571614051,3.87697193421356
5.38569811411467,-3.6550740991222,3.41468739490395,-0.349361397561206,-0.229564850079654,-2.64816900307075,-0.129067708049053,0.356032645911385,-0.304792576986492,-1.45379614044131,1.41266524013179,-2.77751848953863
1.69088048715681,0.666739067628904,-5.02838493370921,-0.142426494654591,-0.0383685074849142,-1.33699822073827,0.167954174666444,-0.0302552051290126,3.29546516547763,-1.47495836392252,1.52359373651652,2.93139573364515
-0.333003242632325,-1.64423327847168,2.80688171679463,0.237430078086656,0.449504062212041,-3.97734307046287,-0.292746119162503,0.0729372101575246,2.81993491877519,0.140013781398298,-0.0607950218763224,-1.25533511404101
-1.57354541268111,-3.29412770085306,-8.22323725950266,-0.314905306446728,0.10171285281391,3.93344029032323,0.139421572487966,-0.0967089505674019,0.906305881844184,-1.39184291746547,2.47647805303156,1.0645804244054
0.0307300976139283,-4.13933103036981,-0.0747708127592317,1.41759364332,1.20960708938158,2.84768411174712,-0.79071025652014,0.141328061928894,-2.87566958232725,-0.611219016208495,0.634756659420005,1.21648985736733
-3.20269864092875,-2.30358561357631,-1.03603288909476,0.86969181439737,2.2064530670233,1.43231483875283,0.0784655326338938,0.206686363755988,-1.17180840090112,0.150448568343922,-0.579264677580248,0.278547621813697
-4.74917447813515,1.01710012438403,6.89329221011553,0.235146846417682,0.549076146247811,-4.00374928042984,-0.168219679197151,0.128749702654724,1.40473777733495,1.67887427874478,-1.82378758198119,-2.84222962266829
-3.67054633653229,1.77469392173452,8.98981818247636,-0.262971338315565,0.0268542286159417,-1.46794453380187,-0.151888447665958,-0.158619308019026,-3.12920643953143,1.03876733634743,1.42620572756007,-2.8371941502466
3.99044924203617,0.304002457402436,3.70248242981506,-0.0630216689580515,0.221221706578971,-1.63848196322529,0.272047853538796,-0.0737889526509375,1.26501661627917,-2.85447920947899,-0.246383792397287,-2.9698835743878
-0.400117768138172,1.32392551163739,0.584526767867107,0.331876115941936,0.058293977651151,0.145307429016492,-0.549841675744937,-0.256671001209244,-2.33698279650596,0.450997347744668,-0.553302062628612,-0.55797906731986
0.595814634352486,0.498768749238449,-4.5677782701125,0.354180119162187,0.19237235417296,0.0592883712244182,-0.723248626733161,-0.284929653860195,1.42313588330592,-0.240940370758417,0.204107879478123,2.69354195932056
0.689311298394311,-0.884958537561678,-5.67902754349244,0.0423407898697587,-0.36028959037557,2.7102169588129,0.283578588805516,-0.461366423594362,-0.111963885116211,-1.35360514327189,1.21938995708608,2.61018098157284
1.11603343627696,-2.07788120710686,8.19330355616839,-0.200813232576843,0.0427477851001935,-1.01071754978283,-0.293241913560637,0.488155795180219,-3.84455125114317,0.4635106639667,0.731723420940799,-2.99539984873518
-0.127384958179788,-1.53347441232293,3.62953541614173,-0.25979611233985,0.605206860209904,-2.76355192661378,0.251722225893128,0.378706593452894,-0.825506703559967,-0.47860372252554,-1.44028873302062,-1.30232126585933
-0.167625677257909,-1.19827829760867,-5.6808805370316,-0.138107358256734,0.14649542505424,-3.33450335451161,0.527874026928957,0.503106872571327,2.19345560909901,-0.129692214688569,-0.812771107950687,4.08717073372073
1.29591360053964,0.663615144580632,-0.943683645077181,-0.545977565635128,-0.071196453592793,3.10926198070924,-0.0795611858610157,0.190433407814636,1.26018499178836,0.348053613740081,-0.523339867875281,-0.922151773728619
-0.543119728170784,1.4866395067809,5.3694841779805,-0.068343728434652,0.240985215602208,-1.21627062844134,-0.324975870853819,-0.0675580563139163,-2.31459961439764,0.545837693319965,0.142495615749455,-0.96721247192605
-2.15733974235992,-1.72793089458474,7.05738552122389,-0.341696834743743,-0.163178764686229,-1.951404470303,0.422296004430948,-0.249499918036419,0.241469106002037,0.151769519621454,-0.161742389691337,-3.49143103619714
-1.33392660892865,-1.32063076633163,-2.06040262363532,0.149655649798029,0.440692018660149,-1.6665371866477,0.189853814847849,0.338355597315889,2.49933233224063,-1.10844458417367,0.472475550349152,3.54652347768363
0.44642349218653,-1.4823877492983,-8.13977404136349,0.759271019607456,0.742516664887046,4.65574981478916,0.229533445698106,-0.102522922450988,-0.548074356477172,-0.796332506733866,-0.507249418520273,4.37533394709569
-0.92994601657597,-1.74519783073619,-7.47157021046956,-0.474930883407035,1.6336913418676,3.30404911885815,-0.0058868097079733,1.12847674554116,4.22191654848257,-0.0198533936060384,-0.074765183000242,-0.120657711633739
-0.28241179973229,-2.09556505978039,1.16585624035057,-0.0222231436363454,0.240807284620969,-0.378908879381718,0.574073595819381,0.917905685102965,-0.574590516715997,0.171097059772277,-0.276114981209126,-1.89328955102849
2.65446958291956,-0.276460093670964,-7.55205664563994,0.273873712960109,0.332288295895428,1.18293236014277,0.996368953169472,-0.661854498212772,3.06902884365414,-3.3493458606959,0.664501440565252,1.42103867665221
-1.19564057067402,0.566840389422249,3.7787420067294,0.447473336008714,0.2278836113839,-2.66350939347375,0.132753858663053,-0.457847428747701,-0.741816693757002,0.571054415443391,-1.08415999418956,-1.70910350735071
3.84681973987225,-4.39126988769581,-0.679219077924217,-1.29880224673239,1.59641514187548,0.140053614553236,-0.514301030294498,-0.019790713854786,-0.901656275798848,0.0382252268803562,0.226890835628819,1.49473963878537
0.690239020516214,-0.499025802055451,7.73030251118532,0.0159884614321485,0.0528641390909014,-3.13364098359265,-0.0710124570337845,0.0103885577616328,-2.24170179669987,-0.560240428573349,-0.148633250400456,-0.543502768880212
0.0845824916660307,0.441348096244659,-3.90458294985621,0.0120374119399584,-0.146701537588351,1.50093091855812,-0.0231787487045265,0.045590100813569,0.830894946346854,0.381476053754402,0.213849156898522,3.76976771091307
-3.10504020532785,-0.537425209212083,6.45488275608984,-0.0527489095659696,0.0424778393621556,0.318205106245091,0.588536755635222,0.0570483354517817,-4.25383779202433,0.316977786083026,-0.245997820306003,-2.2472036553509
0.43760877562983,-0.786104302009738,7.6818567505512,-0.0522877877885226,0.251300094674515,-0.845174512309556,-0.457048648142819,-0.732195966027012,-3.34944959382943,0.0626768879441484,0.20749413382691,0.686399536157668
-4.15859331460266,-2.03389484714715,2.45776065683077,-0.0609990974092317,0.540567331208446,-0.754593879646185,0.421607773627663,-1.01559077380087,-1.99949122211868,2.40599143335799,0.519416615797415,0.248696277323545
-0.0482964619309826,0.0120171057874332,-4.02901297684879,0.1498905021097,-0.0578925552375662,-2.11341059125312,1.15673791858317,0.630296765821572,2.44693516103397,-0.447541668178934,-0.752715610022635,3.41428974692316
2.7931953438571,1.80837798755149,0.799098563793585,-0.0581864491980187,1.26127955085791,2.38548307844434,-0.0902858380671383,0.1034162421799,-3.18126354567637,-1.08013993715977,-0.857537586124654,-0.31396158848544
0.640472030859672,0.159244105254561,-3.50491381696448,0.56333243845491,0.204020677058626,0.660290810020608,-0.0980604338194293,-0.278445039616811,0.297524472665364,-0.0973732760488706,0.0376208234176746,1.66367319442292
-0.641068427060419,-0.76953718305262,-5.57399613689617,-0.239642563747424,0.0452146399239049,1.54308357064989,-0.324556230551468,-0.690978310347765,3.31274819710336,-2.16290129299873,1.53210832232381,1.42749863583614
0.620812604046911,-1.08117100022195,5.71911677659009,0.725258124402986,-0.234026804656413,-2.73316059805843,-1.31678217934925,0.599306836756826,-1.51644417171798,-0.573695191878306,0.333726067403318,0.324255301661203
0.735210184377487,-0.999523971666649,-7.00847499157924,-0.0330953517655583,-0.0537059945142459,2.22969754851614,-0.102875139599331,0.0480435631134693,2.87648132606456,1.35561537043078,-0.147146374261279,2.98778734756072
-2.63416949579675,0.573179913813876,-3.38688031616375,0.112298709300358,0.387339551341781,3.30802661844381,-0.406053423489271,0.219470293411629,1.34744756914538,0.418586015573963,-0.00477269883725505,1.29307939325331
-1.23654588669667,0.790024383457332,-7.32863273575896,-0.0298503678521263,-0.0292594813159993,0.498534687007486,-0.298863208917796,-0.0548023687769588,2.44527808056263,-0.446637251414961,-0.00768083290990566,3.53325710818217
-1.2501953514176,1.08320109818795,2.41808697705374,-0.417191723520637,0.106620845386383,-1.87237168369506,-0.161469188585625,0.468742473665554,-0.907279447569569,-0.0625770747408433,-0.0979534555985158,0.844286443512828
-1.91000964093625,0.105513819950903,-2.5305527655672,0.271537421919793,-1.38169068908027,1.83075169480478,-0.239175619893867,0.216229160336532,-2.28670287297621,0.784139524181013,0.698388755260381,2.61729178701117
-0.831894833285276,1.3711092650083,7.31200435588481,0.748051881516464,-0.382652220281662,-6.0656587925361,-0.0180782260515661,-0.0452227827846877,-0.417819597170076,0.895029403937181,-0.358175173514019,-2.76036785122938
3.24489577740201,0.620482487591916,3.00311212734408,1.56705684555164,-0.463695465722902,-3.15379620445169,-0.157720180601634,0.393281014963088,-0.146807889822147,-0.78629155750946,-0.802290557085282,-0.429103005020563
-0.715113215736342,-1.08911562894523,-7.0854515340962,0.288101884068063,0.324775407681222,2.03778261170343,-0.152743556887107,-0.228910443909859,1.12393549670085,0.409696545071161,0.553136295545737,2.65160114994138
2.17059736355874,-4.30646854993469,-1.6466717807742,0.129835741699361,-0.307609456689299,-1.40385691165652,-0.167056074932542,0.168904515253767,-3.23109995725841,-0.530931236796777,0.457419503342637,1.42494049032282
1.86056961962369,0.666566269671043,-4.6679520929861,-0.846483157459603,0.7148287924706,2.37852812292567,-0.119225000304344,-0.0800740799039915,2.74059845388369,0.0694213081366597,0.210520140942356,-0.0644421546450012
2.0640338883094,-1.31445527668836,-3.00322494319025,-0.0622884195484956,-0.0400093978079949,3.22162230334048,-1.1600664086318,0.0864149207521612,2.37299801729452,-0.0703112940794597,-0.406539464155732,0.419069622400578
2.55472775934611,0.145697215204101,2.5375234401268,-0.506920045441734,0.0265162158106393,1.69711900033561,0.114863097594621,0.171835902441109,-0.0542224260316744,-0.342761897139893,1.37826947753054,-1.16055063981791
-2.31861627086104,1.50041563764815,1.65443954507916,1.27331418352022,0.540317539726988,-2.72354512977428,0.796744232745317,-1.94124535194904,-2.22298015134219,0.0463082775579787,0.0212609149244059,1.92885606330484
1.73528844175405,1.88577526625167,6.62921847038756,-0.0524991350503098,0.0534175633705211,-3.33787698716083,-1.34621252153354,-0.7447662226768,-2.61541976459081,0.261831940298151,-0.0573524715519973,-0.912395188714058
0.422851474282838,0.587768425206929,-6.45348669301022,-0.0523941988654267,-0.557556182701684,0.307941812642325,0.0302360432464416,-0.105572721853353,3.78525254327314,-1.12829951128496,-0.587937613249736,1.79656153234921
-2.4754370855157,-1.10515247038864,6.15104800778692,1.76081603040483,-1.33347994576624,-1.78717278617736,0.673288139601246,0.271803392928072,-3.7317906193254,-0.0496434172544541,0.277280572511416,-0.69377490155836
1.54688707261152,2.43594657287721,-3.78251934099464,0.365328934007479,-1.35613320823111,4.06971220885361,-0.0798208228197669,-0.374535524785636,-0.250550518237863,1.02846606513274,0.379284560705557,1.46694599369009
0.573346587205246,-0.754371887262993,7.71217371342406,-0.230908471575772,0.0956758988161776,0.521183077425232,0.224795751345006,-0.803794807991496,-3.08373833700525,-0.851042922707258,2.02390169442517,-3.41051650581972
-0.341297158986498,-1.8662438579082,-9.87709415652446,0.197055786795169,0.472618245622966,3.39815326658836,-0.786605591444083,-0.652750829772591,2.10788856087757,1.2948448751128,-0.673842604133817,4.18750606256568
-4.89604623528065,1.1421270113202,-8.89036179726745,-0.108979052454234,-0.0510158957237804,0.537718177374872,0.533004262635007,0.589536466072824,4.95434274651425,1.5324884550326,0.398812954757963,1.77339562285479
3.92806001332067,-0.90957883780736,0.316504828157766,0.592491487363851,0.288293650882891,-2.44884831591024,0.0382539747739073,0.0966260030317151,0.916736775100231,-0.365044041382253,-1.86435482199589,-2.51364597267739
3.46956310235292,2.97821670884111,6.09992739110113,-0.749857423177322,-0.631446281363366,-4.19244939086997,-0.295780561889501,0.577111970909483,-0.998563635964512,0.33395070048407,0.290813617783177,1.00889409394524
-2.83935322066515,0.836559472731382,-5.24311328392811,-0.206936947414803,0.0148332509132088,3.68453962739692,0.352986869037577,0.247861133574614,-1.16578780610189,1.13051198343863,0.234324818023765,2.32030769124521
0.591887620701268,1.22739124137797,6.67095368686518,0.0101887370920015,-0.0269385051535805,-2.0218303650202,-0.808525899359919,0.307237847738715,-2.97647431897354,-0.146912340573122,-0.503456712704002,-1.44518744436015
2.66736875972894,0.340615390724382,12.4816965027736,-0.548597524382805,0.452034375273128,-2.34476117241161,-0.0976594686660209,-1.153436515115,-2.92780025515119,0.0831048998880523,0.0607957321471271,-2.60930019003612
0.558589658177142,-2.56835545045736,7.04869212583115,0.47249935464224,0.0187643108096702,-2.53070767186882,-0.426287574131101,0.0979769129481928,-3.05516974210614,0.347873007733314,-0.604869083715737,0.442511410460731
-2.58106488097207,3.21266855081252,-6.2455473336399,0.00998360672636615,0.25523068407319,-0.644159339325797,0.286288675227657,-0.446778213554543,4.56767508677046,2.05023966419045,-1.46316201147476,2.16517638469004
-1.67440176523636,2.50906648551819,7.43522223914918,1.85894873080241,0.119176549869356,-2.14832959973337,-0.482309442986109,-0.797809190881061,-0.315263881630233,-0.288770798823986,0.120703781731975,-3.93730357547603
-1.23741781208751,-0.464429243594368,-2.32076368563686,-1.02233539226887,-0.0384145846910648,2.02532075207739,0.201869114427697,-0.286309260630462,2.10510329685263,-0.0496892928585176,-0.396749328722104,-0.480021705024761
0.912696531206958,-0.0916214718486699,-6.46489852247566,-1.46442995833487,-0.129253813719679,2.67262936533653,-0.0753010626552983,-0.765682012988556,1.04434220763867,1.37003451012335,-1.3866330692933,2.21201671573882
-2.65189667135766,-0.596087351181942,-8.65956613216358,0.168911093928762,0.138782624800164,2.93240576913525,-0.784494608902626,0.426520691501631,3.24278522664557,0.0683664872759218,-0.0952048211964573,3.68716597477724
-3.2174839478014,-0.903110395540737,-4.23070257136867,0.105653412915308,0.779989705424713,-0.217424907169884,-0.13742496700269,-0.0610858592393291,3.18658687366054,1.56571844159983,0.396180244966987,3.39684682451995
-0.219683023332248,0.0153355803488084,-9.81434803938098,0.00510325453038883,-0.426707287423088,3.48100194696776,-0.0933254169302885,-0.00203794612513636,2.63350364746325,0.00786792307926918,0.371072437517649,3.6448082163947
-0.491509455116729,2.80507641479668,-7.19744392627203,2.23451888742519,0.0827678269785563,3.41000079654509,-0.170500494185709,-0.458385686120954,-0.51496342992713,-0.805810115568621,-0.332774438285902,4.80549934648514
0.015034195081902,1.95024944860663,7.98734557409644,0.0239778637494411,-0.56499241864415,-2.65453199573789,-0.18447671747024,-0.0770508309935335,-3.7585451352743,-0.120798614013909,0.8397225303888,-1.40065442468648
-2.82177491921283,-3.74154789228584,-10.5799925004266,0.152142478011739,0.120646901751201,2.04392338433607,-0.0863782062756015,1.60903647845867,4.69776196518002,0.278997004515949,-0.461950080284527,1.06753444823335
1.74536874453002,2.05905899650639,-2.62521173667142,-0.272565045256062,2.41466114519125,1.26214547299625,-0.287086638698679,-0.332494546446681,0.108063814196333,-0.898856274569882,-0.271778388679302,1.38554117519557
-1.22075071164542,2.968915800288,6.57476891221409,-0.00328079947715875,-0.129715907543713,1.52455158311394,-1.81313194919864,0.138105149696587,-2.87367556342615,0.769719295623193,-2.82169595497685,-4.0793064457964
0.608164755548998,-0.54140862857228,3.01748332689302,-0.0896363204263821,-0.241942736914665,-2.65828169023481,-0.213002855299994,0.368018733826101,0.629983765020165,0.0564496982348316,-0.0195724215778832,-1.46000453509045
-0.248560405463271,0.354037956604364,4.88509925335005,0.155244801855706,0.100914656861479,-0.110741675401466,-0.293341046932715,2.90914875157096,-3.56437125381248,-1.23834556281482,-2.08820950205124,-2.62566164540186
1.46907113378199,-0.564600561049331,-1.47680936155444,0.381791129820499,-0.628630655376343,3.75381920118522,-0.147264714412636,0.168526895474802,-2.3420837256997,-1.17272866782296,3.00075541653911,1.28044084495237
0.905701111794433,2.43660984215711,4.7785220212742,0.717448358685735,0.0476769134845213,-4.55120727004649,-0.154757738814894,-0.127527257184687,2.10905998386047,-0.794310622986452,-0.810190701816143,-2.67969533981357
1.68605575697792,2.91806177395763,-4.62270422861299,-0.237174711343136,-0.0724424599960808,3.00352275930351,-0.307454101935631,-0.131858832952656,-2.08876783349375,-1.29785459945853,-1.13709343036873,2.77973203394801
-2.31544434017634,3.35500323151646,5.12842136166367,0.126613033386251,-0.345524080694526,0.485315049536462,-0.0926861766331365,-0.0269576093032274,-4.26949844436562,-0.840646388289207,-0.71004193800115,-2.44607329349098
-2.64483946554395,-1.07631600442899,-5.5340399492599,-0.314462995071353,0.0246331354630016,-1.21658588335079,0.0801751986856215,0.257024165318488,2.70749372338187,1.08548231486354,-1.67866020170841,2.69800587800733
-2.80731028832981,0.687791886819575,-6.92080486544882,-0.480062016539557,-0.226409123714546,1.596997334481,0.586566875425947,-0.321748974794931,2.1921782370056,-1.23551179110558,0.968015485383393,2.72729684577541
0.224995418758503,-1.6460006333615,-2.6930192940731,-2.28328912433838,0.493931617957546,2.14730656202488,-0.561332312076821,-0.507896083922668,-1.99992999380506,1.14970747320903,0.909691472540387,0.21583117629017
-2.91951233466431,-0.901027607837553,-8.25732530598369,-0.405539171573158,-0.179327447818976,1.15646752169989,1.26209467371594,-0.0901113318315665,3.09035018789245,0.211927234980471,0.311502985393815,3.13936596590655
-5.66724285563707,-3.69269233849886,2.35017860474485,-0.373291409414482,0.283107099875881,0.737872307432731,-0.0305466076020113,-0.372134040279855,-2.92115423112827,1.05022454770247,-1.00901315373302,-0.916517930599892
2.77989481485452,-0.554684046492071,5.63049603955883,0.541901042829022,-0.00547845174474242,-2.69188699353602,-0.251884311014737,0.0130897054108974,-2.7850484403303,-0.7029958970079,0.351785848614322,0.672820268844708
-0.736892721070417,1.66285867568662,-4.83343931160407,2.32173383141762,-0.0240746670594492,1.9889982576744,0.108368157793375,-1.1718015745667,2.42231148097806,0.482951836285297,-0.245047884554152,1.46031404099586
1.07063360940809,-5.09388515386498,1.48491163690442,-0.0146682266777656,0.0170161780140827,-3.78396899564881,0.00318729403481562,-0.033569909964859,-0.772021056727386,0.815791437933991,-1.95413333260527,-0.505787810872033
-0.875702380735146,-0.841167231747221,-5.802377848599,-0.106310518390454,-0.257804057739646,0.753628466485557,-0.620609420289574,-0.323799331682197,3.35306203986495,-1.0903022421763,0.829630870209753,2.13857701384306
1.30491335639197,0.234415833654465,1.82112876979281,-0.118477546979154,0.0725585603211786,-0.590649841583859,-0.79662914176856,0.932349432323194,-0.165522712801553,-0.161219331584852,-0.624952669900103,0.068428708441626
2.44074037361139,-2.25918582621436,7.58683196859823,-0.0155443721418757,-0.0308345202358074,-1.11265600631019,0.398579419296175,-0.29568838716837,-1.86122432996316,-2.45130942314415,1.66525995874968,-2.99065497517876
-0.0786879962570369,2.29211628898931,-3.80911959654744,0.702081905810762,-0.169011564100752,1.53187258438996,-0.201580622191322,-0.117221662176998,-1.36821705016037,0.184287751156562,-0.0347597916599853,3.69079261952005
2.2844313225993,1.37793287952803,0.714728937040927,-0.0118919053274469,0.69742595538129,-0.544402829426698,-0.0779776924345076,0.324961914226942,0.914546329579708,-0.636518332548803,-0.270102739347152,-2.68810203275793
-1.89318220585516,1.51328600806821,7.56235892158021,0.0237015899019001,-0.119850685229717,-0.859558161802737,-0.290697191545213,-0.557750822442674,-3.38493697476906,1.16622067061622,-1.54494195469219,-4.00447887936746
-1.00525476507554,0.139708112574195,-5.724807759963,0.513373916909231,-0.11394813723717,5.1961494648362,-0.109865423838503,0.0807512899612787,-0.501126090525961,1.01497266966989,0.575426751480421,3.00147717755458
-0.0349489684631031,-0.191173970473591,-1.81299706380662,0.115047594315068,-0.21338655709402,0.627650893668343,-0.401217491821252,-0.292429557309934,0.170617614277534,0.376275390434111,0.306971336799926,-1.11862768920998
2.32134500457263,-5.13341259022536,5.26275476509593,-0.224656024851011,-0.0790880487351872,2.56491234044193,-0.846175391734442,1.64001605641729,-3.68177431813774,0.404795790921534,0.808798874090416,-2.80453417747127
-0.251949530936733,-2.03818370723583,5.04514464798738,0.04487457084777,-0.0253378936763384,-2.18886448151898,-0.0269191075395475,0.431461338088933,1.00765445247278,-0.683230968645929,0.914832197784824,-4.24349430446651
-0.267132422703989,2.6919453419842,8.80106493113762,-0.103422620481694,0.294519921082848,-2.86316358500501,-0.688797628409074,-0.0166959268518315,-1.29956014129424,0.170912206076475,0.0291260548478762,-3.31763945166497
-0.887357314368307,-1.11900474867136,-9.40369440181905,-0.129229081972165,1.29403276735827,3.09863140883231,0.254948967778402,-0.921831140708968,1.20702955494858,0.59469440165748,-0.490192605680734,4.93139716661331
2.73473612592024,-5.45050011675211,-9.72109405605275,0.0332487384173468,0.175604641035836,3.23128897573968,0.0986927152028238,-0.245845505730969,-0.190675194843976,-2.3877429108322,0.935839317173695,1.11153310438631
6.98647614602704,-2.76078405166319,-7.5483882379951,-0.716531836395534,0.0166104274628998,2.51326303485911,0.167812046633545,-0.308252300308446,0.617279230890081,-2.05931193449099,1.46193490158393,4.88148981903458
2.10147375302024,3.1499036306451,0.952973851428815,0.407285166016707,-0.171260927332783,2.88689224425548,0.0312305559794141,0.403661760684958,-2.43231243275842,0.367039936934867,-0.184922295707441,-3.43199333315134
2.1461221606593,-0.0164886307796317,4.06476552855389,0.366169176616335,0.0751221055200344,-0.118176131703937,-0.175823078461844,1.37049246853672,-3.99619605437793,-0.249806110511218,-0.0985499327773876,-1.19068049234434
-1.50653167125756,0.160844426757716,1.15020633359317,0.0372477675906953,0.641531309748312,-0.457474387468394,0.365282921775856,0.779311764131399,-0.771316163667554,0.477291427592409,-0.380199427704629,-0.871525982226737
-0.87903149024611,-0.879160026618265,-1.59765756204729,0.262520900954771,0.201715274576217,1.93018089521006,-0.195813696673759,0.09521603507194,0.741661558005755,-0.839129403464296,-0.503814131111373,1.71099229744968
-0.819287267649864,0.666010845943652,-4.82121675083895,1.34831286124316,-1.12783050536561,0.984561136442053,-0.385525063463248,-0.252153842802621,2.29895891994956,0.427110739512917,0.935849523497333,2.21335948252019
0.561938866893988,-0.440209136519379,-0.34585781179125,0.169105720510521,-0.0591559285910529,-1.09581610077591,0.422308191367619,0.367975949871812,2.42582333038372,0.78893074311762,-0.520148471043851,-0.970844543463118
-3.67581758093653,1.6329270714301,5.97152806624348,0.520483041487093,-1.20751064593627,-2.94914697229998,-0.159822680850351,-0.23685722578181,0.807665207703302,0.415472906887666,0.194251912394665,-4.11892347098771
1.35586307970847,1.90683799754378,-2.17782440198304,-0.493436303758472,0.289817115002823,2.79326778326937,-0.344210277232748,-0.593084796483265,2.22891954664472,0.354958581629236,-0.136614693888195,-0.294785865996509
1.13399904163931,1.76817513583132,-6.516387222315,-0.130768475799236,-0.414663699711729,0.552548241295179,-0.104188140230539,-0.518039715070084,2.43888321739275,0.214137017402952,1.45854780210579,1.58515217280112
-0.286838368537706,-0.482078453171487,6.4518961286105,-0.501540136313099,0.698637152022985,-2.87004917947966,0.138473216285965,0.0799099801618753,-3.64883306872997,0.0779029714455963,-0.0940709603154087,-0.395181298415508
-1.86063047311332,0.686388753693943,6.76218136576926,0.142515519574827,-0.0905629815750884,0.0294428921971749,0.372769085717711,0.29180873740593,-2.31380123953904,-0.0977234305079473,1.49906750825501,-4.83613361595977
-2.6019341327238,-0.760652063163356,9.17219887669182,0.212687699142548,1.2141102268522,-4.20453724528919,-0.283052763297203,0.130693283320489,-0.323741186609635,2.11584611449578,-0.838704715576273,-3.84019652698449
-0.679740865947174,1.96615823959811,-4.8107836210552,-0.265245691573345,-0.143786167553656,3.38932001994914,0.128438828238307,0.343162817107498,0.459149827465373,0.422230635083048,-1.32979463207752,1.41792428562673
-0.049079495080933,0.133606641473213,3.54340931182683,-0.321209656093673,-0.689362310621177,-2.02171435472328,-0.890082583124641,0.376456110319187,0.952595689383949,0.461581145039755,0.320363890120509,-2.59320717004996
-0.105373604320355,1.17259438321473,4.76604860130475,0.209862542724186,-0.123260551045352,-1.25040330325191,-0.161641134499469,0.095905622585401,-3.63922886432079,0.0848091855850637,-0.216683451691713,-0.708353412845507
0.678872677344269,-0.289550728014024,4.85405417483837,-0.810174622889492,-0.633983318935417,-1.71063174499857,0.177843115532806,-0.0502735419668603,-0.0970374597990652,-0.199672565598808,0.188214185460703,-3.09640915318903
0.578414395291153,1.10205052255466,10.9280050189511,0.67479534273372,-1.10866164448273,-3.76391644336202,-0.0740032152629282,0.508330644178604,-0.227676218965067,0.276299327707329,1.08630214141411,-1.63512864012863
-0.87608687898036,1.59328433867075,-3.56777914670037,0.0243509234606396,-0.0171600505763005,-1.1152668516512,0.828793696998325,0.245606852049625,3.99601277803867,-0.0644252156818572,-0.297338809401651,2.91208989629448
-1.78634196008809,-2.75708338374707,3.93643451909161,-0.1977021493925,0.618974878717284,-3.06213143244414,0.0556378632975811,0.202050620760472,1.22853120646956,0.314828468223368,2.24040875020334,-0.864004869783902
-0.906912553327686,2.84759797080356,-2.90609152641447,0.0153645267326699,-0.135328147824594,2.51092345630723,-0.810166593376597,-0.341866349060759,1.79274159942242,0.0448037375590357,0.622853601395911,-0.625016590643995
-0.637028249325279,-1.13070604870257,6.09595791837299,-0.063571779051683,0.11143231229308,1.46895635252348,1.16483770465848,0.415392539992246,-3.61182789874069,0.00180808459147037,-0.263191499112893,-2.4602834557622
0.808017382436452,1.05188901309218,3.93897407778928,-0.250044968115015,0.0993464434019,-2.32078611991161,0.109655459065428,-0.104637115978216,-0.046065889903485,-0.248903929447328,-1.32738480128501,-1.58623185864856
1.33071055798535,-1.06039501962814,-4.01742171298449,-0.184076246227291,0.371736077517486,4.15616094336375,-0.0272109616590706,0.375128909425114,0.299610178159669,0.1582733879233,-0.485128665736336,1.14595924189236
0.21742335631986,0.248462772517273,-5.3031072662256,-0.770586158207671,0.55681669067717,1.0859481882893,0.000106342943649975,-0.204893160212963,2.61456455669531,-0.0797368078381014,-0.0820545072628243,1.50711790892113
-1.31328354207882,-1.19603897494432,-5.09527277068945,-0.172276391163326,0.679188984394238,-0.0306350796970848,-0.00371007937762416,-0.223867740343993,1.52343237143108,-0.329997593882129,0.58138249515425,3.21391287294918
1.89127204521009,0.821679114824885,5.94441305473488,-0.0171549412265311,0.42152029634796,1.43496078641328,-0.151888008549075,-0.0186490072805704,-2.36317705025034,-0.0626312317289243,-0.209922968614972,-3.11492608496708
-0.176803498168198,-0.86814603131986,5.69450019048459,0.0217378695484163,0.530444479877522,-1.0676614676836,0.0585280602767825,0.0352813664156914,-1.1631325877028,-0.0466995635254045,0.0342325970316303,-2.8256897793505
2.06866005277148,-1.01662153566304,9.48445109632728,0.0184827209091426,-0.583773150229011,-1.67631128146147,-0.039284528051499,-0.266478481254632,-2.57666438012715,-1.39079135831783,-0.94751132821335,-4.19169255675675
-1.53313699755971,-1.10409714017315,1.83468648904828,0.0228531217740202,-0.0812148537285991,-0.625387412520983,0.224805856170325,0.496615560110263,-1.86918862852196,-0.0870418955906322,-0.0887653104078332,-1.51282578618535
1.51908959917682,-0.0011891280198509,5.00354693830419,-0.686726873176903,0.0782442769116811,-1.25311820202057,-0.00291599259135473,0.146924184068632,-0.513440903240203,0.037501492160741,-0.133050803292222,-3.48377058103205
1.33541428543382,-1.95837671317048,1.85691972287149,0.136414377940211,-0.224605108598072,1.34180120850965,0.212793576402793,0.581541890998017,-1.06101470905884,-0.77581525079115,1.81739775644441,-0.263392494503457
0.790061920132009,-0.088367052944184,7.01374835785818,0.129690618470155,-0.386411069810923,-2.80599007736712,-0.125252396734505,0.728048254966047,-2.09065596639318,-0.0404414197163873,-0.170482869305109,-1.50740793483212
-2.72575366107873,1.76143069992813,6.32660360405608,-0.360885039091925,-0.462173257125467,0.289617062622825,0.0340127392854346,0.613000778445651,-1.87392959629095,0.142134100103807,-0.248180363626648,-3.22827231536346
2.5078068243804,-0.712342226457978,7.86554465018924,-0.290797684112833,-0.0859803564910056,-3.65092414537056,0.258127502026679,0.127082213955812,-2.21114872417187,-0.351611738128843,0.46275054724347,-2.336178166553
-0.957337902581541,-0.76712147030912,-6.27686277525318,0.783044204692424,-0.0251175317480705,3.02401228508583,-0.425946365058156,-0.0868309724704531,1.97365668940709,-0.665032862192165,0.93491912962073,2.06284923560947
-1.64822729128833,2.9939628697669,-6.84647041911284,0.634242539210721,-0.486142890468647,1.17469303243954,-0.797991049839784,0.478778644843526,2.4483817440439,0.706559162304811,-0.148844747835042,3.48905850687067
-0.168515609697131,0.863296693804514,3.58920660205631,0.418202632393737,0.20690235347801,2.71581862958212,0.136744121294448,0.144205350061516,-2.84064040281687,0.0692700591627914,-0.691218048992005,-1.69165073717676
-0.400967685713348,2.62242381939717,-4.64665009639018,-0.106039492369655,-0.0994936736889338,-0.228701652729915,0.146552032075138,0.436826922498708,3.13253703997972,-0.912565301224829,-1.37800410880884,2.2280684146484
3.89906176986558,-0.00818848134470984,-1.28953607255539,0.401783852963524,0.24598353122404,2.70644571100278,0.00726025513277545,0.286280279627776,-2.09517197638062,-0.831255579264476,0.0071196493287145,-0.428557706613402
0.908149919769749,1.08031370650592,-0.538019819464733,-0.0846627485763225,0.220470753476905,-1.3874221620089,-0.320657586180091,-0.588198772582682,0.727894230290045,0.0531848865496998,-0.14234381392605,-0.33203003426723
0.0189305401163709,1.14007628764837,-3.2465961822103,0.23148179757237,-0.163781445582685,3.42572391935656,-0.263472982856654,0.600533634470403,-0.421522695469793,-0.992423776136756,-1.81053252754314,2.57231030147804
-1.23946772476235,2.23521453672923,5.03639188820704,-0.250565138813969,0.0628222519403651,-0.199560703922042,-0.558997563371702,0.341254432652051,-1.59898190984711,0.321849536632091,-0.283980236315878,-1.44064102485006
1.01491180468616,-3.80657339917682,-9.02795644109858,0.695631943341416,-0.908732641238064,4.16959381285855,-0.0388769966035742,0.224491485131146,1.8020624537019,-0.00578163651386409,-0.284207126697284,2.09075145633245
0.620741081247587,1.85435168440712,4.66288082662661,0.0704993614121494,-0.0763931595759638,-2.40241654444706,0.108196988994802,-0.142632248105606,1.63969195109489,-0.103181638082735,0.111445575094534,-3.6146172758918
-0.0185676578723293,0.510819378649179,-2.59229349254428,-0.0159347487004881,-0.171107835671921,0.992326270595306,-0.0751035619495091,-0.25377469864597,-1.59924631232222,-1.73734656980423,0.789142782545465,1.76857823364934
-0.195042145624754,1.5455064919128,-3.13941337276377,0.039235612188638,-0.327050200674757,-0.265227595713791,-0.0280253291438698,-0.0392413170513172,2.20600195532593,-0.461659650707385,-0.219190610306215,2.42192909755191
-2.59621378141873,3.45469498519057,6.98896657482905,0.116718580769653,-0.467708020970603,-1.19882346738977,0.332153960667473,-0.893503536252505,-3.61876409211283,-0.171151753489841,0.489974702222317,-2.18853855293234
1.22589744662033,1.180344002858,-8.02799918274694,-0.277915726700365,0.754338646608738,2.53574906033258,0.250987646637631,0.0875058332394696,1.70492594655846,0.72616475521335,-1.06119056785967,4.20126382588633
-3.23563242142815,1.93359746429867,8.42058761265619,-0.137045109502333,0.0452649230872451,-1.59635880916915,0.687992381115727,-0.254467666701245,-3.51156429766992,0.0739919110053731,0.10492700864929,-2.81002512543881
-2.44300152213375,-3.91907376282761,-2.21992041881936,0.130342971504224,-0.481796178537622,-1.14724800824927,-0.00559129343617687,0.600486011459389,3.00485235097519,0.109823201261374,0.918756717141952,-0.568494895052568
-2.3172095939506,0.41355318891717,4.06203923271117,0.961700884097878,-0.136429754630977,-0.540388228622178,-0.316294983286601,0.278199893311758,-2.04600904824783,1.28473808296396,0.347413928303856,-3.3812986079332
4.1910612688725,-1.87924260757821,-9.17978678428546,-0.659073271696913,1.12781210240776,2.52204181983691,0.0582114907318519,0.0263151549931242,1.92350457797886,-0.948781804164531,-0.506857967920803,5.03423698871477
0.46870607709832,-0.0281671251802777,-3.05779468156881,-0.230016603812643,-0.00528183134613237,0.539727549037239,1.60244241984789,0.2962744441804,2.08997747815651,-0.550898033950001,-0.308536202150767,-0.698412678139543
-1.23041936592969,-1.28452803312418,-8.49824608023039,-0.333903427766334,-0.0351555085719086,0.994166511913637,0.835649425018623,0.853555853652099,2.63472853252074,0.13583877186548,0.0373088262510655,3.12669206571587
2.1427827331181,2.14073859992013,-7.68444737632526,0.803404314261553,-1.85011223157921,1.59402123712098,0.0528521737523842,0.0442566192051234,2.37841982340082,-0.0866084586586944,0.14151985215198,3.58032796533792
0.226581972543761,-1.19156205408765,10.1670465326782,1.07022727396405,1.07192126535328,-3.7295384616117,0.419444599611416,-0.150309198798789,-2.63287892834782,0.342803623704549,-0.156857561553853,-3.49048447631322
-3.26908675092543,3.39433044976494,9.30818231132388,0.333587211062094,-0.0897804770106482,-0.0478781435557591,0.375607923135914,-0.576142256883389,-1.80680440008453,-0.709499698609687,0.439240904362565,-2.7874466682407
-0.831292099292939,3.59905467720675,5.40661198764536,-0.186335160827429,0.0140700820267522,-2.37031248188048,0.0654619249317797,0.131325167212853,0.992759059998508,-0.390786537268716,-1.6516226076537,-1.4405055485374
-0.00948879045234308,-0.0673020201879539,3.06893993545968,-0.797031836461856,0.977780573888122,-0.739825950692793,-0.0670405420816523,0.0558423626256616,-0.507555442799687,0.531173595370476,-1.34412858464207,-2.11455201145171
-3.36163640947136,-1.54367609453701,-6.00681571359629,0.141154811659181,0.454998599091058,3.2716227022711,0.0977534713912543,0.237652796174323,-1.51155299414573,2.28210578166583,-0.518491882672174,4.02963688400713
-2.31963399140033,-0.666204476985068,-4.23918713701876,-0.135878990840466,0.195248030635961,-0.483264973716248,-0.0893163349597958,-0.0408290043466805,1.49149791694542,0.0967828465709173,0.0981134899654211,2.9578357372976
1.33626739307368,-1.08608688403282,-0.33963675043523,-0.338477907349848,0.396044384078724,-0.789476667176019,0.0783463486812519,-0.524658351405514,2.97586236909092,1.11843508969466,-0.0284008045796124,-0.632649767286464
-2.30376536678625,0.155395840406835,-4.36500825220981,0.31172554162906,0.235587821953907,-0.57509607025602,-0.0421870945729442,-0.189027805977037,2.18492709661258,-1.87780231028321,2.03336136402183,4.50107501486616
1.92079942744465,1.25943078029649,3.24939299090957,-0.027816874808486,0.4401096390798,-3.6041400751527,-0.329119877420553,-0.361106626198166,1.86105875640582,-1.36393653473639,0.240964163915106,-2.01478449737248
-0.625927496458009,0.80921348687457,2.11009298669361,0.272599391290545,0.0576627662446858,-1.39910464894243,-0.259988134891628,0.270924713374033,0.631805999329152,1.20055701221809,-0.493078971107741,0.931997663030542
-0.407720992965879,0.664168047172485,-7.28980033636408,1.30581563187305,-0.069403792429957,3.83467981203119,-0.157683269937986,-0.165976031860381,-1.32344600331336,-0.0615717972151939,0.13190410990859,3.2425936256015
2.48806145870868,3.54278971205926,-0.0495489762748982,-0.0250088836756802,-0.504526234975396,-0.447885268792453,-1.05602742368941,-1.11823940959941,0.711897072727206,-0.0185396005754085,-0.444275803328195,2.1118506004733
-1.81416960012764,1.44034499248404,6.46946118973357,0.311053554367125,1.42102583226489,-5.08722026598489,0.00401775254426775,-0.135952818128447,1.434809913577,-0.918846306678011,-0.238240203034111,-2.3573377460997
-0.185873465118031,-0.892047849118771,3.70176080714256,0.377961737615846,0.932166932092275,-1.00512468998906,-0.427922345688687,0.0265671398626148,-0.587322917209817,-0.011730660774697,-1.61564159244215,-0.745301850749638
-1.83761558371691,0.956991271517887,12.3403859376676,-0.0216301188259033,0.039206951892425,-1.78548074506332,0.256876349771204,-0.10774571281982,-2.43864774883714,-0.041517986270323,-0.0541222235737394,-3.59300223220224
-1.34287347329023,0.484279412021196,4.09547935829116,-0.299317938298806,0.0834994497881274,1.68261153145015,0.590056781153638,-0.977790952307218,-2.16178357986158,-0.493314352100749,0.150926207116597,-2.69287603283201
0.0216124262377342,2.24854372545062,4.95393880259491,-0.104908445388552,0.196306130844722,0.101262268760669,0.415277249646278,0.14252348896478,-1.95817411203908,-0.66670775697402,-0.610503550444465,-3.33247207006743
-3.13134460223753,2.53456093560687,-0.368788849828184,0.252939868994374,-0.0274357978732867,-0.22018059753559,0.19323605427394,0.0687193147577612,2.47754424770865,0.460010159113849,-0.991056650859733,0.849498732134471
0.725229516076613,1.35215451284092,-7.69348966610215,-0.0520156919339466,-0.958111504226053,2.04199638765834,-0.153005088756118,0.16464650957994,0.751870827613691,-1.23025802727967,-1.01994256468883,4.37373927952799
2.11348602490196,-0.291814208094284,-10.847035771016,-0.0175940059321509,0.0739543926414592,1.96039363741302,-0.215897804570493,1.19525708226007,2.10089097758167,-0.819974019188573,-0.222317520604697,4.21886393557179
0.548040466420598,0.871838006748607,-6.82590993427091,0.294307158699646,0.877941728943524,2.62350487169161,0.104959050394974,-0.239994138471851,-0.840947723707742,-0.788128527977095,-1.56538014411212,5.34843977333082
0.733165126959662,-0.0101868645342994,-5.96801834429724,0.119113879375677,-0.133369673971832,-0.940929241605294,0.0550855683485203,0.172748758092898,3.13158082305577,-0.704944775111198,-0.562788578257916,2.92090828910024
-1.04102900866985,-1.99336547595114,-6.02052067647218,-0.0762148182170209,0.170532623188324,0.171768649508284,0.208080106767698,0.407505564956196,3.8100225412388,1.49979390774393,0.781536238564395,0.299647211823388
-4.74985382187879,2.40890360044601,5.6802781620339,0.254240693427174,-0.571135689617834,-2.66373485781619,0.0799354398584758,0.170390366695285,-1.73984145516883,-0.146253317416469,0.153784184815469,1.69891110043874
-2.70013537973702,1.07636118530748,2.52482002467844,-0.0807633482440942,0.628169895750065,-2.58152399527209,-0.490165247865736,0.360684805024063,0.578229147503642,1.16895068805044,-0.404689809723604,-2.19477380916202
1.02300228099228,-0.417922746031429,4.31602828809224,0.0135180678266215,0.0411354364349143,-2.89669056600817,-0.468102384047607,0.164194773757538,-2.55664842289944,-0.964179684970218,0.760478186377399,0.485720573379005
-2.25627451602374,3.50320215853385,3.54223271673498,0.23931549630147,-1.6707242510853,-0.074306494809081,1.21317033596536,-1.92452119475217,-1.52928546233358,-0.208352223962712,-0.0625798285728465,-2.60176572801318
-3.57087416532626,-0.212913839440663,6.39874231905021,0.344830313144601,0.483876942536169,0.638202465125811,0.612102833864033,1.41626320155732,-2.53594684170709,-0.308202205551159,0.0351135367373607,-2.86397503841197
1.22393792491586,0.108392343980189,-3.40706881416855,-1.37340867670056,0.924374230199989,4.28662865721842,-0.229707087464319,0.266959835743069,-0.77721480592569,1.73359217072868,0.804627402415446,3.11112856265663
-1.55756391469602,-1.14636140085837,-7.56936174419162,-0.00618398750129326,0.0177175019314501,3.47462223208974,1.50109456457877,0.985092196172851,1.80203592369635,0.259162714444853,-0.055969094073993,1.34483596920361
0.385494748581215,-0.306429652965224,-5.11066198129667,0.222288817551302,-0.665534394678913,2.31315533065762,0.0858720376678833,-0.299502251640936,0.00951394815692016,0.0947264448238064,0.0814470393454895,1.14048932369947
-1.1754111750127,-0.527282902179151,-5.84755071232982,0.667821733198821,-0.144036383084878,2.95997434006694,0.434824280802424,-0.354230811405528,1.93335764346221,-0.78825826935349,-0.529972007580535,1.78002857014091
0.958732209702981,-6.76431748647339,-0.788978153533379,-0.254416514026277,0.337954338273071,-1.39109598084966,2.02316183115213,1.66124620992118,-2.65075288878031,-2.19638257802479,1.62502793843261,-2.24065198415251
1.21385941857017,-1.28466128421574,10.5281611025007,-0.0672106556738145,0.107491734378863,-2.7217920686768,-1.1340262613279,0.199638187850759,-2.90799698768071,0.237049969760117,0.506580284803563,-4.33237482278601
0.181356505166692,0.957298146943997,-11.2365377084592,-0.0187204586862648,-1.09405777414467,3.8271702282677,0.298932441674597,-0.267341396056306,3.97456067216171,-0.62673281015127,0.350470237761118,2.46105247363882
0.842415425779007,-0.380229535526898,-3.15434428344321,0.0892831718813576,-0.563649331506804,1.91507897291005,-0.0374728722577349,-0.243427455608712,-1.42498505561813,0.000333401218525072,-0.032160264742954,3.86645446685715
-2.55918588301667,-2.91955241651538,9.94296322607889,0.497271377612592,1.62890194040142,-3.04440887887518,-0.0125932808618402,-0.16338521763319,-0.179812901822933,0.484722532178039,-0.807256276205347,-3.77339464252674
-1.35189639668567,-0.43589633437903,-10.8337545393052,-0.769233599529384,-0.170692704550503,3.73989043753615,-0.121162336595273,0.332354146356176,3.23824441433416,0.971641507369659,-0.436891444395388,2.96189420742584
0.5849499727522,1.83698796617111,-3.39452948617434,0.777535688601757,-0.0498035934845177,1.12894528268224,0.676322219796002,1.10923053829945,1.98623733366438,-0.333742885405346,0.0487239439191674,1.92595245791928
0.0812765380288614,2.44984416704782,4.04675103722972,-0.149092490347959,0.0704203524389366,-0.689672146387253,0.517825107056429,0.0335738548281867,-2.07479936527933,-1.21745873175683,-2.39213552670664,-1.00776206300539
-5.06985223652874,-0.859991028977026,-9.39345943769951,0.805434361864183,0.173218379448291,-0.675688796632151,0.388544900120017,0.241257362034237,2.94879251881095,0.973107131902649,-1.36904839272496,3.77251839390138
4.15046992810967,7.02475650975599,5.38178810865141,-0.312721494106007,-0.112209170877661,-2.97538998390366,-0.520922338150801,0.00645992244962278,-1.5362929912669,-0.0848290184884558,0.256586642275968,-1.6287588577669
-2.07666645381535,0.659334080334987,4.06797155065473,0.507548558707094,-0.611478364718353,-0.226983850254017,0.194613077564218,0.421371845651786,-1.42445820622328,0.0863639386137498,2.04068616362653,-2.09104070990471
2.35110957869413,-0.897325110095087,2.09727191177776,-0.022017087231289,-0.0748372169518431,-2.41015330205348,-0.482563914441352,0.634322433849911,-1.98771416718757,0.0141028232048676,-0.100600121416445,1.43640079968222
1.43247950561148,0.941287603160805,-6.55523161509936,0.218892303838758,0.29840886563456,2.44797884534735,-0.428984452280334,-0.103708214430712,2.75916110348971,0.45229070650295,0.0093074572320124,0.998760954923586
4.01609056809451,1.22665613274377,6.39164536883765,0.240846485077264,-0.246512072288882,-3.1992339871975,0.0396349162047412,0.475480744049672,-1.99818169984489,-2.14451946599798,0.10776651262037,-1.75164060535331
1.31200834234662,-0.872507807519259,1.74849649320699,-1.35534966723752,-1.08889310133802,-0.48814682182868,-0.0683437966140381,0.139985562724678,-1.97648010221603,0.0527889293579526,0.00334566655084784,1.86304585679572
0.915387028833827,-3.64426906439729,7.37242859659433,0.064608829057765,-0.232585544221163,-1.55461690273277,-0.191930320331955,0.308315754688044,-2.2995995994753,-0.0671619492533716,0.00282308650806944,-1.49183987779508
-0.522069681210202,-1.43756512894413,0.680179813482054,0.349537032363288,0.550204602670102,-0.295329977249039,-0.598875440627722,-0.340181780775588,-0.844858928682106,-0.237825278639412,0.0764514322987353,0.751321719828606
0.555932179142957,0.720806683036871,5.96470318494923,0.163789347649921,-0.0995695541918573,-2.05073488110462,-1.09032999125579,0.569419637841597,-1.84998104551733,0.92070681933803,-2.20521218825715,-1.7669522798525
-1.56793657892659,0.99865391123966,1.95764672377513,0.16893164806032,-0.0318900417109712,-1.48608464371202,0.674724401236406,0.168870693675697,-2.24088302420688,-0.143678925844877,-0.42927690871445,1.09530461902174
1.79755278093488,-1.12875896036594,8.82943035286493,0.615733378141405,1.69214495380753,-3.54546201202684,-0.390410514834794,-0.165672679105881,-1.8798829105393,-1.54671405807881,0.370501615689902,-1.80134475469508
1.57782291593134,0.31167391785048,5.36700964055157,-0.0956039533096575,0.170381850684882,1.08083329508573,-0.774205343048114,0.872538924719348,-2.51093925606735,-0.435320297184266,-0.791686457858946,-4.37913710364113
-5.02892594755397,0.275875490883919,0.62529597183602,0.216701064806145,1.15511507755809,-2.29611669150964,-0.0614374931047067,-0.28985636302871,1.31343853144173,0.0774854143663472,-0.30244197111,-3.55683628393672
1.75205471059039,-0.670118917286931,7.78180689979199,-0.679076090761733,0.772472256847952,-3.49506323491185,0.352191027679295,0.928263280684019,-2.71385599060854,0.35903745674017,0.433507440394882,-1.67431726650652
-0.12853566853422,1.68867421738131,5.79994030313021,0.179102190706819,-0.293764875370617,0.692258640720658,0.399008747669342,-1.49068711505048,-3.46670221760188,-0.797339547841061,1.29696013859041,-2.31287879144889
0.775958799445666,-0.703282839434283,3.2117738240939,0.150806907788191,-0.05264062615139,-4.41586834249009,-0.0456866015691171,0.160144855785892,0.845824615344259,2.12894965355728,-0.712602636483758,-2.56973396875772
1.55279316991746,-1.45005821392443,-3.54111176150932,-0.0117450175013774,0.553071106742813,2.71114881989533,0.268513580495152,0.177694921269375,-1.86489454954851,-0.42176584475758,-0.125100811671075,4.62348493607873
-2.60473912337346,2.57768512734198,0.677871207555938,-0.0127783982401838,0.0680556934441069,-0.981541858418434,0.144632928820222,-0.246102610197633,1.82064661480527,0.419347795922863,-0.291589464267556,-0.419226094602181
-3.30610625652888,-0.861758693838536,-0.879245369533361,0.0803607246734639,-0.257322721130989,-1.93438758141517,0.351228780679211,0.831960429162263,3.79108326978592,-0.147429038376905,0.182779013215547,1.34531322819958
0.804621828150382,2.64648775623485,5.72293926515394,0.243682374150707,-1.03186941154613,-2.83710672432033,0.111042763583317,-0.107212599881437,0.737983045846702,0.743945346632985,0.458229508421853,-2.29196227933045
1.33200674118539,0.108944149924586,3.14345159341884,0.202311659494157,-0.00344999407426776,1.54627066313235,0.574279257942713,-0.314915112367153,-2.1606366813637,-1.1083812531865,-0.420037825042682,-1.49079542656613
-1.78249855482796,1.81470834424994,6.99323961489888,1.3099947505746,1.29465786408343,-2.6908350869844,0.383734739528088,-0.0609023534247989,-0.759321438862383,0.798735295834437,-0.127519348045441,-2.01878475113121
1.92389547900997,-2.21230495271346,5.05826764569437,0.428489997983302,-0.0976874164623737,-2.41600680398426,-0.339368851365409,0.1299702757052,-2.06682385291999,-1.18635731360649,0.886623189280582,-1.61171337630836
2.73388010109337,0.710915096345612,3.34593406918537,0.140354484393583,0.452307485464425,-2.92261776906823,0.194126229852468,0.00349851248663266,1.11871604352353,-1.56115088291572,-0.568992503279358,-1.84567592516346
-0.0561717551632837,-1.95409823693693,-3.62244791919715,-0.582556999505692,-0.782010865537775,-2.78237578130024,-0.100656287102466,-0.599497471919648,3.47596653514647,2.49362251082515,1.61990324930712,2.71900200476949
-0.745437630657194,-0.867514375488042,-8.19430225081291,-0.0883808898117515,0.287509358973979,2.82852585706511,-0.0920909849883366,-0.832186918235984,2.59890251293416,0.646082702434622,-0.371129430282242,1.98941964366218
-0.533129497533151,-2.06516411856839,-3.33010563351727,-0.330965639292021,0.0649904598741313,0.22049092828941,-0.305582759155439,0.238454422102972,1.69670459295881,0.199842539708613,0.426188272313904,3.25438003913197
3.40999139447172,3.59083314639322,0.0976292006325414,0.129436492228206,-0.0795240161396568,-3.46387917726568,-0.23339039605192,-0.352259984908294,3.40067206912487,0.427205903307949,-1.0666922646937,0.227584617302054
-1.40616340827105,-0.21194248256458,-5.7943121503581,0.165092967395754,-1.88140493711,1.14053946102953,0.494022386372444,0.113293465547932,0.635933301060985,0.530283463326828,-0.0615403817021552,2.03589048662221
0.433285278310486,-0.129703726541737,-8.3528492921224,-0.281019091453828,-0.515914594678949,2.16179456384079,-0.282129573537849,0.378712809986799,2.82024051008519,0.33268730109808,-0.19279977828864,4.34922668591695
-1.56630152554344,0.300190682218897,4.89151717820917,0.166025657477751,-0.210222490633466,-3.16971736930226,-0.0169286661017235,-0.0882823003539225,-0.334640396619684,-0.14362917041617,-0.0666147631516645,0.659338804974112
1.21201820172563,-2.3317549808852,-5.2603860040419,0.0695173663844279,-0.224866458184684,1.41195681432851,-0.0570657953765217,0.3590227432312,3.41948793368555,-0.286223371739745,-0.0455847955404562,1.12061058690952
-0.277223199569143,4.76095067780366,-10.587014157881,0.134725093927417,-0.403589236035974,2.71113333985301,-1.8875069620727,-2.58780791325193,4.15091527384888,-0.157196870576636,0.0543875447918595,0.84388389646687
-0.727559718300318,0.299965273424323,1.46663692476172,0.231907565697735,0.0055768087160803,-1.47423061065639,0.20062235904244,-0.54426200817092,-0.208867573019059,1.05475743565797,-1.55592397403901,0.805633302689085
-1.54792494313179,-2.92488768020955,-5.59063886091299,0.14791420524986,0.159640591418654,0.183003462881467,0.0804785500374097,0.234967142699136,3.93676267670495,-0.111745445873392,0.970883322921837,1.10225000892277
-0.262762031977191,1.80780865075501,-5.54156200267371,0.511421799032498,-1.16380605303489,4.88389600792657,-0.355504090843276,0.0316074984056543,-2.60898226593257,-0.120332480108509,0.121940794213903,1.50776042591246
-0.146395485488074,1.59403688987336,3.90900759812715,0.470177162802008,-0.168498901938809,-1.68269406268218,0.729857047150836,-0.779849385784071,-1.80331800552341,-0.102317991612661,-0.0943961727990974,0.963997169091466
0.522215819026274,-1.10625838511142,4.83746008881999,-0.558290440951528,-0.0104715860642926,-2.00778652069739,0.155123235255907,-0.184643917742856,1.28121806928763,-0.686297871993779,-0.0685157714719384,-4.42772444865663
-1.67180412440782,0.368875944940737,1.32467499257698,-0.302127731092459,-0.315742734461938,1.88622293328149,-0.553830985225368,-0.906483371184605,-3.82499719798926,2.06418296771028,-0.0916884614949743,-1.28729408769193
-3.12199688468129,-0.484041249486619,9.86536593437215,1.55683556947279,0.309997765751637,-2.67045047475246,0.0151532141526471,0.381273396217505,-2.12342994472913,1.55089160033868,0.815764537824777,-4.34210661738703
-2.37355817646954,-1.89331451756534,6.20039907255321,-0.297000991256244,0.0466389608400353,-3.5226222207574,-0.170443436923301,-0.260587844964702,1.10685493653766,1.86972745631062,0.865802573403782,-4.18187226202091
0.305807876915053,2.76510856095008,5.90543111893839,0.0872920926796379,0.0538591846259298,-0.503124811066633,0.326615084146929,-1.32493922266314,-0.256311923323423,-0.235691310431611,0.314248156201521,-3.05515327022691
-1.29648540302208,-1.25956176208229,-8.67415662928399,1.28453924189411,-0.418309950550706,2.42612542965808,-0.363598758334604,-0.071484106121876,3.00847132979437,-0.0122534051224738,0.197386233950439,1.88515106650091
0.544366626054252,-0.370208546973716,4.79189056242824,-0.0758892019662691,0.0414159160699281,-2.57526126451236,-0.210732915872648,1.06281294981191,-1.02950051791102,0.68849163041549,-0.0910825493895792,-1.91425706176471
1.94602096157068,1.99599173537222,6.93038874154664,0.28444789479373,-0.431787264357897,-2.04685009954645,0.216070366030993,0.265962145572911,-3.60992310614341,-0.995645632382451,-0.212688571057592,-1.36582695720206
0.790431171810065,3.06930782277818,3.57063013760957,0.987337071968111,0.180037756309532,-1.78349804868113,0.22405634126137,0.0980042031614098,-1.49183990974817,-0.701653974601802,-1.32114176342499,-0.114040431532623
-2.58448913379154,-0.420575152753242,-3.63509335613982,-0.0526080231942442,-0.15419884602521,2.06627963106443,-0.0294661193417603,0.142766324024896,-1.37958818658328,0.0737269680252626,-0.131865736350549,4.68128744034305
-2.90506763085082,0.697359586638705,-3.28257160599917,0.321560467431104,-0.16664736936501,-0.85660641333489,0.81668259784211,1.08647917901561,2.43096704782903,-0.0876521323069345,0.128878640577532,0.850748907347782
-2.56057988358898,1.55077291828524,3.9270043530998,-0.135257763627912,-0.0165610053014956,-0.0228294757012902,-0.132795920931226,0.0200989748700394,-2.02055625746215,0.480379514584551,0.167987243722706,-2.67941947399709
-0.268866341584462,-0.493485794262668,-6.20045387133235,-0.0122507376113532,0.144332126337646,-0.232304562690871,0.0206676163328645,0.70150435229391,2.60063759475749,1.00274119238699,0.476819542383368,0.797438686462894
-1.43818769220057,-1.29902071570259,2.19424296886203,-0.333051750162143,0.313010738423654,-3.5267155242493,-0.0150830144619105,0.382233781943365,0.0571555082595785,-0.435927614683369,0.140560633127407,-0.669897456701331
-1.02364744039495,0.445598218593595,-1.44708696893817,0.187777902312285,0.222672484841185,1.82101252827825,1.08750684685477,1.50966038535018,-0.0023301735767193,0.246792206875443,-0.60967253290444,1.41446984510929
0.917241901010703,1.27616498360813,-3.80812374138008,-0.0261512737820754,0.178925961683496,0.500442380109301,2.02438608782943,0.819123515607962,0.903458059825232,-0.420041161158065,-1.24296485475299,0.386631188418744
0.387618028198672,2.70324901691658,-6.72095342553147,-0.471195754057101,0.0647813410605913,2.19476011300181,-0.712529431317271,-0.779370798150674,2.55776099000083,-0.218574353224086,-0.189610630646008,1.1389507771851
0.599410671152963,0.983757081540226,-2.88783238343266,-0.903126486317189,0.229780066034671,3.09206195384297,-2.13623636191772,0.803442004645561,0.948642659771814,0.0831677084879216,0.380504793669756,0.492948688070433
-0.125320106514266,-1.11825598839315,-7.3217145423105,0.287028910406233,-0.305699861508043,-0.429487736860499,1.18868474656361,-0.0881978512380698,3.72384208557897,0.0106600749067047,0.402015781458799,2.94143432609842
-1.47137634046975,0.579883223070081,-6.63781930947385,-0.0183031672425947,0.317088846270925,3.3219427766831,1.27319324977955,-1.13701991458816,1.77108973109448,0.0227556596981568,-0.0602112323292552,3.96677659086395
1.16344975226492,1.01431504126247,7.14720998785636,0.368304820371537,0.58868776211206,-1.8879433744224,0.202022474201757,-0.267382983012569,-2.44583344724347,-0.283847848179757,0.879159015911022,-2.47926601273916
-0.487229469577023,2.94394562812959,3.54156253123693,-0.322104469663238,-0.0923312254985701,-2.47496008571218,0.329014120990306,-0.20771731174915,-0.905499192099163,1.60263652397311,-1.59796554270021,-0.674549888829204
-1.85653545483781,1.6011798060309,7.95276414104261,0.281694725970695,-0.170027649417333,-3.96769229196683,-0.441244668765244,0.0580487787464448,-2.43493710185993,0.794743824586012,-0.9720845920264,-2.05501517454113
2.47390742219278,-0.0771145112085933,-6.86908613821131,0.923012783666334,-0.236490108213927,4.28255615421524,-0.388441511394926,0.101024405262296,-2.08946944130783,0.849649103831809,-0.599229198077106,2.03381757347455
-1.20327715512624,3.91970712275582,8.69709222620693,0.253823016155058,0.199002140669191,-3.67266999267263,0.212148949208124,0.125313703826747,-3.48567402616868,1.12168972626639,-0.0814639253584713,-0.0518627969188588
0.620878862304213,-0.468088196971614,7.05411195956484,-0.306925952668802,-0.310090196480293,0.253543256558616,-0.30710695371393,0.262826649022841,-4.15561308387028,0.155201894338649,-0.248969984552975,-1.96533663893154
-4.55647226389752,-2.13131049052672,6.69509511037244,1.38833499702292,0.386411425156966,-2.98223605410407,0.213466345377143,-0.79181373044951,0.161699115399613,-1.03732776686617,0.45230000230564,-4.93708551455591
5.16782243670446,-0.816374707896778,-5.74344873353933,-0.419012642604545,-0.137474401506259,1.0465834853266,0.431738467986722,-0.234002256843409,1.57177000522271,-0.164579699349234,-0.162726411291122,0.918320356789351
2.33689356507789,0.218880750829871,1.9720058601731,-0.0763745185766833,0.406682459183903,0.174163276977859,-1.62818609925564,-0.41733170344327,-2.10442205718274,0.0662068821459753,0.0365612019407945,-2.59501376993017
2.86482533456238,0.372620439810865,-1.52355354808933,0.12401078572489,0.292633155929974,-3.33987888450419,-0.665181024544048,-0.690593021046213,4.55683240429035,-0.960566030464836,0.803069044284499,1.7416909951006
1.46186070175043,1.77719451327126,1.87132959812684,0.00558138426956302,-1.03624540350668,0.420220744496302,0.821913491321646,0.248114524118851,-0.883684468247269,0.155066090460058,-0.491038973421831,0.15315313491209
-3.06128100583816,-1.32625063327984,-3.11908292125909,0.783488650076803,-0.809337549870505,-0.301753944790595,-0.491411606080023,-0.0135937333874415,0.797925955727518,0.144745789743639,0.463162707329118,1.47489927284932
-0.752875996087799,-0.426334357638817,4.45234737515941,0.366114286303034,0.431839969936148,-3.12484005702152,-0.514179537152667,-0.116205580976688,-3.90564522866899,0.0189758839122051,-0.0223155488834958,-0.295357811414068
-2.76275759419539,-0.185386446908707,-0.216288427570613,0.937012999293157,0.381146085859049,0.267743022939798,0.00339037604161837,-0.147208982931615,-0.0677178650117159,-0.312338761490232,-0.45967192414465,-0.72652815865739
-1.05075618173868,-2.95370105574022,2.46679466098984,0.0785704626754674,0.0915190970652119,-2.7169587366318,0.347128874907899,-0.298925913252762,0.0700967947010861,2.37514723896383,1.08002149995312,-1.03698522571229
0.0730330810993932,0.534452119128463,-3.89155283430742,-0.582737630612758,-0.183452822801317,-1.25583763791165,-0.0703127767642624,-0.16475749074212,2.59167277544906,0.228129874111131,0.288027736195839,3.57830356204837
0.877732824017714,-3.42211381593159,1.32488935216635,0.145341340016221,0.557742846853103,-3.61827135060176,-0.32192477978767,0.811543988625387,1.33010923585048,-0.491537624911001,0.846620066942272,-0.435291572034475
-1.43675667822238,-0.232717361326453,-8.95698411099416,0.0678943904006699,-0.0331947840190567,2.22584844736684,0.00954850581266948,-0.0417261539339953,3.12117359872172,-0.253481253129352,-0.10860717767014,4.73832463036135
3.53602614321997,-2.35315271110544,7.1486546121382,-0.462594074189422,-0.134589789808224,-3.26131645501463,0.0514354690045882,0.220252803439592,-3.05522301795619,-0.420537905555503,-0.0776286799354189,-0.427984030086588
0.746451812343206,-0.0499909253049591,7.54863862401802,-0.0904167099870597,-0.315167325277997,0.938599856518556,-0.00386784119343283,-0.00645128298746392,-2.62716328971167,-0.250288406299135,-0.378917128072406,-3.51219976903737
1.97743882035323,3.88497623519083,6.43492569575162,0.675591347049637,0.587251847282081,-2.88934432848405,-0.434856513971328,0.292228195637546,-2.38335382693525,-0.0016420592834822,-0.381990817563209,-2.98063864236879
-0.237139793789468,-0.748020890527617,7.7820042247462,-0.272088284174566,-0.054000687079604,-2.23218278856172,0.253271732676622,0.27631782747185,-1.92239324842196,-0.194062670401396,0.0282831032056386,-3.21256124490581
-3.55578911570392,2.41102875421546,6.03441441613657,0.502369540050474,0.743766858809718,-4.11216011091869,1.35615813493349,-0.234335707068165,-3.55705824157881,0.594568165546258,-0.204667514880833,2.68180018860796
1.21129369179642,-1.93954370452668,-8.86897366976943,0.20486325119147,-0.387173063443385,-0.885090705776235,-1.91116658207558,-0.316474243130086,4.89092479969952,0.119981049106274,0.133720112076317,3.09505599285788
0.812836037474077,-1.17954240625469,6.86447148705269,-0.0199900700204488,0.531807771653198,0.156603559547754,0.0145849355867793,-0.155378351016709,-2.97714483705363,-0.292797697768965,0.252336003955692,-1.46750897435911
0.0714815805849484,1.26537788351465,4.12452717802933,0.459831586387479,-0.0169615788518117,0.935867161060318,-0.2764983249757,-1.14626485533164,0.13700670107813,-0.00668336022665128,-0.504550015227471,-0.616291728892859
-0.992086505252066,0.676027568687608,-3.73097282050044,-0.248143775195227,-0.736790401102126,1.39712402932635,0.214106180142637,-0.0802566402690702,1.83309731331306,-0.0352463933176298,-0.0683838100211516,0.0475639273744024
4.4435772644659,1.28069070775764,6.0314997767561,-1.90589819010341,-0.834930533513222,-1.0997665591631,0.188070911258161,0.0426440607986138,-3.58498002473226,-0.290474160435408,-0.0453334809012033,-1.46379479371295
1.8214960483226,-0.0109407247676002,5.35219335934736,0.234654569618645,0.339262074787474,-0.226143769310394,-0.225385911200019,-1.09141771167514,-1.39891084003645,-0.275723239699862,1.27520378111797,-2.97849174664646
-1.91584559314299,-3.06915744521348,-5.94049317522181,0.861718878160848,1.02746742345928,3.47583496645998,0.0703395195500863,-0.217904519784297,-0.0548616756810818,-1.90327173294219,0.00147884941091103,3.39219075782193
-0.563087720833787,2.10043424467739,-8.0523736611179,0.692905619596777,-1.19912153656831,3.76308397352974,-0.272020775512995,0.117707917047225,1.42072728959011,-0.123302996718866,0.0965999222152467,-1.16104133758059
3.67117558158831,-2.51007054784189,8.65892457901363,-0.360904759983166,0.392992053282943,-2.14763949684373,-0.338623724625633,-0.122185553180062,-1.79079538566878,-0.0609979754036369,0.117852709070178,-3.10653644778271
-1.61670014742238,-0.833918043693763,-5.32053048502215,-0.24237756190835,0.168847208994213,2.34899021508464,-0.0889472666223556,-0.548870886968141,2.10502410478795,3.01088953163871,-1.28247783079766,1.10023421451957
3.02603108091459,-0.394740894752724,-3.46735626037148,-0.602192963747755,-0.57620863535272,-0.343729574758548,-0.502546488490616,0.272372551244514,2.59191949373584,0.370507274761854,-0.19165372681718,2.80058542422158
-2.01179034458258,2.23144160018882,3.00010720308058,-0.0694360780976038,0.133645403160119,-0.362024038000119,0.676601783957027,-0.510173927025253,-1.46169791776474,1.76697767318286,0.487951695926567,-2.80458039501667
-4.5032919854557,0.16787054489959,8.81465987705446,0.821404634106023,0.907765001102638,-4.14643403290566,0.69687968114034,0.939120606183784,-2.58632320901758,0.349798503571575,-0.309278923963587,-0.908938114140318
1.4805528070033,0.403238754644567,3.86650395081848,0.325925868871786,-0.653687836198079,0.97051689393666,-0.324631329904328,-0.0946798640256999,-3.43816857843957,0.159987284364608,1.28165255761081,-1.46090946750643
-2.44578680692617,2.88621762603784,5.84967779922779,-0.317199531652018,-0.689969694163735,-1.56569453994653,0.22329641956559,0.0232437249996143,-2.2750976329878,0.40312039052541,-0.0696844630084842,-0.425656275194424
-0.0395645864180589,0.347686242148205,-2.52886285448581,-0.807061589723466,-0.41174375982586,1.46839060738707,-0.138974596309798,0.232433039408981,-0.0919164096427038,-0.0410605192786197,0.384354746149504,2.79361057618538
-1.00446685319986,-0.405881766957617,-3.22314039708357,-0.0674716766359977,-0.0464522366844426,0.0561001946644697,0.664735218205427,-0.528873436801386,0.903055912715846,-0.313981234165563,1.97620598922194,0.0764821845771056
1.81522728002308,-1.46425726087626,6.98436729786315,-0.347774774307717,0.0524375676497282,1.8732345528898,-0.239712699939782,0.501803465582163,-3.69155728504158,-0.0602915450270001,0.158416847401325,-1.8332085451253
0.0415089572140376,0.820716107069077,8.95961522227346,0.144213507571493,0.339634532254997,-3.51456798708612,0.146770832519156,-0.703524916018602,-2.01754109527349,-0.779974319663825,-0.398105321508976,-2.67598252425583
-0.542257875946869,0.173152582924479,0.348116283995673,-0.440121845209629,0.823164101489642,-0.710646938948542,-0.391543880897598,0.0419528506035217,0.0511164166911831,0.936400324489758,0.398710601371025,-0.78631558620855
-1.38001944680959,2.28460175875582,-4.66595215759832,0.366935730611087,-0.296595372927861,2.63064684441968,0.331672948260609,-0.171140522648239,0.737252012188355,3.23575990037213,-0.236933313303665,1.66508191730477
-0.206618316275787,0.413056743784077,3.01917040305708,0.269291354033505,-0.71723244423927,-1.49702986893801,-0.406902567267521,-0.486624300328655,-2.74588530026987,-0.603358757051926,-0.14377008192718,-0.0833931629583018
2.07775890681419,-0.347531969904641,5.20269381348073,-1.03495166239016,-0.383251414612683,-2.56922159747305,0.0787769295264489,0.211369864707452,-2.11522947630381,0.0496713825907113,0.0360315157761833,0.303017871711571
-2.46687482526899,-0.414964972563245,5.05606049524191,0.14561710794221,0.359612922634434,-3.14393989777075,0.234097804086874,0.0687272390367573,0.247181171243182,1.44591953562506,2.14550889305439,-2.85987401318558
0.819248258885773,0.204093964237311,-8.74808133550466,0.05866323596241,0.106345197314973,2.13018532979751,-0.371146031956779,-0.376685053080965,1.96738155451663,0.113790121785502,-0.216406290500985,3.01650031556839
2.97413620081872,0.502953596007309,-4.63451715162228,0.296034362504011,-0.702773875981958,2.94778667797875,-0.537179358484147,0.0491863463557791,-1.0856674093703,-2.24273679135354,0.302182188495301,2.05110856497372
-0.344643633001702,-1.60341880333393,-4.03684493367988,-0.14398681437423,0.326285602472021,3.24546712027682,0.309712783376177,-0.178227310189785,0.845045749922292,-0.982556066514316,-1.94226102435696,1.9605227237985
1.44912178558098,0.241506747796871,-3.95522974388574,-0.172221285158838,0.449857035643058,1.0944661149803,0.926443818450847,1.08863401459738,2.38614221822252,0.0182640026476132,-0.188270192718126,1.65814814005305
-2.94602796057783,-0.379496755529993,-1.50437415471868,0.112208658891962,-0.384629510713947,-0.904067989316416,-0.156033828003257,1.84827684536697,3.84596542871828,0.655682000452211,0.049018014403568,0.840645575093654
-0.363296889712629,-3.15385302291715,-1.81934881525579,-0.0438070595379511,-0.00384084773775626,1.75530325189036,-0.168355587713619,-0.0595594806506762,-1.57805826666572,0.0506667777424372,1.00765404275987,1.42109673575854
1.63228837241981,-6.98151602159492,-6.05678889052586,0.376245861761676,0.207436337469928,-1.44646759916976,0.480804041255318,-0.0436223318574801,2.01478290888262,0.647498253949157,-0.15154813911645,4.64120346490052
1.8185444494887,0.0088972756357476,-6.76822167086032,-0.0165981654584297,-0.269074629600701,0.198895433323033,-1.41680469309465,-0.00771738485073353,1.72549266336033,0.105393628295422,0.121714171884901,4.18685040840562
0.634318687994357,-0.628269936310112,4.78890325534302,0.704216143159221,-0.00203620716839992,-2.01107273761143,0.153085825911541,0.260660966241897,-1.87340916936329,0.029376508208537,0.00172973252754055,-1.40377290179342
2.83193046816063,-1.29962828597937,4.48992206996687,-0.415669484585846,-1.11050758675301,-0.273067315098996,0.214773902398382,0.12820891286675,-1.73067159599582,-0.0601181054066754,0.194375582694722,-2.72434676996419
-1.18303428892725,-0.881131611193169,-3.95060810602884,0.554760607990428,-0.198675234868384,1.5273080152603,0.187207688720551,0.0186057218076639,3.35710363954932,-0.0341623530545187,0.536903855186435,0.352327636155401
2.06350548709427,-0.498143064887199,8.93857628509692,-0.612071987816815,0.284519352866304,-3.20613170178209,-0.160515955116419,0.105743973648508,-2.31141258311597,0.755312751966655,0.815417876563746,-3.62759222767132
2.69626245252081,-0.460128311502195,-0.895825862990797,-1.93714747251172,1.26097923113379,-0.929451075045389,0.471126144043604,0.193577724561523,1.77822003098486,0.951430189626782,-0.951879419182286,-0.865858492571567
0.535811439807394,-0.444198649197847,9.20367005417231,0.158886860207489,-0.0885842331589849,-2.68271870281321,-0.246052970736207,0.448653379974272,-3.69809227583788,-0.120188778327908,1.20742629564997,-1.34050250227197
-2.34486992295047,-2.24630752149108,-3.28185046753001,-0.0500612895191879,-0.341836585319063,-0.396081756603988,-0.265287549847056,-0.0483507398100895,3.35141953472593,0.0311694312784329,1.99410213228339,1.54510456052954
0.470968173415249,-0.446349790787699,-4.72565832006673,-0.0671147511822428,0.0898434020088102,-3.38588869626963,-0.711466865529188,-0.395027289627337,2.33771475289805,-0.127064351819337,-0.0237178191116939,4.108063618877
0.379530950449462,2.47701020888674,2.57551235390111,0.0787684289608444,-0.0913806435311398,-3.21626137109468,-0.656633674158698,-0.408072233122532,-0.845822892697142,0.670649330972467,-1.3518108441167,1.01559389383841
2.11550624129747,1.11629522206402,-6.22813873814053,0.208715719043055,-0.643289128497064,-1.35499464163905,-1.45853897247725,0.240220318750183,3.81466561629388,-0.0241578012698751,0.060137518901346,1.97990733945794
1.58852100343788,-0.242372208704587,-4.83851449711173,-0.121839115781715,0.787347756610548,1.75780129377159,0.0808296154513249,0.101284907354932,-0.884626544942447,0.511254265862274,-0.55944313972217,3.12840027782017
2.14544835735446,0.973256602981115,-3.57348667295031,-0.44594741415288,-1.1490993292834,3.55296262110489,-0.554538142899134,-0.465701759900132,-2.6430207436753,0.573661779708916,-0.207683652740734,2.44963384489704
1.78760524058383,0.622060314340783,-10.6445520765392,0.123088852075836,-0.783391553879308,4.54129706156503,0.463180252392875,0.372606160043847,3.31139800084058,-0.137695555678212,-0.342578394790105,2.67121717537567
0.218272232750976,0.9119232159499,1.69534668772769,-0.0536831601352134,0.0581750251618867,0.401767766907183,0.583007968726372,0.0104827133900681,-0.932887851017226,-0.272508066297752,0.264172413859886,-0.66750663273203
0.358301530366172,0.232709498901114,1.04979323867992,0.316325378345261,-0.134593015043545,-3.01384412602911,-0.134620404300223,0.43210497118466,-1.48866544635525,-0.0951893913706383,0.468195889525361,2.43175292719625
1.22401439167173,2.74969086435842,-1.08370503893456,-0.177707843522253,0.0387320110896239,1.04583965752687,0.156263619746407,0.151880064565685,-2.038442088229,1.19175866103368,0.120825518933867,-0.789445592142989
-0.719895075522565,-2.64593273068673,5.08451185734228,-0.0709827360427429,0.0406721935708713,-0.0847260412026925,-1.27870539979176,0.0301618948844493,-1.96317764238548,1.47520484737084,0.688954135526517,-2.75921758554096
-2.40804676544042,2.21830570924421,6.91797713624856,0.588804901003839,-0.324600359745732,-3.07191902373113,1.13416465655998,0.310916773802467,-2.15709620485595,-0.0202192324864751,0.087850606603644,-0.927193730671015
2.92220345038561,0.488576186461534,-6.75631460946118,-0.0245449492245608,-0.00559392973647888,3.63870734836387,-1.87613482889249,0.666770909849285,1.66769867467961,0.234477273045815,-0.879261269093085,2.18770776633161
0.953568938894988,-0.379282571462738,-11.6599058623944,-0.331043968124533,0.116202727857738,3.17683094779192,-1.69177692239243,0.458659970312966,2.67381576689377,0.150895082014483,0.0810811702021171,1.56014516316167
1.21520650665865,2.24760889305298,-6.73428541247029,-0.137762187270972,-0.0888398052154122,3.01968437520681,-0.101840021234271,0.450809102265363,-0.0569845670872322,-0.228703184078231,-1.75318444973645,4.26877478999465
-1.9995823173332,-0.0363256216707296,-3.94691147278953,-0.445432729787811,0.308063831778636,0.135500650212988,-0.0526297636363833,0.557378756730427,2.22165914330055,2.06306471073311,-0.633980413823415,2.67501480048008
-7.34709450164597,1.00938277811952,-5.38832320185232,-0.515511371006123,0.191837390661397,0.0300054379355157,0.306753654115019,0.000971022376852422,1.89275857243276,1.86446928185587,0.0251731285538337,1.86015479733806
-1.2679107518363,-0.829659562533201,1.57260760527755,-0.299509684159731,0.0173422045717407,2.65836808718647,-0.0939718888796087,0.00384632115703621,-3.03069312747762,1.2906233921874,-0.554884061493817,-1.2294059997636
-2.30032430010498,-1.07937271256001,-8.29084538146253,0.164036464931436,-0.409787796695917,0.63541032118723,-0.149436961063288,1.29644662857509,3.74728358731439,1.2091719497972,-0.658899010403162,3.18033429363373
-5.43050856785193,-0.449642475283099,5.35824472592861,0.419589255139265,-0.214307048747375,-0.688941716660843,0.224036490680259,0.323440451549685,-2.00388605412971,1.42552452581743,0.774753541778779,-3.48383447425881
2.09688591244211,1.23416968023592,5.1208118235163,0.118129437077502,0.607703782299715,-2.82669111359669,-0.217825126271505,0.287758933889452,-0.652058355670873,-0.816108311409094,-0.572487111008192,-2.35339178624844
1.7599326740396,-0.382516580403233,6.14347577576353,0.286791567643881,-0.0237824253632798,-1.88038452450558,-0.0705222965446949,-0.73648429244343,-0.965333919673867,-1.09808136192861,0.377684934847287,-1.06893415897095
1.85077680678576,0.477344675201777,6.04986793748009,-0.00440242109603234,-0.290743827293341,-3.30711331853075,0.0840077774060694,-0.223456605604542,-0.570836811445245,0.13288886122602,-0.647439034731543,-3.89527612028542
2.49594378461358,-0.648637386376447,3.01867475164182,-0.404038846492908,-0.312275217440239,-1.42905492787422,0.197812533238864,-0.0725403483829573,-1.83501585951029,-1.06351555578827,1.30366779331302,0.359028691834341
-4.36658826889375,2.34551200275629,-1.79790058576479,1.85416102866001,0.310787408471027,1.55661667290573,0.206988714475839,0.100908440140227,2.46428192263367,0.252729498859397,0.308143257093536,1.18083338198745
2.86622754804474,-3.08357153029719,-9.29900051292688,0.133714734047525,0.801336228768834,0.835951658896936,-0.209150356376892,0.215081375763127,3.22651766243749,-0.871707967623833,0.930972839944551,1.85408977283121
1.77429303220501,0.119650105478929,3.67514275895379,0.193600342600825,0.12201921875006,-1.38390005764544,-0.527566418846918,0.057654032926034,-2.3288650479293,0.0468045960580243,-0.558521282965465,0.8739367251971
3.06322862346572,-0.35604407709118,-0.0474694778338334,-0.155648183438902,0.162460496707437,-1.59161917129982,-0.600506501100657,-0.567367896366669,4.61137991924085,0.735690550396283,-1.09080188894054,1.59225270098797
-0.731841311692918,1.21863975841261,-3.74081935854734,-0.172423005595545,0.446556354756691,1.39635133654622,-0.117611215706663,-0.250509022711356,-0.0794815504468801,0.177757668135511,-0.446769822790859,2.73721641063645
-1.77990008918831,-3.28894913879393,-6.57507543323079,0.252179776561458,-0.147309624407048,0.763010369085022,0.781373335973586,-2.0303212184836,1.36436104689569,-0.445681493641435,1.95980385143613,2.02346393872597
-1.70526527465245,-1.87335702191839,4.74402650585314,-0.441359707244293,-0.537851925965226,-2.79649532809512,-0.0123437176982716,-0.227935142511977,-1.03564351462086,-0.292696145404851,1.41220370983872,-3.10077567798865
1.57527006387413,-0.861063135544944,-2.6578749725748,0.00167080616923358,0.324332695793745,2.05336198625467,-0.0140393213434279,0.171574887373545,0.59044905726477,-0.426491926455384,-0.63161786965981,2.91829091331467
0.829663066936629,-2.35813745241585,-2.61599719525568,-0.293762414907802,0.196209376768786,0.321871713218416,-0.509080512328225,-0.382100398849556,0.677758897819967,0.175485586452865,-0.0631349543326964,2.98172585967055
0.952529285825092,1.99153463575978,-5.6222977486756,-1.09850965112581,-0.890591824275522,2.5482739697262,-0.648896452183742,1.72996111270109,3.42509881051623,-0.221385646700776,-0.0893540167772749,0.370128223179042
-0.560562594176905,-0.499015650580088,-6.65379093373491,-0.0309672983535462,-0.492880381001432,1.92406168612888,0.106680121774809,-0.0712454659815374,0.276385062799728,0.0501310662566441,-0.0470410348729282,3.68832273320675
-1.23932415850441,-1.32442267164542,-10.1159426329961,-0.358027067399863,0.540083137338388,3.66149603224911,0.25886917381585,-0.00243072334756755,0.789565131900446,2.21554341504209,0.833678762063755,3.87794548001354
0.119647054194206,-4.10972057014018,10.9801225788227,0.926984099011885,1.00409057072892,-3.51015481280858,-0.344469589335512,-0.201452543042931,-3.83060012076754,-0.0404938735046797,0.124960064120745,-3.11927608818639
0.629426386937174,2.54861835238102,8.14371300737477,1.00422284435796,-1.28581253926074,-3.52720250675459,-0.0359395648925603,0.256154513438372,-3.02721892337737,-0.736012011930545,-0.520711944290839,-2.30727311744091
1.45369518280395,0.445081037174817,-3.81990739690516,0.123962695745379,-0.133098436899254,1.47456075195558,0.389085481673672,-0.224603229379604,-0.393884145218149,0.700990652189424,-0.580979597405827,4.1507460166937
0.0941538390533092,0.385864032141214,3.59058246858118,0.279592718340969,-0.24273475423624,-2.99436755720972,-0.0617057228949896,0.469660320214985,-2.27116093576797,-0.0696751245241354,0.0146433081175058,1.35699185969457
0.96748818441379,2.11853918937657,-6.76412459983928,-0.363816672869852,0.170378465437436,0.176292073624937,-0.338993170196021,-0.185833030236231,1.34126830329762,-1.80792344783319,-1.41042984434121,3.14407419226718
0.61597848964363,-0.409136173389514,7.62687716476689,-0.493997187245219,-1.33265690212316,-2.04523066044122,0.0368462402029762,0.895580029520847,-2.65521182027462,0.146747994105963,-0.0861908784719599,-2.68746494616605
-1.84480959028375,-0.0979663277797,6.13073022251648,0.185714607506,-0.372326692117699,-1.52920075739224,0.301977105753789,0.00818193475310066,-3.20138728458123,0.236904716712013,1.29001067537501,-2.1940798089534
-0.373731402228424,-1.99423676976659,5.05317577261402,0.284697325289738,0.608270903605325,1.89996214802333,0.0573440934722171,-0.129073673637609,-2.68190652562091,0.147183429460332,0.741988398662214,-3.36822731947933
-1.42325802178854,-5.84503387004148,-2.58268886773927,0.0153807595004549,-0.550747129649746,2.89840861528511,-0.697542797843986,1.01009865982272,3.0416672074458,-0.570895854559148,-0.118106361832528,-0.779656008014627
2.10971852103325,-2.97789069188003,-1.10557269740078,-0.0301108126273847,-0.0306361935463154,-0.738446019913085,0.873786535486983,0.699501027619536,1.48353218066414,-1.63304843634507,-1.36325361686581,0.230871203333297
1.70509898340132,2.1117228016428,-4.26660538958947,0.131635866260444,0.231964321839485,0.265817780331006,0.150687386734044,-0.48722364741473,0.961249191876751,0.0178527306121183,0.0440807914680444,2.06631185168093
-0.727523114855056,0.566079376346302,3.65052178401339,-0.535283832613029,-0.800120654645137,0.583066837237955,0.024986146219813,0.037364838938441,-1.6798663949191,0.0566275673119475,0.256403068966566,-1.10358155597075
-1.41792221097743,2.07531042177567,-6.34485581075815,1.70528078037142,-0.172240621599406,2.72485667506333,0.0893803934825289,0.153095325107037,1.8278312829424,-1.6410138043121,-0.787231931201513,2.39226476028113
-0.862129849012647,0.525716434127037,-1.88658604389989,-0.398847510049416,-0.00859155240591308,1.37737902473531,0.234993385001865,-0.132245558979916,1.05381464469537,0.770828722277676,0.634460153478711,-0.576743503627719
0.543267839414743,2.24121361750159,7.43740625112721,0.435770798695932,-0.111007633678803,-0.054873877650157,0.898508463557355,-0.156356456767499,-3.51205835191666,-0.872381646051089,-1.57736022625465,-3.61613805738546
2.16622543902195,-3.57033837657183,-2.60455728008959,-0.293291109732264,-0.000243339485729431,-0.0795047918708165,0.0557848479878354,-0.372784568637587,1.59321534912458,-0.36521008309483,1.75930100215965,1.91063285198697
-0.609014788060568,1.14628180127092,-0.888160680884418,0.397646367621641,1.32392143069099,1.36416820151497,0.295500256082731,-0.59251445240072,-0.686885115195251,-0.120854750549287,-0.524122322384219,2.47052455938579
-2.28253229056846,2.03645274229582,7.16198122663897,0.518657772441256,0.248460258555985,-4.00754727042394,-0.366857284620851,0.0548122413895823,-1.16708113895453,1.91589122211433,-0.564119919845581,-2.33482448669781
0.0449515308974643,0.492720143995095,-10.3307734053868,0.0409120009725079,-0.0651356985775673,2.57001785808377,-0.751592529630191,0.267278969168207,3.31742472885857,0.210821247443509,0.635781714436639,3.44217522002012
0.359522725837025,-1.49058741070722,-7.67739938756884,-0.155369205768597,0.456273886582012,2.57569208010743,0.0444775172770521,-0.0455479134035332,3.27957019209552,-0.287578419138252,-0.181421952877611,2.45232835039075
2.06360579473261,0.986255604034554,-2.86284700935544,-0.740487325194621,0.346586836765691,-0.983591648918616,-0.782656165170978,0.315189391030089,3.11522090097413,-0.0904082956146727,-0.267853761225062,0.47290752113523
0.57810065175533,1.74174634479609,5.69066836716238,-0.14139450563263,-0.105221380587846,0.677748465492593,-0.251402560742956,-0.855756307713185,-1.91487511718689,-0.00362154234613107,0.019260830254207,-3.68890050333113
0.32518972736699,-2.68710032462005,5.99363679814505,-0.129333739571539,0.508224709820191,0.706961188902922,0.0773671023421105,0.455566874997153,-3.38003949692402,-0.121520913435856,-0.516529074827777,-2.26836280592369
0.767426873360666,-4.63129078591592,-2.12718089669238,0.221544102504652,-0.120752369625339,1.7459013062502,-0.119908165881958,0.462634876377383,-0.832681066495683,-1.90177439141809,1.75932173897849,1.10377648248863
0.289522591734359,0.676843479265433,-4.40359703387439,-1.21486397148831,-1.10545011911336,1.52229254181312,0.0217742790196668,-0.0346125873122446,-0.140871668641747,-0.106281705339979,0.63223044842929,2.34581363616356
-1.86894828166746,-0.405236796942067,-3.8424832560033,0.725686725406499,0.631403480160435,1.71090511424568,-0.567973938298626,-0.0456934539326924,-0.6527874957523,-0.0381593699161861,-0.321168553346077,2.72869826147901
1.16991073817736,-6.58315450709862,8.07127105650028,-0.0331417913253746,-0.286950480881564,-1.94234322846133,0.434580011104208,0.142735508076606,-3.21548000450267,-0.204655841639456,0.0158164692002569,-3.02301816367404
0.997988635120433,-3.17639004935919,3.01252059097363,0.470754594929527,0.237933978166566,-0.974821392204388,-0.339403605208856,1.98153779319091,-2.74987411924967,0.185208552316303,-0.263292102883233,2.31683298309581
0.729569745826899,-1.12470763932055,-5.96296628561508,-0.654151781585229,-0.0423614168774302,0.918628315717717,-0.0601386223735376,0.928822723845424,2.71017869545404,-0.808232033723059,-0.639364316047008,3.49293413452973
-0.286803606354866,-0.611208195575824,1.33074674805242,0.487483865655309,-0.19661337962644,0.199650246896482,-0.10981425612334,-1.02717394744916,-2.64703204640503,-0.0308923503026247,1.19235616373444,-2.07483198567249
-0.84598019515274,0.778800176329809,-4.2244122872693,-0.259314943036756,-0.703214993193941,1.29386724382287,0.263899926252225,-0.196200026381416,1.10853492344713,0.215382521939874,0.351106813607905,1.76040038825464
1.67492493428316,-0.495090692841274,-7.42886969404971,-0.3819788903743,-0.628152767973061,1.7328440348457,0.422498882704919,-0.0813627597342323,1.57661448652667,-0.915153315171924,0.600400443490559,1.82889517469382
2.06092075146726,-0.683472865545079,5.10209458083038,0.954291403850174,0.403420977553597,-2.25586289057199,-0.160797013952444,0.581358689347858,0.325637101042701,0.00336924249977607,0.00921473473787955,-4.00617062698379
0.921766309723648,-0.590099726407418,-4.43205360112838,-0.21263932681001,0.288136808498681,-0.544629162364887,-0.00672440123249833,-0.444952397438578,2.73224740084405,-0.0903426679247613,0.592101041627439,3.08835324073023
-1.20976244209479,-1.71121088757681,3.36088390909243,0.392581086561695,0.935231723929667,-0.548987572120901,0.839350187042407,-0.000605108080464727,-2.55921142293261,-0.279348603472116,0.153538289381319,-2.2619769851397
-1.99197036168901,0.541485972991078,-4.75435224140125,-0.0145006141267247,-0.303508486364992,-0.555555953814975,0.937443846271664,-0.498759315447517,4.12998206757438,0.873218215511619,0.294699793537436,2.46815340765639
3.89754234357627,-5.10970885347488,-9.22265361227034,0.154807668656446,0.0979072734568962,3.05599803194492,-1.31063578515545,0.670487952657105,4.09267496298052,-0.27383320810689,-0.0426868822622662,0.502070550846769
-4.82300297022366,-1.49080032228789,3.88948058781394,0.849401850094817,-0.812082360512043,-3.26513081045445,-0.014538624972464,-0.00579489588350293,-0.354959757791532,1.39498214940037,0.541760571366658,-2.68071225142606
1.19059234977944,-3.1537753132245,1.06319117886131,-0.0453477774049942,0.357710641753512,3.24382816413457,-0.237563206286402,-0.283331888057062,-1.6548854145734,0.567781357125185,0.579794284789145,-2.77562798180304
-2.31882560679165,-0.484149601153404,-7.29815646593672,-0.738173285317741,0.865852276910819,3.14874901830009,-0.00498397697975534,-0.07334296643353,1.01410152693897,1.86394954339339,-0.461779799745347,2.30461594426622
0.949191523817412,-1.66127414305167,-3.87902560525077,0.444488489010508,-0.773473464655007,-0.106793052319773,-1.14685400771766,0.00337335617122207,1.93680590037674,-0.251408941433954,1.95899592152422,0.440745065775303
-2.45487327789383,-0.48479918556533,4.74151420166369,1.68836031464794,0.457584197793028,-4.94953076145945,-0.143849857914037,0.434259974540915,-3.31855907528406,-0.607963363301245,-0.3168711555651,0.165069989123045
7.97161777426374,2.27681403059501,1.5946649270871,-0.0345488699768999,-0.57367065492362,-0.142470296882324,-0.151070340989327,1.37611378981394,-2.73099026501304,0.16714800743588,-1.30412829324432,-2.54639652915037
3.07372293085795,-2.81214567372881,-4.74827060906742,0.349304621018866,-0.525972304266865,3.41395001807515,-0.0120904862932406,-0.207207905490992,-1.42637014044748,-0.960513804644604,1.57348963503277,1.08419826129787
-0.744387460579074,1.87823460667886,-0.753213210297823,0.265810342735422,-0.476387663022644,-1.71973727293712,-0.193008057634673,0.0193801979600982,1.893670701516,0.658274664247098,0.223661150963923,2.67947905723845
4.78621370179308,-4.00107453126032,10.3135667409905,0.0266307548246218,0.656805412983595,0.374393169549991,1.42644092611213,-0.691694077044077,-2.17574857128713,-1.8310124960583,1.78595384839146,-2.25047712565423
2.54368591281414,-0.10736037930269,-5.50647503440154,0.755339425177446,-0.683557317465503,2.31722744887352,-0.593159444771153,-0.30625776241496,1.77896874819579,-1.57586952391378,1.12557868555903,1.35735957392475
2.0654373281045,-2.09124137710855,3.31783093014428,-0.0850607134569793,-0.0391488419440804,-1.99198280618214,-0.0690248225431319,-0.543462843852826,-3.57161032520635,-0.598468723518507,0.153649174799614,-1.85061194825515
-4.09654858703359,4.42308156514167,3.20903931394716,0.989836851918305,-1.37248930101159,-2.92604562429763,-0.00154283397284006,-0.943051226476358,-2.66336309927811,-0.152261798493354,-0.238880919235866,-2.61316199999613
2.10453891407249,-2.10419462480492,-2.72697374955765,-0.376070864708733,-0.21230663314155,-1.36713560611737,-1.93165469233833,-1.64614157413011,3.11996460880389,-0.532175609064179,0.301774467592148,1.51064610477957
-1.35089238938457,-0.0477043683303129,6.43303114937138,0.698848828148779,0.810260705410287,-2.54001472536683,0.454909919716308,-0.114946740062436,-2.29226860841115,-0.672486875626966,-0.57467338884524,0.729667060644012
-0.177025766349157,0.035492581091093,-3.871545707689,-0.144041207589823,-0.00677441550001839,2.71432784374019,-0.159887051067335,0.225336837691703,-1.52023344886858,0.0404596901168624,0.0626588573825167,3.22182250398434
-1.25481266768939,-1.19943449538333,7.21581893963352,0.366320719687858,-0.591574202269192,-1.40230086936063,-0.0585218028267693,0.191419131007337,-4.16507459277744,-0.507150297096146,-0.0277451007542926,-0.159494848163863
1.06336774229652,-3.68856941224884,-8.36159435115708,-0.335523889222839,0.31456462234718,2.33590805621412,0.20738888485765,0.344614038841625,1.10937086887616,0.924866109771399,-0.559898412539441,2.06026277703027
0.0465210487424468,1.60573655834313,3.44387885505601,-0.17755323204783,0.0988069572868426,-3.50857093371527,0.0919468850830588,0.21844448314437,-0.00631009580714208,1.85655023878841,-1.85929813842358,-0.313409970261903
-0.621562049051503,0.661543742598951,-4.72010454537984,-1.1627724597731,-0.564900194378893,3.31682307092991,0.0571737855990178,0.058202781463853,-2.21501824548107,0.0941260254590458,0.415129051704613,2.91809538801914
2.7329652106064,1.69565348476988,6.57416124646606,0.394633460817176,0.0944859747135849,-0.735906457206142,1.16478375620258,0.0926503269558864,-2.88206509422489,-2.89465889615553,-1.81670409370446,-2.65911385391417
1.64919156885614,0.910386322999901,-7.17596342930558,-0.709336237922896,-0.946906781663634,2.0021140861288,0.112013706284104,-0.424160831723575,0.290026611245094,0.0135121983085119,0.0370086796034883,4.36051106186696
2.1709170148206,0.626147404686151,7.34034469773326,-0.314263397810291,-0.440196446715434,-1.63588420574352,0.335241812832354,0.0839940047253532,-3.61616184169867,-0.310534815129024,-2.22584968455897,-2.69120643596885
0.557796557367053,0.965658586374942,-4.09872497201252,-0.412083668440141,0.00822818684754255,-2.30483890236913,0.831931264938553,0.0678938568253381,1.93577609231131,-0.58976413398369,0.214516575208125,4.2172945884324
1.76312557741166,2.72961610763017,-6.90260029403373,-0.241097648320496,-0.372495753740371,3.09837310291432,-0.179712510086482,0.0234063180083164,1.08116465636866,-1.28819224507908,-0.613901259031844,1.69009282322558
-1.47623488265932,1.01566024596296,2.65280065335754,-0.942352474938454,0.148901745761833,-2.06227900904237,0.860453066575404,-0.399801031360725,-1.10865007191905,0.0367321665015135,-0.506702962790157,0.473834709003667
1.23765097590886,2.33105279438617,2.0838964778595,0.410791222264484,-0.5627856136701,-0.766079847323313,-0.135738868078983,0.430528008550881,-2.28330717951563,0.0168137312449339,-0.255095962275576,-0.500642685553207
1.60426214219181,-3.59677971886449,-0.367508838745624,-0.167189979020806,0.547288804413403,-0.988714095806062,0.676151850913765,-0.0333943374245194,1.58799015947937,-0.429654071039887,0.0897278988392828,0.715497813828556
-1.06699231385964,0.76874627168258,6.40350298986008,-0.318054554593003,0.247727071282533,-3.6119665064175,-0.0441013853630786,0.955315377713549,-4.20535355462278,-0.257170807675978,-0.530270163735618,0.587234548028239
0.950110821156451,-0.717521213357415,-7.93977821330014,0.147112617989876,-0.354809503186854,2.14878782089656,0.331066106957543,0.0328370242778088,0.618310267437947,-2.26288157121552,1.65430390309285,3.74309567195973
3.46120552545262,-2.69487145336607,5.96483825949471,-0.052144177672342,0.229074079157577,-3.8441953570446,-0.576157426958193,0.275940749670641,0.0677771682672635,-0.0788430825553948,0.653569744468818,-1.34172811403146
-0.964983854883287,-1.2792795498357,7.60172628752071,0.203859787549208,0.806481027899798,-0.616953311128949,-0.611675300468636,0.320994018707308,-2.88368189618433,-0.203621642686921,-0.108280231551979,-0.466931646898236
6.98443871066039,3.30503124018218,0.833074995223959,-0.134070282223357,0.426755436711782,-0.474751634141807,-0.986815005357914,-0.178456981563688,-0.842670880534935,-0.473976492680488,-0.495989035996796,1.01191455764797
2.07107567231813,-2.77015876751307,9.26478854277306,-0.219775255436842,0.788205252926827,-2.20726854536897,-0.411354059165316,-0.13608757360069,-2.12566863569367,0.521530551944057,0.464342804202182,-4.53140974920449
4.26787000096935,2.1165845398633,7.42113550698454,-0.482365483795814,0.684916442427981,-2.24761550174147,0.18937304419178,-0.616673111483951,-3.24363392082418,-1.40518842468789,0.00226185060399782,-1.82239389767538
0.100330075728146,-0.642177303816213,2.87544011189263,-0.318677847393818,0.180889865490269,-2.80640557555428,0.046916974552923,0.27321443918907,-0.0234412780165932,-0.246222657776212,-1.28989977474007,-0.654469695048678
-0.942670865272697,-0.76182210034783,-5.96383688089176,0.899494420760728,0.181950525462901,2.55422695893487,-0.0401961432084504,0.15218413763665,-0.543841724155578,-0.263363224244041,-0.293748357310808,3.45221574087849
2.29814136648867,-0.980225729290658,-5.1258290615258,-0.282907042576738,-0.365070912984678,-0.682119174327082,-0.932081950986511,0.0973974120520035,3.46792894691232,0.973977759210177,0.640090031958984,2.3109044453892
-0.11879080797127,0.414901800253914,-3.14601157648682,-0.047920964593136,0.0803488537915593,3.05626746545239,-0.0341212994971196,-0.284679305663166,0.143597650474898,-0.0952466420444239,-0.0718192463988033,2.20641060335413
-0.637048538258503,-0.655113911840574,-4.82882054962294,0.0863285579443753,0.475232592798355,3.77241308556937,-0.0190692387757883,-0.0598077038338376,-0.49250458510131,0.701541534829656,-0.950262229406395,1.7168759226547
0.354250116639014,-0.775397183102442,1.64679129266093,0.0680092610280081,-0.0208717785579895,1.09785551542338,-1.83578002542739,-0.520912289626085,-1.07990807307967,-0.641688354504597,0.272235815726309,0.468236277276422
-1.6242851618167,0.631498829947992,-4.36653848018746,-0.113122064741031,0.219714591736311,0.638904342620326,-0.13151016806254,0.0201428098545636,3.16370297005539,2.85913276432432,0.140357260610439,0.57701299508859
-0.754795297992294,-5.65427931490463,-4.36286239170514,-0.912023890776856,3.25506810119164,2.06233479859435,-0.129112137799497,0.376390682462414,0.702279052135782,0.105009230364762,-0.624174288751607,1.47854292722985
1.84294963864918,6.0795965730773,2.10368854333651,0.0270785788760343,-0.768840393069763,-2.63743353246957,-0.361989620247964,-0.461933160199805,-0.100828676840135,-1.85076707513808,-1.7406726826338,-0.914453181813318
-0.79191085643538,0.239146439604226,4.91530617268194,-0.308660156433334,0.472998565332089,-3.40476539499712,0.322080577151928,0.211096622507162,2.01736003799787,-0.0625130242788153,-1.34936455677588,-2.86498952864491
0.454143286053802,-0.126589248568338,8.72053510563387,0.136448642893587,-1.51824802417036,-2.56764800002855,0.568747815867693,0.00696757818990415,-2.44460000681875,-0.488149264624151,0.106835579696494,-2.83941280536934
-0.492490305191561,-1.63141435246899,0.810525274566994,0.273381291579434,-0.60461243671382,-1.73613653552092,0.0877119985786042,0.206527260739947,-2.62653477332167,-0.0140879148598658,0.000282776854806415,2.82107149369678
-0.892179094234297,2.0081763836303,3.68358972791142,0.254035537461623,-0.998240662223203,-1.31200539103392,0.0282558675273519,-0.0152326691114236,-1.37754295740319,-0.0445436846603978,0.0240047279038905,-3.37642687997583
-3.73843020445787,0.684999325797112,-9.18300738327182,-0.0207257241889108,-0.167069955685009,3.22555432572028,0.0342725741272895,-0.355496572707097,2.05648487461514,2.46555902718598,0.668834346474418,4.30135450352743
2.26584586978529,-4.52795672740435,-8.67798823640585,0.0886560501544206,-0.225989123553847,0.967844318049038,-0.598546578525255,-0.0606008802160107,2.11272859700061,1.69866572437678,-1.0332171224517,4.3537735141246
1.23340375552265,-0.146689500045811,-3.15267621552104,-0.270104448873316,0.109180164159124,1.61081284597255,-0.557154087578387,0.2773179251188,0.547130307904698,-0.984929940791632,-0.0980577773805629,-0.499830218087807
-1.92914331109201,-2.60508669500757,-8.39221682175014,0.297318615156903,-0.117041066337251,3.41034959746064,0.581455859506446,0.134337334592167,-1.98276042559662,-1.28796596272517,1.48070013874262,5.80170081425462
-2.76158433413378,2.32233515601198,-7.20960737003569,-0.283086239263804,-0.240354503193769,-0.514683830742175,1.34492713388174,-1.99380212638587,4.60420230884815,1.40821866073708,-0.146170527348636,1.69008029970387
0.605808101597324,1.14350045357799,1.54352563856926,-0.632814761531482,-0.777207350046394,-3.12834116565166,0.110634566829476,-0.695875770175659,-2.00667773311331,-0.101102514770181,-0.239463812491649,3.61357624350731
-1.18329282544051,1.15765264680562,2.24808424879895,0.120044224755203,0.212856971999528,-2.56947824502101,0.0929510877266298,0.021467932188976,-0.987320371109947,-0.821989866423053,-1.55958038209458,0.356479057055415
0.0243463313595298,-0.874908782337452,-4.01146370978449,-0.224988843543001,-0.152517234440775,2.75500390454177,-0.673014214974187,-0.257640280371067,3.66043186137741,0.0770430291430156,-0.0489677352495069,-1.02933410354284
-1.0480097433034,-0.648195676629856,6.33030801803732,1.57432708685107,-0.0962376297572493,-4.31773254133523,0.229926714138459,0.0638030543556153,2.08519679849604,0.578847628651603,-0.832021130524864,-2.14038053808968
0.0802022444066112,-1.10461263312646,-2.4924735752132,0.533964802948363,-0.47124204044621,0.302988757978655,0.86826936862579,0.107272828257767,3.34902615313603,-0.872193942388835,0.433618875726386,2.05567408702375
-0.77908387771215,2.20683217067118,-2.22094309953061,-0.0824445465467865,0.0763905988496247,2.44910086723808,0.978367975280367,-0.820001787002378,-0.422888422573665,-0.114000369813139,-0.134478361157861,0.637044186316423
-2.56590996873213,0.568767342029469,7.34217584794568,0.367534524334963,-0.643459750723636,-2.14092809677551,1.21007567463279,0.232180464885896,-1.42535587966574,2.04094123161851,-1.27864733241016,-2.47542471971974
0.195854328574159,-1.37700869339,4.20434746434273,-0.420946863617601,0.0852209494093387,-3.14483811494604,-0.362043315605891,-0.123093560920173,0.686746525237572,-0.421459560314875,2.1650300350259,-3.12606105657396
1.74309468844901,1.91674129554875,-7.07343214281061,-0.21975140219175,0.0167707543100441,1.62150049444421,-0.0877108364473962,-0.528428519656678,1.70830898038848,-0.221417014109455,0.200124841332677,3.01814715505284
-1.87713362437718,3.98086213069891,-3.3497628409857,0.905949766311041,0.518223929289271,1.94162639466434,-0.209260284846782,-0.229979123435515,1.3443734109521,1.14040857556064,-0.993918741959546,4.04312280540967
1.84785168204327,-2.03756190443605,-3.45140151539009,0.312075941300403,-0.377409469529909,1.19000827664946,-0.416413781474948,0.879398153411143,0.997489006714484,-1.09662734763932,-0.256411968792667,1.08021959579449
-0.268610999908814,1.75136549321637,-6.74493068080445,0.929651557977102,1.94309595686699,2.82636416176985,-0.197196186062704,-0.173258305606445,0.180725256514837,-0.110538833009642,-0.0640001660925983,3.33161381723036
2.7998827353176,-0.415115787017789,1.08015650538444,-0.245174304141753,0.119241826182483,1.11864181150622,-0.600185109562654,-0.0172492762748745,-2.80627073344405,-0.460286326884163,-0.553043127998614,-1.11668425076248
-0.153448365592507,-2.45167765768975,8.24925648844078,-0.468909141292058,0.378755786830063,-2.84005941679548,-0.0254626671943375,-0.331240145900364,-2.88722496338964,-0.0218472361065281,0.488787367874083,-2.3457080964125
2.22179555243811,-0.194231973231165,-1.34871598776682,-0.183551059718108,0.174572818332908,-1.64370154185921,0.113006285067761,0.195220970524852,0.734637312352451,0.323047771195503,1.22232621417658,-0.807321869095947
-2.58195994243186,1.52166351605702,3.09793777960787,0.0903631366323118,0.524023749918227,-0.740281057180372,1.13407674207315,0.718406661716623,-1.89525879030094,-0.0628216045441689,-0.0612853645237637,-1.21554302912768
1.36554875120027,2.02165717834182,-8.17282832365621,-0.13837833778754,-0.0913311289240224,3.67967921437164,-0.102668019168345,0.141283169622286,3.07316769015194,-1.10610099889977,0.913372158591225,-0.109115693100004
-0.350627471068751,-0.870658470516806,6.0035688132226,-0.146211914934789,-1.27409817796424,-3.92328092412108,-0.163695663692062,-0.391392130071948,0.360865474744798,0.65668378722699,0.563230799795174,-0.370414582032763
-0.29633678288928,-0.37433489889502,-5.17134206942466,0.083536456717297,-0.04302427516854,-0.566520622053529,0.508329913478959,0.0447771210536162,1.18453364218895,-0.799699654094602,0.846029708658294,2.00540592706042
0.0661320393370231,-2.60096565267733,-1.44084841372617,0.442268086509509,1.83631005756318,0.25823442780368,0.0991189785370271,1.68758218516771,-1.22027832522821,0.180831181848236,0.309852129745404,3.72061924601361
1.11486987888007,-3.34247287897568,-2.70970412241765,-0.281883459136539,0.146047191191032,-1.3410633128286,-0.643184665083656,0.140546655648931,1.37760230168644,-0.802582441383381,2.03715855773908,3.00177972806952
-1.68564605947581,-1.16280487353457,-6.57685645406122,-0.371910565812673,0.948739258617038,3.38361300841075,0.941054775019122,-0.736647457185589,3.21810430666288,-0.139575971047254,-0.0274444269917918,-0.672005375087413
-2.17081342200144,-4.4997940446078,7.7065167478734,0.559789920927094,-0.302509618290102,0.505882736395508,0.989279336108187,1.51408346652228,-1.51559747898929,-0.406077578922527,0.4462104223229,-4.60016861865806
-0.465240188510442,1.86634422378295,5.0586684488969,0.233883401206168,0.026965047351327,-2.64421508178467,0.187784297373553,-0.110271682267669,1.58999397092486,1.53918121895937,-1.03986134428234,0.0261174066423466
2.50664916918852,-2.25549599175363,2.52377876292386,0.212258570082455,-0.0496151207764568,-2.35181126486302,0.00555781212876736,0.206010985128854,-1.2501404432816,-0.52779863458793,0.811421460078559,-1.205525235953
-0.443070422983528,-0.651563671167659,1.35907662439275,0.750534439963775,-0.0618023531181934,-1.27914812537694,-0.0509281214695529,0.270905927577356,-4.13221346975359,-0.069339568894276,0.264592118640502,0.337273185393713
0.277893273275855,-1.33033305544376,5.23671276786355,0.37685981696784,-1.65411605781047,-3.19748166441594,0.0128582027337323,0.167883834768461,0.447288416111156,0.428300697545681,1.32834690848433,-1.670634934428
2.61376295567742,-2.50983906841769,9.49772310750618,0.311970036309141,0.162947237667918,-2.94661944945614,-0.555931302043634,0.137608027787315,-3.46443823249814,-1.30265670985444,-0.93600928566663,-2.48125505269624
3.57857596885499,2.60920475205688,5.11863387371047,0.0741618309567642,-0.0319557648973461,-1.47989100176886,-0.64988639262973,-0.622131845930506,-1.36573296348138,-2.49526827719317,-1.56196733674142,-0.588441922209952
2.46602493231856,-1.7137203111871,-8.83368133306059,-0.336845371406941,0.58504155666644,0.18239690996714,-1.40497954605124,-0.515645886718669,3.91925046911138,-0.66500061450997,0.985905333134969,4.18788330206639
-2.74786993903977,-1.7623887659557,2.10426893752855,-0.0747892727670888,0.00670290552995686,0.72029477988041,-0.0816318428629422,0.436331183940773,-2.77986694678447,-0.0875901713936317,1.73828142379023,-3.24083382004292
-1.33372101149103,-1.88268158776535,2.04021903163636,0.341685386775634,0.258970341300311,0.850985100079517,0.468871647407221,0.71368585654817,-4.14808629116754,1.1690745632616,0.973555377938464,-0.449899077615528
1.98476289157376,0.271396580832443,6.24397307572527,-1.78225928009871,-0.861113815354887,-1.91141284633553,-0.2172967687301,0.161915971429599,0.0924333324808036,-0.572572256926615,0.821273334671614,-4.45980887497227
-2.30403817723766,2.70307011681663,3.27840721854192,0.223261596994669,-0.241983474003097,-0.474446190074546,1.2135163051575,-0.97033408055654,-0.863580896505494,-2.37921885941681,0.638418106003757,-2.34091711013774
-0.778945245653583,-0.266413156226538,-4.79320241233094,0.469205044124911,0.280318471597541,1.80444288561875,0.442690996269772,0.0380296121330341,1.48287265516033,0.396699631006628,0.25465749987359,3.11483293023324
-0.0270636960424707,-0.608156746707899,-4.15910308879669,-0.131815177991,1.30839190245246,3.6456056163194,0.0142163185232375,-0.109493256836231,-1.4330878253186,-0.153882678317946,-0.501201158528606,3.54918620943306
1.14450283697374,-0.796083576765905,2.16387169673717,0.158196132540148,0.226681579084233,2.82654760577147,0.329211158615833,0.177429934629014,-2.14480083561816,-1.91262729682933,0.132240620619058,-0.502366217448931
-2.23347661116713,0.32112293606017,-5.18111009361178,0.0256208117583244,0.907354897172878,2.39905318737014,-0.112855214190865,0.168665391408905,0.780954375667427,-0.0569793769457867,-0.12570758337615,2.7961387110137
0.530427125071521,-0.166879910980769,5.287183786359,-0.234683853603421,0.0974549635003497,-2.01655585748071,-0.481464943973163,0.498631409008946,-3.00971239206172,0.0777289001557572,-0.499113843544291,-2.03904678615056
-2.71142419391943,2.59314847865382,-6.58965443595886,-0.0893212024159232,-0.202459976991472,1.97583048173303,0.735134563286656,0.0598020000871717,2.54866605160196,-0.0759984723725019,0.591940325586378,2.63682804206118
2.02279105044012,-0.836743872063902,-5.9874398862992,0.17226003016671,-0.00396787029591546,3.89368164076038,-0.0851574738526932,0.344150443207997,0.152919347726047,-0.487524152591529,-0.384299568495155,1.88623617497526
-0.981672570022492,-1.44463385772686,-6.54505951779133,-0.10726509533988,0.723449493681807,4.02024487109037,0.0049574473776601,-0.0786740878617256,-0.703468662364818,1.15468886784209,0.0564713571226499,1.69908802788793
1.4167987587383,-0.255622609104778,-3.11865598306448,-0.478383959208167,0.772135940509417,0.352562852708122,0.0704302479376111,-0.0384412269499396,2.27766526014749,0.26536740215916,0.00543636674850005,2.72046570488958
2.7199377332997,-1.03906573469015,-1.45501401532283,0.0744778327752732,0.200211201932145,2.18552672469414,-0.580043650746138,-0.00935504351373764,-1.04079669462201,-1.15829650254872,-0.250427231955148,-0.721574803730554
-0.19261987049629,-0.0601813865354458,-2.70483146373744,0.35500830047333,0.232917632271798,-1.20017449368684,-0.862257925266433,-0.565342556691809,2.22979425978078,1.07001018224972,1.16811705042184,-0.268198799014277
-6.14539504638931,2.89919518184987,-2.94175841248963,0.189996116045475,-0.838178821994573,3.38351199879376,-0.158819870705487,-0.0847104965230049,-0.949982892108426,0.730733625119155,-0.183001825288546,2.24587565971454
-2.27486045013279,-1.16140480329866,-6.9501237768712,2.04167258019402,-0.0270413239613612,2.46937656152187,0.0968166287549036,0.0110368984292457,0.397155402206104,0.13935344114253,-0.231144392534977,3.30252748586581
-3.28215632057823,-2.77204228576931,-6.81624830852898,0.453600613494328,0.261036736604441,2.86178154521096,-0.294651805578284,-0.545665922752843,3.5384509988754,-0.0283243990570273,0.0938617120218334,1.90679537722966
-0.425391915106796,-0.831891456016045,-1.90874921659702,-0.0743148136893546,0.0533778549062042,-0.632780806905764,0.355371394180284,0.366822968452748,-0.092429071956759,-0.00248228525584785,0.15832719746956,2.59522000397844
-0.937319011410811,-1.60160327682189,-9.24262199988417,0.029433372904821,1.93052116658454,3.63295279086934,-0.0109710373897923,-0.472175174237605,3.18529232850862,1.12756278122103,0.163284371355699,3.05485421709661
1.96930953190298,0.621439094365296,5.48068082424911,-0.0874957841126171,-0.020731252039052,-1.97982644670183,0.289528321565643,-0.37159457209913,-2.87718961633862,0.215400674431539,0.0900933097588096,-0.455489585574279
3.16820747903975,-0.386669321125287,-8.38009143278731,0.0116179306173773,0.323414175062213,3.27302056826341,-0.159591607210547,-0.106662824300498,2.97869106452469,-0.712220745464784,0.270363766177617,1.56130808530044
0.0861379547734848,-2.54396821393529,-9.35946935940895,0.319499598474171,-0.214791482081385,0.356151032209101,0.107202235999657,-0.00189996516207597,3.685728556469,-2.15133555224852,2.23072296993864,4.71530944499209
1.90124206118441,-1.18193469573142,0.38073130504001,0.206328449596007,-0.322643922792637,-1.58590287450292,0.169841069393199,-0.127060431543694,-3.40270754956357,-0.870245764344376,-1.23323484146995,0.374118243023101
-0.449369900943775,-0.21144686350964,2.68365280434551,-0.23528220870695,-0.148498708048966,0.621752028720687,-0.172121548116086,0.915075570431116,-1.14249479378959,1.7200767710909,-0.525307045660165,-0.787470091679407
0.505036338029876,-0.0513979185300454,1.76635957573847,-0.363662529697286,0.791655443888806,-2.85382461172035,0.577750302889312,-0.434246718015863,2.14146749534027,-0.10275376656262,-0.519325783882898,-4.0814895249454
1.01701339986299,3.39022489524322,-4.27480555873591,-0.146731851203395,-1.72462186121844,1.23494481161901,0.118696391926055,-0.202881160813269,-0.977093738148207,0.0568133398064233,0.274317343350313,3.05767620222969
-0.460230807251647,0.453169299571744,-6.76404334184184,0.568119232197227,-1.24204501065237,3.53849741059888,0.377327716193948,0.540257396028196,0.983099914519908,-1.33528879641844,0.187115589758761,2.2862150362926
-2.75013808760148,0.126551950520164,-8.7662636456775,-0.0163822844574353,0.0429209235580037,0.497242541711924,0.125540944936571,-0.416774402313991,2.89599910062195,1.89274785134643,-0.601214826297075,4.13574367870778
-1.91841536693753,-2.15414378150843,-5.76961432166471,0.495183279970314,0.244590004792797,4.21848635943808,0.20940947495111,-0.117001752157939,0.214196056297906,-0.203810327646651,-0.224092418177081,1.006559255112
-1.84597635085307,-0.209583089947821,-11.4627375686738,0.00382919528638008,-0.320854642779684,-0.060928697794807,0.634683741879677,-0.359953179805953,6.24161138375078,-0.0271757430131379,0.401286324867088,3.01304734071839
-1.43260677854423,-1.57754486977761,-7.51177813120396,0.751774507664318,0.145594237694053,2.28520731007904,0.618200998789464,0.703163915644238,-0.448501567946447,-0.23187551328142,0.103724900637377,4.82563116725442
1.29178187191082,-2.75978652707161,5.4211533731801,0.0207557747856695,-0.339859384331017,1.32530305992751,-0.189066388177247,0.124023144729049,-4.29787443807388,0.368863479370671,1.03136780709181,-2.37458675053832
-0.18196660909857,-1.20882206639805,-4.97108756305885,-0.170280690843621,-0.210021958032119,0.124500147532137,-0.313465700578394,0.365172044380786,2.74403213144276,-0.440870292926687,1.25413317035978,2.85450728865757
2.3881172031598,1.88050709365571,-2.66869427009019,-0.150525096672724,-0.272250203722362,-2.68046461887342,-0.106605843656192,-0.74215707271554,3.27447353960003,-2.06154827215747,0.410858037461949,2.18944398040285
0.0567137018357013,2.91801577069034,2.65122349693669,-0.216620198056639,-0.0641733170629276,-2.84805530431033,0.201742771953425,0.276115903071118,1.70088763290694,-0.793004521210345,-1.84708534096584,-0.112521119367732
0.647003345939303,1.80806850225514,-3.59095654516935,-0.0977809695530295,-0.596202487916798,1.86618792555437,0.542393134247686,-0.0305897680406998,0.799015493844194,-0.00977206499482307,-0.0482067402758124,-1.0238403596924
0.838845700318233,-3.67145814030699,-4.95574346872246,1.29287807815893,2.14853028091629,2.66774044698575,0.098915841288911,0.297073566942837,-0.420253292898224,-0.639141843926398,0.817233712947064,3.08031253191835
-3.40566445583304,0.629685434203328,-0.379399717991291,0.139308234853155,-0.503353532596083,-2.29914906104814,0.313569507438884,-0.287543728248716,3.95469775689488,-0.167478812017807,0.536363666257651,-1.67787559597867
0.277277747862708,0.7066830722658,-5.58894393050139,0.276189637056426,0.10600807273988,0.301153326763556,0.757503155146108,0.611696353906779,2.8626195721295,-0.674177709088411,-0.474761918827184,2.91717944825813
-1.08000587270085,-1.36264439426343,-0.0741384659119384,-0.758140737187895,-0.520094495793924,-0.767711461616933,0.0200448793053153,-0.0504866333380937,0.925200017069478,2.33133772391334,-0.322304779607836,-1.2191756626895
0.596189738259989,0.393896801877669,-6.72394494940842,-0.223844923841,-0.0184225654974026,2.3310554837126,0.0872238249033828,0.0383232177645412,1.91759146027883,-0.00977974743808052,0.0789373261193999,2.71218640279631
-1.83267568138356,0.373256251973864,1.00429877142179,0.947703870961043,-0.435929871931675,-2.22506604247775,-0.107998605371487,0.104433198075582,2.07593447179804,0.09098413749996,0.0514786938635508,-0.675335664251082
4.68435368114351,-2.39019444257694,-6.25476436833931,0.0174411090547804,-0.253955010701827,2.10647995884943,-1.00831483444383,0.385585311854724,4.22468564184665,-0.2684518180721,0.662945338576009,1.40293903320277
0.547211307161089,-0.635346913172321,-2.67191184636533,-0.290552741940636,-0.246487195107951,-0.404866116690354,0.592477634366218,-0.641656976538135,2.39984981846694,-0.688337718473716,0.149385305087843,2.97979750193478
-0.0602034505763429,0.275365739224877,1.43208893719036,0.9321700349441,0.205307256983264,-1.16838743562812,-0.0389249828788052,-0.349667575372949,-2.13907963545888,-0.228918830652858,-0.0715416646026299,0.273953422979547
-3.7760485264322,0.904078037966153,8.28254343533512,1.19653044114303,0.0362073048863356,-3.5885020424713,-0.193447751134182,-0.337062461476708,-1.26615444115859,-0.0965675468336704,0.0226335421328928,-3.43928034451349
-0.621093820537692,-2.71273902014121,-2.38057710869973,0.488858830616016,1.11786305596542,0.204613986385534,0.34445646967606,0.16838089944706,2.83489737761669,-0.355262326028396,0.0391268473597071,-1.15737164716787
2.45172656446652,0.380467279770982,5.37232436883153,-0.962046158604634,0.400560878488258,-1.95895464688722,0.276347781867591,0.0518221291467925,0.676219304557771,-0.548667084228551,-0.853169022880915,-4.66934638061335
0.431734862559191,-2.74660515400088,-5.56922813630744,-0.210673670944458,0.187260653260044,1.88847559646734,0.844066512046816,0.654781218360804,0.894022274103721,0.169677736357589,0.598110466291358,1.94639089802353
-2.07379758770584,1.75251512216188,-8.33758984208102,1.13446145018932,-0.3498022410306,2.14719427300378,0.0448063336998228,-0.0565751540949999,2.66729869893223,-0.0408313144300318,-0.0959150403957424,1.28669613460184
0.562939948073687,-1.48847348382991,-5.98983503458092,-0.0763825469585805,0.11443736473994,2.62912635592008,-0.0579172678388892,0.0344382201302605,0.196595316167636,-0.712989003988778,-0.202361219520095,4.20163084572713
-1.14200641551458,-1.76984738025512,-4.13613882269241,0.0816603014031073,-0.0134439035363919,1.44505689481233,0.0956672751944788,-0.357324537785417,2.72022402075091,-0.25732615925416,0.396354930266747,0.533097858989737
4.82399284214683,-2.64497218738195,-0.724009116077844,0.794518816206879,0.221979906355211,2.51009903211692,-0.0920788820469832,0.0851697119846951,1.37516168304826,0.848289481420482,0.0435326688623498,-0.967846148556374
1.68770379866444,2.09921787203092,-7.01990983018729,-0.282834396375661,-0.209950491710208,1.02424620049599,0.476182104666919,-0.542895280405715,4.69777243631464,-0.114472430513357,0.183239688370656,2.68281207664404
-1.74751926549211,0.0318983090901486,3.51250990725882,0.48636382675196,-1.19801115177237,-1.59627197742703,-0.00408042021780463,0.0891499484549897,-1.98854606684297,-1.42874131386328,0.267392530339999,-0.406203457862693
1.84526520471868,5.05164283108672,5.42129768595924,-0.0936343379175228,-0.0347415314779223,-1.97951254770356,-0.377832481321449,-0.187001235142112,-0.699272314639318,-1.02648646485127,0.486710203903025,-0.498358643383576
-2.12507812273024,2.37718387390037,-1.39659330700233,-0.137213923778511,-2.32127788465199,1.76183410994309,0.199917820422719,0.0657096365939489,0.470934356956999,-0.859235488390252,-1.20037589502064,0.80651420834986
-1.48783822908923,1.06535428281865,2.38491372065381,0.101363756374799,0.0667040386513857,1.91815237373954,0.980854133155528,0.301304302272799,-2.63023005745257,-0.145978129581296,-0.23738286464552,-1.66623963367555
1.19264564834428,-0.404356164422865,3.81437635893622,-0.304114775772737,-0.0985639647763189,-3.53626043922917,-0.0162932848987211,-0.127276979625411,1.00499288751037,-0.179600285681972,-0.417638611636251,-1.80415659045445
0.191091813575689,2.35794216907522,5.8983760385758,0.228762554746712,-0.811871275956961,-4.69384024507108,-0.102197620682389,0.3109525248922,1.22308540848404,1.06368042125381,0.0347192324242666,-1.50584175885763
-3.1428045320926,-0.027951580693703,4.11497003457524,-0.024666204128256,-0.103855463458515,-0.845680124415367,-0.237130278717277,0.0498039819594989,-1.96256642801488,0.908114874512843,1.66555495103179,-1.42353617950189
-0.476598465402173,1.84831560431862,-2.61470870773665,-0.0178498017750242,-0.183678242065486,-1.98128240581141,-0.152218644710098,0.182166726704193,2.88190808704458,1.4043329391001,-0.328655504071843,1.37862203058275
1.64377490302071,1.39271133043981,-4.11751927676858,-0.106952966866412,0.248356904776246,2.71086487449325,-0.209668026507838,0.277424867695322,-2.10784318710132,0.13297789282529,-0.0285185652756197,3.1065119987758
-0.0219317050593727,-3.52233980881791,3.75630800218073,0.080594587588195,1.56616627381148,-4.15180173520973,-0.062550036783994,0.457966612768752,2.18635247606873,-0.704679399658188,0.054404386519539,-2.39663996350262
0.912052655298894,0.602951362709039,-4.43892741688223,-0.18108220875161,0.106886317038013,1.97958605119918,-0.459576315836558,0.562628102007765,2.12975316159665,0.353305620769017,-0.428408127242566,2.74573084446703
-0.315841747829406,-2.23567820497077,2.66229988477123,0.474298880176829,-0.10840545591018,1.20277136610905,0.0391458306094926,0.632671290205368,-2.04443161965195,-0.236226322545497,-1.2787615203491,-4.08101445471239
0.687535196594723,1.35985501931216,0.281306244573401,0.714401345641894,-0.127030538999685,-1.76391956833235,-1.38850471162407,-0.25571875164786,0.187314358337435,0.299001380575083,-0.804736335475142,2.6488802654253
-1.01997551054944,1.68127338168808,-0.310206773969013,-0.0858087602211515,-0.340827881576151,0.521392879884645,-1.37225549004602,1.13729557239631,1.67907740379659,-0.0307768720324222,0.136203249768023,0.393738298283157
-2.48266798973501,2.85300200571984,13.2907693788705,-1.02147708884455,-0.626913980877332,-3.20000250796346,-0.555459890890778,-0.667219754617923,-5.46500684567065,2.41600285261583,0.0783198619968892,-3.76617906887051
-3.28295418423538,2.62955116822648,7.39703972599379,0.371376592763139,0.0786715065052653,-3.41502148725128,-1.02685429165023,-0.219393327040758,-4.71180891490217,0.585929821669526,0.590663053421286,-1.16131973549519
0.225351713387882,-1.35568129221003,-6.25025353645024,-0.0442242119334708,0.651181473797892,3.36686927597918,-0.34657863121575,0.021383812185682,-3.04059081994144,0.482020618044815,-0.74586200916229,4.86355314643082
1.44228576938037,-0.511115048905678,-1.48124970509146,0.0509680911138194,-0.697218402943178,-0.931076753022369,-0.127885149519414,-0.0017018291901971,-0.109569837971585,-0.229435947492117,-0.0644278374102488,1.23643023996942
1.5738952391587,1.04030378000105,10.8469053417674,-0.0349662294892066,-0.900650990925446,-3.81151782391539,-0.786523249177588,0.571197816473035,-1.17171334224009,0.0704155308964361,0.542848658597712,-4.59483057232271
3.5630058649727,2.42375183516948,-9.55836858338445,-1.18461512752726,0.155907705960497,3.45773461594543,0.398338123726997,-0.429452854462136,2.03845377860149,0.337359909218622,-0.136047388228751,1.38825729963423
0.647474592310825,-0.662201342669733,-6.60611248778502,-0.464479753635904,0.827039103454771,1.51136219560048,0.107324345491777,0.435424017428674,-0.818489009161799,-0.0950020563875081,-0.385080845970945,1.91601138661285
-0.874858303779799,-3.62430611584576,-6.03493448214233,-0.261871966238826,0.800789892289161,2.40771511310986,0.228378426157867,-0.00845811151458963,1.51531211999144,-0.249300993197637,-1.98761762940165,0.0975724813974794
-3.0814987943997,3.4138260246278,0.762936117163242,-0.0225723292596518,0.309457793950121,2.47299517343257,0.0171700576032541,-0.222205638725347,0.696054952520928,0.773420135749064,-1.08663677055892,-0.588614517201269
-0.164022327759005,-1.55500281490174,-1.35587911939631,0.101396935147082,0.248534175393866,-2.62367396562298,-0.286423389730463,0.411715311305067,2.33491736800175,-1.63076130702021,0.0853695019915595,4.22435876664382
1.03466170271503,-0.587652163241728,-5.62687311869947,0.210462198536989,0.0721681184757095,3.22941393654767,-0.0339014250032722,0.0257928292318622,2.03509651176002,-0.242076287894312,0.0981579953688681,1.28324739401321
2.77287611304872,-1.82614813803489,3.12563401580607,-0.363474390377187,0.391305315026373,0.753837681470507,0.824295615355525,0.268808392659074,-1.11330975249253,1.0691612237834,0.344526135730045,-4.24920996616056
1.24929240077881,1.6096908575299,2.91405092378075,0.688586996586613,0.236909433743398,0.553814806466788,0.360514151525761,-0.125008715546793,-0.931210181392203,0.148160488593759,-2.26193881340785,-2.33090574868834
0.306912412903721,-0.827930403086612,-4.65617776795704,-0.0206588679979339,-0.390843556713683,4.16539082290398,-0.144320044747989,-0.21688682201336,-1.26487306827131,0.0711818838644708,0.170845690897528,2.15486043066799
0.197712221714321,-0.749036782066709,-0.635326355042083,-1.24155205690262,0.958961288716023,-1.11934848871774,0.513001883581791,-0.359821442028773,-0.195323486891931,-0.0149545977856162,0.362628952355507,0.770585397239525
-2.14816382764292,0.35895938508554,7.83881666670595,2.08745479122421,0.532091899547559,-2.58535971803754,0.220413130366462,-1.97203551599533,-1.44252585278867,-0.0447719871184631,0.231906508549154,-3.78122346772297
-1.7135277726877,3.31735128884146,-5.78749247401333,-0.267907674469909,0.292929171841875,1.27907262434599,-0.246400991011729,-0.513398623807116,1.88218563616108,-0.118632447417739,-1.46492235115146,3.86503900495974
0.716062991521522,-1.41242071130612,6.89380975924367,-0.123005813091616,-0.223735289545366,-3.71185825206648,0.436147954330856,0.159478845302159,-0.521496887262793,0.436727550415171,-1.40240343854041,-1.07989828674333
-4.74239590285343,0.575384420635313,3.37316116715918,0.559330233216122,-0.331469498674386,-4.41071348776904,0.277606065143308,0.316265076281518,2.83979719374322,2.40272520986584,-0.425621800345861,-0.709194195819291
1.02963771318706,0.443317788150869,8.84170339017293,-0.137086730736051,-0.332653846305443,-3.50953102049341,-1.29132187631849,0.809089781789883,-2.64985683006062,0.147037093315388,-0.159872846421051,-2.75347964238862
0.140679832676402,-0.945854074721962,-6.56118655109836,-0.0699897561186916,0.448871133274598,1.70785186974798,0.713104335249129,-0.296403526430153,1.23907010627207,1.02468941450639,0.403406931745719,3.16429993050821
-1.85845483499272,-5.66884639015576,-4.91358540101343,-0.047111892659961,0.319861676377125,2.9102956294758,0.412177568544771,0.037901718468176,0.448309879531205,-1.78028195034928,0.853026862013304,-0.604511731057822
0.582378905157689,-2.35709880343451,2.48940810247572,0.0117505905473949,0.441447814565217,-0.220910282850537,1.11075822154436,-0.15569702817547,-1.54325566742507,-1.27630956620062,1.46202083921259,-1.06447323264377
1.6623012686877,3.27544197546158,1.17607141694524,-0.967092011436888,0.667316619210976,-1.69657542647,0.473310599228959,-1.99010127474403,-1.33086121675581,-0.475760659219019,-0.2422390539148,0.309790671740184
0.686780407336515,0.97945209289778,0.0137418629928221,0.213851416183541,-0.26950647831,2.37072839154395,-0.444454418732817,-0.134465489597896,-1.60180147531532,0.398792369630714,0.710626323483866,-0.483063597595653
-0.889038278974814,2.88159098110454,-1.30086390877749,0.0281443912829257,-0.0831283142507101,0.120463970545865,-0.184279066599031,0.21353983686385,2.94933823508336,-0.322525457277922,-1.18915744972472,2.01904906867774
-0.545460321185752,-2.69972560534222,1.61966525971195,0.0406440543001563,0.356784575922066,-0.702790571307126,-0.232259160362513,0.627120223233297,-1.74780413993958,-0.0111732585037775,-0.0173776079710005,1.50044576620172
-1.37560922545559,2.51391296729305,-5.22583479164425,0.696319323142652,-0.428739822437426,1.76307458826108,-0.961993671804342,0.120313315942537,1.08826378030348,0.0353046639114412,-0.359853614104674,2.83302517329233
-3.83465949386157,-0.57399116953385,-5.80429566254675,-0.370841936622562,0.0253213699390075,2.15203772420039,0.074424620176681,-0.0638046874029983,0.616010795270791,2.37447028343772,-0.120427518923071,1.4012137194694
-0.603848601189784,-1.59497294314,-3.7240507158743,0.708071678230991,0.55407092520039,2.74941102584906,0.435562679645273,0.0457338522586559,-1.08362528544757,-0.154285949572533,0.0322489352686551,3.37126925722659
2.07776568377951,0.72636205582499,-5.82510910869764,-0.53235105825596,0.387837103370466,1.67552163482232,0.0354643703517371,-0.398974976459366,1.56995695353073,-0.332640378620712,0.0825338708822393,2.07067128307165
3.47650559640832,0.321514146323526,-4.85619438707911,-0.0660934727426965,0.101350974339953,1.3190192241906,-0.308988721368446,-0.293699497096934,-0.788152499972804,-0.408999007692658,-0.413056751370237,1.21329399912945
1.24684225963766,-0.89820664388348,3.85305675847836,0.186589044328747,0.257550025978226,-0.388542915582356,0.383452529777983,0.0844250511998135,-2.89849075620717,2.21824428627143,0.673220788247506,-1.53454347820308
-1.78032878167561,-1.26841140833071,-3.69720992841058,0.157097208614578,-0.304285705575009,-1.71463489311939,0.632361986113437,-0.416567818345533,2.6864667515441,-1.71857328789631,1.46006682172952,1.61564024626288
-4.11883301776869,-0.81695383021734,-4.24230696663232,0.407006586992729,0.116048882530359,2.41581492320707,1.34988242146889,0.341554910579725,4.734129723542,0.026587398057315,0.417085968434301,-1.65382161258133
-1.55307405834574,-1.87049178896149,2.57554879306171,0.386784463581839,1.64436284616303,0.833758683466463,0.838037522669832,0.0129266243166693,-2.29445469808742,-0.0715706955974807,-0.316665949312696,-1.69031617974217
0.204559273035792,-1.72171410769402,-5.83405250021505,-0.203985567726063,0.0191160811370253,1.32542165981524,-0.030120869748868,-0.416050140192201,2.8741566454034,-0.832534883359123,0.233879779881366,0.905612443734812
2.52443672199388,4.98881167115814,5.69978333461033,-0.00403898050060102,0.760895444605995,-2.47773867002889,0.273807346749503,0.0170827987518969,-2.95524021921989,1.55410296388045,-1.02983518279578,-2.26878276338642
-0.739806562127396,-0.325577169929363,7.62836639110003,0.395947878638713,0.61171803784691,-3.10068171996153,0.4182770133092,-0.0958761551301835,-2.03129162774398,0.189416991353611,0.154359725190251,-1.41508476809214
2.75904366249172,0.548659391013623,5.98124887922742,-1.40665069436779,-0.652259193313017,-1.00371696594969,0.247714543136676,-0.0271038965539043,-1.51132676915644,0.411511277118616,-0.260615828378682,-0.174578313631304
1.31758559433536,-0.380650706456812,-4.55161301614311,-0.138169344126554,0.50743651446608,-0.963213391722695,-0.887644367021099,0.00932532871387562,1.93251942912457,-0.462570414517981,-0.60927824540695,3.99863605712297
-1.1614035087982,-0.663896882532109,7.06437002035639,1.65869828754771,0.989199931086263,-1.05179166437016,0.044340135960112,-0.372806418620679,-0.865808628129772,-0.296904862963327,-0.118381411155236,-1.40853027958133
0.114546278988717,-2.07458169394393,-2.59212054132179,-0.18282296014526,0.96126740872677,-0.357974491992334,-0.866942983059377,0.373828088242914,2.01778083683206,0.456290464473623,-0.168608039153357,-0.0591883592909342
-1.54461314917522,2.18067806926509,6.28641069592241,-0.0484696171857035,-0.027118875083214,-3.00476256198986,-0.0625611845525766,-0.602538932450384,-0.561079195469456,1.87266303338918,-0.391068252851733,-3.66632839363426
4.50113472477629,0.176262901788347,6.30694806724508,0.0319765661430998,-0.176454543875216,2.32886204822174,-1.21808575295637,1.35912076964697,-3.5288241685522,-0.0486194362209475,0.0865581912841126,-3.88604972299027
-2.3562753162229,2.64890087047659,0.83123535930568,0.25903439593316,0.354174554074527,-0.924103272254132,-0.485705099626569,0.176650293227391,-2.98075606773437,0.937275139639087,0.239961842911591,-3.0688546976882
-0.883870845992533,1.71627156235595,5.25156480385533,-0.68800958552115,0.853197465929935,-2.12197209790734,1.16625935277074,-0.612598142471217,-1.0307976769077,-0.741639907650322,-1.02871507646576,-2.86094803172589
-0.9270255278419,1.57000758411661,-3.80565292854217,1.08747369426956,0.227324488926428,2.77602160323853,-0.237422882850727,-0.332620509745178,-0.0654690511547759,0.278488868684486,-0.132335803835906,0.872243532663637
1.06454460054959,-1.5050382934114,8.414767750749,0.239314475727165,-0.0167663058118222,-2.37802249336711,-0.294467757702352,0.924177255712533,-3.4436667966986,-0.148893914272851,-0.115471363073026,-1.6351862802647
1.40376815666805,-3.30098930605023,-2.42013132197207,-0.0411416048075935,-0.0883007885653742,-0.620990926699563,0.400512622001845,0.901991191440746,2.02343836612097,0.272245945688773,0.409103864236086,1.32592238611276
-0.81056749072641,0.640708628539806,1.07488305197435,0.251828965021351,-0.231946295820883,-0.409495781152763,0.0994010122258055,0.335268250498265,-1.68375952872605,0.0208661292874012,0.234341530807948,-1.17285006289825
-2.63841656438733,0.935903154362585,3.93343745910872,0.662007457385676,0.129909680799383,-3.46189391507032,-0.124508093351686,0.655949414282285,1.96297893829318,2.65901025328039,-1.86095783278918,-1.8039464226752
-0.00842441825636042,-1.2708503260725,-6.14254131851766,0.0138811890418095,-0.0466028081514212,0.478546526238687,-1.27324013437969,0.663744551637928,3.20938454159907,0.429221649101432,0.0728154870907892,3.65803553754203
1.21435536710779,-1.41625090517462,-5.24198733944561,0.308959622147451,-0.0374928030480376,-0.454949929196623,-1.25551698239138,-0.084078009558364,2.25008801968613,0.148009370370539,0.0233580183575416,2.55957889115425
1.72018918183475,-1.64191302428739,3.06523563012455,-0.441648040395007,-0.182107135661482,-2.35139965921144,-0.490687039188928,-0.235187624610034,1.33304591045177,-0.225517877461017,0.558384628250209,-1.92760862260322
0.590301991008411,1.90061264662981,-1.54168107849324,-0.701442856828714,-0.67510808110718,1.82328397461203,0.511580828420471,0.753089154704413,0.541681604656392,-0.254943453161294,-0.343329092934564,1.77035453535088
2.22788106617959,-0.560810938575142,-3.22077272453278,-0.300991010435239,0.323281755719275,-1.53964367579404,-0.982800836858869,-0.22054296516,0.0181708950986196,-0.327414696084306,0.0256230489165568,3.6301773069325
5.85830860715695,2.9904333424421,-9.17202629149655,-1.06170535089316,1.05938542427557,2.98663896512289,-1.74436688373888,-0.628489161898979,2.73280336199697,0.30848274198279,-0.224749892648723,3.44979129931109
0.0270107350514524,-1.56990323267038,-3.54764760340371,0.316948713864855,0.100811649350249,2.88446539767213,-0.866808572489326,0.917271166337018,0.349271876819667,-0.00185901772670291,-0.15044393268127,2.03346400144469
0.421006869764743,-1.71416652989386,5.22635741843595,0.538331103543777,-0.652177821883679,-5.0615915603595,-0.0635430155187225,0.530808806970646,2.19959323311858,0.494085558633338,1.20713741649689,-2.18571006868318
-0.892401695223478,2.01030175325071,3.82827470232956,-0.421081372100388,0.119673022075589,0.625180784644778,0.847487117440607,-0.862678957641096,-1.83805623795725,-0.0921373383873776,-0.03743229612373,-1.62371605267203
1.92800690055207,-2.1344256194231,-1.77295362475903,-0.246043403767341,0.0943573089196644,2.58075466769757,-0.0396244229442246,-0.0100386542360891,0.900753895767178,0.749632407315139,-0.0267482957494448,-1.09223835574903
2.73333260682941,-1.2477778683599,-4.65104896224292,-0.450995048445738,-0.467999772714282,1.83256383202896,-0.391021425314115,0.17241670568148,2.1919819958186,-1.5395625178048,0.0486172807475523,2.21592688391166
1.23668757610933,-2.19331707993651,0.917078589941093,0.118577172330642,-0.116762578256779,0.178917581638039,-1.56459570418087,0.998964227071227,0.358758658979229,0.218639941799779,-0.11000025110087,-0.717475584909728
2.3167500072021,1.21295691716774,7.7193448487765,0.36369233153714,-0.859714251852703,-2.20219442510219,0.230217592596598,-0.185364746629734,-2.34888211865939,-0.992516848709364,0.0689014554237428,-3.05273572196497
1.90639777384471,3.16186342302776,-11.178000232088,-1.22846956175269,1.13625804491397,4.89327314141546,-0.642164129767292,0.277395659967355,1.86185357075463,0.266374008770688,-1.04161126528579,2.5115362767717
0.490234632831318,0.868043652817156,2.80456243665272,0.084337342483266,-0.0377306131709945,1.80256048385883,-0.288627371834328,-0.521223448476943,-4.21865885726041,-0.325205671127072,-0.180752065714742,-1.21668917849617
-3.2455106351498,0.140263773967578,-2.89900536369252,-0.119573228987911,-0.361258023074124,3.38060057410456,-0.00648276629555759,-0.339554119964083,-0.665203325330489,0.596337665348085,-0.928362435221795,1.45300160590134
-1.8313315802845,0.0732296826256165,1.08929502444601,-0.507404551024584,-0.129331882130699,1.29677723359726,0.20708510383189,0.265238490307725,-2.17280606021659,-1.06116493014533,-0.951441784155732,-0.636937614346416
-2.18001406935181,2.6759749638776,3.39198961276521,-0.0727586713211665,-0.31808641775308,-1.30545979387644,0.10629868420423,-0.0470604779377068,-0.141928030794303,0.292423579666561,-1.95065079798826,-1.05297810889053
4.71448683994434,-1.42209577532073,3.80707998578415,-0.581730856245906,-0.626798050256257,-2.24503508861038,0.120817689857757,-0.329202154940182,0.906845739206054,0.313289810964721,0.058009956407778,-0.974078714014776
3.4922766157963,-1.09340133801176,6.50707185152116,-0.391067783956744,0.114574262500543,-1.78546071115061,-0.159924346270012,-0.103377938813392,-0.656147991989174,-1.73380905605657,0.0957253435166713,-2.85725306852774
1.06261052649285,2.02048513317625,2.24912252635791,-0.555877659827387,0.0186726223965885,0.589993261511756,-1.2408529718666,-0.870366189555813,-2.03296780996441,-0.477460394523528,0.681613054944077,-1.90544853607993
-3.64095658170504,-0.62688068734667,-3.19515967220958,0.0279901142622515,-1.20086051678772,2.56633385139106,-0.0634503523791482,0.134782388727444,2.80520315777741,-0.465567608580042,0.311350041745396,-0.76795710476537
-0.321494473939861,-1.55881542808322,-6.53958286440159,0.206904832887556,0.122863957562166,2.62821399763435,-0.550089673315431,0.563543526307066,3.26704375413428,-0.544426571948318,0.217775975490328,0.860837847173577
-1.13942092985661,-0.525951410514044,5.29617286516649,-0.0242820008623705,0.292210013728613,-1.87106673875014,-0.0859863748606697,0.0581853038876763,-2.88385644430742,0.248524514364165,-0.0172914753757334,0.0842422837028191
0.970937419375068,-1.78415985214916,-5.62463736172984,-0.110447399578152,-0.0351538224262715,3.14242259340724,0.256489206559864,-0.073827291002796,-0.360030789511768,-1.57715972155674,2.19019188766623,2.49436045364777
0.565299567261784,1.80441119834528,-7.22575332013431,0.0148529736052125,-0.28511547362068,-0.130994201225886,-0.0170549728716014,0.71395614401317,0.62867558543616,-1.11087847991314,-2.27350854583658,3.38069940713806
2.25186107732781,2.60677136558839,3.24975750357702,0.152846761960173,-0.295693952921882,-0.258160039889915,-0.0338930999363889,0.101466592937056,-2.71770239413362,-0.672412473482849,-2.14815966620514,-0.569628738742158
-1.47075234607183,-5.71523835498351,6.58183349993084,0.239819604914303,-0.143331572657882,-3.54988802392036,-0.976768113166952,0.610872156512664,-0.825077978604697,-0.242458914878939,0.417189025514689,-0.775305285498871
-0.287345883939144,-2.47917334596352,7.04270532432226,-0.108681783155348,-0.0533935927313811,0.54212619348781,-0.79920807739339,-0.0892081551223471,-3.47448105812826,0.428162570646838,0.182354567683807,-4.69523157970883
6.26986442076921,-6.61054475458639,5.73956214954485,-0.305345599335286,-0.446378597738686,-0.278711930100748,-0.22013620613022,1.36210617418285,-4.24769256935446,0.0122770993270856,0.369987985196479,-2.00181462277741
0.319653899241617,-1.37986244656442,-11.6971273440568,-0.380755477869764,0.384357382622639,3.67982071360425,-0.218211742721009,0.351536465047891,4.74553663022199,0.159641928634455,0.653242012696905,1.88684269011768
-2.58151877629919,-5.36071969652462,-6.59479713977713,0.00174755162620902,0.0716096068377898,2.77255703124388,0.331147513770276,0.141522415706748,-0.304482873031418,0.943331473205465,0.635127853918157,3.7404173855262
0.656519186359965,-1.82095965621877,5.10049848708164,-0.849828516082728,-0.0378146385134858,-2.7384626974085,0.119482210017325,0.491850288580635,-3.45291931650284,0.338926411137114,0.308512260124819,0.932084226448156
-2.06198674563264,-0.309434512576736,-0.662149411879497,1.16499632127718,0.872257795464094,3.05517011624361,-0.608240650311434,0.156703998014526,-0.130885233292904,0.124537470258333,-0.0846479568416025,2.73804577852123
-0.308167193213268,-0.8082166385694,4.97202211156303,0.271988496807906,0.097466810928972,-3.27511068915175,-0.0050841147496259,0.147502025805454,1.30243069974551,-1.62396716047426,-0.0878930113062757,-3.7945119437458
1.14467309715804,0.466389861371987,-3.14005579326538,-0.0753624707121261,0.308690131254302,2.53102052513689,0.1628360883497,0.210101178345416,1.4913499995186,0.396126542086773,-0.192549092557236,-1.68830261452648
1.50692635939627,1.13346180572387,-7.70459303068587,-0.465222237966072,-1.01140898735373,0.455401281372625,0.0399824070804512,0.20956587004726,3.49505863755833,-0.428284052304124,-0.836181596309128,4.54689089491317
0.265555228599922,0.688639941462031,-0.435108783434902,-0.965920191129111,-0.27280034052329,0.731289354834692,-0.22143326872808,0.293992857399387,-2.61484330126329,-0.469372982845861,1.38405410964639,4.52190673614602
-4.16207573658732,-0.889694978018148,5.97096438548266,0.271816419893804,0.0195889792824009,-2.93956818528744,-0.0985264902236693,0.206315249530385,0.434701614039732,1.17928413335902,-0.627167929252261,-4.44424766913037
-3.8143583276299,0.343557398711445,-1.8670579326803,-0.146907350245864,-0.242995648704631,-1.46815592379153,-0.209354666586223,-0.332741762892574,2.54685230381684,2.81110396841519,-0.201602259060167,0.241537042921162
1.14682640220978,3.16541650920738,0.0954465898934185,-0.073062992987598,-0.0545592034410788,-0.461695270367303,-0.0551497023625648,0.147300723810318,2.6804679480372,-1.31517497231936,-1.0742611991297,0.689354960427422
-1.1688213063714,-0.348528607890343,3.47342819516368,0.788820819840504,1.00827681809586,-3.72503698324237,0.140524189239785,-0.326711871966872,-2.77256903921591,0.200569102656939,0.0504467252880813,1.39772927214745
-0.536830421723799,4.20660442468439,1.65918218914114,0.15015565333135,0.000999314182822595,-2.98078407006811,0.609693286540369,-0.614907774195726,-1.43234572643964,-0.561275897775524,0.0610817347425391,1.14099673323043
-1.58311283822616,1.38839104738928,1.26820792622649,0.092215553329471,-1.85263978027571,-2.88439806385059,0.132847047406162,0.107410393141619,2.77360130291336,-0.258597012445845,-0.405515150660921,-2.30383009164407
0.0212216016950396,-0.598999004341476,-3.64870805869361,-0.427212926126914,0.401752312355783,2.18481070575739,0.113139549012888,0.0222233842594225,3.23537345338258,0.269389355962337,-0.186860056013179,0.0740233144482767
-1.79376540948556,-2.13559583416503,-3.74059361658524,0.114021258018595,-0.131241785391739,2.87394957557667,1.63013578413736,0.494713540039961,-3.00565965652993,0.223247748883969,0.161681465632907,0.0620155542537496
-0.148766274273891,-1.24328147488019,0.183020987542966,0.910170434435591,1.56951863812099,0.0235383307073216,-0.0274884145484243,0.790336234089724,-0.985703006879684,-0.614543209086799,-1.00947431247838,0.75994893155594
1.69817867028131,1.12794491851117,3.09081375930859,-0.336922456643141,0.153375564930495,2.11126542259615,-0.146922597257836,-0.350040754391808,-3.91900346306027,0.494135710977316,0.581258921833776,-3.38375503049381
2.46213372122365,1.57122557879426,-4.46334490591873,-2.17525226881414,0.340501273057043,2.09800270821033,-0.191229223247118,-0.0299983484209284,0.247634766955962,-0.2818601182672,-1.22818546552335,1.69372178822487
-1.08717723799675,-2.25312821225055,-6.82486502559483,-0.973666360006245,-0.94285873096689,4.15310462031246,0.00825180051286476,0.0130067885546385,-3.70957270231061,1.27185230404986,0.304175060398344,2.90956761412639
0.183693704917038,-0.699149195406342,-8.75115351917168,-0.140613200495049,-0.673699318079294,4.16523845821408,0.349048673539155,-0.173578058754198,-0.600275838128842,1.84918887160284,2.42772462352081,3.64069784143657
-1.4193206701878,0.237161406609463,-6.04316218781336,-0.480586562469871,-0.474836789990685,2.64404509171191,-0.0415801864296099,0.541448428296704,2.38652381540464,-0.020659206184179,-0.11161908631364,2.34962854459961
-0.479720147941758,-0.98483612240314,-4.31800888684102,-0.261882916486778,0.12230743530659,1.09197732005291,0.548485087844801,0.182273375651317,1.46341646923804,0.000524459118196257,0.144759123442623,3.86621042654686
-1.01057512055289,3.17262097309434,-5.10897416036985,-0.0822780047716898,-0.302527969669922,-0.228895423547061,-0.194906405483694,0.13484467053683,2.92868368018311,1.02920632526709,0.0672867817648055,3.80901749334619
-2.8082865543253,-1.57200911677509,-8.32616344573269,0.160991522564323,0.242663203851792,3.15014076682787,-0.282236682806643,-0.599707194219632,0.402163465449772,0.418092693199618,-0.00588432766943491,3.55090919566149
3.22818886193837,-1.11517863604034,-5.26728609495146,-0.248548309288355,0.519796581518861,2.7497488145124,-0.194230566458645,0.0651551259820483,3.61772450875274,0.0454258115420391,-0.194745242373972,0.805016271362614
0.593411294275607,-0.135423345607439,-2.30133033156932,0.172823131483948,0.165049234660408,2.61242580884901,-0.309744763437933,0.080454969994878,-0.786645068411976,-0.556325864957479,0.115947775571986,0.880383983591618
-3.16700572181554,2.43887175036702,-1.09289212097722,0.471463068045278,0.391272801969569,-1.81762665526581,-0.167453756063492,0.569800313993544,1.40337275434085,0.504030106923006,-3.34304396490978,1.76817053557292
-0.90350866864221,4.02984500653243,4.71775486063425,0.0922134906555863,0.10797445890545,2.90356071663723,0.39683417739105,-0.915543436542183,-3.79093728302458,1.27751326147073,0.10559528070219,-2.21919539939763
-1.65092857806664,-3.10198217000698,3.69143925111143,-0.613974410913302,0.770588299258286,0.217471741562257,0.0689491934089078,0.967196016263902,-0.327970399639214,0.0249730887344751,0.552571496210298,-2.55268976717358
1.13120852592521,-0.393982142682641,-2.28750755699126,0.189037145356738,0.106689067331634,-0.744291696893322,-1.51276588870336,0.235717179474145,1.90433760655496,-0.0675506486482323,-0.0754587620369686,1.7902517557893
-3.74507075520542,0.909103803004696,4.16583694228409,-0.139888406666833,0.00924452692582914,0.502997664649751,0.132293171357372,-1.32631600323392,-2.4297404435501,-0.171366918129257,0.306959369870434,-2.80762157547358
-0.767369528641114,-1.33583589905639,-1.01746979041322,0.2241547238217,-0.15562272920943,2.20775806555979,0.351171406588774,1.35967528696439,1.55463402689951,0.000594458359651511,-0.763242459883129,-1.14063713331526
-1.6314157368438,-0.822207564772733,8.44558525250091,0.13447104216839,-0.0615472386511341,-4.06089042824975,-0.185445498396118,0.100146081671811,-3.07508699417074,0.362777507942712,-0.314423199764838,-1.25991677104505
-0.354358399711196,-0.317588349363623,4.33295631862971,0.00471414857804637,0.0274209011653999,0.680701267521078,-0.636284903000706,-0.335891132159404,-2.43068585041553,1.30780537619575,0.452122777337193,-3.01913791756299
2.13131575379949,1.75495957338379,7.20172219114573,-0.206496638920387,-1.46534977608794,-3.87022710756234,-0.672244788397591,0.962997488516071,-0.219390724694223,1.00146536903685,-0.685290535910035,-3.48574717321586
-3.55729568662219,4.76902251536492,-3.07349907458159,-0.00743711345559991,0.0450147155012059,-2.13445110940655,1.32825086142709,-1.35274304417759,0.350562071890759,-0.108631180174636,-0.261187168991056,4.74441761920916
-0.556583900747169,0.66125007342282,-7.57850782712108,0.905977936605426,-0.545565461775352,2.82474740841238,-0.00393015101777728,0.0187718050226894,0.389883790702511,0.175057364255846,0.275308803250442,3.28494109225024
3.88134478883442,-1.01452368349259,5.42606447097543,-0.290532741691547,-0.19452161298786,-2.18225156755904,-0.375234562400664,0.246638152593716,-3.30287808368129,-0.0722310749060362,0.275825908084065,-1.68752725047084
-1.02074109004739,-5.88782613372641,-0.476657557031212,0.333282983010376,0.394675954552629,0.148866729874236,0.0711535667084724,0.296070461631608,-2.5374081376668,0.709027039397472,2.66996248687673,-0.382034767320031
-1.48722944314446,2.2088368069598,-2.51479297875807,1.18420407842742,-0.870378875721944,2.11817125218763,0.0047516722047879,0.527313560465265,-0.462440045536087,0.0241674500266326,-0.33107172617106,-0.451385989130145
-1.18148313154798,-0.648250887435235,-7.37908307907012,0.0385229690676613,0.112946328271987,3.73094518638304,-0.168229507378242,0.833258046384945,4.58832945740436,-0.348370171094378,-0.231337954068502,0.16198465662227
-6.40728548596052,0.487145200575738,-7.54028374707241,1.46277764462097,-0.581713293881261,4.27599042132253,0.879766632348665,-0.300700714865635,2.2609077990811,0.520490959289501,0.0610292383719979,0.870773771388949
0.8770069816744,-0.238855768656157,-4.16739720035259,-0.176047307643919,0.0750557994446711,-0.539819801874187,-0.437268821904622,0.0960646598809718,2.21351654027662,0.718814577463306,0.936499074868185,1.56706311738216
2.53936355504515,-3.51582016777177,-4.00739488414384,0.173929312072661,0.197093156030827,-0.0025561889207489,-0.145387576337449,-0.286482629645348,2.5653374146479,0.0740069613893987,0.89621708504694,0.847516475272748
-0.746753826833801,-1.85129590402977,7.79717943786882,0.306951919088657,0.656989166476524,-3.76572438503767,0.112133172084555,-0.0764790617871396,-4.23714076445197,0.381998565834565,0.451308600633202,0.412838904775025
-1.73946698754442,0.602737751529072,10.7446808650524,1.18482754989726,0.566262754867273,-3.3074223440047,0.498071939934239,0.0983079989071919,0.42260730856029,-0.110949236473796,-0.661001953983409,-5.60211225977798
1.19512984960255,-0.394551600089781,1.30619662156997,-0.366324599133894,0.461276173408227,-0.80830887797461,-0.297983687177077,0.354723556885737,-2.04282420202865,0.8473378344789,0.20336243405048,0.0274882368272213
4.42638743394986,-0.861153115216382,4.33522285524799,-1.69233056981366,-0.419323093973919,-3.21274999407256,-0.339693285804128,-0.062193363185875,0.578334706747819,-0.235834687199431,-0.174356951317615,-2.56401906604802
1.97241805850031,0.15257221931326,5.33377784626123,0.0582231023719789,-0.279334900153611,-1.12067615169537,0.00903773249216071,-0.0549079541294139,-2.70450458649626,0.104294591761175,-0.0613773699589616,-1.91161846337218
-0.189716845494131,-0.369089011701452,-4.83500670385923,-0.395453487745381,1.29197691441658,2.6707240714362,-0.094901173840174,0.447870191564468,-0.300771066791201,0.926589221497351,-0.0631110670930718,2.52828079850665
-1.28393857070995,2.19696877494558,0.325818567538328,0.0437743840535874,-0.0391938918348932,-1.6385927205894,0.0351488641384928,0.123486743382057,1.99461573866203,-0.579893208382079,0.207801913271594,1.33729504138282
-1.00858550667476,2.19585813750977,3.71648826075335,-0.42434347290638,-0.588673264938448,-4.23795821069798,0.281346519979012,-0.324002291119314,0.557634627271497,-0.197421225654853,-0.367202538075651,0.431351084166318
-0.65451143929825,3.35078091217996,-2.69547176666391,-0.326926565913263,-0.914789516542437,3.55978419535142,0.39444808828571,0.289181033182024,-1.02872876914467,-1.63204845480728,-2.71991770028168,1.23510634076788
1.09955947761268,0.127927609815105,7.14894804963977,-0.0855084939267287,-0.0561964040907473,-3.21849154254313,-0.150291505725477,0.184997742613853,-1.56361802313349,-0.998568142594688,-0.409387367822971,-2.39424120089986
1.36706350955082,0.355406106452754,6.70990523991272,-0.18551264690262,0.652059107227765,-0.414891953910495,0.0667305050403157,-0.329818013525586,-2.69038887744833,0.222316346866813,1.09397584020055,-2.01718786969385
0.837003446246734,-0.59899436564872,-0.283587525566425,1.02077593170814,0.565196100033398,-3.48289162273587,0.0933911428221222,0.48436038805676,2.39677615883827,-0.549213234463444,-0.783992245314137,-2.22579079915895
-1.53600982136073,-0.557798729962678,3.86065170900296,0.00447222675399054,-0.0360945531603143,-0.106022742254498,0.434497923505879,0.654538784512912,-2.99373160323948,0.286956874255866,-1.53634403399695,-2.81738934018659
1.0327371891155,1.99218262686013,1.44663223124234,-0.0678482495212426,-1.20467473940424,-0.340568109641732,0.0828518423674273,-0.120206862256477,1.16588402198096,-0.621046534021892,-0.266217263773631,-1.65835465595374
-0.646658477979437,0.607019118424057,-7.55425538087911,0.297454854162997,-0.285778382378167,0.15218645199481,0.71743606114274,1.42475085873142,4.563306489263,0.0071695807475632,0.51758617191466,2.90098147616135
-1.71227252238187,3.99571536264641,8.05411358043264,-0.25644550429605,-1.00006258800863,-0.134926782597321,-0.183399048860135,-0.0611306169780373,-3.32861174574386,1.64216977300261,0.185100959683426,-4.64772605210686
-0.602519488114429,2.16996271303427,4.05958802179724,-0.272843372963128,0.256403556886524,-1.37750234564193,-0.0588672872985465,-0.311975197213519,-2.61918399153296,0.288373894764659,0.192831203392395,1.36882391098377
1.49950105071299,1.3250462384949,-9.7136084376665,0.784837561559848,-0.0346349252387331,3.69770678004827,0.263122495520763,-0.253367853323439,2.85567030960942,0.481501486651465,-0.0741608890312494,1.32321845897991
-1.83430800260456,-0.758727890369757,-5.68641607260434,-0.276329101809256,-0.323507332725361,1.70111801726304,0.547271460668094,0.810067773120902,3.53055644583552,0.17974175711772,-0.104904786689749,2.80943202471899
1.71437079028673,0.504312062940483,2.34699977706625,-0.177010703265309,-0.11775310764751,-0.389340160436502,-1.0539670938852,-0.492430172564124,-3.5548732285748,0.0280361707997018,-0.593475210042123,-0.921562404350634
2.93976197116411,-0.107002798879285,-1.40340449446095,-0.137417342056817,0.0786385108478303,0.701182942778232,0.0292614120813704,0.196672646639683,-1.70719436960431,-1.51404573562049,0.696541064978311,-1.32798677918295
1.00644590645777,-2.17778282332876,-3.84349363966383,-0.00604708600737337,-0.00866215804994498,2.1376635594525,-0.594185741877225,1.42084520514097,4.24071492090505,0.1180504907353,-0.145141369698608,-1.16838603764201
-1.08847993209922,-3.84044534318491,6.65960593738533,0.247330621970944,0.557343156995836,-0.0562122543104041,-0.588805967038774,-0.350387594567719,-3.14613793263085,0.908196976044892,1.71519031310296,-4.53919523792861
-2.97988482379229,-0.373068779260296,-6.16074597295698,0.494294046162367,-0.023706217535931,1.06938749557548,0.0248637851928491,-0.41403411870625,3.68521204928826,0.253512309068916,0.0983821192617908,1.55698179361144
-3.33037392973934,0.258219377862433,-8.94647504754764,-0.0896656213836732,0.347964763448961,4.50812782855035,0.321336273208863,-0.39218371633717,-0.442526458708435,1.45072987114287,1.12769180163551,4.49334525966665
2.3151196708226,-1.10699476466386,3.15558591121806,0.16036199697367,1.35087237989809,-1.60234495158218,0.165816954687969,-0.0876958660380991,0.369262403187771,-0.90523882572515,-0.234854331751879,-0.0102810241984514
-1.40160396572856,-1.80923352556832,-0.816353985163406,-0.101393016053321,0.15675898325115,0.395633856341744,-0.837223153130224,0.589937710586314,1.91231804061543,0.312159902011038,-0.240025726285512,1.11628479078139
1.19119046878422,0.140295052294151,3.73334391731175,0.118217760393284,0.21853886702568,-3.54336139754257,-0.00934838440387096,-0.064509828122215,1.27400811675153,-0.884619594304921,-0.469695507695086,-0.104022849698656
0.61882833792314,1.1797068340095,-3.66944829736298,0.747787939864618,-0.242307579586745,1.77253176843571,-0.171816553490968,0.189728984046826,2.27091752172737,-0.183078634836578,-0.0128856610752174,-0.685218770181378
2.56707035034552,0.984649142255793,-5.26794194666386,0.115850606028845,0.349345868889286,3.00345398507086,0.886022060943324,-1.611219294084,3.06946314568459,0.125066931946763,0.0580617648066269,-0.476259265762525
1.26372224724727,-1.08221519524247,6.70050261430176,0.352047879002394,-0.0212155024647443,-0.317965669543378,1.27630941874248,-1.068728165967,-3.64853341474684,-0.561393172332694,-0.24397434177372,-3.20661773495568
1.02231189895988,-3.96083173808412,-7.36044923200575,0.0770236584956062,0.0437906609889888,2.51633579696447,0.2123643013567,0.580614583411929,2.04602671267742,-0.299265975637177,0.372966893078514,2.85270834715529
1.68856226989446,-3.62797810099902,4.03410951884514,0.60703560595715,0.076685479666499,-2.030550141757,0.113847483623035,0.467229147322629,0.114811451320419,-0.946665592979009,0.35630522699147,-3.27182390131834
-0.291648022469577,0.815422758490694,-0.0959417441455859,0.176635356738699,-0.381195072640002,-2.04009064600187,-0.386418861870265,0.0621607140647153,3.06960157992308,-0.451969601518173,0.145830876332085,0.431194731359553
1.91826208498487,-0.149484436866738,-2.78200643496995,0.236719856085242,0.411918634376523,2.43881062096043,-0.111594717334817,0.478393848353113,-1.48319506864008,0.828542694313738,0.0169011092379535,-1.39222838776752
-1.06193228907491,1.64431315742788,-5.181278133644,1.78834762796465,-0.0107861174079639,3.31905385417453,-0.00478124347391115,-0.0383184215705044,0.270648004520459,0.147273463279447,-0.626408918276739,1.8163968216837
-1.49388862212508,1.429564000896,3.08643690135836,0.187508854032374,-0.486941716335076,-2.01248683900256,-0.255985919100743,-0.148098435301675,1.5493392327926,-0.0796643148571306,1.62936661160444,-0.939545265018821
-1.11420053064361,1.70446897383005,-5.97800243778868,-0.259718157351768,-0.0647364394691656,3.36611962312945,-0.230079220995272,0.796586494167442,0.136812926342637,0.0391301476060645,-1.27066476785275,4.66829024478786
-0.0183209487960672,-2.39173123293686,4.28085266007213,0.285875608774802,-0.231023745921788,-3.14774873871229,0.516190853056249,1.26700089788795,0.152743204405497,-1.144904269442,-0.249289616772988,-0.118582175806445
0.59051511019092,1.72712616612351,-2.72365730158391,0.218063813768559,0.0596075392675787,0.899132119406783,-0.567165261665849,0.205527260760336,1.75824326640455,-0.649081417184881,-0.780682430095749,0.519510834660054
1.72239224642399,1.27306517500408,1.73803122776246,0.127224096975996,-2.09196199826468,-0.82937055691086,0.34000260868145,-0.55042743250039,0.227884183224087,0.913407709063895,0.23899156463143,0.110613395584595
2.04942153319663,-4.3028091907679,-2.22944176108268,0.275338448783389,-0.857869942505581,1.39218821152525,0.451977688009734,0.636999761613204,-0.0301138144785177,-0.203507087480768,0.0379165073529811,0.887469726583288
2.34831172826508,3.58609644235079,7.60194796451928,-0.110764077074884,0.235719963137366,-3.2434060411732,0.327039289542292,-0.120813680712928,-0.442622277383376,0.607093328605335,0.341352583562797,-2.85585320784488
0.12947124274275,0.00338091981906408,-12.0639390548369,0.335624094036475,0.489887742160599,5.35203402692528,0.346138318095915,-0.122726759921145,0.847913544481306,0.291635990972999,-1.06220998780164,3.91475462441065
0.623850717272885,0.730057093305645,5.86685718921309,-0.435633196624314,0.543754368593576,-2.28610061406966,-0.154398904650968,0.135881691279259,0.755119947708957,-0.0779988283147448,-1.78833310559366,-3.13785271549466
3.13466787304791,0.142525977203437,-1.56104183297011,-0.653485403877225,-1.03777799677147,1.0528692603778,-0.0331582373401974,-0.0862030373523276,0.722703668777497,-0.37407263595374,0.748984136187141,-2.74106453530415
1.95942134131661,1.58093721909706,6.42894559729499,0.0056200254923679,0.196238021325246,-3.33516366809854,-0.911397023486586,0.448103301038874,-2.43792874449507,0.0173915121871755,0.139323784400791,0.825679088287931
-9.14189256120751,2.39909912634163,-11.7294880027037,-0.0437311848460292,0.222048271447966,3.84902356271542,-0.292145621300711,-0.127138052855504,2.35299081518823,2.30083063095354,-0.522244541537872,3.82544094550161
2.13141978857293,-1.06111502241257,3.4383708090488,0.136636117157263,-0.0183987612393309,3.34986964519363,-1.14295489734849,0.495924080948312,-2.25733204094318,0.0396679107078215,0.0494191833787171,-4.36581128494841
-0.415192432769493,-0.0284661190496349,-4.29575231988153,0.103177456188462,0.407318254366744,2.61284078757817,0.395885349626812,0.0661992104260368,-1.26416256107373,-0.331083173742451,-0.523934490420219,2.6706591652562
3.57497594276805,1.4578554267013,-11.1801032572606,0.51401039749414,-0.321953622778306,2.679733042088,-0.511701259686078,0.40672881380082,2.72742245634647,-0.452213511567695,-0.694766372485573,4.3304346380587
1.19089959990049,-1.27609466296555,-0.819431626113926,-0.508918794225046,0.433681944563906,-1.41507797288497,-0.413317960837307,-0.803818239218403,3.0909047299806,-1.192731529279,-0.210020072590589,-0.364633836175608
-2.33473652705192,-0.0692008239109081,0.0540812864652498,0.0817486422402114,0.316869361462936,-2.24672158746814,-0.0875501911490352,0.659729315853585,-1.76038328367056,0.0184527338140433,0.289117880702298,0.190373121702772
0.330475389817666,-3.81850183131217,6.79540035808786,0.196347411746039,-0.219997796043203,-3.06324393129904,-0.075890718629752,0.0776824363610559,-0.147502783395031,-0.114918473977217,0.314279842383781,-3.22773351167632
2.7157951486867,2.81040220264302,-1.16630873266652,0.220612569734008,0.109346815349577,0.925720632146802,0.0603643168137548,0.137683795830602,-0.651548074557678,-0.0582737822752276,-0.375402900634749,2.11130708552199
1.3705563106111,0.919225139586796,-7.86098971808897,-0.245170401975482,-0.257426278608204,1.4703175165223,-0.276367821567614,0.740408285344727,3.54376290426732,-0.0143918798789116,-1.59792756099949,3.09902919265883
-0.237281824415567,2.52185695517111,-5.29850759110581,0.620375813034189,0.31236084274491,1.37364439639713,-0.0913552262728583,0.340723356119911,2.08795152686456,0.111286013704838,-0.111007777556794,0.880756472810885
1.00139731993412,-1.24778071228825,5.52045800095685,0.441636129089434,-0.0779854610978035,-1.56474619834417,-0.134371418438317,0.0197279629587122,-0.0983090585370292,-0.382356867572407,-0.316505237362462,-2.57793088647496
-0.150640271575602,-0.67859044651143,-5.89227735432142,-0.478030138590018,-0.411758826579854,0.000407463886581337,0.205733047763272,-0.571653491628752,1.0438185925849,0.145696589478718,0.337647700285944,-2.12124461078298
-2.40992517573964,-0.0501933600056792,12.2216478574723,0.206668282452664,-0.471359597055563,-0.926951887755301,-0.297918031170993,0.386789714480115,-3.25489923003642,0.389632886539997,-1.44515042472436,-4.25582078431413
0.628018040246528,-0.96598248905788,11.3277082264091,-0.0572076301483881,0.0186477554733997,0.580217113565837,0.424693889894109,-0.249070254881874,-3.79530375162079,-2.27254370221802,0.736908177451674,-4.8113196235217
0.776555751256414,-0.979459938047304,-4.42308110101334,-0.328714169511813,-0.179690296660817,-2.03487676487785,-0.575604661678574,-0.253976889457494,3.3660392669183,0.515656295148764,0.568572823689219,1.33844915739903
-0.595444702091135,-3.73148781523589,-2.19103513624814,0.145178258093556,0.407043473642573,0.771974816992002,0.1404543576391,0.290411106912872,2.7059966254846,1.0534139430954,0.873016389438696,-0.558401431448146
2.80631795236469,-1.26855489892472,-4.78344348081486,0.0977855683129183,1.22952881834001,-2.4428187669512,-0.170484986788656,0.517679569330772,2.31467265040922,-1.84850646426823,-1.02612839788752,2.50052787286303
2.3132454334905,-4.72475367887546,-4.90788487133232,-0.0409168278217816,0.333227149267644,-1.48266702625485,0.759805126425489,3.00719716843079,4.1885078322495,-0.778927383650828,0.671823139718265,2.63662142708941
1.41300481653235,-0.163908541752536,2.08209710728683,0.0994157223410327,-0.318491534221445,-2.67956557999114,-0.62909154174246,0.0740302866194229,-0.693141359231014,-0.331861714627207,0.16924313042113,-1.92604235660007
1.85969109184295,-3.00604126064247,-8.74474117052723,0.158438004747323,-0.94416047381959,3.65796700762137,0.230238003917989,-0.00411819158537543,-0.275015001432263,-0.376566192265166,1.32675110139048,4.89528392768443
-1.99349719523474,-0.0500526606257692,-0.142266051030965,0.54555356158548,0.0280817334692802,-0.349240109182481,-0.880070320071341,0.147929560350814,1.33658435740799,-0.0362997184875951,0.174427291089326,-1.70319755808293
0.124927315636685,-1.900734691038,3.32414384537862,0.00737905565661217,0.535269995577077,-1.91903045204868,0.383890834145952,0.180065779792418,-0.0931400573112419,-1.44612872129271,1.13922471442957,0.214131893368687
0.069506873203871,-1.91718408052703,-0.464982749539027,-0.0237456344586027,-0.355350341875553,1.23380022013084,-0.166273042775748,0.130691015847933,-1.42442475362387,-0.0511626532342197,0.710476142681654,1.93033470463856
1.02761709287912,0.188590798757721,-5.15263610610108,0.737802698553722,0.0623370195120619,2.84349083492442,-0.132682475603303,0.000694453780893234,-0.0844434123010632,-0.517345230383914,0.471968264246017,2.52796620429415
-1.83250332665405,-1.1515539167743,0.0161303677649143,-0.923036623827056,1.07833323970867,-1.86558543742786,0.111027371052445,0.140714190666036,2.71554046613151,2.89547636361641,-0.819758375489382,-1.04205405224932
-0.42666314626013,1.1318945180879,-0.183015847174323,-0.0320483375613947,-0.148202137156419,-2.15724213204183,-0.0147102388842377,-0.135571759022307,1.88667404243615,-0.300975210635074,0.179375403376914,-0.561210210414418
0.888283875108619,-1.49108190788424,2.17652687069605,-0.580620227843817,-0.296976996444094,-1.38357087182312,0.134866224700706,0.0395146651359681,2.02541202968543,-0.609516219638351,0.368656219619502,-3.84163386174739
1.82827478220911,0.626465017507189,4.70455071008341,-0.892887552967046,-0.814357580977399,-2.28626530513306,0.0967672298727237,0.106336250052651,-3.1032538312824,-0.16160969873439,-0.0157082533163108,-0.343334278804665
2.51003177601559,-1.78719126020175,2.78843992241605,0.408029570999454,-0.113285675739214,-4.06661023710586,0.233770335936085,0.0443649493538788,0.0996292065321561,-1.97385125192937,0.422560255987957,-1.02960467709019
2.41504682286209,3.04621359302343,3.79018995574654,0.675505205882248,-0.344590120594278,-2.35393101140723,-0.23394442943963,-0.337973175366323,1.49728379694243,0.0423464718554332,-2.1668107376434,-2.99794483537714
0.126750627460474,0.297892569828888,-3.55531962763717,-1.46636315925896,-0.701120133468243,1.77933665942669,-0.187019789995626,0.0401652065102054,-0.783922842823033,1.14315884440115,0.589457625215951,2.81596292348655
2.91576854249762,3.7123065132187,8.94259956142827,-1.22280047171437,-1.40140152629191,-1.40334503423859,0.0251230250298996,0.290093227367746,-0.966794615403039,-0.239933082221645,0.0453142549968818,-4.04282249539095
-0.131336185671331,1.05543623593737,0.0310076731494946,-0.333252694966635,0.00608930798231592,0.923831649959703,-0.0906237222717693,0.0192836774580354,-0.662369807114198,-0.823392242362396,-0.623813681708427,0.339021081973617
-0.309590092535854,0.357697945973756,7.65691529134684,0.0251078572868154,0.153498935337226,0.136211249206173,-0.142531560925798,0.265341343184842,-3.49497898724888,-0.734904654742618,-1.23551991881593,-2.48690051782982
1.57023861485824,0.598413790853355,2.45760779097698,-1.7726461176213,1.45738257083313,-1.56389772993873,-0.442963005809585,-0.142249476022769,-0.577290039817522,0.896810610890626,-1.07086716764589,-0.403158106204387
-0.944408739540789,1.82182597595705,-4.24100066432774,-0.157184347597718,0.0244334800270286,1.4113421144421,-0.564143434428205,-1.91711353474801,0.309777553112224,0.175716717740521,0.466395149961237,2.1426767573134
-0.0407376493126168,-0.979006238247273,2.48196199802904,0.133285413660231,0.111728320446331,-1.21094691388742,-0.257344910247987,-0.100835505316728,0.463566382591461,0.219175613107937,1.09678141291307,-2.29868813726433
1.69422914736749,-1.54981552842223,-0.347182857448851,0.164031569291939,0.0768568259205204,1.29438313774312,-0.161895021112438,0.94590982915894,-2.53933626610147,-0.0752608720311618,0.145557117074479,-1.75589037235944
2.88204822457146,2.4643215650462,-0.624437531925275,-0.0541608038735136,-0.0508123197215482,-0.503756502155172,-0.930486842669851,0.382004809247474,1.66519034181157,-0.638088786767811,-1.82772684258541,-0.00363585608836521
-1.69195349141613,-0.505283384465582,-6.63331917096432,0.575275446603281,-0.476664903159558,1.29441087321408,0.0523924738777068,0.0408603591308709,2.73657487291978,-0.09082014044949,0.072154567346234,1.65758979344754
0.90924217772698,2.5819460580583,6.38949402981901,-0.366357983876011,0.467649954986023,-4.09612740775248,0.68720728712743,0.37642840608735,0.305097479710121,-0.95694997865016,-0.878527634981475,-0.725124615454016
-0.392785132141061,-0.770986290096345,-5.71224975571958,-0.194296644340839,0.336593526944249,-0.462930704392452,-0.0217070410306354,0.0187098455790335,2.41317768372349,-0.0848276164728509,0.845050283385324,1.46475456947866
1.0367661897632,1.30127976393007,4.80395648054475,-0.0331560671270109,0.314224071617214,-2.13470042930211,0.163123617832719,0.11477220694015,0.0174007391138738,-0.958881771120757,-0.987441168368377,-1.91693956784466
-1.64075473324152,0.89070891688615,3.79503885637933,-0.240956219139607,-0.262924335095574,-3.945688772936,0.328760301243086,-0.0970391717342424,1.40335189780757,0.858751387147793,1.13864541352945,-2.55603889217618
1.81217581849461,-1.16203549547081,-6.34758495620715,-1.07102255078728,1.99111976006613,1.58698370443233,0.593437355955554,0.56117826216656,1.16179108513828,-0.459443603685472,-0.524917266624167,2.72154812012289
2.38921095152881,1.29554442657027,4.12782940955718,-0.76470895074103,1.03175198528275,-2.61197358593325,-0.0351117866805261,0.0938561140897008,-0.958743994700436,-0.417128060259501,-2.48568972027768,-2.47403514079861
-0.0464422976571361,-1.82979450262373,-3.57685864422538,-9.05069255289491e-05,-0.481960299132606,3.67231848000895,-0.0173038791915776,-1.01765743966625,-1.83574106809057,0.22629954704643,1.23097700763009,-4.36610127200781
-0.0918797701971026,2.80481497405238,-6.24563143718859,-0.707375274394448,-1.20271703864333,2.36973158551008,-0.131626308963185,-0.613145528506784,2.14246253176017,0.00808951115101697,0.151921403861587,1.47219599801137
-0.296191179477309,-0.680232337252745,-9.75908090680657,-0.302857361756017,0.569920908426738,2.14360236875059,-0.263434501094851,-0.3670870667352,2.06101662909057,-1.12994123034052,0.248549347531014,4.20400136198863
-1.12996087663933,-2.32939784882687,8.2813042949595,0.593487137997646,0.273263173186809,-4.07960601679686,0.241500599353203,0.936799854583478,-2.29843420775716,-0.0941425568487666,0.0589725251773709,1.20874737498719
0.57224357667574,0.932006976926957,-6.90113167441475,-0.031900998458146,-0.334257178149492,2.55261651526767,0.122224825861894,0.321399251038111,1.68470320112735,-1.19648622499491,0.60462492727628,2.72999640576102
-2.52234127978125,3.13665017427861,5.83324104397066,1.56617317090645,-0.566926038603096,-4.01484404753448,0.135455135231969,0.238602799783409,-0.119587027296687,-0.196758496007915,-0.890783218222958,-3.17856949864063
-1.79418849501241,-3.69261291455972,2.68738354068888,0.195022395369666,0.275826356158432,-1.80225553166229,-0.389507876370757,1.591233961984,-3.01976128764403,-0.30347013247715,0.169441546789001,1.74249596742578
1.18894460098747,1.71231186372707,-7.32596923040296,0.206448681090121,-0.00615784397787316,1.90289453239635,-0.660045678906595,0.0618888252396248,2.14642188593893,-0.0561126093984257,-0.1429969538784,3.82557176744136
-0.153992336572235,-1.36540580466526,0.0716657937173019,-0.104957133919704,-0.0131682561435529,-1.21607499929303,0.280560834688106,-0.011488598396033,-1.22913670617546,-0.496231365713005,0.0948698239415749,2.67076889082524
-0.771086392784877,-0.145848064568357,-5.517450000683,-0.143828305916122,0.288391953647587,1.85000674664214,-0.115461693599803,0.178378248527757,3.01815770235692,-0.487585352706471,-1.06906819401127,1.8276111883408
2.04756948248344,-1.36192510686947,-4.3039215815969,0.130939066092095,-0.124527339486815,3.11056015131094,-0.632997549276633,-0.00208663374749715,-0.218880308043774,0.788110178429097,-0.0201362393489015,1.4324127535133
-0.950916214851271,0.0631136153433461,2.95171013823335,0.606172983201107,-0.442125257110854,-3.23680717285553,0.0039990494529893,-0.169666389435002,-0.438909415387617,2.22724420197923,1.44756780695288,-0.402217693255889
