1.20661476394323,-0.263584383682916,6.10050546547641,-0.142062122894038,0.242652971790941,-3.29235878908935,-0.0241577111811843,-0.239607018153767,-1.97131455219904,-0.443883468046382,0.419736527581362,-1.22428764861504
-3.41831251214235,0.855494424745141,-8.16529462627022,0.0335261000884818,0.156104686653396,3.92686054938015,0.183436933523028,-0.815696132315001,2.88339741356534,0.212361822823273,-0.0142218974559219,2.14751169718468
-1.42499765871012,1.72256961858956,-8.93223346864388,0.873104221362796,-1.90931695478764,1.5195667385851,0.49521157240821,0.229295901568365,1.85864859561838,0.0484042402270988,0.312494506619698,3.55801810182837
1.00958713346888,2.0077523839248,-5.12672827400552,-0.0437773464428518,-1.55627541198015,2.76306375723125,0.0710626620894561,-0.325217349385467,-1.57620396860183,-1.35329618107691,0.679551791772825,3.63092233850584
1.51304434756854,3.69818215676121,-3.48790368589865,-0.44554856952388,0.100644630823737,1.21437259418569,0.0596638604114289,0.0537633489225491,-0.373770343523002,-1.66603564889809,-0.485374574769732,0.360212177437053
0.00377576776859342,1.58987237603256,-9.91807146525514,1.00997311608223,-1.51890982977804,2.97274238442315,0.254648701517175,0.478458146149117,3.51101616359396,-1.2656862381976,0.338255455458234,2.59452318424039
2.5466705423194,0.479434276123328,1.31996806667895,0.012656714035895,-0.369678261648985,-1.11637938890784,-0.188128950873862,0.209715703374066,1.2364013284134,-1.13337653553472,-0.0901078246129996,-2.93969319860036
0.279591100567772,-1.76125261576848,3.77545154410563,-0.684369170775582,0.738532424614603,0.308960601532235,0.156099579738514,0.173678478508305,-2.15972889829953,1.19143519626563,1.18633191674166,-2.68434452494467
0.151081863558559,-1.82872724825129,8.62676819322746,-0.109731955753508,0.380646801131188,-2.92036824085407,-0.0262004764092343,-0.0638721285351454,-2.73131831328774,-1.13298774237773,0.00988534075209771,-2.62834292431298
0.567726603943709,-0.742339456510891,7.12144025490904,-0.447595859626288,-0.592793300157709,-3.8778315538914,-0.252184002489654,0.328689918822012,0.249498533092258,-0.441364359018725,2.13399831115003,-3.65208613484387
2.24819940747346,-0.212588370517889,8.07346186908493,-0.545601046078293,-0.537161148374172,-4.20984320665741,-0.180411443797516,-0.0439581280662715,-0.0855823501618267,-1.50863903695127,-0.0925235791789931,-3.24208896013337
-1.32137445878432,-1.09278171987627,-11.142322035039,0.0247391925147857,0.151012635679704,2.4036286904966,-0.0592192549318734,-0.643607083108009,2.34294891034064,-1.25150634011485,1.11601482885646,2.90745044875977
-2.76260033313392,3.67224042030352,-4.52783538210612,0.138493208423751,0.213984518973019,2.27436284136405,-0.119417489521405,-1.91798771657018,2.16967788678568,1.4776163314345,-0.00377482884299187,1.34134716259159
1.20688874681371,-2.15134170691709,0.791797926996327,0.606342987458376,0.71989164225601,-3.56692913946473,-0.175625325370661,-0.169479690461853,1.20356829404369,-0.569789332950244,-0.302741913340321,-1.70153880376307
-1.93991202726151,0.729055138210365,-2.61543292018918,-0.0760857019352012,-0.0192241211975562,0.651761547758385,0.333686349763623,0.141581620313567,1.55621063104418,2.22532517595223,-0.821934912961483,0.499703929027835
-2.63698682769384,2.81814572620363,4.55579872289864,-0.402143838932405,0.75052797576898,-3.07317198918648,0.142007152657592,-0.158775205968507,-0.481768586345962,1.51547172223352,-0.81134939046191,-2.52177312042048
-0.474139723635681,0.171810545153063,-4.84850432421536,0.647161929294017,-0.438297343082233,2.78433755570921,-0.17098981380991,0.281154898908943,2.25689385425313,-0.220019032258863,0.0503203125180269,1.25148879220353
-0.239448103784177,-0.219341782429437,-7.13391763332415,-0.27832664222777,-0.344165721882043,2.44660596790484,-0.136154922953198,-0.391649258915408,1.58626488068989,0.122727266612895,0.47822001191106,3.49487686669985
1.20219654131935,0.404560511083471,-6.21948881590148,-0.424465028967393,-0.212332667907357,1.90969953358696,0.493204794036979,-1.03959386912197,3.27613788146518,0.0383621400204745,-0.16910772032189,1.4959111666837
-0.00789750973404457,-1.2315593132198,8.88359209503124,0.779231029581312,0.218660490804488,-3.30063395429311,-1.0652312559764,1.43177160459229,-3.70097730615078,-0.398839066221127,0.0841668882258023,-2.87114264920389
0.362846483150258,0.633235140225359,-8.10206460313569,0.442892382567229,-0.284593337906118,3.80101737782165,-0.265947564696087,0.0014193872263976,1.6587364153412,0.0757923511263642,-0.367806852342122,0.018503659618575
-0.186876647516771,1.59311956351923,-2.1328103585028,0.355967073469039,-0.528050935387585,-0.176512196371823,-0.0822912589050783,-0.0846018084317473,0.529653062858175,-1.10877161986695,0.0588167535384456,0.459523997104811
-0.390716761749722,-1.4581242979489,1.54944931119841,-0.853044142785815,1.47921765731164,0.360012277107195,0.265662563102629,-0.0557620798461446,0.819118690558594,0.500110551827288,-0.555575039687858,-0.471652499671181
-0.568414090884072,0.823893450334892,-6.07004608856347,-2.11721672028599,0.0920892691154531,2.46258739133748,0.0976450705390002,-0.102298149525092,3.8253452594588,0.447590940093188,0.891141042518425,2.68273174717749
-0.633082855097418,0.847906099134137,-5.99750495629119,0.284270950306282,-0.150935985550362,2.14802148968101,-0.744787283153269,-0.101142441571351,1.73812310184888,2.05347453140762,-0.636242176046253,1.81222772433511
-2.00296043064809,-0.509424447457224,-3.70923369877405,0.300103543689199,0.298518005078325,2.41375139555894,-0.167242927770237,-0.125799687876117,1.37440544318106,-0.348906603974985,0.359690585374948,0.152268357389802
1.46943067415738,3.45663542255814,-3.0523494224469,0.018965703117982,-0.153992193800771,-1.93577952426531,-0.0967500094242971,0.0164114116259309,0.0429414460061731,-1.17305262308397,-2.60569210092136,1.97183923279915
1.73325271209712,-2.19086365182898,-8.05169837991918,0.562739766926982,0.410384054061956,2.65154646772405,-0.502120374408281,0.364417883052407,3.29671302643815,-0.30977462168992,0.393402412247915,2.10010764278201
1.43190644834235,0.600104995898575,7.19862779432651,0.643308078855594,0.501567485843518,-1.36019421862362,0.457917947884516,0.0492221850987136,-2.42146537720492,-2.0666206545269,0.11606476322095,-1.67391902863993
0.229235838561612,-1.64204312162073,-7.47632966175503,1.7967696402596,0.0945642866945528,1.44622639743028,0.317760047444762,0.38301730574591,2.76445158560333,-0.500909376752853,1.18529700654867,2.00380266120765
2.59797296506754,3.89428624539988,-9.7554173224109,-0.249930984316005,-0.178967395569808,4.40419529629965,-0.0947190425816023,-0.375380794171676,3.38445180004136,-1.41909899952055,-2.44474356884192,2.73841900829449
0.142536053829329,-1.14364387053996,-7.88339362685667,0.58165146790172,-0.336937211067364,1.91717346292161,0.547663125323026,0.00482340518881957,2.39774668866214,-0.269770829815759,0.0998384856894651,2.92622150690018
3.96121967686498,1.94725069201374,7.78952381004295,0.136118074138934,-0.0432488950202282,-3.53610611653646,-0.0760329315200139,-0.139628029821603,-2.68331298012658,-0.175236785644099,0.0325847667043367,-0.468541570018333
-0.0958406032453697,2.69485996264815,-4.02574597617769,0.327018522860917,-0.174721332499903,1.63616590705568,-0.192845273532206,0.294624013886291,0.11637536958425,0.608812370683307,-1.44403486458428,0.857615687435775
-0.746602554224528,1.0204584403927,-4.66566316234427,0.269201230672065,0.110250041118218,3.44550411013618,-0.0492525270682511,0.306670716487387,1.86782477287944,0.243031613534632,0.152991119486461,1.2950408502401
0.922027461081939,-2.21145400196114,5.71555347969641,-0.120073860160544,0.0866175474359558,-1.02029874068718,-0.493958179081167,-0.0605422965344514,-0.467274273111469,0.317414820789177,0.789064665221712,-3.24177652241344
-0.221196746177653,1.94169792295863,-4.19321060932858,0.88484702892691,0.436130658861253,0.39907674234347,-0.0463847228969458,0.393563158307778,1.89197492478949,0.303266448881586,-0.564849268538365,1.77313341759931
0.219097768113868,-1.47362125727616,3.5567887269281,0.0822425454270025,0.0820140160762458,-0.938538938817153,-0.0998161478222192,-0.0867701516311331,0.438718962482521,-0.103450564269955,1.66169029540677,-2.96688095271907
-1.20317531164635,-0.0359041158002743,3.65284998462149,0.468732454070128,-0.32590914365153,0.845285525776069,-0.333847075410678,-0.187281583965403,0.423489414331713,0.168284151603353,-0.181540655496765,-3.96219056676986
-0.970715039500925,-1.23365239268021,4.58049699922388,-0.365706493806037,0.504520962777956,-0.621356670761162,-0.129082642866594,-0.486777492032188,-2.96455723725914,0.15761702317154,0.828351853917433,0.699034447140419
0.0322687854692748,0.106084665299043,5.56822740085864,0.821507489022761,1.05399179465025,-2.93343810995515,-0.865270155412504,0.609254890830605,-1.12539487420725,1.0339979107987,-0.626699125742325,-1.27509281604585
0.20037374675896,1.0862184093774,7.10362561340407,1.22192949014809,-0.856519407966164,-1.61814854437137,-0.83122751165399,0.223575383773414,-2.99217595988593,0.790700423617601,0.279406293555345,-3.60755035298672
2.27743801991877,1.21083021042888,4.766010753446,0.266979227745982,1.09876040197242,-2.63789219426149,0.0208213874363809,0.00838191559192159,0.632701778038043,0.518740183717885,-0.550308428077365,-3.63488192910378
1.74402780315018,0.0322965518056775,-6.61557549529701,-0.370712249160755,-0.102821970246348,-1.78853057016,-0.181770687247003,-0.324715140579234,2.55618141994495,0.239173530095005,0.650374733300543,5.17904949926747
0.285824372056732,0.292538837486304,8.33211072521852,-0.141500424335649,0.221640998924677,-4.14460262238063,-1.39135685521416,1.15796604155489,-3.68781640410767,1.20544389696251,-1.09213981678696,-3.19517027703863
5.15050410042553,2.64268681953292,4.24223754896368,-0.791198466923056,0.269262729729477,-2.22104459205442,-0.286327331193912,-0.354600476102126,-1.80689825656779,0.091300105656367,0.204454145714534,-0.705758585255539
-1.00178893479136,-2.05517225498648,-5.01763156348036,-0.254560053409194,-0.0827134375509564,1.78270596536587,-0.228335959667063,1.16653469311813,0.889148119377156,-0.213711546494948,-0.0124343089270044,2.98333835935092
-1.26821573741857,-0.698778611080921,7.67456821925022,0.164996170769717,0.329462967461427,-0.918184334990096,-0.185853106752868,0.6047851637488,-3.64760346680684,1.86440747875566,0.280934843492427,-3.08910573019092
0.872622495978089,-1.21744136660272,-2.18467481490458,-0.348424559191317,-0.656529126385544,1.1649673000027,-0.343761227224603,0.537540086434539,2.48077658267608,0.0113613189233934,0.534788876466207,-1.22445781493715
-0.695911836927381,2.62244409864728,-6.94205747549316,0.630182442446315,-0.299448878411015,-0.504884533386765,-0.400663991170717,-0.096563952257204,-0.675053250132659,-0.826267030721032,-1.0473332553452,4.07597458128681
-2.66024691024776,2.16856134527342,-3.62474305151107,-0.743062111316245,0.624514352606723,1.1734880923922,0.128601214732911,-0.136956706528587,1.78274287856987,0.321353521531067,0.520306014174841,-2.89088220178109
3.90887271480196,3.08793190376344,5.35253393018895,0.293741820545452,0.135809289380021,-1.88470968214514,-0.231657159673425,0.138412797569927,-2.788280408393,-0.926346462486688,-3.05091419699785,-0.937980533955372
1.08228806851167,-0.148779096377265,-8.40091306097046,-0.508525758443075,-0.280940489247138,2.76042452032915,-0.13918077449972,0.731939618964761,3.27247468465674,-0.0114798102172546,-0.029027151957304,2.24344443188063
2.09725551353105,2.71135733171244,-8.52936839103929,-0.0554478549976459,-0.248489080352888,2.18276912230374,-0.582298675792519,-1.21015924843452,4.07774946179511,-0.68974102731531,-0.350437026573545,1.96891097403187
0.872515867887952,0.706599018879781,9.81648010659553,0.0747500036536521,0.122710902694058,-2.13678968346385,0.760660268856484,1.17557821405439,-2.82219015221011,-1.07460826201188,-0.452375781067516,-4.36884693953644
1.25064653826124,0.876102505491734,-10.9425131084183,-0.779642863274587,-0.312860525118887,2.52016229938781,-0.0494699451864995,-0.684636675000582,2.01249711549593,-0.74533836529752,0.0396744931774914,4.83495367399275
-0.130217733127794,-3.77863807266881,-1.77332554621873,-0.0603545983236304,-0.119432417800984,-0.865720012662498,-0.0418854100344076,0.580202804616019,0.49953912614571,-0.272732684550796,0.36772272889628,2.74039079820543
-4.16177751062212,-3.72190906765385,-5.22538208435391,0.0899833259257982,0.0934764828936986,3.36110381837355,0.0919015100312565,0.943509229711682,1.52069855390677,1.84664182163402,2.29100306053436,0.793467242640303
0.799924969442566,-3.51647725612966,-7.47804327623567,-0.620213445338775,0.265529209029598,1.56606452721304,0.113998775062242,0.031976087056398,2.74945711768369,-0.238628881258918,0.79025523567589,2.42059287288965
-1.04773941053224,-1.12109820050905,-5.49947666846982,-0.446635818589689,0.23162345057034,1.79730866089242,0.231550955495379,0.138104421265562,4.03192375333312,1.15015170481572,-0.323580929572047,0.96520186125066
0.980269143727646,0.438707007629317,-7.09406714608199,0.205504798666128,-0.747305146266708,3.99467538978939,0.588944534227437,-0.090143713036357,1.39724321711343,-0.332112231875236,1.00136637881907,1.36711144102869
0.119858612010049,0.768266498136959,-0.128928634293233,0.0843232552930565,-0.306592118707692,-3.1672713943457,0.536628522712433,-0.194622245926146,-0.533294367373203,0.0122278701705166,0.289752143631554,2.57324910340108
1.67923153206069,1.58465105334052,0.988595205830131,0.721910270366431,0.00977864283847085,0.0759135101134168,0.0286589419438501,-0.118623024954475,-0.472048789262652,-0.976212326289065,0.139668545637888,-1.35320940743367
4.26081301043173,0.226781663543948,5.75207487058631,-0.162168127815587,0.173739691761075,0.340678491602882,-0.420564623526649,-0.820678848280377,-1.31273967250006,-1.52067885043423,0.137009008751769,-3.84564616449917
-1.43292068038219,1.8879600538796,3.81128680610713,0.424720509262467,-0.455911884332739,-1.01367696713279,0.337290644758394,-0.316498619683106,0.237171152845058,-0.23393212231697,-0.138349903862685,-1.66618254378473
0.970711615484951,1.16152775237227,-6.71249197192776,0.622353184816756,-0.20448983242203,3.05967583927038,-0.22277298035248,-0.0840002726127498,2.37588947065221,0.581507723775944,0.213891769261477,1.43631256598637
-0.795660882235742,-1.13301592097576,7.36167164320154,1.17589840833612,0.94283308922767,-1.89123050577059,-0.389855849225282,1.19773788174972,-4.08110971978154,0.0476859524477574,-0.0783350315249524,-3.39915092491056
1.92213244235227,0.871549396104198,3.7764971963964,-0.368377196005775,-0.836002373010783,-2.54920889467385,-0.0921507870354648,-0.403411329642709,-0.271879076098387,0.222244500563736,1.56855949951574,-1.89339062840283
0.89433812224812,-0.293628571260323,-4.23965474424433,0.350343242366165,-0.104917853054506,2.18364859452938,-0.208806456545825,0.402017468995343,2.34830104290214,0.142296657504854,0.431289900337571,0.489532511537746
-0.987944207539261,2.15558118584109,-0.981608679832059,0.0867148886635929,0.355673452299343,-0.921861365753155,-0.334356495297585,-0.124305539622547,1.7906190275031,1.15470853733811,-0.492876462532668,-0.985840379636083
-3.77991954406641,-2.17038175055476,-1.70537002943916,-0.013317412691106,0.0706634325811385,-2.01744213887162,0.797963354127453,-0.0221624564243221,1.48307609856823,-0.196317364166936,0.217352055928957,3.79920585074646
-1.90093078932452,-0.652768799700439,3.57275910202048,0.637590008356849,0.276025335843847,-0.727978415062698,0.725940231158037,-0.519528390057132,0.391436678638227,0.365833481745944,0.349875299977842,-1.70145275465607
1.82350854843512,1.24481106737092,2.66805826020979,-0.330262501790746,0.408674260569555,-0.890140057148513,0.106137863477959,-0.281299364702756,-1.2529952623989,-0.0609380950857649,-0.222438912845812,-1.8169530065932
-0.634556413633544,0.0330061828082921,4.27786729019024,0.253330143816747,0.486729262567381,-2.94801171039484,-0.186234129839987,0.045567802250222,-0.919246405792032,0.0189391776802343,-0.0692921590372811,-2.51360921034561
0.248541504518052,1.19695688587277,-2.77594651955617,0.719978282654477,-0.181116231597302,1.88124381868853,-0.482647045759692,0.630400190565003,1.00252549000502,-0.379441145007335,-0.315330122452003,1.70246387433381
2.13791203565817,0.81297024784608,-5.74583858454896,-0.814374421056434,0.110493217592456,2.86437393243927,-0.4097506314066,-0.7376365651884,1.51739597888461,0.825082387132729,-0.874245769630608,-0.604123394775739
-1.66011955235863,-2.35751405488263,-5.34540958827468,-0.0495250421063114,-0.0821455440445197,2.89170972433869,0.579651865445161,0.255589521637784,3.33173996832982,-0.0119338858272415,3.31027338808699,1.76525078362845
0.509120164217321,-0.632624099373388,-4.76464489948498,0.00735926003851287,-0.0420196372652309,-0.186822295306908,0.396550664298546,0.497394220421306,2.3578513314395,-0.223367843504433,0.234973703701017,2.47988235154692
1.00067910076451,-3.29859853681037,4.21604822667704,-0.0827010592586359,-0.376319220755083,-2.12071009204817,-0.17036509278781,0.215382936871178,-0.16813504786764,0.0373141998044994,1.9692698306129,-0.550641964595178
-3.43050346274965,0.128624209571703,-5.62942958740799,0.335825579462483,0.280022926392504,2.04986333834765,1.03062154321525,-0.443221080484251,2.11149079321125,0.695663366299903,0.463216524931335,0.325579325646516
2.31715714469294,-0.375115383198108,-0.639844437260792,-0.0630506745536092,-0.160101264921374,1.50872789480779,-0.701856254573805,-2.01643082206877,0.041994620815128,-0.790884102201399,-0.0638431421172403,-1.04588146258907
1.26079460492136,1.74628956333539,9.15533288690405,-0.687038663188414,0.016303850825795,-2.10381631561641,-0.245799909832101,-0.508664485225099,-4.27394083930948,-1.63829832451978,-1.28937974580814,-1.83582754391532
-3.31204189208557,0.503779968243876,-2.47158693946734,0.0620300331554687,0.630094083309685,2.19776092443098,0.0942559883305077,0.496228867506011,0.57976668664436,-0.149412723293524,-1.77984532309317,2.26548416672079
-0.615061244866146,-0.55598977164557,-5.70917330600077,-1.10549278683509,-1.31521047605332,2.84784317388784,-0.0405109039552793,0.541999177167274,2.32845815101125,0.935476623266088,-0.700609672566855,3.05169122194143
-1.05039278315558,-0.275207552069433,7.91082547172751,0.37167275893714,-0.351226862577301,-1.01137265471861,-0.776821786478194,-0.778685315872324,-2.35563811554206,-0.144754435163505,0.926713923394972,-3.50224689786263
-0.866673350940231,1.16449415909845,6.43429884439151,-0.495327118376233,0.224523418306648,-2.57963920377815,0.106808996828612,-0.125641046146299,-0.349734594643699,-0.214009250409137,-1.80022055190599,-3.282864278303
0.739992224633847,-0.239823255851636,-5.72172366939632,-0.349721560632243,0.212878246625626,0.815253861674455,0.174666968642421,0.0724591111261312,2.22191905317467,-0.28596351402042,-0.39569213119135,5.23417944325745
3.04639310317375,-1.37042904067021,4.68478740279557,-0.610042035238673,-0.0433456470353158,-1.70095509452293,-1.46781094803532,0.781937952372218,-1.65727135694542,0.0997737408843961,-0.303959678631361,-2.24786210374291
0.954778174593494,0.761130973758836,-3.61037960428128,0.0452694296065893,0.758674340266187,0.0955925575153215,-0.380177132179838,-0.00681214956247592,2.61979378112859,-0.028448192983723,-0.767927866492681,4.81472450183461
2.65079389364142,-0.65634589833766,2.08448832182538,-0.395656279922297,0.870273106086612,-3.65372000841145,0.0325791352009378,0.613959693457371,1.21271912821221,-1.21097122146477,-0.613991162859011,0.282287681905218
1.45346250306523,-1.80139335739539,8.42284207745485,-0.0872475228978004,-0.991122717297853,-2.51427145266253,0.0088196188246003,-0.057982923634016,-1.33500900327052,-0.560640453733561,1.42073867312735,-2.75407232274599
1.70725259683238,0.787797061828572,3.76924264285835,-0.355255258713699,0.493429692617207,-4.19874867480709,0.165709054312686,0.320760247784726,0.276685911599001,0.405207168867183,-0.563748657062504,-0.676284591936173
-1.88688480909397,-1.48694387781666,-8.80158575653966,0.735182573083678,0.397081134178217,3.36529464825206,-0.470312304186366,-0.0992645049577641,1.21996981861119,-0.404642390791713,0.448135969106334,2.48602176647309
-1.20253807774353,-0.174484876511002,-2.2412525494013,0.0914570232031679,-0.383199676522666,0.677918156755334,0.542340452013984,-0.139474101635674,3.04457873791299,-0.117566500070388,0.411783607262789,0.29836081140443
-0.457722997306614,1.57256466404492,-8.50064561716018,-0.314022045093734,0.581786373433081,2.15567981263625,0.122621633932,0.614414484607611,3.60033353426381,-0.865519837822005,-0.905212445325054,1.76327054786986
1.00789879885253,-0.0404846502213887,-8.52238805375782,-0.197200873524123,0.059990623016856,-0.0748147297336523,-0.285896123260912,0.639452581334355,2.75380031171638,-0.538777933841446,-2.135528761457,3.2765663132428
-2.41000237866736,-1.68904304079842,-5.959663156957,-0.097410211399672,1.08494857163196,-1.29488589323437,-0.364217070513539,0.0226158311972154,3.42432050355824,1.7371011194247,0.582555156423302,2.41526863711475
-2.14526168782708,-4.18326853014248,8.65824377284411,-0.684355572499741,0.0480865144081717,-2.27440109314449,0.148674900176992,0.0535052858133972,-2.10326266669528,2.01960382447288,0.996685067293221,-3.85164065274343
-2.28577173243081,-0.0624095017936163,-5.87541055248133,0.0138027546202716,-0.429502756663517,4.10069825074421,1.70452991362661,1.33301392293846,4.18039707892833,-0.142624415906282,-0.0456407269638987,0.467568196435785
-3.35045133485576,3.94986966829477,-8.12747838993029,0.824271637944074,-0.956571445696872,1.19581510446179,-0.235865782995771,0.037233518200177,2.40584411060321,-0.571896570570639,-1.04107676555167,3.37128780601968
-2.52069885697485,0.977334937446583,-5.44652567497795,0.1813353434416,-0.26211476786173,1.09021158079342,0.201136719150752,-0.0243162408731047,2.12521203251962,0.418124321606247,0.483290041572283,-0.299694311072715
0.476815285355713,-0.592891439426706,7.05601518228529,-0.386402636437759,-1.54082148771899,-3.08566704436705,-0.113492121237439,-0.167622863093208,-1.5786693459623,-0.764451706550237,-0.172411048037177,-0.760092437053205
2.42061750194932,-0.126541819177361,-5.97362014134819,-0.765703170934315,-0.110818050916466,1.43765526833301,0.116405051868869,0.0228607344269135,2.32076393597015,-0.0851717473582632,-0.215956631142984,3.16440274159506
2.44112966722447,2.94040005089739,-6.87749354444127,-0.656909922510175,-1.9578730142864,2.44962300503419,0.319878600071888,0.0584704644800913,3.32224447964374,-0.711849511829295,0.381649691859737,3.29277461225506
2.21826719895056,3.76220803327986,-6.80435661658335,-1.84034027548598,-1.59874980361506,3.08567779737524,-0.456621043187365,-0.116565334687161,3.9538237465392,0.112331760297204,-0.0457479568956994,-0.921604954117353
-0.587117766789165,-1.06793095843721,10.1780450617856,1.0671490074504,-0.68822546241836,-2.95828538498979,0.130245015285118,0.145047336949487,-3.2417167121298,-0.456848124427729,-0.0378022400778956,-3.02918212706322
0.442498597689562,-1.37909814183709,1.77500614133477,0.484813299403637,-0.00701994970105833,-1.07349071157161,0.0521056528504317,0.441956449666484,-2.54632170906533,-0.559246746800542,0.497529380911234,-0.528666592403212
3.22573451276733,-0.168909429450443,2.62433694330844,0.237259565675047,-0.0299431213078415,1.83648671448851,-2.06172583008189,0.812394740075912,-3.59015615748812,0.142353551948522,0.368996896244942,-2.68748569642638
4.05772242237298,-1.84423402648042,9.21843180282052,-0.619715132912478,0.780015871806587,-1.51622772617752,-1.00067936344565,0.170242608860168,-3.40696595597851,0.226137630274495,-0.228022568155187,-3.22978234005475
-0.337285514241023,-1.90019457377271,3.90976007791718,0.476643567646682,-0.124666540989464,0.849803202871026,-0.558063825956669,0.78852438887294,-2.53357649614858,0.058676627146576,-0.110387321001798,-0.520439285812029
0.4435409830185,-1.32757023058336,-4.26094059857923,-0.36103102605732,-0.247062010525334,-0.868189491968773,-0.359354498659456,0.0523025859341557,2.75343335754727,1.04126087765502,-0.35516955061573,3.609554113897
-0.812002256328218,-0.573950025963614,-5.94338375161635,-0.0462697509723093,-0.525077246740321,1.26377056346799,1.29495176408016,-0.0875471083298334,2.4250030432129,0.118752602829966,-1.12965864935647,2.95922834990687
-1.28473892620961,-1.85572413038397,2.69930365123295,-0.0520843385276716,-1.03593871589442,-1.01895796491175,-1.1105996150369,2.34856179020821,-0.70068628472171,0.565646960764326,0.232863848549135,-0.446459600693362
1.56671274333253,1.10174965874972,-1.32970509340933,-0.0966609389135618,-0.188302558513496,-1.32932983010221,-0.187802366277684,-0.0522641673415634,0.0623229277205302,-0.77496944453841,-1.65102050674482,1.31869762455082
0.41326087106886,0.130824682108309,4.1136349739464,0.581383575607443,-0.128169243029647,-3.97020516230306,-0.32440110329514,0.0413395831166693,1.76592640365365,1.15573588252473,0.243679701456845,-2.26196782672702
-0.401545640959469,-0.225001988099503,7.48308134751234,0.0863064567254919,0.217113680890222,-3.54099565456705,-0.327423400808503,-0.0863154743275262,0.650668255993622,-0.911093159305412,-1.34716438118473,-2.69583899975062
0.0989282408136278,-1.2293549793215,-3.99151533017528,-0.464198571483217,0.243345834074485,1.7887252211706,0.18150546390578,-0.123545875401693,3.03808880470247,-0.327521759083686,0.15540225743653,-0.846015889684492
-1.63167612938128,-2.23278174570982,-3.26634460688318,-0.293132605727738,0.0308756854468467,2.43982355684736,0.099055978316424,0.205767412511682,0.987424484347649,0.39757360967776,-0.268947381091007,-0.58301437354318
-0.21907567694898,-0.647642926737183,-10.3953474949472,-0.222967508976188,-0.119484115505854,3.39609308394218,0.0936538824920257,0.647652926052738,4.54749486010245,-0.281889082538044,-0.00374541891274234,1.35264824385979
2.002463769461,-1.24426488848424,5.81750853424629,0.126853962176587,0.903926148366574,-0.827078458146392,-0.100307379243317,0.456167706747797,0.456914488167481,-2.81599084783814,0.193474231550731,-2.98338839931911
0.855255356573935,2.70168562298475,-3.88213660414098,0.0772641643597731,0.177908754599555,3.44532509828673,0.0985298065873697,-0.817252435394138,2.18089301928918,-2.10430578297658,-0.343259041219982,0.645512756374357
-0.419667227709911,3.87528376812959,-7.04661477593203,0.33387460102311,-0.160029568155703,2.38509422117201,0.621288029757718,0.121043500594257,3.43869132799063,0.681584963932896,-2.24041275875542,2.80060020658074
-3.59867230655216,-0.705058158045354,5.55103685602113,0.495363643351707,-0.36998337836418,-3.66219233622142,-0.0124474114546592,-0.0999593439998435,-2.19953844663173,0.772926346060071,1.16743093573709,-2.17185987263044
-0.110266659691586,-1.31190527201418,-2.7166057887016,-0.193052138814506,-0.413087133918527,0.144851546288773,-0.000124099284853362,-0.00195661237464664,0.662440373483438,-0.826097223313276,1.98477764198716,1.39596527401219
-13.165800349939,10.9521704004641,-5.34109507779387,0.778237400723671,-0.35579702275906,3.36579027287999,0.139096122117229,0.35683885201943,5.37139961616161,-2.0513931647593,0.438148917147887,2.70061993351379
-2.3123001410963,-1.8481719624509,6.18495915064303,0.541347734477518,0.0454900630568436,-1.78789430167223,-0.191951670118703,-0.279076872078565,-0.965450315712679,1.48573665648071,2.27391859164461,-2.34850216814652
-0.501170772739909,-1.12866130690037,5.83809892183806,0.056853024652293,0.0977315859357608,-2.62161637854141,-0.135710689888632,-0.174507934637286,-0.253572552366902,0.124184332596169,-0.0663540755943405,-3.365791720515
0.606459135503206,1.94291385959757,5.90992066453368,-0.0738510526384566,-0.563534833949208,0.56503754007274,-0.604913295381292,-0.119259976962041,-1.43748109867536,0.103812722719139,0.455246097651949,-2.78464108010649
0.795827016994225,2.62757551020939,1.1040786909834,-0.182848068056363,-0.0658489263166647,0.210301252253349,0.304020092911897,-0.538916084287272,-1.08002357821938,-1.22743677956407,-0.691380848386247,-0.727132898911685
1.67953479222256,-2.48446627297173,-10.5663498685797,-0.161088841341395,1.02982206160995,4.23888669104168,-0.835796345321154,0.708513465378789,3.38457329676794,-0.00174455516822246,-0.112192948578457,3.88923857234502
0.985504512966043,1.11634360185399,8.94991444349043,0.00531207757408966,-0.0532058925261552,-1.40747637440038,-0.251057390546037,0.501064654438429,-3.76204166152489,-2.12917880374862,0.743453275774425,-3.12876959232094
0.714866636969183,-1.58726763199832,-7.1848766468205,-1.09114643935683,-0.814789072598135,3.41300958269857,0.240014377952787,0.0252708851758705,3.50470628500496,-0.193403827619482,0.360958972851864,4.4918333828288
1.53867215907401,1.79419031512363,-4.29792234912176,0.0818985364069638,0.528260038054941,1.11287885997132,-2.02401335069393,0.454428816064693,1.16164991614143,0.420421174598521,-0.57986539912733,1.6884341426493
0.553045599453515,1.75841215312222,-6.98367114848821,0.0792022897826303,0.349361744122106,-0.278320616814063,0.626123434551306,0.416519515863543,3.16829199711582,0.051907222685954,0.308270014014688,2.28196483778755
1.96384354022907,-0.415978795824197,3.40610479705358,0.146063886920076,0.441182505010428,-1.83662983451072,0.26260301666912,0.326491255852691,-0.739565958356447,-0.0884106736711347,-0.42462554846247,-1.27448303381261
-0.407460115879139,-1.29115444349194,-10.4735256719885,-0.320626422687036,-0.601592886686214,3.67993457443193,0.0104727190460496,0.146694776472369,2.92057605246367,-0.914656110376195,1.06617553716893,3.26603035664779
0.913255629569912,-0.229760484882687,2.95140338591862,0.0971726179708837,0.370569841638876,0.331950007484646,0.574772177820003,0.271182317299991,-1.57059668755067,-0.118736142715322,-0.0333442315112039,-1.17449191259563
-0.281139878273422,0.0747623096336203,-10.0478440455867,-0.850444268940272,0.192367139347855,4.7745042482182,-0.0893923717023431,0.196813296137137,1.66436548608219,-0.253434278452005,0.618318097120451,2.59906470239926
0.554784997684084,-0.692082442292447,-6.67909660499552,0.479109466037181,0.992432511921115,2.5430271292058,-0.576462529108021,-1.6838318509674,2.10896192636403,0.28415112232,-0.124645110372483,1.79166191213119
0.00842188819252598,-0.0482865625955281,-7.90047964786459,-0.5396728565862,0.80087464193735,2.90486134094625,-0.439714953639463,-1.09721372969276,4.71062571375719,0.21000112619067,0.965473871912274,0.366135091144239
0.470434266214941,0.510535292654538,0.1049157657624,-0.258702370638298,0.0628485295835207,-1.11835173103055,-0.0675908003862806,-0.0897602496935891,1.29283351916238,-0.713482419663214,0.846673981738452,-1.81462610423446
-2.80125691499919,3.58726364911499,-6.08056114974617,0.308931378070937,0.181264173284109,1.95953916833718,-0.794115792798618,-0.328514469846648,1.28077887572198,1.42411321028349,-1.30624593344182,3.58824255015199
-0.312877588994484,0.658996625230848,6.34928189610459,-0.438319995189891,0.497466661264573,-2.3619683248549,0.507509413597393,0.614537718024116,-3.0334922477296,-0.154467219565139,-0.796673141422365,-3.21612193406878
-0.4172992993384,-2.0102443680847,10.5423150695866,0.0780769983883539,-0.23032036462012,-4.10366429956417,0.1668419212146,0.326621759507055,-2.79775277970886,-1.56081028801553,0.270230772633164,-3.09412230005933
0.521874865197243,0.916681259043635,-5.97168241225066,0.437613960425992,-0.725075293483569,3.40701245558844,0.261642874274742,-0.381758895985809,1.90464608778574,-0.075645271238142,0.122683063771502,1.26031333179189
2.01801768352676,-1.66894100250461,3.8761957186492,0.312978587384832,0.411040365311454,0.594635602461526,0.379184009502053,-0.244586345414051,-1.87155171330648,-2.17376920148698,-0.851968676687311,-2.75116940619918
-4.6393468437935,-1.5529394423212,7.20842619953694,0.152209038522501,0.190765601987953,-1.82478305342452,-0.0491619217820116,0.384001489880053,-3.52250908381135,-0.0428932023669196,0.020603412752644,-3.95575194466867
0.3092712802692,2.67919253467806,-5.70366855698552,-0.256953316739855,0.539296044646188,0.38820710508794,0.225607390106073,-0.0896543686786657,1.49759966317593,-0.996080608151278,-2.58311291310884,1.58216851952743
2.61970199798703,-1.28591849992269,-11.2387554563394,0.28004473357557,1.07580770147398,4.24101431751652,0.108909135155485,-0.275084554042022,2.53001108511086,0.435039224754116,-0.40391638484109,1.12044112188065
3.12792150057815,2.59158910798263,8.01612801739218,0.371799232721161,0.269171439078313,-0.270254403747115,0.641621573054486,-0.965812297555385,-3.98958380776535,-1.08482354284996,-1.45323679838974,-2.3080688292044
0.225833294584873,2.6796451052583,-3.68470045955073,-0.950293142662803,0.428504639642215,-0.287559304915851,0.785208249242452,-1.1539371307132,2.20114672417336,-0.425634500746331,-0.0605201528137267,1.95954842145756
2.61493155763181,0.664901483912681,-8.204157587869,0.00240219157541316,-0.284231755198212,-0.291197396671944,-0.0942492123489027,0.0915397680908943,2.37213579194233,-1.01680867735172,0.00354612207038418,4.70812175011869
0.845506554008134,-2.48317760743788,-2.77786550703929,0.0267463843168231,-0.630550962947461,2.14872238454423,0.659944569376441,1.29584356222153,1.47313622800814,1.91228975678404,0.422364459782245,0.453425576013232
1.2646283650457,-1.558353775857,-7.86465492603599,-0.28883634183422,1.2228257087282,3.63810750191882,-0.585653859307714,0.683756203492008,1.95273518162951,1.10991611175455,-1.05426637417747,3.86725622814052
0.895527331501375,-0.668594853256828,-8.45313614769496,-0.215830480495606,-0.778338015157384,3.20615347797934,-0.262170967706062,-0.476472906958331,2.37440275342829,0.794317582410929,-0.424348610388347,2.15819732088401
-1.81874816496261,1.98431936176998,8.25459434595558,1.18014224629389,-0.244877517173904,-2.82176244826467,0.160313094993042,0.183189140567179,-2.69428300082819,-0.0603432852543523,-1.43554413154338,-3.36906028848143
0.0129649722268332,-1.00580448472013,4.00616756294107,-0.482377211018066,0.13374465944902,-2.30636963358479,0.347553467829189,0.149903834600531,-3.72978460865598,0.435072039059597,0.414796391681193,0.32337451270008
-2.31741692218639,1.77614996570897,5.17115064405404,0.0447974344061533,0.154752873075174,-1.56364464994381,0.0333254756451985,-0.0499984183108761,-0.0945943128829027,1.03597455542526,-2.19943543980128,-1.78530781387759
0.354389805616497,-4.83888893241845,-10.7414650710671,0.00214183583283742,-0.366599572895263,1.11651445181107,0.373009681778376,1.3489956966279,2.13067096520224,-1.1672400988826,-0.535717644518005,3.9439556098981
-0.0872284487409209,-1.42311741417356,6.59887176517339,0.155271184775707,0.0143880114337109,-3.33646748181105,0.0335935966564803,-0.0380197256749273,0.106109796684214,-1.0075026242833,1.66199762518884,-1.93634685051747
0.34597744836634,-2.06485230496441,-9.73442581322699,0.0534490940563818,-0.876319281626457,4.53912959206954,0.150466751424881,0.300553048701568,1.56553817327805,-1.81112199290877,-0.102588334686276,1.84032329747403
2.5387679453125,-0.0584604239632774,0.708911699014955,-0.431483989908856,-0.300993015794556,2.70712600301345,-0.0827829762822005,0.407665494445757,-3.39138019386533,-0.566048470246569,0.465213473372367,0.0802574440036993
4.17826938523419,0.680576408258194,3.61604711855298,-0.0565525674804131,0.104052224429412,0.190110831240856,0.632372827262625,0.537945964414895,-2.78927438178225,-0.23306827824384,-0.128653205615918,-3.15974733134352
-2.68031963208141,2.684282364199,5.01425292490145,0.400695741957221,-0.418756420091829,-1.60836911250745,-0.764541982424336,-1.31403831880269,-3.85240130983399,2.18409793535663,-1.04057216267801,-1.15838360244207
2.14432524700338,-1.0396743696154,7.01216263661141,-0.737894452929698,0.0894976521327803,-0.19707765166803,0.0124424488395989,0.524846028045119,-4.8443954667863,-0.477591386429203,-0.928748242808429,-1.8749788985403
-1.07410435158196,0.36310432149226,-6.75002454806953,-0.256654306178118,0.113349203473297,1.76594652510407,1.42249730791168,1.20147514437147,3.51232884121204,0.27647680181285,0.137758217468323,2.19906327691263
0.85551123699872,1.3806562602555,-7.88479817958034,0.225385230842075,0.118560325091455,1.87016247388403,-0.418127350977243,-0.145046943373074,3.32158324150082,0.402711631373781,0.691381601719288,2.3827245653391
-0.614075078210737,3.9846377397475,8.25437177922173,0.913245161997326,0.673050196371721,-2.82189599087081,-0.00336705504527584,0.0316589208763347,-2.62979553865433,-0.345993187533441,0.248749605320827,-3.55079231711104
-0.232201152503509,-4.26547047245687,-8.31471116422373,0.0270403921234561,0.0777124704312217,2.7244872163683,-1.24564755403645,0.917903343113289,2.44331026920099,1.91421654185921,-0.586399225653874,1.01933336095306
-2.10195353525815,3.18054277550377,-6.57543157638495,1.09108612585592,-0.537676985019924,1.65124804241782,-0.134011125378524,0.0143037853980416,-0.216529419431617,-0.164145657379175,0.0336475103431401,2.93413209055297
0.06727188530752,0.296227414015589,3.7874783877329,-0.187816088368676,0.199148062022175,-2.65908485015278,-0.306049563862284,-0.317763349682354,-1.17703539991325,-0.830100854680736,-0.484023869288434,-1.5137073492186
1.32105732157634,0.154357829322498,5.07816663237792,0.0504499956424398,0.565139444251215,-2.4913450035082,-0.105008935504996,-0.237366542881452,-3.78539121505492,-0.572883097418833,-0.107954812401938,-0.686361068089541
-0.727336827073506,0.062463655345924,6.17824933203751,0.344869690762814,-0.175198331031801,-0.300838993776373,-0.146465442874858,0.820250443051458,-3.12832081121583,1.34251211786379,0.161926150863744,-1.98182856516038
-1.53371031606922,-3.4915831004213,9.28975616505943,-0.107569858524594,-0.113547410634017,-0.421655593097135,0.0587774803925433,0.032632398579,-2.8172573980341,1.23759059685813,0.948296936777009,-4.11610126145549
-0.496437816715643,0.749090901735952,-9.5184691480729,1.14858612422226,-0.100290550685395,3.95866879631324,0.256721929556068,0.359160843114429,3.17587896249928,-1.24992511303563,-0.228107436073481,2.20223218454409
-2.36318209436509,-1.11549624494987,-11.837308531985,1.37672498894866,0.508643256160167,3.30660837502143,0.619060977466621,0.517466684308891,3.3402995328129,-0.560427803289275,0.817725034829914,4.37236795998371
1.31638269294573,-0.697356554098395,-2.50785066169861,-0.0904940552152948,-0.126888318827185,1.04686932683277,0.826699451370835,-0.0357086711604347,0.296932117285268,-0.295659601474746,0.0338375846813972,-0.926872475467721
1.0151117013473,-0.81307412365893,-5.49906630584359,-1.13882857904218,0.829876417042786,2.89111468679179,1.11204999179039,1.19620721661394,2.07803661783334,0.542891324437773,0.0330361550988471,2.36459430826284
0.0259152818013624,4.6757394036307,5.21648931339107,0.273708471491737,-0.328584595696059,-3.7024352206786,-0.0397135027325464,-0.212516641399282,1.14253182185118,0.0415322083028157,-1.4302504673965,-0.917771769037718
-0.343775870422815,1.29406031275827,-1.59030546993839,-0.0904569378872656,-0.0429531767106816,0.0636517086399886,0.0303583562002583,-0.0611499563188363,1.45450530434533,0.68581347527807,-0.284526755364321,-0.4471050311345
-0.460723600850906,-0.791746398565121,-8.53526703815367,-0.574273524356367,1.25922673800243,2.93947825778002,0.131202584646627,-0.0593553466495249,2.63316541736458,0.299872353540726,-0.0305446604458243,1.89993939534206
1.69625926156994,2.24300296184451,-8.76926762703286,-0.12052655468224,-0.140387718944473,2.9374744271876,0.670402487081832,0.2412028710158,1.62723673082912,0.350842144584003,-0.0122265721354275,3.19528987998146
-3.3180660469238,-2.66930977025272,-10.7057985148941,1.50041423469432,-0.158900633666279,2.95513945651186,1.16601818059481,0.86916969250153,3.32180497622838,-0.350329381800631,0.77759994328856,3.33903917221033
-0.772704636060568,-0.986301649949872,-6.05648383668452,0.0979427925214152,0.366250276556831,1.72676781152185,-0.0987626481786645,0.14913876044841,1.97309520908857,-0.29726294078615,-0.237866939365122,0.472070598021594
-0.899800620326251,2.04610797524864,-10.6271707696822,-0.0899480354253884,0.0883422920991073,2.51057184606568,-0.108159166879212,-0.148200114977192,3.4652415044205,-0.342753054331716,-1.46787675697412,3.04078281688162
-1.51611155465782,1.30581706028444,7.41106514448795,0.177655111256287,-0.0806066596782693,1.84434606902661,1.78922415008611,1.14720290219071,-2.19164643027037,-0.285942836159106,-0.437285363691605,-3.6840673519841
-0.0687767874276879,2.18455642946493,0.401670568808989,-0.0346571723548619,0.20724317725804,0.142549839629803,-0.0360869285032954,0.016241827018612,-1.39980458910261,-1.39159215674464,-2.30006298941155,-0.00322652941894698
0.255064610421384,-1.79918132846202,0.395191090235672,-0.0132670343830554,0.643746797554796,-0.403981777507197,0.183634607143408,-0.413299220174388,0.680594148338163,0.0559252488183913,0.0262142704917093,0.450009887085552
1.73635063341863,-0.366522315213778,7.87661480280732,-0.314510285716716,0.921441432165725,-4.56632996133637,-0.225593912278387,-0.913165345027423,1.4164939134235,-1.74529537446405,-1.35927094750434,-3.53361403247132
0.832135986576137,-0.578081117201505,7.38836547527328,-0.950342747673575,-0.454984980769041,-1.01662654083294,-0.775845619130025,0.717292220338153,-3.44068366439417,0.337324955259749,-0.221800492940082,-2.7427251161906
0.193961774055809,0.0111341912837117,7.96707656830344,-0.340141040643978,0.0482368560766366,-1.41728753499567,-0.0515762979084033,0.144794730883814,-1.24351658681518,0.191999219622222,0.79223017448195,-3.1089947034011
-1.44168659876336,0.196060856039784,11.1820934709283,0.083274082044075,-1.03587340330747,-3.10349384489097,-0.048676765284455,0.0851581750535989,-3.00041934340789,1.21208835116126,0.0605161326445014,-4.301074954626
0.0127278230556173,-1.40820101925548,-4.52977647540429,-1.31999199193681,0.372903022531493,3.41990482736532,0.0652465991120939,-0.372134737361868,-0.22427572211764,0.753799527366784,1.30536163150184,2.64399467721803
-0.0774701274465374,0.588687672791067,5.13184008678688,-0.225896801695424,-0.123183023875153,-3.59005257604084,0.194499055134359,-0.211871316882732,2.26023558824079,0.391743452332898,0.282896423870705,-2.98449949219037
-0.2258475687714,-0.0576421084373313,-4.19507416079242,-0.523978646733158,0.259772304524984,1.00677494209194,-0.129459164760601,0.314721646951903,2.60942042566425,0.461678192682255,0.0340353007597464,1.06301551304301
1.27242695868238,0.264274252428284,-2.89551287510611,0.502419861646087,0.384747230256102,1.65257180249814,-0.77222148391271,-0.186522797017446,-0.221240539458527,-0.898003855839746,0.428383159599653,1.48289169204785
0.152886039956476,-0.802558703030425,7.95287325312728,-0.472118847746909,-0.461177475248164,-1.41048528795209,0.0690901873562104,0.724899549236057,-2.00398145990584,0.0301631854307588,0.188007364820432,-4.02679655517481
1.11668852472981,-1.04844038826421,-8.81431828687208,-0.439875187622059,0.0100049167434498,3.95398562417771,-0.525019554043975,-0.0637454429359631,2.63409419139317,0.759025146691931,-0.879962745285418,4.01230702171231
1.94221749259762,2.44092310267269,2.06818155328224,0.553176766274701,0.0032267515599094,1.03738284530288,1.30446791629158,-0.400079593483359,-1.5642493225152,-2.18155183828458,-2.39955505388425,-2.43110390360382
1.90521319562691,1.44706839785266,-7.86261452537283,-0.0468962163916917,-0.054047398580783,3.89606703885569,-0.416687065251445,1.16901836661608,3.56443673641977,-0.680850186023593,-0.816547913365094,2.7330947775394
-2.80158090444835,-1.80068104677633,9.32636837791506,0.0447204118210498,0.558552164607984,-1.51036923245451,0.247413379760715,0.456521450241176,-2.5402799917936,-0.0680600115014988,-1.37769363347082,-3.80482043793567
-2.11357296758639,4.62990431024562,3.27401938961247,0.737711761009059,-0.10003205620755,1.41879945961728,0.770089406601755,1.19691498558466,-2.34641217801623,-0.0570853907568645,-0.0716940595081166,1.07706529929566
3.06490803401408,-2.65722613123025,11.4041607641812,-1.47716781849657,1.79306866821647,-3.21065690647416,-0.881050106109343,1.15678339937741,-3.95990693675031,-0.868648611274308,-0.441310198299692,-2.87155630016233
-0.0501900283181091,-1.52634297787646,2.64976078178116,0.0418639332024525,0.189413425561045,0.77042419127449,0.60900538648332,0.482359213138546,-2.62707407973756,1.17728579442366,1.92559250498074,-0.491331973174405
1.73350406787886,2.23681156362068,-5.08806268999931,0.120285004492365,0.00391607623629277,-0.704945613084958,0.134062260072933,-1.18162070063984,2.71622949246324,-0.918262905154907,-1.30318670886462,1.73998001447703
-0.299834788610134,0.516376906234369,8.7517824936574,-0.407529842263473,-0.276969155662798,-4.113270069597,0.12360289666269,-0.137275118501219,-1.45380152789561,-0.214409968576067,-0.357922227418451,-2.42550317295887
-1.94733600980698,2.37261925662252,-7.66018992044519,1.24398961213033,-2.107123808206,2.87385184016398,0.357140737965416,-0.218951932128745,2.91325180504867,-0.0805659765033364,-0.114629294643097,3.77781991697813
0.309542660943898,0.619052097516944,-8.78636351701643,0.391128191929763,-0.0689688652580518,3.14365584336631,-0.697476595351538,-0.687484703233138,3.48834956540548,0.0872164750829993,-0.465606636720439,1.15395731791007
1.20046286847049,0.946242744049527,7.01367953022069,0.221507651850737,0.481735043974521,-1.79901417063996,-0.0868232669200199,-0.804705256332963,-3.29175381487561,-0.0932808012374266,0.297563117707711,-3.00307891102961
-1.08093416835165,-3.95057657383055,-9.38151764208286,0.352808938963321,-0.265078743664864,1.7412332123597,-0.212096193593932,0.429606649035795,3.02829362368772,-1.39687459004231,1.32943799467881,2.21758210091666
3.6997446610939,-2.47506187757686,-4.53141189319324,-0.151621955875005,0.454499931675071,-0.258201270213258,-0.238524404788068,0.300032412024275,0.808588946913895,-0.931353048313884,0.829825017869248,2.2503599487972
-2.38508583055414,2.88256026841232,12.0322894744551,0.240314661147014,0.0725212083889659,-3.05464688458155,-0.276067215378855,0.263314148409213,-1.87630729526057,-0.433943336514274,-0.434044499593311,-3.79137013778645
2.22118641583902,-0.562782281600662,8.47592863823704,-0.37138159455948,-0.316215277978733,-2.78256603510772,-0.542208531958965,0.0047107538238521,-3.5678032922981,0.748099131542454,-0.947080534403664,-3.81206853984514
-0.23540202983332,0.807134168339831,3.43455799040818,0.242452188545635,-0.0643912423844793,0.1167739709619,-0.412774397193243,0.464827239848007,-1.25808191457607,0.0291082883685324,-0.847618805037681,-2.09716749749335
0.0991866286170491,0.755167829391648,4.04987916516899,0.509909830557637,-0.360895200142295,-2.95767803670944,0.255883864012696,-0.139146366646908,0.242046870459044,-0.371970900255719,-0.115092655010119,-2.28128690936689
-1.55683425265242,1.82395232320604,1.9819399791744,-0.0103937862024358,-0.0493021075204568,0.0229463181929044,0.364030272269148,-1.41613900070324,-3.93407742097983,0.197436306727354,-0.463847673327817,2.91811943260377
2.15488198873346,-0.475610473452969,-2.40083900390697,-0.0525127307317036,-0.200750794442539,2.48494763245924,-0.30832632009793,0.514795748569303,0.056705119184048,-2.23697466794052,1.54677305447832,0.730366646726584
-1.0177426104576,1.95865747034042,-6.69770372585694,-0.113625036248963,-0.00121620139612516,1.4120566155275,1.36239314074303,-1.16530817393991,4.44571254852573,-0.00303453176785822,0.157571865879968,2.75282867435364
-0.969898986655886,2.94036227097713,-7.39660075537022,0.207640717749075,-0.00704808370526495,3.98423782097705,-0.0917247769053189,-0.596311792393748,2.02232191509952,-1.06350610762987,-0.0608367674955276,4.13768471891173
-0.49678651534098,-0.765345035296227,-9.75572605362789,-0.801815811818243,0.573024170677476,3.68977684954524,0.556788083331308,0.564133372876736,1.77064192099223,0.310815959888859,0.247258079008855,3.77975722208986
1.01618314781707,1.72506962865386,9.85326231821783,-0.388836263567018,0.337965250110986,-2.16164213534414,0.0162353943120183,-0.550146774044611,-3.82415152698771,-0.577947437750612,1.13268978353466,-3.52050706466141
0.31945525654273,-2.26689365936063,-4.17576360415063,-0.430320716344205,0.149082675623132,0.228053616258997,0.387649042665176,-0.0829973675350554,0.111466853060342,-1.89575121166284,1.81060117176931,2.83982709220022
1.78711538222428,-5.77328463792845,-1.60760275455514,0.0722005724346778,0.00942367099175376,1.2811138218074,0.441645514261756,0.0494877053090167,-0.609977415623111,-2.38568607581367,2.22900299581533,3.41979001253198
-1.86010505319871,1.17353115899357,4.14800964804954,-0.381727404012682,-0.389524695970042,-0.470732431285993,0.5655389393497,0.563339567589847,-3.2299048467919,-0.04217688318036,-0.00417580068041343,0.632762833334998
0.990280152782094,0.0498011361396703,6.76883305335401,0.436231088535357,0.0907745305512769,-2.29628418848477,-0.570706580358736,-0.157363041435553,-2.08520803540507,-0.154610066722094,0.181082464538906,-1.4996904732554
-0.787645405210921,-1.78493176750844,2.7576378343996,0.107399738184012,0.610605768592907,-0.338394997829105,-0.00537240760771923,-0.0511700961287146,-0.652514464142652,-0.700943840645521,-1.09729454906169,-1.64797708004241
-0.717027793837075,0.715282087600089,-1.61857411863077,-0.214568176862008,-0.0542174096925458,-1.25199161401327,-0.161884436911677,-0.0439518533211362,-1.61882056460265,-1.42327061855306,0.134434501099742,0.790176382880401
-0.485152663734672,0.202766331089589,1.57519594229226,0.0695371311450049,0.342684732970117,2.24647976499671,0.075393614115964,-0.192509974034308,-0.228039645794104,1.32245754508011,0.617405118783101,-0.9408416139642
0.413151978247423,-0.626137135355486,4.47491083111452,0.458434268601221,0.107677356801734,-1.64909128903004,-0.235981464187025,0.300056490745005,-2.77518551152879,0.541310863299965,-0.501349540862083,-1.41586330714622
0.908834407018988,-0.148929602771797,0.0516275709102223,0.154226024191219,-0.0411994866448957,-2.26509284026978,-0.154732082396499,0.122556160323926,1.0965796765896,0.0930332399284062,-0.140176143067929,0.0101209962006735
-0.62254114011022,2.66175957018003,-4.32537619261189,0.557624496089739,0.244626208109747,1.85477811378697,-0.406030857518283,-0.601473437423378,1.62987219493956,-0.189605982719602,0.226699439245192,1.59641080524959
-0.308169844954629,0.895048670120108,-1.98256051281377,-0.0331671746037215,-0.0718247205881512,-1.82587398387717,0.544805191803702,0.281018759017675,-2.32693297533877,-0.0147727392227903,-0.618868697495372,2.04741118127812
0.581528386275754,-0.581355103939122,-6.1821832490303,0.643588121367467,1.02718881471354,3.31494864346297,0.313855333456119,0.198577644575291,2.38714626699887,-0.313452788181126,0.0580562092994843,-0.812936457058858
-0.190434340132866,0.765011431921224,8.64911446781605,-0.277656764335514,-0.0494171579995671,-3.04562460734519,-0.210945599583844,-1.3350547998643,-2.69974495208814,0.438449249165419,-0.251249467185169,-2.2260861993087
2.80699743337673,-2.21977945680631,-6.01712127508474,-0.0155915459304709,-0.181430016226244,0.676382411404782,-1.21370207778068,-0.662468336463072,2.39059872739537,-1.25723611787086,0.717674826878675,2.55369041848932
-0.906479021208067,-3.94943284171903,-8.68962138182506,0.0246999711148594,-0.142953996660871,2.20797026287015,0.708359532690885,0.607814230466102,1.0740205969848,-1.19202189746301,1.32316001024866,2.53112339413207
1.5616370885221,-0.867231446537834,3.31608961915707,0.762450580589917,0.171367614707288,-0.986274226837772,-0.441582836240824,0.471730637976256,-1.75373389489223,-2.0995941228785,1.25114692836521,-1.703597060995
-1.12472400258938,0.303060185072316,-2.19221378724535,1.35817051355179,1.69567171088985,-2.76279079264083,0.19339652230657,-0.263393025516031,-0.155323508157756,0.178359441916513,-0.17154369635724,-3.43339272936471
-1.64685345524115,0.194602199778475,5.04030281638391,-0.333872035545937,-0.406140389673693,-2.34282346557657,0.301533598935227,-0.148212945282386,-1.08926342493204,0.546400723412139,-0.270367091087847,-0.239058844279012
0.399614770026952,0.391406951229893,-9.33045976251809,-0.509045966046302,-0.659130049418038,2.970148876027,0.264551862221086,0.611846110563014,1.66922709011902,-0.117962393419074,-0.0156322797819032,3.00025741757878
6.11145161843629,3.92003965787697,1.59492533504964,0.0427757032515938,0.0272629187650243,-0.894407715221652,-0.0922036910596024,-0.24059793637354,0.340845998925762,-0.0601068008459511,-0.48820893736174,-2.12996294383525
1.76184554970738,-1.82474216703978,-10.4769559993337,-0.0618561019801675,-0.828243579676089,2.68558132077603,0.529887842518592,0.24088066869548,2.34503357171796,-0.0172252583210446,0.281370729743762,4.20565930307215
-2.16585832463004,1.08526157017162,5.41907792740978,-0.0641382111501836,0.171475218633262,-2.11951007703101,-0.874154215718218,-0.530128023009669,-2.24303263820992,3.05623603691913,-0.161514469931262,-0.916064697460165
4.88455336752796,-1.67502437171073,-0.0394094302594468,-0.0630791183968694,0.112730436989899,0.500265105367774,-0.00131237577252048,0.309324869726948,2.53688465648999,-0.108577010161841,0.0653031585690509,-0.588305009000462
0.638028646278655,1.10869833427298,2.61292268644782,-0.341867966832727,-0.43319025405423,-2.22016447797549,-0.0708237128268646,-0.152879242727909,1.52971794401935,-0.657528827366232,0.96714483605941,-1.47518015158156
-0.102699720905962,2.03763155188255,-6.27049136531517,0.539961006674107,-0.050340389148103,1.15757894308838,-0.126507609057611,0.15150698924572,3.63519363116782,0.385214150528045,-0.424209643917003,2.50173888406559
0.829080604906497,-2.78647042445734,-1.06916239661805,-0.0996066499612095,0.241150129018255,-0.679736065266749,-0.919163030856775,1.10208437857748,-2.43909049331497,-2.10231191896011,1.11586175635507,2.90080936071888
-2.40461099065621,0.31958544373282,-6.4728352969301,-0.0893350115996617,-0.219023389479728,2.29663689629504,-0.00218916241318074,1.17318491645626,3.4041550140235,0.425230595491871,0.304738902882027,2.67469406147105
1.00029729233444,0.59001177505829,-3.94987131989624,-0.194083702386819,0.231307476124513,-2.50557263880345,0.625482293145699,-0.464951724421604,1.82636786196797,-1.48763445683724,-0.919322209267666,2.45965483054181
-1.57760352752713,0.712886522004588,5.99929496521273,1.70853486407792,1.70514416000062,-0.732710750629305,-0.0100962552159252,0.0859732291857454,0.512508146406253,-0.140486575683523,-0.233459017537445,-4.33788592357299
0.554975032179365,1.77593963661285,-5.61494420451801,-0.568016380841418,-0.4657377165236,0.567112890647379,0.620898515846643,0.782341586314875,1.69166222875612,-0.715349782880619,-0.757857190060185,3.0656116547245
-1.64142924104491,1.65756364264637,-7.33637306810005,0.210222963336824,0.228435428280706,0.649900779375126,0.335825473192447,0.0637215183418505,2.03218759343079,0.0936200281459475,0.326990090450566,4.17599409084086
-2.84423219404982,-3.76422303253837,-5.83010002425288,-0.244394312951941,-0.246417075293631,0.432574218262866,-0.43837940304143,-0.216099932409036,2.27780510208987,0.286883049946155,-0.0407706711240377,3.38494298629175
1.09959743561908,1.9485168463761,-5.49972879552452,-1.16455723913349,-0.644929318875976,1.74731584271211,-0.158485627147,0.130911294359698,1.09506077624462,1.24466772238342,-1.16463315317071,2.16528080474154
-4.16493912684012,0.0342757195834042,-7.50919305887139,2.26269026057277,0.20395705945014,4.14087894423027,-0.31765893629395,0.267892186092769,0.783238908942273,1.55923319194156,-0.602921798340955,2.68171424915535
-0.522575786096353,-0.673293909671883,5.98387986660953,-0.050806569610943,-0.636847577299536,-1.84774734963926,0.671896933064681,0.342560413033395,-0.0231211061078276,0.00856490012271831,0.238786221209569,-3.57053649960766
1.16620786326505,-0.581503697235587,2.8671307492699,0.0452004662866149,-0.83558068008332,-1.99970256799288,0.406545732516739,0.120850584333011,1.98528741519945,0.158460130930656,0.618894794773755,-3.43845053347408
2.73755189651662,0.00444218408059857,7.84695407576173,-2.78624996933479,-0.8549125613811,-0.77247351444112,0.165274624969826,0.396701256037808,-1.88901758274502,0.612948982984706,0.331908931085185,-3.66960635784719
-0.972917887133177,-3.31721694680829,7.13524929528726,-0.164405426808277,0.566958195804607,-2.59322269552076,0.0917095685534672,-1.61823885245538,-5.8120566507867,0.529303157802529,0.817528707819533,0.91669943861477
-0.375862991945106,0.873253327951374,6.67564804854174,0.787061588178056,-0.0148290169883486,-0.926096162492206,-0.066193900153083,-0.0630512762708278,0.922347018928453,0.0303143080580053,0.550902819287504,-3.58858427633629
-2.2128620767581,0.139314958349316,6.57287846333575,0.647143074808977,-0.331174223238018,-0.924573757378943,0.0968693807547977,0.916522941931577,-3.50478406433608,-1.08832518522935,-0.737921638347807,-3.03229319555833
-2.34183579205852,5.76125140934667,-7.03316059833788,0.166516799794173,-0.362352950896317,0.7115120945524,0.2211612242944,-0.612900354205067,2.10092917985949,-0.0478025276256349,-2.03270598589507,4.03812506193354
4.67934497832262,1.43653437596369,-0.927003226955701,-0.406371361406964,-0.227684996580803,1.80027133222068,-0.178528896974171,0.479999627073404,2.68049558311523,0.655592522009689,0.254418606584586,1.92280488235109
-1.18028570350407,1.89098292050787,12.3189779430688,0.725106806084864,-0.0941677488756355,-3.81213592283615,1.00518253410622,-1.23250294138683,-3.21249345210418,-0.0793414114760416,-0.413932365771625,-3.33980152489971
2.09611161952752,2.64540690163999,-5.3661875445731,0.0191602140991865,-0.39048814104692,2.93009966048603,-0.815017236939441,-0.105970173781105,2.01748602050405,-0.276510744916723,-0.568732782288124,0.359000971955947
0.913960523147409,-0.764956018881674,9.03210933800474,-0.25349364460942,-0.541440266096757,-3.04946417161782,-0.101110038450877,0.267200144879691,-5.69891290792724,-0.942264097200503,-1.24042993870896,-1.71331086429728
1.08668025590654,-0.766735378035874,6.34459160910842,-1.7822865993945,-0.239612896401902,0.378928401104487,0.0825640127292522,-0.0502723866959289,-3.56055433429502,0.12444364501439,0.172063980391465,-2.89099048889234
-2.30810531892284,-2.31961065650772,6.38055394736506,-0.500240778388305,1.98178412425338,-0.342236255402904,0.147091526421667,0.705029329996814,-3.43276282642912,-0.0638839852788346,-0.222951915660345,-2.78695391819487
-1.48933374657218,-2.78403479700289,-3.93810513619387,0.253388035950347,0.0250396797489222,1.03458936046553,0.979763248786207,0.869853716263057,3.92713025078729,-0.103757140483449,-0.283367499455562,-0.150806243348842
3.73521230652272,-1.24155118642103,2.20167582923342,-0.102246033859877,0.247262136177336,1.67943564284883,-0.545903078111845,0.8468386193345,-0.854553681425743,-1.1798707291033,-0.147518703816422,-4.0660535943924
2.81038008244729,4.00611729354571,2.88727845002805,0.20241323314463,0.0842996340909865,0.768327983233276,-2.15877500324453,0.707137027070897,-3.21947401714466,-0.7713042923853,-0.670358409653477,-1.18794878945271
1.75557469301446,1.10683155066135,-5.85485078060393,0.25215605617623,-0.196656516836587,0.617582865484534,-0.396746741378351,-0.465074857327179,3.77822493721973,-0.0203594723831,0.570441558943525,1.47168265775191
-0.419743010190772,2.31417706565475,3.12906070469375,-0.0692596155247353,0.000241287501097801,0.327601543980658,0.40591238726863,-1.69232235082084,-2.85260958573752,-0.278358314813098,-0.361083018151951,-1.34534587593514
-0.362691543319278,-0.0534422656534844,10.0547255982303,0.319698992333869,-0.550826398037373,-2.74861029484564,0.346958332464798,0.154621526522932,-3.03593303418536,-0.157745724824901,-0.0584399589688194,-2.25152971260865
-2.63267382657281,-1.00647306234818,6.60572694038339,0.376039599674642,0.311647309528799,-3.34492741919332,0.727616230569336,-0.426277449541714,-1.7373778755641,1.91173414308277,0.404471531384253,-1.6958441846738
0.842335840817547,0.501888463560686,7.22634882685492,-1.04641300798629,-0.87959240447314,-2.16021043763577,-0.969630405432177,-0.228169379534342,-1.05298843984305,0.0165374592629276,-0.0375938898228191,-3.06729059584398
2.05009197374819,0.72909415398261,8.9225374252128,-0.193439197622615,0.532016280017613,-1.94592485177324,0.257376246686878,-0.334051082349348,-2.80772180239794,-0.521453901343812,0.17101509845815,-2.5717309846906
0.432087275040022,-1.36025871502643,-4.8626856484771,0.175847368590369,-0.451044743305257,-0.611778817478471,-0.219696696779669,-0.144472637460367,2.51120297453261,-0.39658577384998,0.935119415738387,3.88383156677544
-0.403046715705768,-2.17244139938276,5.68615713860782,0.38012037757756,0.0787542362159483,-0.544491293435731,-1.2616787150824,0.969509587579469,-3.33536010388326,0.67156127108538,-0.118055808865465,-2.14642749496443
1.65074111900762,0.518685790504083,2.19424633238058,-0.352855208437053,-0.231592732257706,0.154565982715373,0.474392839609443,-0.0773253796221195,0.291924992786922,-0.428643354479192,-0.73212454977653,-1.5095367139199
0.0390898595124189,-1.67799307091401,8.18008184705155,0.0826067464485024,1.57741114546556,-2.20273769703677,-0.0306983924987591,-0.603235418065443,-3.3988989302964,0.448137129883906,0.51942693934142,-3.96147903299343
0.666158098113912,-1.96275604423725,-4.36069351412545,0.0188049398510819,0.430072065844437,0.741776693399207,-0.081226096879108,-0.164233655751921,2.97791234310908,0.238678065707346,0.706630623115216,0.987605339638071
0.389128425381179,-1.295353179461,-4.97080217098562,-0.230743796741937,0.416358364585383,2.48038779967598,0.0589360701752216,0.13087221780232,-0.460760450658239,0.45105879855575,0.646912807485646,5.12955554941517
-3.64150508041471,4.12074758930824,2.82868250677827,0.505584258875684,-0.363833808371449,-4.07843157766621,-0.300680648275257,-0.0255074132038175,1.54615503908521,1.40045693270922,-0.428657607314248,-1.0190353185068
-2.33743288863444,0.568704645766535,2.21605264248829,0.538316622806446,0.0441270875912943,0.509539503508017,1.7520199890878,-0.155777601757263,-3.00111752272076,-0.707466603191495,0.20268175214371,0.292392201576731
0.585757377082265,-2.27118747060218,-10.1193791349561,-1.71864357285592,0.697960307926648,2.23400703249019,-0.870402590747318,0.46391715789449,4.06493112468342,1.3968432399713,-0.751574943290716,2.12282026653146
-2.68955819513242,3.29474798991182,6.94570299943065,1.58605999841233,-0.508921926546627,-1.77455908508953,0.241939032099059,-0.129782571486018,-0.317489928592008,0.0920256594773912,-0.022966211359565,-3.02578502078691
1.38679190895363,-2.77582491872038,5.02378599942175,0.45428531161736,-0.755578582288153,-3.63853747381963,0.0548168023114565,0.504158254885144,-3.75986645805379,0.427053479067866,-0.0554767500775223,-0.461014944580875
-2.04045431498525,1.79163973805355,-8.78849346632799,-0.0773390764654985,-0.0208412229225935,-1.46158497019915,1.52660697811076,0.432034572710815,5.1589236116276,-0.0222179028658025,-0.338273812270779,1.23104919121517
-0.198693307660316,0.429693568638954,7.18221925683809,-2.35178650390607,-0.889420260264894,-4.06396022596397,-0.0327971599970412,-0.166663772315649,-0.190904200527362,1.1409465860849,-0.701878482734159,-3.23742504269641
0.600323895046032,-0.920911870574305,-6.15499146481511,-0.13512816241513,-0.426381194686516,0.989017726519425,0.469688648799089,0.765454830235121,2.95327648395714,0.0626134502791304,-0.647142761895928,3.46876551469689
-2.01067630332258,-1.28086831720837,9.31040111828606,1.19967559218894,0.176555662012165,-3.22594468338598,0.682246408601092,0.245827437999533,-4.04285552651745,-1.02411263266528,-1.04511523349596,-0.831684591012509
0.641606372480097,-0.954895931448695,-9.86696921709443,0.016879703395053,0.952817288267721,3.50248506626415,-0.45640634469991,0.290431386191623,4.07814756652118,0.0514576519320754,0.676890702946053,2.30394129589354
-1.70587873113096,-0.234854453762096,6.55436563278619,0.289286087238422,-0.279907102233213,-1.06219841413673,-0.374947415193795,0.807757447416507,-1.75116607171533,0.357996728112874,-0.376817973822439,-3.51572905800143
1.99935991572357,1.18121355990662,5.56389825690494,0.208535877380276,0.564773370493488,-2.38027885321183,-0.606916539715473,0.234498222163651,-1.75946320790238,0.0416416599471153,0.0595868312202387,-0.735286880375402
-2.31784451917131,-0.252850938750214,-7.5388111895272,0.0365617097424776,-0.0435056162742474,0.868446534084716,0.148724726338048,0.502561865887423,2.88597949056017,1.25089446647109,-0.400716903214314,3.00018975510711
-1.19658670929643,1.102061447942,-10.0432207803268,0.823426763385142,0.504396741461976,2.85076450688821,-1.00535332072233,0.703695947831514,3.03417031634972,-0.23059448314654,-1.21220194210234,5.02347228499599
0.110583560825748,-2.6261072955893,5.60388900596045,-1.04064782551637,1.13591312150568,-3.7130108943868,-0.160144109646801,0.274438037318815,1.50690380321577,0.814107134021411,1.39214083293969,-4.23147560313929
2.39846166230562,-3.32096020397868,-3.8514520178234,0.905648547125325,-0.651001422997118,0.432124784757044,-0.229313417919586,0.426798463033189,1.71131198300435,0.551518434270969,1.43024735361492,0.868394509888997
2.63219815450249,2.06999662652287,-3.35811691726977,0.450100560430446,-0.35157552480052,1.79419540411002,-2.21307514266774,0.182713654642945,-1.17045841672282,0.191710778672199,0.278086067332521,1.94532879954872
1.25251412871766,2.74234497847421,-5.67497609882955,-0.00332071876739615,0.0348385343141877,3.43713231637943,-0.123445192469176,-0.71520094932267,1.1744005846708,-0.427349999886251,-1.13017842157917,1.69523953149331
3.73306722503466,-0.694544710657864,7.30651029095672,-0.493531351431191,0.076669215491454,0.930464249998945,0.995477207036771,-0.378469789989361,-3.88855302465803,-0.283189007006588,-1.45416279746828,-3.2361424792798
0.304418636723499,0.517492454508414,-8.5033740108752,-0.869255095119809,0.865643855086729,2.44715014601764,0.562005866469506,0.525182751039118,3.62270013894765,-1.85314175142896,-1.90320536723918,3.81230943185616
3.12133489325596,-1.65782078345272,3.20117803133331,0.130298649727927,-0.249702943363316,-1.03707770322506,-0.103149741717666,-0.644493439807359,-0.270331971207478,-0.540130311081048,1.27186514598755,-2.09387127012175
2.19557781122937,-3.38424277942008,-9.52610922663886,-1.31302636156476,1.61660185287386,3.25496796220013,-0.62480295456773,-0.145848861396388,-0.44090017084097,0.574525815017363,1.13990065343399,5.62441802425261
2.08447937209952,-0.265994113523183,2.77214914862863,-0.179868469830264,-0.0830696694154129,-0.62599713002109,0.0442326598156111,-0.120037329370808,-1.80700588832026,-1.2096265916432,1.37416361088567,-0.2111759307977
-1.02057902329735,-2.70130501104554,6.36338785830597,-0.293505287602765,-0.0730089767955145,-2.12836547401597,0.530730413311108,0.96277021848236,-1.38379619401118,-0.0404792493961173,-0.125693658904956,-3.07510023859815
-0.881747892388067,-2.05728529477708,-2.70468692423079,-0.0546188334758493,1.56792696173052,4.63387918929579,0.233916678517075,-0.211273387209457,0.35603647847229,-0.180009782156687,-0.11278807080509,-3.4807712655196
4.46621210309886,0.0890597131420369,10.6591866441957,-1.5072030074633,-0.783040474388631,-3.46174741385471,0.136238944426533,0.467368040607597,-3.33733310978254,-0.257829797387117,0.805118181024988,-2.1007559556728
-3.73632058033372,-1.29826255722884,0.281458324604639,-0.239702201175909,0.209773862064025,-1.09365190203056,-0.0271260050912124,0.128090072655125,1.77445064724348,0.159632353529933,0.00695053118024329,-3.59419868065459
-1.02492333777177,6.94758011485204,-3.06702510076775,-0.813131773283819,-0.10301112883828,-0.694920033558574,-0.253718451310355,0.907511168718323,1.08676383229985,-0.0499278024332374,-0.512075035231583,2.15500438069178
-0.21914533968297,0.938858077848767,-10.2474148807926,0.841981145205526,-0.765317673748497,2.28728366146061,0.940477561428069,-0.416713010827155,4.54070708442205,-0.458237651221872,0.143087307234616,2.92601032808652
-0.411648785828585,2.03159814581604,-7.77732143776171,-0.625834659392555,-0.50448467871726,1.48902151912883,-0.125700396664592,-0.0961026966989791,2.1430272319756,0.622823056122086,-1.42321346226788,2.23292038001853
-1.61468509244567,0.166391525105414,8.24712536646376,0.0643490687883082,-0.0675281456154812,-1.46719846410104,0.205478334976936,-0.622924279384575,-2.72393587390454,0.101044100900842,0.196099639198535,-3.01893411158523
-2.16203663127265,-0.121451347450012,6.45522763940232,0.177112581869623,-0.724881079158559,-0.168463594665663,-0.119326840873591,-0.0997193162164122,-1.74828250717608,1.62936185615896,1.81165780853607,-4.60779915128572
-0.153273186261312,-1.51399193458543,-7.62942027128448,0.60032791925097,-0.675242994525645,2.90648943543473,-0.201155591013483,0.275891812724781,3.70240897196793,0.502654245231716,-0.474347855363829,0.500145494051527
-2.40150591030843,0.472446206686447,-10.5501632435188,1.03886868453469,0.985324079117065,3.64322520226,0.0296757654743905,-0.292370698289412,2.90442981683119,0.263993390044736,-2.24634808010387,2.65691987606017
-3.43978918950918,1.06772222607752,8.20601923013331,0.45665586704578,1.09020395453603,-2.5431045405627,0.402497301545416,-0.361320508741491,-2.42092292907079,1.68743559217503,-1.21615879407852,-5.30007181891826
-0.178242151400933,0.126341750917643,-1.2876263324435,0.032600567630346,-0.0577925189323449,0.605992432924768,-0.261028794845585,0.445268429600465,1.68389464397197,-0.212458786630191,-0.516612997847387,1.54349308960755
0.174146181572715,-0.185816801111654,1.51862984408924,-0.0048610700001965,1.20951171566768,-4.01830299811109,0.209379661652957,0.0762574215882147,2.75985909357754,-1.67306300823023,-1.50146201037807,-0.836697738266839
0.0805207203418873,-0.0212725463604149,-3.99979479655865,-0.0437405603834325,0.00576513007595699,-1.64529573528344,-0.121342550965815,-1.35847173154551,2.85668597999166,0.74322113917321,0.972622919012278,2.53707563852303
2.75998556489681,-0.615261431825368,5.88152881750328,-0.193254764241814,0.246850862043501,-3.12093908668881,-0.577898826051925,-0.16128771858913,-0.552476815946661,-1.82988661165511,1.62470092062308,-2.26877837083857
-0.705385256019462,-0.794726458043343,-1.44506481769958,0.226090720125846,1.17891560507619,0.285557085055171,0.358133700968667,0.287673679942577,0.601610114089935,-0.274053532363298,-1.18411972751387,-0.763280118768189
0.0635737531078019,2.02176363469302,-3.41895629520038,0.466299257926681,0.188992916464664,0.827126604468095,0.464164132273922,0.129721192097689,-0.834116030909792,-0.0795779277362768,-0.23703643932116,1.19983527039229
0.52324031919127,2.67583894563345,5.62925304011565,-0.0416795555739822,0.0374791546612431,-1.3625220814954,0.547655898373294,-0.658953875714042,-1.5917556625423,-0.0542652413056122,2.03968209995412,-2.39471822502815
-0.339109573550631,-0.131922468462996,-4.49649449038431,-1.10469207101728,-1.28487524059938,1.68340699884989,0.18198470176032,-0.113283660398816,0.747638997125841,1.08765777318821,0.587070457026995,3.70669543716007
1.86203327189251,2.20123726683919,5.36253831069186,-0.282660778786756,-0.847125799855925,-1.75939562937011,-0.646552241436379,-0.168559732399103,1.17986244773466,-0.0126488050601355,-0.537732111212806,-3.39316527730013
2.83142700160221,4.1601376428463,5.45308342988741,0.355083622521964,0.329213092421985,-2.42746190102801,-0.00164855218786714,0.303900837322224,-0.00845466812849334,-0.406911447268498,0.924674948817109,-1.66522446946301
0.926563176596331,-5.20380304062037,7.65800270963329,-0.13794936460893,-0.456341735672885,-0.314701145398508,0.589655731304434,0.351078556643521,-3.5127831535045,-1.80050676423792,0.399761626558828,-3.57384451971661
1.93746976459408,-0.0736227507622132,-9.63957421685646,-0.265809990228949,0.563779308553089,1.35818682480467,-0.0289371035269042,-0.650346977260986,3.35217739340478,-0.379645650176034,0.378503574704144,2.65862833048995
-1.45738398563962,-0.494258841758152,9.19195335369753,0.165632750507032,0.0034722715046398,-3.31067487613558,-0.343283136207918,0.0194476147820291,-4.55584760270357,-0.108435172392917,-0.00660454433838161,-2.64160507425542
-0.758446244852508,-0.096835295099385,-8.37486116242014,-0.0753572839805612,-0.348323859152619,0.415786665658456,1.10144508286224,0.247768628711088,3.81752152998459,-1.01335369729268,1.01785247735579,3.19730493084706
-1.58123581330057,0.950753452800483,1.11359382388152,-0.244429767913766,0.127300420849801,-2.42588321124144,0.831845441796472,-0.240562783663682,-2.42582567671234,-1.27245098233019,0.558602978926721,-1.77953289629317
1.70591189484993,0.152099280784867,-3.85303373906652,-0.193065875447472,-1.18613084887865,3.95504671904514,-0.0366295520186282,0.572070747049654,1.88669368405013,-1.15133642012677,0.316296221366542,3.30501452399728
1.12211681119569,0.547679812231816,-5.15324126315283,-1.29864430874307,0.239371428449573,2.68123627534832,0.173972035472409,-0.0282786426615542,0.681554731566656,0.453971390177872,0.331264077167332,2.78604307067707
0.619380200256223,3.54933331785244,-9.16764789841346,0.107000088084762,-0.424526874939582,0.805724408952202,0.381834355058555,-1.53313981059093,3.22307273435981,0.032265871903073,0.123516622102438,4.15332070098861
-1.10582391674881,4.16658002861729,-3.66548524669146,0.172755289790532,-0.523917982550684,1.93894362979594,0.0786477934573589,-0.487936821443996,-0.833292169008773,-0.223765050991373,-0.425841203159306,0.529636397399097
0.169659290802163,0.580668999922177,-0.476758946751539,0.221883170666911,-0.222446043377021,0.810010101962698,0.60208685314282,-0.222572688509222,2.82086755247265,-0.181065474842024,-0.0451801229536313,-3.10627492509923
3.47861616151757,-1.21538205839095,-1.34984591580541,-0.692869641401866,0.184419942454061,0.709864830272889,0.648186413050712,0.360636738465524,-0.86601229014416,-0.0213778106824993,0.100925262387516,2.74970840062525
-0.0277423111455652,1.30826064291512,-1.67084762274893,-0.127935557867077,0.129285378234413,0.95132686210235,0.613565576901323,0.818334981650661,0.251412221308962,0.102100854396671,-0.319312933119643,2.00152078215085
0.853902324509221,1.35678028791825,-0.974601603483426,-0.458412454429036,-0.508744539011247,-1.17069212062662,-1.11023207431063,-0.425104671279453,-1.25652049247911,-0.361014630687714,-0.08731103601744,0.497568561874518
0.404932994731268,-0.308896296531431,-5.2138874433786,-0.896837997447454,-0.994586232709854,3.60823331397183,0.367068903650546,0.595495939617027,3.66247551123221,-0.723810239256545,0.555207481400181,0.28631196623569
-1.81909965223723,2.78921583234909,3.75776531967174,-0.166318827135073,1.47665947787869,-1.84812954348829,-0.124617333268408,0.172938366598297,-0.78860409922108,0.417887367045362,-0.980407828773918,-3.77090928660844
0.979561614620288,0.656545847630998,-8.17472108138885,-0.253200833114961,0.60708583837446,2.5286620854888,-0.717161484733287,-0.10062861358858,1.84796103689483,-0.136800448782196,-0.0574146624428047,2.23666130171114
-1.56897475496074,1.80983036760879,-9.87863540148001,0.423683969389534,0.591203202645252,3.45445603074455,2.50478898012216,0.221570873508528,2.93782908872033,-0.572010274287661,-1.07082351246428,3.77545141180904
1.06066565607387,3.0254889640626,11.2055973863336,-0.148183580861899,0.174585029032267,-4.03842894353953,1.21079955860124,-2.27935372088035,-2.8533481812568,0.468846635444362,0.129253704336713,-2.40452996752105
-0.17419579695519,0.613613556681611,-11.1992704873653,0.468514655713214,-0.24615847782021,3.4184617478158,0.706543872332248,-0.134419484707817,2.55792798850677,-0.440752966543168,0.164953825045202,3.19164262394809
-2.07433088673023,-0.0202870146245556,6.85352544993703,-0.0950456511523848,-0.193129072783848,-2.35208593488739,-0.0983411349804507,1.070198942225,-3.60276353400787,0.969069384835,-0.65363595720487,-3.63645214513594
-0.806357284871956,-0.156989768374658,-3.55860204482243,-0.5955418683274,-0.0921409813500991,-1.06838395506054,0.177120272831083,0.556598971162533,2.24281311397258,2.45795627599983,-1.71233997767536,2.34839596232583
0.439985964226254,0.0192817103809901,-8.00174482500375,-0.0624695986698775,0.290286814887038,1.82160565295315,0.802049208481787,-0.762672086901542,3.60587061857652,-0.795103111321946,0.739609344055991,3.45791002992225
-3.02188028425598,0.91440772019065,5.62788645607608,0.224645623376001,0.513262689625406,-2.48885933360401,0.419342026349607,-0.39064607380371,0.0959197757320652,-0.0546680301654936,0.0169221485775234,-3.19696328813761
0.449259911698614,1.22201316091843,-6.67664025539253,0.365853103529618,0.823538500701998,2.04347684634454,0.409404642774408,-0.233747340143338,2.00665488810024,-0.59928174219298,-2.44711993167931,3.13587491270679
-0.0262672990692914,3.03976316657985,2.34922044000342,-0.558201925429295,-0.21884007910434,-1.18834887101863,-0.0933116442435376,0.179627437483734,0.384221901250875,-0.484886386032322,0.0882248105325697,-1.83168154925967
0.292107683302312,-1.18335988014409,-6.83536070679986,0.286803554969947,0.0867386098930327,3.73360795901094,0.738163114616793,-0.308015258923686,1.42179870102412,-0.0526468821501651,-0.0829996115609759,2.39823463432414
-0.690363611323936,1.14795054217884,-10.4568767747069,0.0568960862801346,0.934973997072062,1.44133834210976,-0.0983286127900472,0.161422937633691,3.34302219169106,0.580318716194945,-0.159475496486276,3.36228278794747
-3.63357089403089,0.363237789377928,-3.60454951227591,0.220730502441353,0.46147032947156,3.47874269980775,1.26010704210208,-0.508637887450686,0.904442811832521,0.152081358826517,-0.495974511633133,1.08803826610315
1.77331699769994,-0.819459302253182,-6.73917557764248,-0.91356218151543,0.409697597669454,3.68927185200948,-0.171006081896056,-0.160479197352796,-0.143606367387596,0.520173352637569,-1.48202881959699,3.75784925690914
-2.60718319968784,-0.978946134680175,7.40266579123579,0.51893325431583,-0.233671624902287,-3.73682627509017,-0.220125861257152,0.242699688276415,-3.57254791428648,1.27186709245778,1.03503618458257,-1.50056223750862
-0.532392625088657,-1.15731884904851,-7.6251592518531,-0.543820516213059,0.212135904527995,0.504141086773336,0.2554733189955,-0.197939549347774,1.49639020023008,2.01866700245056,1.05153483491943,2.33696717147576
-0.233834401003485,-1.19768252179208,5.40018388164081,-0.0447807775596473,-0.445845676058501,-1.94858958004972,-0.141871519343408,0.0700334571930403,-3.40784521804026,-0.469624003777749,1.16423635407391,0.489741674814604
-2.18983678738709,3.75350523699746,-1.47150866914099,0.239346229249199,0.489294048592149,-1.35943938472454,-0.386412722586724,-1.86403534757417,0.800238322630518,0.154148055683815,-0.412068701557169,0.882615648130697
-2.11781621067425,-1.08828104472516,2.22976699082765,0.657191118513061,-0.974948469851419,-0.687532128361063,0.917090352267872,0.313612736084511,-2.32018258725641,0.702619137020131,1.26664934768944,-0.808718867370944
3.5475286450341,5.74385305676896,5.2507910449838,-0.0276810270983758,0.269865591285723,-3.32935963138095,0.555604854235848,-1.34006115477291,-2.2148389501494,-0.245697122217304,-0.00396657454127614,-1.07298433077531
-1.27386540076956,0.510814721841821,-6.86335331684516,0.600136582578938,-0.0911845866318213,3.88647416938171,-0.04878148905804,0.261687853935324,2.47176927812454,0.0989321281551074,-0.553839348877156,-0.669789084849084
1.3903328715085,-0.355668459828721,-9.35170327354751,-0.033572636614853,0.169276577573308,4.79520217226409,0.0290470667619548,0.119998527237972,1.91431354527482,-0.256502980500329,0.902270244714765,0.520416431710368
1.3657154391001,-3.13240099719688,7.36414602463964,0.0457682073228026,-0.184464731936577,0.439675669961111,0.341326192482632,0.622861665417865,-3.88375745652824,-2.36185008700949,2.7161242601813,-2.16072520237044
-0.97369622879114,1.72969425298426,-5.59067165104055,1.36356030078332,-1.4364882359279,0.937967364412593,-0.0739594453815578,-1.20168773669473,0.189702944534703,0.174847327439618,0.199468084549691,2.64366172735646
1.2805444576019,1.19387780500802,1.71806135747889,0.0824304050408501,0.0672208970774563,1.29567520684992,0.0943051526525989,0.205799296986329,-2.88772122459141,-0.248590584044875,0.869279444696989,-1.7494072571292
-7.2015134774969,-1.51736404598149,-1.43483355809946,-0.195128686125753,0.102344664039205,1.3345376894721,0.500841237853962,0.318291810931599,0.727171574927905,0.904420810168814,-0.00943132035230373,-1.52291395796475
-0.17109886475871,-0.642326615424935,6.3472866902333,0.00687333756132493,-0.330845690908644,-1.63845493010511,0.239117074341045,0.480537889888589,-3.07741819825695,0.227296090932178,-0.0297703899679259,-1.08640135664516
0.392309073355075,1.62386038265287,-5.74606789321862,-0.119510625980524,-0.919835094057918,4.08558975813136,0.216656668460426,-0.418135075810362,1.73920388087562,-0.00222347923737094,0.59258843452158,1.00145906377128
2.43392504451254,-1.0959919214242,-10.637177837637,-0.0772265061305482,0.0744002889578104,4.92625769751788,-0.129576104362629,-0.396821384588305,3.2413407746187,0.106709074380519,-1.1716853618174,1.90736858397386
-0.00336655628494209,-0.805976936482685,-5.77861433533975,-0.820654077490925,0.547318742772151,3.0419021223264,-0.13254352811728,-0.519994132366531,-1.01580926876466,0.682034325555496,-1.01365026928077,3.67738224702098
-1.8440119329732,-0.928440155365092,4.77029601692354,-0.636133509073471,0.0798702903978422,-1.88319087592095,-0.351106282379717,0.285535585417993,-0.829638403371763,0.0651220362221287,-0.421043726675062,-1.36824986039332
-1.77724720668174,1.0864136793814,-9.49823078149075,0.174486747508083,-0.670592045563208,3.17236337903539,0.0963136630017686,0.450568639794444,2.89759101071049,1.22945680877395,-2.10668849538351,2.80337726985714
-1.24866361916935,-2.55169277035045,-0.748320279365875,0.176685105444348,0.19223926334637,-1.26874213052825,-0.51174965576827,0.160341025680583,1.0879216009803,1.14159906701468,0.374161396538252,-0.359598614848827
3.13749080529512,-3.012658329424,-3.96772747772426,-0.498280933114876,-0.178315005900233,1.28187807941951,-0.177245064418825,0.967168554055156,2.46321415319536,1.04251060493181,1.6816424286769,2.28145328072713
-1.39641033596701,-2.07236395694922,2.84386752228853,-0.378962183845716,0.0694193023828098,-2.27758928156656,-0.309241178254999,0.32845646477978,-3.23750975570073,0.427293798376439,0.335632490116089,2.90969133359872
-1.62558684946478,-1.06269193464733,-0.763219445713882,-0.0268840146301567,-0.232993863884945,0.479375136830431,0.979270648044554,-0.0946427685027565,0.436074878911985,-1.62665214459155,0.105592134361803,-0.163429963293647
1.26259617426734,1.71816939632149,-4.97308383813337,0.222825767044553,-0.274364684628094,-1.96659521001385,-1.22187355375954,-0.706853663780198,4.89409641477349,0.444057784903225,0.0956082662003241,2.10996814463762
1.28326924490075,-1.73346813189335,4.94815712547623,-0.325711333614353,0.177788136679228,0.301140101445266,-0.229676731057126,0.00788963396740249,-3.00760540288649,-1.9871223825301,-0.838635301024824,-3.12335684721776
2.05615994127927,-0.0225111359135564,6.4587842570594,-0.080275369802523,-0.707344337970955,1.04023591961832,0.584755385430272,-0.754635761942183,-0.711616634437252,-1.50164848295428,0.923447684115612,-5.55260112780019
2.5165180607028,-1.3930522630925,3.4132643953266,-0.0353652014783427,-0.17779848095329,2.48355409952187,0.637366258965721,0.114241592308751,-2.9784270763283,-0.432427838789172,2.01172252293404,-3.81115378186564
-1.42980047675167,-4.08751429405022,-11.2622970145574,0.201486076718868,-0.0593950057907054,3.96280571332318,-0.87763102944042,0.416569599718741,3.52620312743428,0.74346482707726,1.270699697546,2.68616507463608
2.17449456857404,-2.09780434986406,-1.42855590483482,-0.559976133021813,-0.0112936933627909,1.04144436260936,0.129668319034862,-0.570283552209299,0.290082215144849,1.06696771032232,0.00391793126063923,1.67652765975451
0.0727101129348611,0.803628240427707,1.38254813126645,0.190238289868024,0.0857513489044922,-2.47444124005535,0.251554471331658,-0.0209999474225616,0.824623011166342,-1.88168268417918,-0.781773899334909,0.12603197824719
1.59994615796032,0.477641903787814,7.56774153995263,-0.38099060725436,0.65140997906055,-3.57579643047854,-0.0128797127614852,0.271510820081372,-0.650347065453387,1.45883483689451,-0.565047691523146,-4.53891457259142
0.355048406123426,1.76231982539554,-6.51773407005272,1.06200443447379,-0.28579983152033,1.62911325047349,-0.262454622425493,0.558433400678331,2.56582165939506,0.297955158506145,-1.42606717665878,3.96932782604602
-1.70483249329871,3.01867633035796,0.339896692076751,0.838403644342996,-0.14764602848656,0.163049849147968,-0.0906220715766853,-0.822175653538513,0.226697444329667,-0.461825192772157,0.670337093970381,-0.553626305274695
-2.6412668328159,1.69242940353749,-3.69928707704785,0.162316503784582,0.293905686795191,1.94851489323298,0.833351744679039,-0.492449768490876,1.59012708184525,0.146340146653216,-0.720219837464562,0.789597477873928
-4.11067416291099,-5.07358008271358,6.09258314073397,0.122329559821044,0.317510794985896,-2.85949387268972,0.25851691033615,-0.776317276304681,-1.64822709289611,1.42310917625405,1.67041745751895,0.344084891014882
0.815371293943641,-0.696542741118757,-0.555195139622001,0.174642456689512,0.298497727527323,-1.93987498894866,0.419744759328332,1.11255314487797,0.916985552644348,-0.759378508514799,0.315563643326451,-1.21187356776431
4.3901223349809,0.867082830968779,8.51419840311793,0.00844993513423365,-0.0189544415446655,-3.33139376517461,-0.0465179659884106,0.80981920935604,-2.67025829644474,-1.73158971055584,-0.168724617229855,-0.885118411587793
2.85473496971929,-1.47191764395087,3.26514930422216,0.0443700437135909,-0.0016831928639602,0.816140589529781,-0.390936654681567,0.282021883655216,-1.08175332577456,-1.71894588877766,0.379227065170121,-1.45851056478979
-0.286775234532674,2.50246468292926,4.46747399497279,0.519379622822983,0.621516822811986,-3.14975012389365,0.248032026817458,-0.205290101108832,0.800695738934467,-0.0338531866662972,-0.777849826237188,-2.21429976965372
0.131015225829465,1.7359147800505,-7.2868136356474,0.27564862390327,-0.561809417495866,-0.738982683389895,-0.132208664251445,-0.43568569314633,3.57120275684584,0.24052581177998,-0.531251886771756,4.11493755029625
0.481033163967093,-0.47598567645584,-6.4399500797078,0.339890635707471,0.181489238560427,2.76574715495877,0.114863120660868,0.119728585789685,0.553859936241621,0.414026591787042,0.506143604751328,3.80311832399047
0.123964567406098,0.600000735869856,-2.15444822947011,0.050359004739056,-0.0559733005260574,-0.618804122394586,-0.191543030227215,-0.121049660746713,0.495088866890894,0.691647446883347,0.0204932462411187,0.975416343765889
0.427118755160473,0.960775864541762,6.50488700471892,0.0667336793452297,0.0469225010805917,-3.32238546200291,-0.0323656750744453,-0.133624947197498,-0.280701388692334,0.555549010692782,-0.0556324876975898,-0.786884985201129
-0.193111650389576,3.47606099164901,7.27341704069336,0.0771619811767556,0.116213329948899,-3.18881781814396,-0.33685414177487,-0.779965387741447,-0.87135783341655,0.715790646335856,-2.2055592350247,-2.79485099989031
1.92650407775161,0.670442122709099,6.94802864929986,-0.46572672989291,-0.810776110471598,-3.74999317060258,-0.386152722257389,0.579390226194433,-2.58424295918894,-0.00521397283031067,-0.80904713654343,1.14604414294286
-0.442212417638538,1.44914775574488,7.1329767942034,0.318687433269757,0.0292572478319557,-3.32436437336892,-1.00208036126113,0.442670697333587,-3.28371793004795,1.02264566389488,-0.284431194967488,-1.66647139146603
-2.03714730790238,0.888265414992673,4.85691535512396,-0.110176649514946,0.417362859241353,0.098043685399387,0.0765915924301998,0.0730289446287948,-2.54361196998738,-0.462373862494984,1.69456937976702,-2.99335661837696
3.14409650519707,-1.36177753207396,9.01144975471832,-0.80901729177914,-0.741857020003023,-1.29509819006481,-0.158294713961365,0.970056801397058,-2.53439079265935,0.350311684679241,-0.568800521945849,-3.66340370121741
0.802302319002722,-0.551345211751144,-0.365758175376566,0.298649123900426,0.419578516153743,0.968241068530421,-0.4387206479049,-0.315069962780379,3.65270424939911,-1.46936678328086,2.33325759277362,1.41850974296631
-2.59438085914256,-0.669421938662357,-6.82054352662319,-0.480220950981139,-0.0899404172146585,1.41497472625834,0.0550291069564447,-0.439737253053735,-0.718032990593717,1.49910750998397,-0.599244224849841,4.84996899473192
-0.269288394489298,0.148030498624959,7.0464031631463,0.0739063529581482,-0.167881325958998,-3.73774309473179,0.23126658507735,-0.0485112523045242,-1.56818536791799,-0.449203409124059,1.44339464841285,-1.68139710534143
2.55069415038799,-0.800635710501597,-7.1805888570774,-1.22568267292665,-1.39450510598349,2.00966006390501,-0.650297871658769,-0.13084496059444,2.99363833585189,0.298283142174422,1.67864367456269,2.11650985838768
0.0829210808885191,0.652646075199165,-5.71551229161512,-0.200543546767157,-0.213330107380871,-0.753951399791951,-0.0396711907617947,-0.121118184836297,3.81350111762333,0.0433204652826225,-0.772912122132255,2.07860695717988
0.00152609834035333,2.72716246139733,-7.66806356453716,-0.204040937245003,0.606244309894316,3.13762652437503,-1.96802415488954,-0.242847724683265,2.31901966194932,0.99762609351417,-1.69501391109635,0.324204829094065
-2.30525240707214,1.35949376146076,-6.50884688514253,0.129906964732365,-0.4685340925204,2.61697084068274,-0.394466336991363,-0.0528442867044629,2.05149021752389,0.636160089976025,0.113533981696386,1.54807753040963
2.27292401725038,0.895015764314531,6.32186316048045,-0.136120868863689,0.515957291526898,-3.43446877746043,0.239025716829303,0.0541339713678777,-0.86117039842802,0.18464902293249,0.0313207872233606,1.40075644993597
-1.85780032794935,1.84105193394497,-0.741540797738613,0.480201893288975,-0.00707520428376167,-2.06054404738487,0.0284042280414585,-0.0711946068300264,3.75019936100441,0.997631860902243,-1.25000729181705,-0.252506808913934
-0.185372380498404,-3.66305862503183,7.44728253132551,0.0141084165656029,0.781388251759967,-3.66425246783595,-0.501230815825498,0.284892067144911,-3.64768797861415,0.100261579345287,0.230782011386533,-0.151569499517137
-0.459771101628906,1.0589160610834,7.93029920021947,0.492829978825716,0.18707648171119,-2.82093390707548,-0.351258255618732,-1.53454385981067,-3.20056297348452,-1.29468487542841,0.458518429195295,-2.13210024674171
1.47282358577954,1.25668694559499,10.2409695260635,0.25302537671768,0.606853694935043,-4.3589618149963,-0.267768085605279,0.337933467190913,-2.83714875350864,-0.561277493125488,-0.593702007646468,-3.06361309096451
1.0873415242823,0.240136854601997,5.00583946032117,-0.761598066896032,-0.0717517765020314,0.900224385795616,-0.521788830809279,-0.00235206457128301,-2.24831607989429,-0.475268447596525,1.00369730321327,-3.39688607228399
-1.86132771742417,-0.162320295568567,-7.27944120013538,-0.296926552030384,0.156696634357439,2.95190497987984,-0.87698923425719,0.282600792300347,1.38995464201881,0.162511982216349,-0.163458107297346,2.45971058249867
2.33918383449555,-1.99283436523964,9.13215960136248,0.557907131819127,-0.273546270656947,-1.63487114198446,-1.31775641340292,1.59371771628829,-4.52027956116275,0.337585547455235,-0.0917594619243021,-3.36513737854302
-1.29103590490199,-1.78769237359192,-0.998045854644751,0.0151421095344678,0.102655737096041,2.57178139797371,-0.218900401777052,-0.275347858194286,-1.18529353458979,1.18599277370549,0.20318716866865,-1.13055975174222
2.54205582010284,0.764461900002284,5.51395825069473,-0.310838486758891,-1.07599012172145,-2.03935853032111,-0.814035029573031,0.0126360981587828,-2.23259036302344,-0.281085425070044,0.499988398700469,-0.147937199562457
0.343897127215647,4.44836774262637,9.24213804440543,-0.0187909209982623,-0.391282149891311,-3.06040972776564,0.030350304058702,0.117514013371503,-1.78699992410184,0.160344178796985,0.0858579561237889,-3.07253342016065
-3.95065216729958,-1.05502441032143,-4.52092263460097,0.503049365119836,0.243758916064047,-0.623230348202265,-0.283829037873295,0.189594283382231,1.16472457503399,1.70269025100676,-2.73534506654344,3.72210064006268
2.88207976868651,-1.20104348057766,1.45445390496279,-0.175578665482535,-0.235631780658483,0.27835144224561,-0.273193022912121,0.404249401715762,-1.9803741491385,0.490469031981146,-0.515896173629655,1.25804121570992
0.895439466224818,-1.19791258227424,5.23178345707679,-0.353979050222634,-0.183863197169032,-2.46965440730578,-0.195163732379805,-1.21949880988274,-3.00767432698647,-0.47605336380515,0.56726177855804,-1.71815536691239
0.0698266852680646,0.776707564716511,-6.14741102286866,0.0384716674273085,0.0535172974867501,3.25927098981414,0.636529361257318,0.348748457650323,1.12895160666367,-0.747872471938297,-0.608097373705784,1.10429466806734
3.20522951665577,-3.27063850796738,1.8027723282505,-1.08014375981992,0.462109509471191,-2.15887769139846,-0.368747723475165,-0.031574913498482,0.895461262554052,-1.43166096958349,1.6674608192947,-2.90725608664416
-1.55921939945537,-0.783701503663603,8.24405301039199,1.53195691893345,-0.443205552931887,-2.43979836929728,-0.795060159131114,0.245440846928974,-2.97702774582398,0.0438089552715492,0.0308183493295306,-3.11884651262348
-2.21531502439646,1.03562431366283,0.257866791773369,-0.290052370419147,0.285916679865645,0.133251561616414,-0.151347699130394,-0.122635798441044,-2.03383778714432,0.728188373367381,-2.22035414164666,0.527086103650953
-2.13869162743509,-1.61690345020982,-9.4529362895812,0.349118709333555,-0.190310014089608,3.32423523213196,0.454788682065138,0.0137293375670279,2.79409239772633,-0.0145984123430611,0.0320864364863383,2.65342929671995
-1.62263325644664,-0.182046213271885,7.55398752737243,0.154551705849953,0.129398348332988,-3.1914890714878,0.1401258106935,-0.0272898869748199,-0.377918537604916,0.0873612428034327,-0.825484647580604,-5.27478498464529
-2.6678024241397,4.63616402229413,3.82667448503652,1.07444064681682,-1.15507950353652,-2.93104603315543,0.397507858999164,0.459816430152964,-3.13199324727425,0.191541984495716,-0.00840264834448176,1.89383907435653
-0.829182685086575,-1.14992771002164,2.85287781914104,-0.0267179035874473,-0.111291300305151,-1.4084790265666,-0.460732346569894,0.449035324014825,-2.54433932935555,0.494074788650752,0.0480589292126184,1.17234449331072
-2.90124533326244,-0.541220852336851,4.61258467471237,0.11745552854916,0.100345529176337,1.44898788897536,0.892748633156753,-0.730493677318865,-4.12596514150354,0.89253768294076,-1.59904658376438,-1.75317731356634
3.38919640503016,2.70457031241177,3.57623861543061,-0.108852279968262,0.0268467468433767,-1.56076215161959,0.939419511925138,-0.243324181151643,-1.94603822243523,-2.93700611955116,0.0476183817010923,-2.52387206023854
1.31879348115113,-1.62477240637479,9.8208517596598,-1.15480288536572,-1.12430564876857,-3.35204128404185,-0.377863208307435,0.344982457173909,-3.87326937539179,-0.110687307023315,1.07750361620198,-1.9085677729008
1.43722949677756,1.43061772926129,2.27355545620106,0.0368415941881589,-0.0157933804301456,1.21743157556439,0.316999906610052,0.154283766294715,-2.644261578265,0.826419320070969,-1.72104054946581,0.23430113134474
0.786001762476377,-0.693211582536155,-6.85482326090399,-0.592100397822387,-0.0447370843733377,1.76118704367894,-0.080111688264097,0.426435009815973,0.763447638094612,-0.189755693947569,0.811359569403462,3.8486036778245
-1.25843572266502,-0.0587281501911156,-7.4796909005906,0.220620870508721,-0.379235784455403,3.03802870546442,0.858389364897175,0.303988988026702,2.75293319971865,0.247265876753435,0.136929131042586,2.2458136806052
-3.43583387099484,2.23280838092273,-7.61736119667844,-0.01440632241637,-1.17862716195065,2.25397951936566,-0.485342721027751,0.177255493613561,1.81409068372856,0.0646100744793047,0.701160251137778,1.70111440255453
-2.97570808439992,-0.204763230592075,7.91205108136631,-0.18302274866963,-0.466804570222454,-3.35848081524388,0.55658729637893,-0.662380945631566,-1.85251496139749,2.69612728689718,-0.0855825838769692,-1.83124742922074
-0.0643275562803213,-1.31845612529864,6.74986469790321,-0.449219581714503,0.258865328001117,-2.3489522473243,0.16942245671578,1.12357252879592,-3.35538857710476,0.0384749859001843,-0.16122027793041,0.36153166824357
-0.967806710291567,0.479215920512849,-11.2910421186405,0.543692192914825,-0.219380083896285,3.02569803335834,0.0323605233242113,0.135728788745381,3.13961546975543,0.681539310967718,-0.0114482824615007,5.207787602081
0.725416995231684,0.44685088480094,10.0462421598579,-0.225049006159336,-0.811684236866308,-3.71131419966196,0.277612654878007,-0.807913976557326,-4.44133420859445,-1.20624203413552,0.211085013182219,-1.81142209695261
1.49774784012247,3.00514313932476,-5.07980165144926,-0.00597574941218437,-0.169195718064686,1.44914611978688,-0.37180650705965,0.0316007550446087,2.58289193665087,1.71341531374243,-1.28253193139409,1.57055756515376
-0.101529454285769,-3.6579318049843,-7.66447866005576,-2.36915889423217,0.490099344974872,2.57069467169087,-0.234783346722187,0.324237207220459,3.29249637301975,1.48941281722394,1.01848305654939,0.940823731820515
-0.545810379878707,2.29679711435898,-2.59081423228616,-1.05837214595503,1.27856202503712,-0.703136103463794,0.101242170134171,-0.386280536052847,0.492392744786015,-0.0179190572217602,0.462923634827878,0.565444156539055
-2.28535121826403,-3.2193472822155,-10.1521652504231,-0.482368128287092,1.36635089621216,3.33597186873131,0.175238006469171,-0.439792522838287,2.91775891459892,1.40937863665565,0.42944780554537,1.69770407809357
-0.0552610836849763,3.4489600797307,-4.75388677619775,-1.13282659778044,-0.51738464048385,2.40743879461997,0.853083024384114,-0.200911952899982,2.27372949075526,0.635496819571609,-1.62438359524913,3.64883797743181
1.67154554625991,0.896967836192331,-1.12128724209533,0.0517380248533051,-0.0679776321340338,1.83009646070758,-0.395295321675265,0.13463506507828,2.70750077551091,-0.960290945067866,0.0367537166117203,-0.147882083169784
3.11972931030461,0.516446235165499,-6.22208767449336,-0.0551539432733021,-0.148725704276083,3.23110703954747,0.518528314228936,0.746682097476847,3.03330856800298,-1.80333269471371,-0.703847478085509,-0.369961198757425
-0.0105127906269463,2.38603856410641,8.02439490828917,0.0245532372964375,-1.31384503554275,-2.17172829195216,0.10443804272077,-0.0210070118694595,-0.782525198935247,-0.174411711752662,0.0814581371520732,-3.40107683447295
-1.58353699390328,0.795199539808368,3.25962527602162,0.728519022533208,-0.874521977699157,-1.1816547650736,-0.423139001597612,-0.0745882552111885,-1.44878462281713,-0.608464167770453,-0.728064272284864,0.405385616461792
-1.56018793677406,-5.91839653529753,-6.18299773619539,-0.0186962773883855,-0.149754321337208,2.28093384196173,-0.260149089712799,0.292435950817741,3.67026923604768,-0.141754674995009,0.674579949451546,1.22800752715695
-1.78031398359022,0.247519486959783,-2.38856007532482,-0.0336304553398779,0.478925815192305,-0.591562532610138,0.104681343219502,-0.0452477876677383,3.22623783325406,-0.827678394233512,-2.00785494867573,2.5295241452454
0.589304984996129,-2.29062099864969,-9.34590909840137,-0.0357640387132274,-0.186792710074623,2.65344245505027,0.386892214494868,-0.00039544409066944,0.380747028943272,0.293977549041411,0.0789632581893772,2.94365594078362
-0.959566293487721,0.882787964568016,8.98802423081286,-0.00408080423474128,-0.416818867112966,-1.90444035925286,0.688488635769786,-0.917682648884395,-4.74102920928875,-0.718952347844719,-0.19274918231582,-1.9815913969083
-1.27935254949976,-0.0141288936020696,1.7670767616744,-0.0460529724307092,0.23785799686306,-0.898976257757153,0.0989777069650812,0.515442821539819,1.02568854747593,0.205562934207035,-0.417113965440204,-1.04516804752384
-0.275052834421583,-1.1478946564654,-1.23191956748101,0.863244610248344,-0.453786524558025,0.0252705202637909,0.0775817272459634,0.32900743153458,-1.36647022647238,-0.584880607317114,-0.0350365279952084,-1.09647337961063
-2.52428637698625,2.68052243298903,-2.0282748626595,0.634840684519985,0.218415339265355,1.4638823495997,-0.198194504101541,0.017263540848258,0.150599339058368,1.00828722929597,-1.58792764690116,-4.79273691032017
0.475353611063805,1.90411541322616,-10.3038420263957,0.163338725063349,-0.110533173398992,3.55335076986326,-0.363748262441566,-0.189373290822329,4.32760697450509,-1.57317969794866,-0.0409131379915139,2.51773687290038
7.12770971413967,1.44311955250977,11.541784830005,0.0963571620553942,0.122199718354218,-3.11310603103545,-0.144574568555406,0.103849169298339,-2.46927438543492,-2.02654689274413,-1.12871977656143,-3.95863685088184
3.69526645919024,-2.04747128897553,-19.1291842319951,0.15699720988659,-0.0286650266705373,1.56797579836567,-0.355694088631772,-0.760300871443616,3.70035372845135,1.06596177337188,1.8947927215851,1.9792823919848
-0.269626182911842,0.922809798157909,-11.1758138062552,0.756723053569652,-0.545953081349657,4.50099150204914,0.0395837376080102,-0.00223227109007081,3.1884650324828,-0.146872007235328,0.181219736465015,3.88459264534392
1.16593489719726,-1.07629533024949,6.35320361709185,-0.319114425808994,-0.297676767320517,-0.730477347176385,1.74532541676169,-0.297729467038213,-2.46518595452665,-0.488638663879008,0.466223583140604,-3.83116635917607
-1.59601280590957,0.786219491049781,-7.98747075451448,-0.0428776018855406,-0.270271890131629,2.12538798512522,-0.0740908759309171,-0.116191726136889,3.41156760675156,1.95803615286182,0.568478567919836,1.73570267029174
-0.0741343401759895,0.853497173390561,-4.34918714902181,0.447021466432861,0.222369002780764,2.94042145044762,0.32972648315553,0.423317072857746,-0.898352117184276,-0.577391647782504,0.363455929224825,1.34742861257051
-0.553006398941167,-0.19025235258163,0.351846981303836,-0.375398593996188,-0.064945896927175,1.13855827024363,-0.23488043704485,-0.0911467289533904,-0.216372696108248,1.74917048796724,-0.0254370109032385,-1.43662834664956
-1.67424523643128,0.100331324904285,6.0235609870668,0.433694975176986,-1.4365283492392,-1.40974191409729,-0.276221357606583,-0.036905010410221,-2.06530166406614,3.14774304139782,0.106131715171851,-2.35807623462714
-0.961684021011744,-0.489915850709325,-8.92758584171993,0.188491447921726,0.113951399322914,2.480179129444,0.804810717825479,-0.565344667480641,2.36513699869371,-0.492269266643789,0.545417855553996,4.26634535023682
-0.69508051297571,0.0397289903122627,-6.07218511011162,0.33478748181086,0.488344557102903,1.35719112744683,0.0447395183738095,-0.332807501419611,0.322449019647976,-0.0237358141318925,0.00926948216389693,2.8178291711989
-0.32032509374307,-1.05316287403656,-1.58949053339427,0.390955021406196,0.350278464732821,1.93606819252828,-0.469683227221149,-0.718836285422069,0.39620146703217,-0.663477813102914,1.21026146038245,-0.3121146832195
-2.20906433835131,-0.958868410089858,-5.29875864887901,0.141053604496692,0.145138880686205,1.25869856604506,-0.368318362132007,0.294504843438112,2.3780816398095,1.72541839787472,0.71953544899815,0.253164590576071
0.137542021124623,0.0489886944712882,5.51004821966604,0.876085109466031,-1.30119158670657,-3.68471119847442,0.0439582985241556,0.405383294407262,-0.060786959230235,0.320056419458943,0.192384165307369,-3.47624779984704
-1.81377137236393,0.740543010557208,-7.37324371072292,0.548683145340283,-0.181431892948312,2.93037784500461,-0.157615030840396,0.335029749665565,3.3936348489496,0.0419181902735859,0.0554472214647341,1.84240464572764
-0.816184983474463,-2.09278615112986,4.40214844819559,0.0214535237355411,0.10217045614575,0.187771860058326,1.77249497005708,0.318795415254003,-2.91543354410175,-2.38886791933799,1.67631147040637,-2.13668039091461
0.0548857775522636,0.439870416719062,-8.90936611059207,0.116668294381971,-0.0516640310447932,3.73587460452332,-0.5774330529821,-0.30119628042178,2.56986097347848,0.29146733979871,0.0411389444682159,2.43659819435681
-0.0731780902330108,0.740761556042667,3.60476178007679,0.0418302091252389,0.143779025821614,-1.59392876650489,-0.700642137818415,0.116241536833559,-0.398167312182793,1.4105803254489,-1.77095960140355,-0.931699074058491
-0.497300010447727,0.32595013755701,7.6748723478724,-0.116788182787539,0.391670071334908,-2.38776707132261,0.593879861550132,-0.212058348665235,-4.35303254201051,0.233232781703738,0.218402664955499,-1.50719030662373
2.92821220361217,0.479761553995706,3.0611201872554,-1.17059196370575,-0.706418080943273,-0.437770379293653,-0.189916456476707,0.129319091619356,-2.83476687895858,-0.698564734083942,0.484068376318341,-0.602224530485851
0.887195190615446,-0.565728334757234,-7.24347082547398,0.302993354995523,-0.213890551470365,2.19401487941174,-0.256197306459313,0.196458945914944,3.19679845655322,-1.18487627512688,-0.0543902486965317,1.18751647529438
-0.894433418720985,-1.76923453986618,-10.08177758622,0.242562048393089,-0.481032871183349,3.59507949641462,-0.176263298890114,-0.0500304337530866,1.65189346447985,1.68583396626773,2.68020986859223,4.42798905428385
1.5490059300838,0.230726824016399,8.54777442542896,-0.00792512775975831,-0.130102766831184,-3.92876083332055,0.654322703549334,-0.0365484946590307,-0.826457265219149,-2.80403535793917,0.811759138478374,-2.66433179555776
-1.4701527931287,1.67427572446112,3.62652672607299,0.400968940462581,-0.38459539807765,-3.2975184231401,0.103122442916014,0.104740870760138,-2.14755183099455,0.297877526715325,0.344987449641429,1.1935369889706
0.81489520516791,-0.512104198879092,5.40378653224535,0.00841966893708259,0.556622485012166,-1.83283941290052,-0.166183991769126,0.632243044030026,-3.42410327203022,-0.31846462391661,-0.373087943863182,-1.15577352752762
0.666988609740205,0.720674855260325,-7.45278804491844,0.0628442485787651,0.333146551493545,0.689636659809432,-0.251258228192662,-0.0784755617363561,3.97582622637524,-2.44818055732162,-0.198460042563734,2.63052272209036
0.781012824541718,-3.55500686320028,-2.7926260209946,1.3229866478095,-0.0035881709830959,0.297179308542442,-0.164510269909439,-0.0929709479547261,1.94663078929203,-0.999797664775168,1.23310584676114,1.19855472198189
3.2411080793937,1.40011229329603,-6.61301066091704,0.257859302066283,0.213841365424879,3.71057329582,0.156073026620729,0.245336710253756,2.15131176718216,-1.54831339013935,-1.16219865975066,2.77602597089086
-0.983066882184864,0.100602147517337,-6.54651203192745,-0.376015567768509,0.109690010242678,0.909319289000797,-0.440573594808361,-0.0994136074878205,0.967086289744297,-0.117383192214973,0.840964784767108,3.17930391462043
0.261509224587577,-4.96299934724702,-5.93413645462102,-0.708313312336311,0.172900946843339,1.87491776216214,0.864798281217918,0.9238581372723,2.47937298533789,-1.62426961935031,0.89277426493753,2.68157730917094
-1.75370304426938,-1.21740581584208,-6.18948904890884,-0.814105552643713,-0.581060446826915,2.46964350383341,-0.19628257248574,0.277108697136967,1.75321260467713,0.480241291626744,0.104873390339771,2.40909935958526
-0.324950638321849,-0.966024537553361,-1.7271198082874,0.416638775062066,-0.241499362633424,0.256205997698609,0.113293772672343,0.0476637481498218,2.93330577954567,-0.514438719909653,0.952567557648238,-0.460210288077151
-0.516602912491811,0.666217768476493,-4.20968587450283,0.0804902447783582,0.185202228026335,2.69708231759657,0.448697905207767,-0.386109744222944,1.69022235263312,0.0975839066812202,-0.0243772320559732,0.901603800870177
1.52908191913121,0.331039655740397,3.82519372010057,0.0137064800240888,1.12188214642989,-2.89906523113249,-0.426988584234126,0.0677075583619609,0.666400858157708,-0.334335052121241,-1.58352695305335,-2.80233991131445
0.711329513593818,-0.110898563110081,-1.19524258035249,0.234741102178005,-0.113200548044405,2.1856783018925,-0.0249045736056082,-0.0520539833226208,3.48718572352598,-0.791230464252039,0.729473263787894,-0.543213657770789
3.83961034758345,-2.61500398197743,1.88484205385628,-1.68669964687842,-0.616470901919972,-4.33987129675073,0.418463529644735,0.338458599198157,1.58759820002533,-0.349113787503905,-0.204916824386499,-0.216576526374403
0.178392567799679,-0.749263930218859,7.81099154846162,-0.443182195610675,0.602877019093407,-4.23704568992061,0.267972353402543,0.160831552888021,-3.33586948131313,-0.435141522696228,0.199520139332968,-1.77456249958829
-1.42564688032988,-1.14877419213073,-4.10619267897777,0.284652371041712,0.54643770820879,0.852779259879089,0.183423420321548,0.41838421820196,3.26662203635707,0.0708303543757762,0.121068868713199,1.81960141442907
-1.58305684569395,1.54337006419347,5.50846531578069,0.877095944060828,0.446678140376157,-3.31072282378887,0.197850846989952,0.155489372226477,-0.260613970616882,0.530788843239708,-0.806133988631151,-1.23770199893812
0.202441044098635,0.2858951695721,-0.290776891452237,-0.494339650109623,0.351890358987635,1.71895250123995,0.212828049978882,0.568601536738629,-1.09464261593481,-0.078446493090134,-0.18303702046377,0.373886210777145
-1.52201078818696,2.3147448749479,-8.19864074500311,-0.337362829097903,0.282960082084432,0.933313154963481,0.41544809111041,0.13416423696872,3.13208290920669,-1.56789745205257,0.7513689672111,2.44913604422495
1.81805979440173,0.0169657659822368,-13.2189350333523,-1.73689499104744,-0.0358337716412263,4.57727244666216,-0.507938508300777,-0.125499734915246,3.54542857683434,-0.800156337138306,0.439622113707211,2.21612053725334
-0.62858087532237,1.01657079579291,1.08250244593156,-0.328873984646298,-0.260221629632327,0.894097738737417,-0.182565770955485,0.181281713517718,-1.58100292316596,0.737496759016873,-0.149812694465061,-1.24112394772492
-4.1071781096396,-1.06864036947152,-11.7449928360404,-0.066597533801835,-0.0143896726564711,3.626977474933,0.317091799810044,1.01527719851028,3.11883139088326,2.53790047085962,0.0504885981171393,4.16850155093517
3.38834551975597,-3.5038151690635,-4.21136125250709,-1.30219532153287,-0.477273083295459,3.92579566397925,-0.0295100868667554,-0.128510656674188,0.688618619945568,-1.20903044834113,2.38151487286111,2.38249796248839
1.35670872367133,0.621276835418666,-5.6985881805149,-0.530980490093603,-0.595056616425462,1.32639580002767,-0.129213560650934,0.151902590089682,0.0645274967531933,0.518305185559922,-0.189447619659688,3.42837709405626
-2.95362963237512,2.4695486382426,4.80348530489059,0.447410973684747,-1.00127107343989,-2.30743066639384,-0.381930815366298,-0.789721240903788,-0.82149454818742,0.963992390782125,0.685749120820302,-2.3013243111536
2.19320701831918,1.52092065696452,-6.85229501785627,-0.044239112174166,0.736740231379619,2.97172625852613,-0.984257936509882,-0.901980492348001,3.69953693796505,0.0475296009477788,-0.229021302980473,1.87847417744282
0.343231205135078,-2.76733929056148,-5.91836419750521,-0.778739801843147,0.103866157830074,3.16729471510135,-0.0466186756634946,0.373141809290529,1.15346388430877,0.0438643819966633,0.807603529490451,1.87809025672769
0.839973541736524,1.95447934784193,-10.0607647309722,0.324759310580319,0.084235660703436,2.94416375395868,-0.136033194609043,-0.663790082408746,2.73625710607968,-0.897934504391999,-2.19221081440548,4.10365286908751
3.6309658274044,1.24672216827017,-5.0880403132996,-0.140231430768598,0.195449374314282,2.63691008654181,-0.794666931734689,0.00839724063002069,1.10968317944486,0.0709350445633006,0.551695821263035,1.71248256165918
-0.545685366942022,2.39585916178957,-10.1288259264945,0.0489869575781053,0.513672410940953,3.65564176685616,-0.263827647991385,-0.0971532528281714,2.96601859615117,0.77780031369846,-0.700670334496253,1.88909280628557
-0.0892831614135249,-2.73318793325471,-8.1011884695367,0.683091567411948,1.91646644677595,3.00377909558589,0.307199780878315,0.0371138432598169,0.603162858137582,-0.650979457889677,0.601436000070378,1.98270325763356
-2.2644927751378,3.59285377569633,-3.88425566819922,-0.459070112501886,-0.395699470487281,2.55957272652907,0.498171568440621,-0.213673802189435,2.07557235230025,-0.0616994825884031,-0.310360655364944,1.38311266879025
0.887417193596278,-0.590729168058407,6.64873670404502,-1.25955965931954,1.206235911747,-3.57849810225232,-0.10655274880988,0.0254579056013611,-1.00518120163598,0.984646420339485,-0.432421302307121,-1.41298282445888
-5.86367471852092,0.191990581036955,3.06857508450761,0.491235404003192,-0.480420826012111,-2.30907995163067,-0.106017838039316,0.301354006037588,-2.43519760306698,0.659660419923522,-0.282784034652578,0.793974217495892
0.179881873754832,3.0983232932499,3.47912334994876,-0.317273210196373,-0.388221322347876,-1.44401688044665,-0.67932518188591,-0.17626211301674,-0.281396707471908,1.60511032571089,-1.79104557433835,-2.01650936809183
-0.653472289919974,-1.35382332607071,4.27729829371011,-0.173706773221728,-0.110258657529357,-0.144762103951152,0.188936618179262,0.230121518426492,-3.04912620215969,0.889854398691821,0.90386764113821,-1.04405523736826
2.81220843168142,-0.00422834455016675,-2.93471395506944,-0.16818222317443,-0.396302634548453,-1.34059892164579,-0.29064603455603,0.361422346717708,1.67152051083385,-0.197777594866125,0.0924658858453468,2.66297734061845
-0.943928968174886,0.232650471214821,-2.575121798141,-0.414207571211163,-0.379445008529976,0.720607145162524,0.925717103519732,0.316714191474491,2.76485975986744,-0.405982672136518,-1.76393346965832,1.07665652759061
-1.34644779844219,-4.40540769407621,4.2597263712665,-0.227410811401172,0.588652348337049,-1.03212957448519,0.618980596406753,-0.563697106160553,-3.13471166980949,0.242886333469032,2.29279896794321,0.0185747500712853
0.458702118777529,-1.53630881189703,6.7922870909428,0.453247821697047,0.13676343606341,-3.21486442514445,-0.141332044917019,0.514664349678115,0.81688394497595,-0.788747418085202,0.0784970156091995,-3.86191276893506
4.73367116710336,2.12413814626676,6.28659663796762,0.0666716610820164,0.422906400658409,-2.8446114035572,-0.88757269812464,-0.571214743006227,-2.26239311340124,-1.25267809964735,-1.29884616066959,-2.56998698000317
1.62990399475081,-1.13601068701587,-0.665868699109949,-0.100333653575107,-0.173011211064515,1.26396543527633,-0.54605071538964,-0.947965048957743,-0.18044946317702,-0.238055323024146,-0.760617073392443,2.0080334971904
-1.21783237417025,3.63968499702751,-7.36980897579976,1.30525731804362,-1.39085054380201,4.04593532870367,0.262459544811842,0.00972281492900093,-0.738245631304644,-0.948707525300908,-1.35471826110061,4.02829847866635
4.87039007840055,0.664077303171284,-3.87985362455447,-0.32574157557369,-0.266662185455625,0.792744920785194,-0.905000185002035,0.498732261628291,2.22901138467329,-0.0658117785540159,-0.209083260704358,1.72171067120461
-2.54067608071738,-1.88011481026923,1.03197014266504,-0.70150648313049,-0.284360513270808,-0.300940761172111,0.329824102685882,1.24111807401675,-3.37163146021527,0.250915602484107,-0.100748552376798,1.41699874249929
-5.44000228027031,-0.206592522230789,2.10647592156045,0.360543269839676,-0.172674588351138,0.235516354400863,0.628573525321812,-0.67501937989261,1.6755870351897,0.0793136865224566,0.459903540384626,-1.70931004243125
1.00989602762343,-0.772492171732317,-2.62463586713086,-0.0833772985626804,0.399403060897803,0.058204661388285,0.54750956259014,-0.0145103200934009,2.00066204303367,-2.92207143873908,0.164068017508393,-2.2059445789868
1.5327025629683,-1.68565415371457,7.45526460995109,-0.368558769300971,0.072667607274476,-1.39217811701624,0.208355412850429,1.56672274456305,-2.46410607682453,-0.0753030781988589,-0.255739685582286,-3.64235689857384
2.63846651618818,-1.73557044112306,6.73196152864589,-1.13200282312012,-0.118016631622678,-0.398439596522271,0.289418301923635,0.30205520721257,-3.98234801878797,-1.88044033297831,1.10712576644045,-0.616384248505539
4.90667449852456,-2.12661230997914,4.75749784849041,-0.550015350649496,-0.0302474266704104,-1.01209171240333,-0.910637040567434,-0.390523722880687,-2.77659204490576,0.263588532665787,0.420023648224725,-2.20765436183863
3.80516525285785,5.42951457333172,6.41960017546334,-1.07101562629752,-0.507664841492287,1.24190973955973,-0.188887202509674,0.658821498754697,-1.03396525397344,-0.327558077856729,-0.582588274627511,-1.34995657102164
1.99100479263075,0.00287116112360419,7.63157388798696,-0.487921447519523,-0.350914400813378,-2.27302528347806,1.82409068876812,0.275869084130099,-4.32479939480881,-0.50008515664531,0.504455358542153,-2.45034555580022
-0.220973202514182,-8.57020374558082,-5.11686561103022,0.0653340483706449,0.567833409706039,1.19270758842482,-0.533177997200269,2.23320752425005,2.55677389170489,0.498682038430483,-0.0740220841655807,-0.255966843290863
0.227702236974707,-0.778385806019316,6.55030804443833,-0.694890236426284,-0.247824779856968,-1.80122689054166,0.514116127397332,-0.0771410535657564,-2.17414114963405,0.0091603991001462,0.104742063451472,-3.74220043529441
0.24042000263559,0.302585719536296,-11.0681333251842,-0.970836938633196,0.0896126173671078,3.40836675913817,0.80759126609648,-0.346473757864348,3.44537846042724,0.0259344855863363,1.26748131335037,4.40824486608067
1.2045046775044,-1.92339708356872,4.64244664321648,-0.597923072321885,0.609507266525806,-3.22004066233654,0.338265236976417,0.462959389400085,-1.65855676923328,0.247931567484091,-1.36436871314815,0.0540800063808322
3.41472703366431,1.24227281102017,5.12739416172007,-2.07826399218185,-0.759747664826852,-2.38628168915465,-0.458363993123221,-0.104091343847958,1.68365041700647,0.421899317228774,0.123099233011189,-3.33647509096656
-2.32190013009053,-4.22331498972151,2.29437172991832,0.502368507172775,0.291378162809988,2.53763699057848,-0.014833938877176,0.0201331114915112,-2.71305673601413,2.13489963487032,1.63907184926925,-1.99711921001039
0.330443987353387,-0.684636823220884,-2.29743901571936,0.00481406399664369,-0.0136698988350696,-2.68052077431531,-0.179956020714287,-0.0809729498028413,4.260564909936,-0.209969686615381,0.536397656185252,0.65695250618105
1.41964561988067,-3.32601353047709,-3.2406804252785,-1.28419099800043,-0.484850753880747,1.77159207739996,0.242520687906216,1.99245032579168,1.47749199422705,-0.161389180023018,-0.0263331494124888,1.02950546305736
-0.711373089046345,-0.404027023961973,-1.81598722029627,0.0559628729962773,-0.190388501312201,-0.211315709414508,0.0606585018802024,-0.317484080263162,3.1691888357877,0.109680213819463,-0.693984300989794,0.617223905022281
0.505256236777505,-1.02224613703228,-8.22016907785731,0.991478019964437,0.523682458252561,2.61081812561311,0.082117348375142,-0.237231229939161,2.09948505214425,-1.37648560579515,0.656199690634654,2.6506185981134
1.44095774987823,0.0471375181188551,-1.78923215062723,0.856568657361868,0.212829552436754,2.05694329565846,0.0369055828967927,-0.349284831758029,1.61405828887071,-0.198479930751461,-0.123240654016421,-0.4823831156871
2.68132838827177,-2.0219757377753,10.738540506194,-0.122287648799413,-0.271607478960719,-3.55274217645235,1.64759719108164,1.11013584710873,-4.39075166079196,-0.318393286029863,0.74482976133561,-1.71725202621703
1.8753854797516,-0.815716175494149,-9.53956077439519,-0.584913383605168,0.71954692842146,0.886044534752164,0.677828133005801,0.256114406222014,3.23165184377797,0.124141849558679,-0.0840812505974354,2.30928435922709
1.54968654272653,2.73384397384516,-2.8309988010368,-0.273109297513653,-0.32678201082376,-0.701961441066853,-0.42432295112558,-0.0690245576229191,2.3823141728423,0.45980122087018,-0.442750223642793,0.864940157058894
0.711420299318995,2.86085036503129,-12.6886576523228,0.190224133041003,-0.343859163583046,3.25965866121524,-0.578702623525348,-0.509890995095027,5.07741640146475,-0.777525138964972,-0.224121035331516,2.37662851380582
-1.15310859889891,-0.759808948094007,1.22121069200886,-0.18502978016895,0.451645843092578,2.18335048772817,0.394094083640243,0.294905332319317,-2.45542607979803,1.82470476573315,0.35686742687113,-0.0538868957159404
-3.08208561695761,0.717776465390839,-6.74599856140744,0.0413483207449852,-0.419537248575467,1.62331462568195,0.341164195853091,0.188408186956273,3.85220123780406,1.03622972678811,-0.639571251352145,1.17341739495987
-2.3201761193941,-4.63591308866621,-6.16107048044471,-0.130536440976885,-0.227617247129046,1.29514657127953,-0.0551558072698485,0.500234130919297,3.12723250806992,-0.366652248797124,-1.14625336571364,2.15492932302463
-3.13547133640838,1.96264874105418,6.52998674377779,0.410536242627593,0.54168571803605,-2.57000225668614,-0.31206183898153,-0.0777596367319444,-1.62552925329876,-0.123645713673116,-1.29522765191996,-3.51051610318137
5.05596804879311,-1.30052075939296,-2.51827225592739,-0.234568408942524,-0.436120505372817,1.8326648666232,-1.68692840038716,-0.727612575317385,0.608627046391183,-1.13955743160387,2.15463894912531,3.14834310785853
-1.60001645531977,-1.39734567473103,3.54518887682287,-0.29132537231351,-0.205668287403427,-1.6304315269847,0.859976270402489,0.0970839480660993,-1.06611169898517,0.250511602490137,0.94407942482065,-0.00136523889156901
-1.69370136765316,0.973685427383712,10.2423610915261,0.814732098035408,2.55087878031284,-1.70106986868204,0.999579763752884,-0.793144264428788,-3.94084139410049,-0.376023085566475,-0.828286580828659,-2.54912669775016
-1.22884241707339,1.29504934597537,-5.14650822856841,-0.468537191005859,-0.193256950592611,0.0578694479805611,0.0570878762631196,-0.829192523403855,3.64186300510574,1.56086834053183,-0.529512023105205,1.46386379240736
0.210674441235043,-0.553875038761653,-1.54221681241339,0.182474339981641,-0.388971364345069,0.257254002036668,-0.207916192015763,0.291895642175558,3.41806263618077,-1.40045723621461,2.09514649315371,0.321942011858702
0.415246253261072,-1.01499891175798,-7.33582600782736,0.0678778477245655,0.112676899003547,2.88335581588903,-0.0326516850731443,-0.00859847567987799,0.547461486665622,0.00173486100560506,-0.514486448629347,3.55293670519653
-1.34533206932726,-0.413099989428181,-6.46010648130015,0.30684871664747,0.0878386809897206,1.13254566532055,-0.228530461455157,0.379024636791459,2.58476219143618,-0.0852069518799182,-1.40113478491971,1.83295440470584
-0.21593224275294,-0.215176984434184,-1.91902657491693,0.109931609234517,0.0337364096624563,-0.747297650088776,0.0289094587194857,0.558349481001246,2.13624319060584,0.0795809065265173,-0.250306876963208,2.13775326373261
-0.0918493130370243,-3.0704847513828,9.04702047346767,-0.461308597464172,-0.0193796727297757,-2.48383491314635,0.614399290097054,0.258194380092301,-3.69179813451635,0.790014584413274,-0.428787113471245,-1.41979846578337
1.10949613798176,0.0552464846593652,-5.87152037753577,-0.0314521177438503,0.0310530477450524,-0.292936442398102,-0.286875547682248,0.189300999629732,3.83354957423677,0.0797426437630297,0.144550828068423,2.92188914703466
-2.09341027292369,-7.48292307393415,10.7840216322884,-0.108687243973448,-0.104857149420836,-1.66111880462995,0.0784659962973127,0.0932895542613768,-2.69517688247691,-0.54706470591068,1.00907538391747,-2.81617964753911
-1.01611561972377,-0.544518224732979,-5.26580181128646,0.848424235288716,1.14586723848749,4.22443728666151,-0.249612642207517,-0.109340822484967,1.25189154000836,0.830653682751332,-0.418491969329602,0.791450459866937
-0.748555602626233,3.6748554362918,-8.39918111258064,-0.624095033961623,-0.105988379478811,3.45082304496733,0.198808469901999,-0.0145173954756098,3.54763145837238,1.05029757278621,0.365625879864413,2.66879731976428
-2.84914362125373,0.68081413664588,-6.89177866574846,0.589283349301558,0.722301997260898,1.36848342333884,-0.0933881757511597,0.062325006374471,2.12397016790871,-0.443566140611448,0.859088285927836,1.64352984679534
-2.20372814759894,-0.0763593995463751,-8.38573646576781,0.0908026634301399,0.278961778511946,1.72885203305968,1.31131070769055,0.202028353031965,1.51191363376016,-0.174849336119627,-0.0623984196735719,0.475856628185034
-1.3993447744224,-0.939311389338628,-2.94580607886328,0.00695434461726526,-0.524864179809011,-0.665368916198108,0.268362298694505,-1.78823098788941,1.98232398540884,-0.251362529633734,2.9029619805114,2.27983268776987
0.18932537728072,-1.45035563946187,0.567486714834989,-0.0329095591004737,1.13909955523985,1.05459845174179,0.0777765107592254,-0.0464266497569409,1.43093700824898,-0.119904748071305,0.424261392700678,-2.55184625652387
-3.79515484680267,0.683400259125193,1.02580849268253,0.582610658663353,0.0979656067452723,-0.331244050595753,0.241876172612084,0.0861994399943545,0.679609141625799,0.310199990647764,-0.391341768384248,-1.47050078143428
-1.37717257557635,2.28405560365117,-4.35567812831659,0.57577137685196,0.00497861836624097,1.24721659921496,0.283377711353873,-0.535462343192264,0.478854459461111,-1.4415560748345,-1.66954540589624,2.77800810597804
-0.459281706389324,-0.233413934331014,-6.93557477270024,-0.48004660843298,0.452994302575886,2.09639575401604,-0.0310610743578768,0.203189512195809,2.03885473398402,0.465176334859175,0.409832732292729,1.38801015201584
1.09920895118108,-3.47765132898559,6.6998848068172,-0.0740323858224229,-0.759938173640789,-3.16921903060651,-0.236658883190294,-0.374261773880224,0.637157485389222,-0.696021932465388,1.42096893899921,-4.36874323235674
0.3715668143545,2.34213438025191,0.034115536670136,-0.317625643028544,-0.169991394781558,-0.70982150019998,-0.147519963929578,0.186535062835457,-1.28968274164878,0.51607872928716,-1.18958646438542,0.650017686967679
-3.82428791761201,-0.199096733328479,8.28054131152495,-0.368874522562568,0.405085295653063,-3.38107226586168,1.22480046397295,1.95100943589442,-2.67151667632253,1.35892962349104,-0.524774126043225,-1.68974352020769
-0.154512178422811,-1.55336349991722,-4.86863539683875,0.22641120627978,0.213388300063537,3.34393057953744,-0.210535750520656,0.264423582182572,2.31843707556058,0.345395435864447,0.67421781413075,-0.660879339112506
0.86671054947909,-4.24443722701425,1.72619437641755,-0.297009705698835,1.68433784956332,-2.39286978844651,-0.0504230762400203,0.0555810833582174,-0.981786541614919,0.647441167236793,0.779069650874935,1.42195313466874
2.42500039142003,-0.260593395045455,6.43434538132559,0.155138920733266,-0.289633723124524,-1.92486586610725,0.190970898877387,0.182409102259818,2.40677158188715,-0.635819815306758,-0.0472247482912696,-2.82194282570923
-1.14838371104398,-2.30971755184407,-1.48853354442313,-0.0797442448133749,-1.41005111292105,1.68107923396673,0.0113839008232565,0.244508321058617,-2.22705995870775,-1.55263946140957,1.39972760404966,1.5901571654085
-2.51012534347608,-0.259639141539723,2.45391877422372,-0.433452431272514,-0.111786990770993,-2.1545739364081,0.373156759401177,-0.0213031896378211,1.05468647857151,-0.511628395977927,0.322665311136366,-0.483519066107297
-4.21761815323457,0.0357394836418226,9.65806717174713,-0.260228076489496,0.103775988312251,-1.38643059134511,-0.0945399495371146,-0.128699838476487,-2.83993322624144,3.18458393220079,-0.0188283958713112,-2.86821550200606
-2.01063422679961,1.83751288161957,-7.96306934203111,-0.208896916626738,-0.336571244716289,1.9199825494189,0.855005750858839,0.799291553724086,2.53483982504181,-0.412093321578846,-0.289228276624984,2.71937242143063
2.05681932813129,-0.399045313145955,-7.06103177573669,-0.304886303195312,-0.334490192270476,2.577564442646,-0.266600633399291,-0.203301489888157,1.32029187676953,0.65181087722342,0.622425900223887,1.59165844740424
0.39267011909542,-1.65937545836028,-0.963333692747962,0.833348477641476,-0.301027046573935,0.469933185165039,-0.0183832246741319,-0.325222666536171,1.3070839056624,-1.25338574055674,0.507059521565151,-0.115374358558344
-1.0379214529775,-0.0129525176486402,-4.2367800813495,-0.119366448583536,0.165732512264554,3.1981348726402,-0.301977627950051,-0.381754518344985,-1.42736239207115,2.07705735683293,0.295810518804105,3.04215825400113
-1.85489069853236,-0.247242764426431,1.79586611854471,1.65974811990759,0.559982687855276,0.0970311106107792,-0.294224833142013,-0.215641882831064,0.028225874239607,0.226464513544616,0.156409332871962,-2.71078143270723
2.57605470205553,3.17825225797466,-4.79946339335994,-0.0812650377237403,-0.359289431658658,0.00480977474264721,-0.0740140417306346,0.42320101388522,1.78631207661953,0.0298505154008823,-1.96463239325158,4.35248367731394
-0.900360760357436,1.06989343352715,-6.67021141289419,-0.120978120930989,0.0867915472418341,1.76669550302469,0.394502198213112,0.53813772117657,2.32496120007066,-0.907887389712429,-1.38132142640053,2.65711276054164
0.759612417681096,0.960114024977158,-5.57916728777788,0.785761569605588,1.14914521337982,3.18028862488227,-0.268382952011874,-0.0449351581713785,-0.580873051421933,-0.739770705835159,-1.77885651041614,2.79918038798113
2.44625015304421,0.325386355271454,1.46962474453489,-0.0367356406407383,0.22439034071811,-0.0530046955001475,-1.12863870669782,-0.109008666221199,0.527240459613853,-0.351006499091419,0.640755024133619,-2.107024562578
0.157306653750353,-1.43459552013761,-5.39595106295864,0.568628107673506,0.952809654719735,1.54875201235696,-0.452931644580144,-0.246067586315433,0.979685221303789,0.52948406175939,0.157582646688194,3.3720962042985
2.03987505152205,-1.39246158145539,-3.23219378253885,-0.250772406119032,1.4295353612454,-0.410494787278367,-0.0554601845413189,0.0610147013723346,2.30540147884282,1.12284625174463,1.0930345846077,1.90352791263202
-0.606050998904386,0.981742493392707,4.24948387297277,0.250789588668268,-0.679718952519306,-3.70197071838928,0.365944287235388,-0.240874925578192,0.793642973578522,-0.185461758304748,0.0255278515432123,-1.55854943345503
-0.914579983109152,-0.183760542502919,9.34622655232271,0.179529929136365,-0.205396744831889,-3.07120670319494,-0.135805202004467,-0.129915088329304,-3.9703582800483,0.379534409501996,0.446193977030063,-1.40538534180456
0.156993728161373,1.03551432092889,-3.89360913014733,0.0409401373823244,-0.124813581418436,2.28475634507762,0.110994609009546,0.771587528681113,1.04565664392113,-0.448689050626552,-0.467038667129557,0.338773571469188
-4.92137119879178,2.41268535977212,-5.79491295243151,0.0708800837577135,0.0852685958628603,1.54424028201464,-0.152364198510878,0.919320508841677,2.7441136046537,-0.352229136892852,0.3491741912107,4.21306620203336
1.19005398607379,-1.85008376824106,-1.80489657182227,-0.243705120432102,1.15000779975141,-0.618535388809128,-0.266427981176533,0.125866866643913,0.0496145137821705,-0.0944597698071685,-0.415099409795716,0.988515301900805
0.0842930887860598,-0.141076918303151,-9.78827634574783,0.406018696605321,0.306759987334968,3.50638099054056,-0.169260720796291,0.0560268416761269,2.86524023661472,1.55286283113716,0.331144141950334,0.507344187588417
-0.622650713509449,3.57020919663537,5.00180409349016,0.176392017701069,-1.27661251670604,-3.37766845067195,-0.139130430430813,-2.53650890605943,-3.52333207612188,0.0591621006146264,-0.134803402484168,0.655767562158029
0.38537438890429,0.685325147782496,6.196710276221,-0.541533804242644,1.44849280027648,-4.01781378966844,0.255539313543673,0.279625855840704,-3.25938205816726,-0.28008666106387,-0.178271387536951,-1.67774223859455
-0.49107031946967,-1.23238888502751,-1.72499879026451,0.0593075328618138,0.260896765095783,4.32285462157404,-0.322139090881458,0.598471577532749,0.670124852161919,0.361053462107352,-1.64944841288451,1.69103586947164
1.37952812301393,0.614243234023741,-13.6161703634241,0.0394084346665749,0.0158510504513894,2.45854694519504,-0.420629443663202,1.11901295084387,2.38338521009857,-0.646690582277169,-1.68553321176378,3.87076631013796
-0.0170646671309319,1.15933785100102,9.23764620611468,-0.161831938252465,0.0639676214702078,-3.2193765500414,1.11995261652513,0.474131232770883,-2.42072203733862,-0.895723796638667,-0.467385694223407,-3.08235371884952
0.515091310304203,-0.1218451007865,6.73619476322423,-1.35777940771113,-0.730987143927958,-2.58226321380617,0.534674588612581,0.261482407573792,-2.47165562540683,0.0555942362626431,0.676155557552679,-1.98121810540538
0.406337810354413,0.210028770892833,0.906468709312764,-0.184405400613817,-0.465947463227468,-1.23905210675758,-0.042010963442563,0.274515749377289,-0.290531204683598,-2.06597638637117,0.871962877141288,-1.7380318616672
0.184821471587119,1.98204952187913,-3.51842888428107,-0.220914762925444,-0.776593226748711,2.03185958093508,0.123680880130697,0.528427199070088,1.39836851562643,0.741087798860946,-0.254428106079572,-0.149727718176926
2.10224332573495,-1.93728073597444,-5.6670923304703,-0.409043046048497,0.479108042131226,1.24808056160335,-1.17553371806916,1.17240798976143,2.10376460553975,-0.683798138048586,-0.467103927524701,1.8715244032086
-0.66469811737881,-1.44767023343005,5.73855830020896,-0.00872650733744077,0.67979043259694,-2.04175315830267,-0.120853284606869,-0.00565896439770798,-1.20419015967169,-0.762339002173935,-0.0840817665284103,-1.72737104310617
-1.84488101846966,0.342712806877633,3.3512265707745,0.499762294181346,0.00867904507578619,-1.62628786195694,1.01348045122875,-0.168880750419254,0.144734150453634,-0.152653017088451,-0.0713256589232403,-2.36499484178597
1.68477045780339,1.18809609458537,8.78866574688334,0.109582376587126,0.162516997960616,-2.34668487891362,-0.377629487564596,-0.334708801201831,-1.51550971871792,0.00272621494745584,-0.0384709738650936,-3.15093126888595
-1.77576448147429,-0.084449126034926,-0.00162502173995804,-0.396394677728187,0.0846325003658622,-1.34948058561874,-0.101438772691747,-0.475268812996066,-1.48726401002773,1.73142267115894,1.2143797080404,-1.99401267732442
-1.13454617474025,-0.0582738129885872,-3.22361371456606,0.0955246811775199,0.221517021696998,1.5031197393608,0.0126443080780594,0.00203959931210662,-1.94131319749735,0.0655146962631721,0.67191436194796,3.36544847047624
-0.268722250077482,1.84215322714763,-3.46691958871515,-0.174332689627601,0.0140543975264749,2.62207668506374,0.554361350212153,0.084125650680727,1.95301419541869,0.704874806072172,-0.395205787789263,-0.288475629768598
1.87202265917865,-3.72241195478564,4.49724367215539,-0.447514680338422,-0.256444972118232,-3.18757771721207,-0.733247890702686,0.357826238667341,-2.01117114580197,0.157005705207344,1.46064546998213,-0.0234959492628704
-3.33574633395831,-0.972613641891209,-5.92581123183703,0.12713073761929,-0.0531110416721218,3.46146087147634,0.301231439654779,-0.87113463367719,2.54926144742236,0.615260143795556,1.18703244853592,2.75001516226983
0.563063675842073,4.1863509921216,5.58037756647072,0.122044736493297,0.250823162084478,-2.49718310490146,0.281018424040194,-0.0207005967579592,-4.08998264320031,-0.542592537118794,-1.61353380563797,0.0159994183957061
-0.398796190640218,0.534313832534086,7.98949999215787,0.799725777207505,-0.414558150195404,-4.22778938602593,-0.070723588728438,-0.224429808253448,-4.27095586333478,0.731560143884443,0.319154658248843,-1.64770883768919
0.770374838554126,0.691381545041452,-0.695689367707244,0.0319765650099186,0.0533958738531471,-0.588535308074112,-0.184153490748123,0.0138411415965086,2.63934352118169,1.5350828509806,0.38632705933893,-0.787574693980805
-0.10446278026887,-3.21892122477635,9.04762392888289,0.39538684278251,0.436209009212965,-3.58628017082896,0.708956233046609,-0.113595603035134,-1.99552328202419,0.0954653163576563,0.741922505363592,0.0266015648542004
-0.14077715508587,-0.832913437817588,-0.0188684461934464,-0.0920601351969498,0.186199962999525,1.61650869393201,0.308180698008906,-0.629209813948814,0.434966788110859,1.14363172060569,1.47932470560657,-1.67904636322247
0.159388627049474,1.16784562061738,7.02507431078309,0.00540875547346711,-0.0742208958849324,0.634096734887901,0.820719750960307,0.229365532538426,-3.91404075440715,1.03145754373997,-1.99466431298778,-2.41412027979111
0.614580386241413,-1.92204294318145,7.94230115300996,-0.286981190350468,0.279248370966371,-3.47890190787976,0.443802640868901,-0.286690566504063,-4.3656839761422,0.562611930265414,1.01082687130376,-1.59691933941351
-1.06907180856636,0.11968621480078,-6.03820603789629,-0.0842203021777567,-0.195739755390504,0.295209623745572,-0.57046447963065,1.89153614602559,2.32000362925653,1.61619782360127,0.309047740513155,1.89450443690702
-1.47746432728349,0.783738175050609,5.42972789169714,0.44347888907887,-0.147632744411907,-1.5287578267208,0.59519791201266,-0.0416385964824239,-3.05465841347208,-0.0224666426281706,0.783773120553606,-2.11859210366529
2.76271440556007,0.539199940837655,3.07566644743348,-0.719044046910915,-0.318999203216965,-0.251702190477556,0.0534175085519321,0.149842049573351,-2.98438166968861,-1.67303382862337,-0.601713197925904,-2.37097332029414
0.273918579902736,0.425257090388324,-10.0070093782952,0.173271896251369,-0.123866358228367,3.23059247201963,-0.389127014061574,-0.194012845034373,2.50004212434794,0.516609616726677,1.85698001104647,3.55126569565021
-0.833157557894268,-2.45632436124821,-4.02829155021924,-0.65928806779857,0.254749173874695,1.97488055624695,-0.433866129585474,0.163485679222738,-1.61850185144771,0.257212602843481,2.5904380822796,2.96975011527449
1.80715491588155,-1.43424261252223,5.05293679037197,0.175855898851916,0.594004797596536,-1.66232443907625,-0.291242985751884,-0.22468247064079,0.280792431424884,-0.339099825035287,-0.184582464685561,-3.1359204121552
1.65010218271101,0.158689151525159,-9.34734642965352,0.465055899049945,0.353471713129137,2.92539418327861,-0.28162661169015,-0.409109653293823,2.81088225983335,-1.15980890636613,-1.37716561862789,2.7713003368537
-0.0371365925498284,-3.02736461832718,-3.7648466273527,-1.37544570356967,0.52821109393979,3.83250691894368,-0.452071442690693,0.223286871772736,-1.72338677570774,0.088110350992036,0.226380468331429,-0.13138847448308
-1.76645452378789,-0.638520556676326,0.981930438788904,-0.271120058199414,-0.062808049602111,0.429212557756688,-0.0561378066975526,-0.795111998447411,-1.25664369054102,0.046614104200928,0.263033858208899,0.817812136696574
-1.12721261083679,-2.18546606120026,3.55963328848981,-0.500497958612845,-1.05723871050592,-1.22003329859225,0.0410468693381459,-0.379115903120042,-2.18051901213955,-1.21075596191886,0.888407959293346,-1.46001911794541
0.602091251624478,-0.629394178197012,-8.39319819244381,0.0853874298245064,-0.951424579002321,4.77081949756076,0.308974249909134,0.56398264713166,2.93739359041611,-0.660744587602122,0.0243049598857082,1.1760500465016
-0.693184973099624,0.376286366881753,6.0141306208653,-0.0447898700103603,0.231858318433697,-3.41339937886213,0.0789888849404965,-0.0885655184345371,-1.52216126020163,-0.0123043338411996,0.526700301354999,-2.01306281568571
-0.249209015083121,-0.56512636118598,-8.73366275015172,-0.147341633349157,-0.275655109395181,1.66091236807727,-0.0304870875002867,0.394295249910635,4.2251829527126,-0.0315054272334712,-0.0159814816059587,2.22750806163565
-1.42141927342712,-0.883305618724941,6.75426252128774,-0.056287986192007,0.269805294229782,-1.92674912262271,0.00575084301876711,-0.452680098031606,0.117920429228261,-0.911820642792542,-0.229243781098669,-4.8873630752491
-0.192275921891252,-1.8987290734631,-1.51342449069941,-0.521023084408094,-0.373929441036644,-0.502254881106447,0.350812252642778,-0.099276688029213,0.867545000638258,0.629653450997753,-0.149892277524995,2.03049647428046
-1.66243424445512,-0.011213747091858,4.88966746474383,-0.774857873593447,0.244635576134965,-3.52702005280057,0.224626068647282,0.17613310325438,1.67303901831026,0.0759161695425277,-0.0256980052422611,-2.73038397491833
3.39047284879884,0.525224672744641,3.16265236934819,-1.13146465410288,0.163029707351044,-1.48420790047644,-0.392879123344328,-0.419344040868255,-1.02680618437386,-0.281454322761289,-0.478459594196253,0.295088590058426
2.45471433322224,-1.28173546875443,1.16414852422816,0.392668314122816,0.0402749547251524,-0.696764650661215,0.338004939675737,-0.504047866081033,2.20943892280862,0.0526709738483319,-0.376973104852138,0.999140641182018
-2.23935708388115,2.02107943510181,-0.562928329473933,0.967143297238363,-1.31742243307409,-0.204591590176314,1.06396971268363,0.850490910903988,-1.07629014693507,0.247530994491795,-0.486519352009679,0.67897168007017
-2.22499080377056,-0.920490955691477,-12.275640193059,0.165014537224662,-0.392637433645439,3.26636533093534,-0.0165264659133465,0.520506131681655,3.38254866060552,1.91807090923451,-0.840045155298135,5.0369191348802
-0.574429570519241,-0.207912122027128,-9.43179793893265,-0.147778304012499,0.0583823347305268,2.70168953445435,0.209283297575368,-0.183418103673291,3.94234468841905,-0.426784390148381,0.541339478300065,3.41082926793284
2.16600559382151,3.37356901585535,1.5967296027113,0.091527117209407,-0.178231721406052,0.0117655369034299,-0.134452244086226,-0.117373172464102,-0.754582012561222,-2.28391173051659,-0.464029679278668,-1.44015259146506
-2.36087579202541,-0.307449231410319,11.4097684841319,0.652626738764304,-0.455823668191754,-2.53338814931428,-0.315874975467633,-0.555560064562867,-2.33742896814166,0.258743276649912,-0.714590121472021,-4.71166709755338
0.35574034999294,-1.10674395792026,7.21916909710946,0.147411323083879,0.0439871313553349,-3.04808874348122,-0.102386395158291,0.00134198665915178,-2.59161614183365,0.152179976736767,-0.204160454780606,-3.52330162288594
-1.4989180419626,-1.00719668255739,0.88042244686674,0.0986614186472308,0.422914018311075,2.28488416034007,1.15833339678779,1.33241699299061,-2.78172582500398,0.0509206740420222,0.355510615483528,0.0953798552171966
0.236709019214329,0.328762943443562,3.46957919380021,-0.0898980743713029,0.409899704657221,-1.82313260064783,-0.354347060435233,1.12789713952743,-2.52777213095329,0.109980693072876,-0.434916429776095,0.559031434766555
-0.945679847920221,-0.304342279971691,-3.79158001722939,0.127181068315637,0.525322687795451,2.01922760084002,-1.60509974977768,-0.509649573970543,-1.50707121474019,0.60368478665901,0.119410641920391,4.22818665248717
-2.18944463096004,-1.1191053456866,-12.9700599201988,0.363001908487057,0.458609996607934,4.36783323357483,0.974650517289692,0.577981179528726,3.38915976371842,0.43321338076981,-1.33570544815233,3.71506303432928
-3.27397476097045,1.25568238824782,7.76544346986624,0.327311731467686,0.0454443644181462,-1.47362397270159,0.319216434505472,0.0876812004995525,-2.92529491986716,1.58618748253911,-1.88224935793712,-3.15808615856142
-2.80829703392235,-0.0245209288858044,2.23281723001835,0.0940121534342335,-1.22299283856267,-0.37754620138688,0.348646985233847,-0.820005328991454,0.0759512584868199,0.781202004175717,0.0974746209620498,-1.63815631979108
-1.74788522822732,-0.280729536119233,-2.28038344232916,0.00522798016713594,-0.00422351980367904,0.218081161499239,0.316216358041112,-1.05932836937965,0.570512386017785,-0.230504573301321,-0.119007410955401,2.84036927402912
3.12148404800575,3.69393874998815,5.47808027741083,-1.51104908458855,-0.645879998035747,-1.87488875287553,-0.340828190084926,0.160093080082525,-2.85142990281924,-0.950971083114951,-1.87248784886142,0.136004468992636
-2.25641130895116,-0.153784530828307,-8.7805146016287,0.716739830596152,0.887654978352367,5.74314190166335,-0.213792497761287,0.018851152687653,1.35600701987512,1.73612204447151,1.03647254295601,3.69871383814238
1.99679263488719,-1.00276315926901,2.28053843915981,-0.174748042791013,-0.0898177013401464,-0.719637210907413,-0.160416881490935,0.203504136616616,1.58199267509517,-0.050095014529312,0.855740072831338,-0.28881167517817
2.16124260975327,-0.541844451394149,-6.53908602167617,-0.608313073289266,-0.659852828691789,4.46875230567205,-0.189245273738856,0.650600590820454,2.39073519679193,-0.0820501347303783,-0.365961079260399,1.83434945471966
2.5525325354067,1.12775552113312,7.23560200431458,-0.305053088988485,-1.29136146553789,-2.08682365383107,-0.22818138879064,0.440198892542059,-0.897507569129065,-1.16315907515949,0.0651469154157876,-3.22155073653352
-0.578636656120466,1.53172390911914,-3.58451728489975,-0.140957633269888,-0.152240874554035,-1.9064249616908,-0.682709060212312,0.0703485111653397,1.7239776854949,-1.24968383961099,-0.944850030187463,3.26970868137221
-3.03222603230436,-2.12353755602666,-1.94469022948232,0.8905098900625,0.890004409104365,0.881523109309161,0.661614529302941,0.144519061594247,-1.50074517243304,-0.0138509810852483,-0.0939726555863065,0.36636826759958
-1.85454757172116,1.36940705501594,0.384264940687622,0.0541495949321373,0.0152243078836878,0.948380989568561,-0.453893196491828,-0.241917325379453,-1.53624850423667,-0.104937315693796,0.180477455296164,-2.10516841036729
-1.89972565137515,-2.64684646570096,-4.6475637005888,1.39431326202921,-0.216836805984275,0.910380295398267,-0.936876712145072,0.394957231318439,0.688383072285508,0.259546215894199,0.201259440286894,2.13609582685345
3.37938050190929,1.2223784980932,-5.87241036708738,-0.109359605360747,-0.0147945152118484,2.30647008197522,-0.00696839101916466,-0.370845441534935,0.902969401635566,-0.0303152701795162,-0.0139096997560349,0.173144188228692
1.97682450233479,-1.60511993061475,0.684482211196982,-0.46903097394889,0.451138123503233,-0.840404894620942,0.618777805849493,0.960523347084924,-1.8222909490877,-0.108845058969843,0.0650644511297519,1.66983679747102
-0.447113356248627,-1.84497139940147,5.66360481293221,0.0141782457863878,-0.0243640997387885,-1.16155557202124,0.210175873377652,0.183488916033681,-0.545107317302767,0.25297904403968,-0.447081190512463,-3.31580923602594
0.885242807409824,-2.28235504490088,-5.11755412938136,-0.161770424986093,-0.0519208740424899,2.33369565188526,0.106429332041311,0.000605404641035741,0.821265551901739,-1.9222088976771,1.89622946229619,1.90463021492257
-1.34685094425287,-1.69467489522784,-7.63063642554411,0.407676668500496,-0.128238796990327,1.24547098559037,0.181408827561892,-0.336376878459024,2.94725326960271,0.62296184561588,0.732352162445573,2.28604510544094
2.16794829556457,0.95811891876192,-2.9767622142674,-0.18639376688014,-0.302806947579783,1.10052639176812,0.0106950144999574,-0.359848838334978,0.0953658438200323,-0.453591778136035,1.75654061928042,2.79272650116069
-2.43490780553248,-0.942504719432174,-8.21284799743466,0.0479235632285091,0.222004024190106,1.04354464726126,-0.471055508624051,0.017052522153423,3.58878074345327,2.11184060559399,-0.0496073438732025,3.68396429458105
-1.45729581614066,-0.300853595418907,10.0768061584452,0.854026465999888,0.840383455436732,-2.99425875523672,-0.161470983025144,0.709487704944569,-2.41131959132167,-0.366745269719961,-0.685672977042554,-2.52924951063581
2.78079479928454,-0.200866048437596,-7.13546136507657,-1.06110163364403,-0.0801253248671889,1.56986357954866,-0.225672424745182,-0.116497272687524,2.84239928534589,1.67705291130941,0.388734503440604,-0.0386833361220894
-1.09417233687137,-0.980922184512213,2.01799209201669,0.102195960457713,0.0436290343025748,0.618836183741873,0.508735410095655,1.40860116065803,0.460895855233897,-0.0726556756619185,0.293523840850425,-2.20720045580638
-1.71274257436736,-2.89167834031412,-8.6388311213431,0.982828572011853,0.821221216281132,3.36737796404211,0.0778793029982004,0.0333817056905283,0.957670868770722,-0.699775308813781,1.48125017377271,3.3754392760152
0.322840398770366,2.44399366762618,8.06001403373961,-0.479745062382786,-0.786590440509208,-1.88783780465789,-0.213025695530315,0.267312639610147,-4.72211730020537,0.0359683820872367,-1.35160207671358,-0.777031870189597
-0.899868987914881,2.52867955715239,-4.0046641985127,-0.257068393541651,0.105389549932975,0.0156200236768724,0.532757228112,0.050078552324401,2.63001956912827,0.0548786183408893,0.261042962546378,2.15802686472063
-0.526966017915908,-1.43990966802255,-4.5276085864734,0.210908970499009,0.0493905726996936,-1.89221664969217,-0.363880654117621,0.758421979942203,4.05756588896577,-0.78273077977438,-0.349123941609908,2.08135766473853
-1.13562864182105,0.546042278132247,6.82959535311157,-0.188762093062858,-0.16993771117168,-2.55154870796331,0.0649293888088575,0.467810394088523,-2.01713902262462,0.937122199234497,-0.173482070267362,-3.64773328174741
1.88282719759007,0.500380361582377,-2.10223136247839,-0.00432975102150662,0.305992167833704,-1.51914122369158,-1.94039173353628,-1.02310706777662,2.38062039226114,-0.211151788610745,-0.12168103348966,1.61239276370876
-1.34954586860511,0.403868367847036,-12.1087039057817,-0.223946278263211,-0.21888708126708,3.40386972723956,1.28682349166053,0.957047023672014,5.38419070099346,0.0954477225065175,-0.139152050575908,3.00777364583633
-0.638120746092058,-0.233233469124172,-6.08161654331185,0.215328162773835,0.0888922802893896,2.060871130389,-0.596779919287436,0.820473208573107,1.40844540150033,1.67806405999746,-0.742886843104173,1.48239844004238
-0.617337974294866,2.51550318373236,1.93820986873378,-0.0638283937301322,-0.175372751826202,1.44372935789869,0.00255123053804747,0.0453208210425609,-2.20641654587988,-0.223575408054093,-3.42611587020804,-2.05917745788107
0.338196615721017,1.88687058480413,-7.36551430655517,0.00842975854240605,-0.352965035478672,3.14579077535917,-0.709809566155628,-0.076220617639788,2.36784613709928,0.0328823444547757,-0.357255423770638,1.20071834117394
0.615621249001074,-0.962285463996553,-4.6496216435681,-0.342872428307262,-0.708686889797726,2.55367364715026,0.62461137624575,0.142546537694159,3.4182490594086,0.658543620241583,0.528382224645695,1.9467292075366
-0.535273223578275,-1.22912050659044,-5.47165272072567,-0.0507926993321051,1.32089001265969,0.48179242758313,0.27041445913863,-0.414459539481891,1.40513691045419,0.0839691959188622,-0.0719649916951853,2.78724352974764
-0.385291706867227,-0.363911239932957,8.78151141959817,-0.572899761746447,-0.913567457219084,-4.33348403883422,-0.126808926552313,-0.299230993447765,-2.13285498590936,0.348173722150853,-0.591208037887562,-0.90986870121689
-0.346312469392849,-0.147968590897984,-4.99056002006692,0.0331747008127735,0.203613925996476,2.39034813898673,-0.0332896061258928,0.390353029974982,0.530142224411948,-0.177534407407318,0.180319863974679,3.45315223694279
-1.64932499120626,2.10209305852252,2.86027495692273,0.107543758346289,0.0812758396054418,-2.26372975808834,-0.0069590031958052,0.260838411492965,-0.292220952617514,-0.54867187814374,-1.90825433283222,0.537846421597969
0.221240114622109,-1.56663131330527,6.81887768193905,0.139924258718307,0.219245406350603,-2.78315201427726,-0.232534958849043,0.71389645640944,-0.143503213099612,-0.502943917719176,0.545393818653847,-2.59134627454676
-0.730427212729209,-3.59273485194509,-4.84320667401023,-0.359576827928705,-0.225619904540862,4.00954481447122,0.134150283077532,0.517955767156311,-2.88266347311122,2.01302689057149,2.72995418638968,2.13247493482014
-0.358223993630997,2.23106895815069,-5.30923670351119,-0.259851473968978,0.242431850274793,1.25417656783517,-0.551830001450209,-0.26938441110714,3.87109824345324,0.321169607514885,1.05305106645597,2.58782295915726
0.0392478453507629,-0.630941585069956,-7.20423716646904,0.192787654813134,0.249847288520414,2.44091777307268,0.306825839913499,0.0501337040392488,0.151395760415308,0.178142876188364,1.42606999508835,4.27991529985729
1.27567414771632,4.92138322309058,0.819615919691649,1.00739850331946,-1.70305182626701,-3.27874700565807,-0.334284543044774,-0.261672099801984,0.887105953313931,-0.0884722891207793,0.0267157174047517,-2.67623265999645
2.30236590729243,1.40942440599142,-6.57537596527328,-0.287774000397584,-0.184558452508532,0.329803700569111,-1.15561841936602,-1.97771413614358,1.43711864924384,-0.0433809904347554,0.222238689539237,3.15829616641168
-1.22836001282559,-1.8144071416664,6.6252315402575,-0.270567468672744,0.860272631545582,-1.12804971167181,0.864574033483562,0.285219782960042,-3.08883444393821,0.125466519077533,0.115994616016298,-3.66022598639273
-0.642730219534526,-1.31716014532841,1.36795270739287,-0.076524499316237,-0.0115044889966203,-3.55913322610806,-0.0787971790600927,0.030679934471531,3.63909607324031,1.40065866707634,1.05233368257883,2.02406500449761
-1.61980021788272,3.0444862573431,-8.12081910375544,0.0401828953921218,-1.25549766305523,3.61937027095766,-0.604322710182223,-0.206488094145254,0.433797498804282,0.392583035931404,-0.503246924567877,3.0820305478926
4.4209032524432,-1.53521422095395,3.97052979231176,-0.0413408959848113,-0.0240535107047206,0.228058949115888,-0.489113497120896,0.300317460212651,-0.520675315881663,-2.0185782918998,-0.0354479079350653,-1.91741962714617
1.64137293624173,0.0642221577328971,7.59414891025286,0.501141847661335,0.0502648369241772,-4.35496024184089,-0.197355588429544,-0.0972861515886451,-0.890673047782467,-1.35077426676214,0.337575251916549,-1.89820202283179
-1.22237103264611,-1.34352166818307,-10.769704537444,0.466848230345682,-1.4560483652859,2.47021311549413,-2.07091498343256,0.930563910419025,1.07248375679543,0.0700065074091018,0.390781782113641,3.68458918777568
-3.00777524814763,-1.4770168872822,-1.49450609260368,0.0819112480194316,0.361629758181404,-3.47376543782361,0.107215220312889,1.49454257777049,2.24777288660562,0.54833128066617,-0.394075207017281,3.0337314300296
2.13352116468151,-3.65294003502914,5.67585431772717,0.335549149655199,-0.156538736791635,-1.12008065356451,-0.491115358330255,0.370075318088461,-2.06410156870359,1.30304096410295,1.35743131605674,-1.33207691990724
0.722553781790931,-0.0205458467979549,-2.71695544676306,0.569832936834022,0.0970642121551605,2.02423477108178,0.375451458820708,0.122258711092376,0.914666169385476,-0.743105748643877,0.405094923826698,1.69970279832721
1.4115484837157,3.80323523589806,-0.229399677850725,0.20978370359575,-0.640314371827931,0.0768759755719048,-0.0818414556464304,-0.074367754807627,0.638654887541352,0.610245954628246,-1.323580387647,-2.07175269044192
-0.394637619718219,1.10788732878496,-0.05325117945296,-0.659345160065072,0.488681024997983,1.73619469375481,-0.189632296293336,0.329212888002128,-1.76755784737577,0.846325495076293,-0.42151134429237,0.00470821801193549
1.11538973873479,3.47136721036087,8.55744803470267,-0.408252482549054,-0.137469899683648,-2.52994602044252,-0.110210019254728,-0.157958748829619,-3.82990902382049,-0.269589964568063,-1.29593678746674,-2.2646062710714
-2.29323615270583,-1.35536905272281,-4.71451009856646,0.329474490666741,-0.299494003132008,-0.976690064842934,-0.0716701135109468,1.63393291114666,3.58477327225972,0.0754121441732864,-0.0833133874316249,0.524940552708807
0.537657556299556,0.435892994325641,4.70034746465497,1.3403885687166,-0.490061127737855,0.0859025833971745,-0.0287534271436811,0.00197149275666536,1.26861788722236,-0.667480400862518,0.727136821046037,-0.0285553906460688
1.74240467811591,-3.75050460914489,9.00347485493232,-1.39007881449494,1.15834528272999,-2.08038930800225,0.495438859344019,0.826982267219167,-2.39455785383626,-0.285505637096996,-0.355188802589043,-4.37488358712726
-0.536584601182476,-0.273770238851166,3.13859760970772,-0.200935680741269,-0.146334126303188,1.08328652980602,0.0489828105681908,0.112106984267383,-1.96755034888985,0.550604572260807,1.58070245307587,-1.77799116607735
-1.1932222031289,0.377816930686926,-0.882197498499281,-0.0881017260388255,0.0197341319602838,0.30513122762038,-1.09013083236109,1.70953527673454,-1.05367093114346,1.12633876834163,-1.90727954917473,0.709381236966686
-1.12098848990279,-1.5544643289511,2.34217643083529,0.15530365777866,0.362317444969625,-1.41775917594857,-0.461648551034207,1.63272596114093,-0.458763531801268,0.23812613384506,-0.417456562005202,-1.13273917197723
1.29811178406787,1.62164160723044,-0.588106191697857,0.527652028533597,0.574907643297795,3.43988659561178,-0.0329998568052558,-0.166417000058607,-2.053953102691,-1.40827578700084,-1.37180203156238,-1.62857848546223
0.0299946106304891,0.550010294349054,-6.76731333630335,0.150127903031965,0.007119109640257,2.96195983223139,0.323592025047714,1.03985673745913,2.49494035759244,-1.00303891565408,-1.46083944849247,2.18079290295604
-0.973390886089327,0.2453130868112,11.3709038386068,0.559278047950506,-0.602943705335807,-4.55771147731244,-0.469690633018132,-0.0568557387347933,-4.29443836856512,1.81539583541244,0.228605335327725,-2.28702746395594
-1.8010169454916,-2.37048672006168,-1.65670282914761,-0.0204470569027497,0.20490225251864,-1.90300674897842,0.769882096227415,-0.615171421808858,4.20294832989181,0.775217232195932,0.705991157686338,2.57352845962566
2.73906599735435,1.55487042845794,10.8893052963973,-0.839989052200646,0.319663693134931,-3.70727541627341,-0.827395718794296,-1.45134760813696,-3.66559392437832,-0.623265557876369,0.377623544037352,-3.03417934192545
-1.57633088406857,0.0686504138099094,3.57763765990304,0.112594425854232,-0.034242039448736,-0.437463752845879,-0.222701081666678,-0.00564746610601393,-2.5926261317737,0.200720431961559,0.611912401758078,-1.48330446804945
-1.36419187264992,-0.937774181191485,7.77477256668011,0.269325332724262,0.486926601841822,-1.87356494304892,-0.0203440946052987,-0.228694752489084,-2.25959781500988,0.258457433386599,1.56147471742131,-4.57885211019934
-0.28218212101431,-1.89750119472298,10.6217159031689,0.0945568731728899,0.151316829534576,-2.3461412673978,-0.17945721705994,2.03803729367997,-2.02986911640193,0.0122171903386077,-0.0730399089029808,-4.09711963043222
0.940149605820907,0.199666460862872,-9.28420687486643,0.337042860843934,-0.0750769818993085,-0.337860776752945,0.17241172074978,0.139436356618162,4.16726333260911,-0.817255021538996,0.287111105253397,1.6361707935289
1.07882736726921,0.258037323442007,-3.46261569778814,-0.404708103420602,-0.234326514888615,2.33907964506501,0.40629903328137,-0.670889166762415,1.41165343043667,-0.432811034903812,-0.0577644403340009,-0.110127626291019
0.207670701520645,3.41639430908547,0.981134522881379,-0.687676546549774,0.046561348509541,-0.225683488866272,0.894664389308702,0.0210616711469131,-0.882354138139606,0.443433799325967,0.109851941632469,0.0257854389695851
-2.49429406480563,-2.72114733705401,8.4676757797112,-0.638392221194296,0.331114335241547,-3.14186566122972,0.967023762297141,1.24945581413489,-3.03118296093276,1.22889048292369,-0.250324972123253,-3.2571246605331
2.32732337213583,-0.438418714856978,-8.47701062539669,1.32317999617307,0.133656598431587,3.29161967012719,0.00793444744880689,-0.0295655289398095,2.21338091074861,-0.613069527950907,-0.513509416270467,3.10334371524094
-1.62188082399899,0.192800689216199,1.70094779026529,0.394946775877585,0.264436993154833,-1.85812190448061,0.0445988523628355,-0.0652662320517987,0.392542473901546,-0.0386698246731445,-0.0073957716773055,-0.0288114531876034
0.131800608229243,-0.192105826728445,3.67251750018768,-0.0559298618708119,-0.210453447985321,0.433868408275149,0.141347845062629,-0.714865441511466,0.19830962595804,-1.24597294281851,0.275219285626456,0.39746184348286
3.06959529699008,3.74199051135419,-12.5855221941655,0.0332459861743222,-0.249483274773733,3.38000072064649,-0.499479385357907,-0.646809779711132,2.32800249255631,-0.85515155249451,-0.167530436132027,5.00227034267136
0.921246459880725,-0.155798607009432,12.1036136740312,0.0557666761541511,-0.338119038791822,-1.89706362059613,-0.554742732670366,1.05665910014795,-1.42477483613944,-0.0227145055908759,-0.0478706294765359,-3.02353886436524
-0.983579873937688,0.319827250532573,-7.92857022321284,0.685158253911676,-0.045261636966121,2.77096161905937,-0.240043556708217,0.407162372679494,2.72568539926155,-0.191282685004068,0.41122895398772,4.70593391365091
0.200462768472677,-0.473645948182373,-2.77564055853574,-0.576921938949179,-0.149695175655874,1.2509666601252,-0.884266516360354,0.792488141353027,3.38838419681647,-0.0203977940726387,-0.127148258204003,-0.834684504060039
1.93100559941806,3.42710415349161,-13.746515210148,-1.17382334765877,-1.6547329974124,3.74098716358167,0.513196904633919,-0.054098177917738,0.799885527421018,0.658172669778328,0.807613875897877,1.79616822876098
0.00426203801234148,-1.79544314769193,-1.47707749466635,-0.390944457749246,0.214778016332552,0.184774679484447,-0.281228765328771,0.714814284125637,-0.858439792648921,-0.474169347010181,0.565806265893953,1.79158599808139
-0.909762530065504,1.01754472299114,1.62045460650288,-0.17317799277357,-0.467587791834453,-0.865419054399392,0.571837182803279,0.200668150057743,0.821256247553336,0.149901698355771,-0.335493141466378,-1.647114376272
1.17325089817137,-1.33393305281947,0.430067206319413,0.0447307575236388,0.0358402793338468,-0.398303914682297,0.135385645161636,-0.101849983088008,0.786642436966419,0.351364532958553,0.0618517597196346,0.195286609569494
-0.310624285056202,-1.5407372143983,-0.37079466029288,-0.375685463630063,0.51027748145256,3.1615127942928,0.230424987193959,-0.42957347154704,-0.0843633533466909,0.0817534725006827,-0.00800938745907999,-2.52649352247505
2.89886469390665,1.84709901303316,4.38208230102363,-0.112786561411165,-0.129220331651857,-1.69564529203772,0.0976728139336793,-0.168349647169815,-0.651921092982258,-0.387441730195861,0.249464797052006,-3.36468477604515
1.5384380369806,-1.35935855802052,-6.93131945674464,0.141135192845992,0.220366726264002,1.24514301753466,-1.4319843499447,0.303931833465515,0.897563869403149,-0.529004480305814,1.45244381488869,3.77017973695731
1.13321602059407,0.444373544724588,-3.42160594956529,-0.912705121394904,1.79539808315198,-3.39365603983276,-0.256152524619082,-0.565762824585682,1.27914088082137,-0.341116057487008,0.256307985958508,3.40193451849074
0.165907447917045,-1.27974699270483,11.1679108913577,-0.318656755879762,1.33724374609609,-3.82994225056949,-0.351819152092093,0.0558058789705927,-3.74843228097097,-0.696333273247353,-0.710569132820098,-2.68444260675173
-0.995539096752512,2.24365602236261,-8.03425263868412,0.177410504002863,0.11116693869078,2.84736271097617,0.0094910904093054,-0.358947336040563,2.32221254669978,-0.263777566542981,-0.314823862642094,2.90914906375532
4.14823337557357,-1.90749516158193,-7.88655899819371,-0.0221694842990096,0.455727955305871,3.56308482715766,-0.671377403336242,-0.172113861774105,3.84550774657525,-0.578921329243825,-1.00464477093589,1.83217861199666
-0.0596011418917579,-2.34082267659153,1.5059234084889,0.35562271727563,0.080689938452557,-0.96137199115899,-0.358659344108958,1.0656144440161,1.02502231654947,0.0619823677638682,0.756563390165416,-2.51617635964534
-0.0775622616309131,2.24602020155333,3.60581474808534,0.207860506254159,-0.541058086290468,-2.75271075461814,0.150953680834537,-0.407992776713444,-4.10782624208422,0.202366460858425,0.282904094991962,1.78359041213962
0.0318468603548063,2.45874176272571,-5.39049391121439,-0.0878158901290594,0.15194789032991,2.72302583580699,-0.116374374593249,-0.925449365356984,3.79363991488534,-0.160129895398683,0.1309363284851,-0.208038915339905
-1.86482050264597,0.0041174626417454,-5.3791678592245,-0.13096324925324,0.028508936833763,0.711070238687794,1.59275363383038,-1.00995204771773,2.94462359691336,0.402045232178206,0.421690903238161,2.17670557678451
1.59658740363234,1.13512783909893,3.93177880240705,-0.330213864092232,-0.119146716463794,-2.47263042434068,1.76178466480271,-0.0303906718961146,2.57088308741942,0.73697920842394,-0.0181500442321323,-0.449555764649537
-2.75570969572341,0.863750919545589,-4.76072191028628,0.790094366802446,-0.146209559718655,0.565758895326377,1.3152144885337,1.02816880543774,1.21447330319148,-0.178970560909436,-0.254679864991741,3.16733752544043
3.10042053319424,-3.44700185207185,4.73670484718935,-1.83082943916582,1.45977110233591,0.66820973748887,-0.796612685320677,0.929386552060749,-1.16561037974873,0.0422189092051302,0.252223439612781,-2.24056705643776
-0.372813564644247,0.0867585040121995,-6.54045382607104,0.442618053601985,-0.114986800371437,1.66392662671883,-0.942920887634419,1.15305255414889,0.660834513716015,-0.332512442036712,-0.706385070652494,2.54021393142733
0.890792596553962,-1.11279965441675,-4.90516591422871,0.733445401527057,-1.41537695805092,2.29216285548546,-0.252843987850407,0.447203534600109,0.0621541288231479,-0.578929113837666,2.28300503901095,1.73469022623994
0.648179281831301,-0.0194735853329089,5.83406828855424,0.0362327186754701,0.251435001265002,-2.87671292055941,-0.294886538504836,0.361291759110966,-1.89061883165852,-0.957369784413515,0.117546608698656,-1.1107633092492
-1.56577080984023,-4.5320013567876,-2.78959357349893,0.112308823132478,0.0607806727544752,1.11405991198126,-1.31242547411063,1.20630236942831,-0.80133372329842,-0.630101690597019,0.0297573677795151,1.08949909869597
-2.28491224996979,-1.25042057568505,5.99563614934295,0.590929815651114,0.253977362629783,-1.42826778564233,-0.106228172613667,0.389533941841288,-3.72515592918452,-0.215941970891006,-0.248270501631797,0.276301403799897
0.0183411179017587,2.74111721576608,2.17116422051263,0.429016432518915,-1.14149731511493,0.128598878743831,0.0493524371990459,0.384664038243073,-0.684147900247453,-0.00186376660058892,-0.128001054326699,-1.08190588608205
0.999304526404421,1.04174953045267,-1.67408347087072,-0.073413250340981,0.0146771172235144,-1.45902244950632,0.793524925152463,-0.977823676095265,3.13464141584315,-0.498545072550686,-0.43999487894112,1.82826091561024
-0.371991008803564,-1.90933941896522,-10.8655601041108,0.226467856873836,0.0470935367451163,1.88339401345576,0.727912044158795,-0.00851364399452849,3.69062099364201,-1.06422957327896,1.59664438458711,2.62437249574824
-2.08575326099004,-0.879304660151985,-9.4209090485693,-0.104307959074695,-0.205459122865502,3.14571362798044,0.506357267366413,-0.148382413380084,2.39526224293586,-0.0347995359310466,0.0563974747772163,1.9179773353359
2.60349384094956,-5.61149300992994,4.30339355018011,-0.0402845021878701,-0.0566231778163224,-1.93721205018554,0.398738991810639,-0.0274837578095023,0.0417776801456546,-0.669016414867988,-0.0608358958183721,-1.74217116103629
2.46589945218953,-1.4435435296594,-0.229271960630665,-0.405826254189454,-0.392319353475961,2.86202489461945,-0.12085841913266,0.197913760130826,0.483135605883678,-0.669046850666294,1.78995032982841,0.0279432707698186
0.638273791819876,-1.07921176198613,-0.349106552044329,-0.499100524916959,-0.0423869510718382,-1.48773645009631,0.222822481252366,0.69297207879081,2.17482679583168,1.00532986876723,1.20956562765732,-0.190324384209598
-0.0580190592282557,-0.907213873422785,5.86748981261811,0.21403496323804,0.154400216814119,-1.62822970890913,0.188909784504573,0.27110564080274,-0.903074734984742,0.19630370980704,-0.259809352278373,-2.68126903560605
-2.82924037799163,0.0103635555741507,-2.2421819779248,1.09379551832758,1.43394858254561,0.535902001974403,0.146732636214992,-0.383255026238538,1.03333916639911,0.479364140905002,-1.1359076966944,0.74464388037103
-0.737448262572806,-8.93030314071775,-16.376221800619,0.45427253122145,1.81937741160484,4.3153783375371,1.86870628421904,0.409536876397999,3.21113975103805,-0.254279518237989,-0.04661799652329,3.24226428170358
0.492732804251502,-2.38110433857032,-4.209426744063,-0.126369230626277,0.156983974191856,0.596305706328523,0.0793948673735729,-0.268736742216726,-0.847540432422743,0.400733339432099,0.977543625970468,1.32692024870162
0.980724387745322,-0.295147786367322,-1.23073919823287,0.0388917013311189,-0.30453769236407,0.3690984106348,-0.60453191036301,0.224009014606811,0.968720622444859,0.544774373880328,0.478762283472053,-0.932335879403769
-2.97220284992742,-1.60524458289777,7.62053033511236,0.411738649353353,-0.348592574606718,-1.52393785743419,0.62521396721838,-1.17683223395728,-3.3369100360127,0.126354981698854,0.293476455766346,-3.78028447953569
2.30249888071086,0.0453069035657291,-0.236758183320729,-0.203928118243508,0.181604277003166,1.77282418752608,-0.875053331576704,0.431131890865116,-0.918114635450659,0.440014261081766,0.351633208931818,-1.45037212729944
-0.772425963932201,-0.812143096697089,-0.262108673263356,-0.240303434571797,-0.394850743710594,-0.248206270362295,0.0280245272079774,0.237491555133139,2.0894127675882,-0.380084189536571,1.37736332279226,-0.581795433337505
-2.16399412704557,2.35538261260885,-5.42547031760922,0.188092743498441,-0.217676441926335,1.63212851865353,-0.120904460045688,-2.25907448657599,1.78778536948859,1.95371011255488,-0.645687395983936,2.24771143576492
-0.454844486834029,0.0694518133122253,-8.60760375222733,0.538038824117257,0.0016254220986238,3.26736321273894,-0.792691691297423,0.765059285321613,3.32561214406443,0.127593266192422,-0.312609631366446,2.65749442207941
1.02843601760567,0.630334890067853,5.12443858684114,-0.344760644591847,-0.174490838023488,-1.81342005779533,0.196981457801401,-0.0912323590592183,-1.53859247281702,-1.49766037548632,0.459228422569022,0.444928514915756
-1.05888499925166,-0.965178794271549,6.82502548820366,0.482671562211091,-0.120543930248635,-2.58978972941221,-0.922840213161841,-0.428113017859516,-3.17192999245152,1.76594761580504,1.80769995675793,-1.7968681424363
0.00734491108416093,-0.484471445300841,-1.62131754038299,-0.00357536522505907,-0.00500132485412354,-0.283124632846242,0.14307880999369,0.163619253897802,-1.28730538052742,-0.188745545243094,0.298815728848252,3.46774170335982
-1.13931215884715,1.24464169238221,3.30323017158943,0.443161171193282,0.33900682242204,-0.69831901848944,-0.197889358587958,0.0134321289473478,0.349353094472806,0.177294761792471,-0.993852481343759,-3.47483246074503
0.468688868974291,0.964773395160385,4.338873069927,0.413191883199056,0.0982922499586665,-2.53289323202652,-0.190838141227882,0.695513211198536,-2.33213561337502,0.704833649553159,0.869084618727761,-0.217933618283619
1.72249845418013,-0.412563484809736,-3.8885973251663,0.224403881717568,0.140904379751494,-1.9152874138771,-1.20615322763501,0.463592495968774,3.7812298502916,0.519911905740847,-0.233518185071713,2.31381841427459
-2.06307601966588,-2.49512477645412,-0.863892856182403,0.575917674842551,0.404001997350931,-0.476782844912969,-0.122649931402335,0.0252377379691554,0.574404889259451,-0.111764270175545,0.0278375465736692,-0.638320679391825
0.508192641042759,1.44764352367912,6.83611799241764,-0.274112533974531,-0.143183469062521,0.929325004248157,-0.416920313008186,0.734788868384699,-4.14721664273456,-1.39871465814686,-1.36829759852906,-3.41326662808497
4.30060816845698,3.8402375211168,-8.27088844456623,-0.402830430186482,0.0863989507790111,1.67261829345175,0.223371845440626,0.668276307416491,2.45618890318013,-2.65124973431481,-1.76188636558587,3.92761683731431
0.276159779567451,0.551635249697898,-4.41234279060829,-0.278805615723499,0.174098394245536,1.98553520421318,0.492838250901171,-0.175306174941103,2.31632341797853,0.161708180993857,0.612850175440293,-0.311956233821551
2.45383297998807,0.150864101239665,-9.58127050190704,-1.31333835285984,0.115863360793174,3.74791837757484,-0.135355676277595,0.215233295988354,3.54010047311502,0.949444016979949,-1.14724765258496,1.56403963806717
1.84542791423516,0.135628359945755,8.40190967741187,0.125862862762657,-0.90599251465349,-1.7076687367445,0.416779598104572,-0.0982345847933964,-2.89340885082637,0.0465636217881342,3.07592404283437,-0.590083297149906
-2.81050309653067,0.519048918080545,-5.31194035879552,0.191657896365948,0.139347334849776,3.57122391134194,-0.0224033058205951,-0.088828495356749,1.08982994234929,-0.639829759065706,0.506368258442103,0.682550621701281
0.574996219274171,-2.00705358666599,-0.272298424933698,-0.345098799734429,0.320765003909817,2.12501848596476,0.639984120636037,-0.133798137507353,-2.36203691436171,-0.254459771947476,-0.202686452656375,-2.43673100650844
-0.132723949385379,-0.70592660610104,5.30273501279261,0.0828171087145255,-0.229574196359339,-2.07856382369405,0.188636730797152,0.0101628043580475,1.2843230541996,-0.23745762635429,0.531573671826051,-2.67235130636304
-1.70991254942894,-2.6454021758386,-5.54307077608397,0.0855457189319381,0.286106618132357,1.12947326424576,-0.613049209031797,-0.33362804153201,0.709262713467792,1.11156627282543,0.339371591952527,2.73528219635546
-1.64909730568527,2.41024919763377,-9.76474511038829,0.170066846499432,-0.244495503753858,2.7484526522351,0.025419472941438,0.490823204093378,3.0875491156485,-0.964131940937217,-0.765286501591426,4.35081889695362
3.96389456202416,0.783302141555857,6.84744595198888,-1.97945043018697,-1.08619900635775,-0.363728010923569,0.141153036576595,0.533447690789137,-1.88953375740816,0.0188004788623248,0.303982506964135,-3.17061088804919
0.0409251147547784,-0.425517760490264,11.295127334687,0.421402646050371,-0.413366630994138,-3.05583932449097,0.579257864646707,0.517385048500612,-1.30123239414793,-0.675964307687488,-0.55587296231722,-4.69620240021114
-1.82761577006038,1.76638579961917,5.6193103290151,0.404030881227865,-0.896934756823193,-1.27061113181517,-0.0292746929153633,0.192818338524131,-3.48694464261363,-0.450088683262128,-0.414338974828181,-1.2913119833984
0.458032562036014,0.105277445785037,-4.03955608820398,-0.755133169487456,0.013618247095353,-1.11889891926605,-0.379339476604395,-0.533695998557704,1.41497728621765,0.520829095691417,0.760373784209928,2.3892633895898
5.15931024845584,0.761134562634028,-3.77998032784536,0.14062992658961,0.316251749033962,-1.40342516404343,0.0903735594798829,0.134348302411595,2.81284600368836,-0.337445586963356,-0.757746247768629,4.20633841035752
3.51861788246868,4.23376533014772,-9.73129720403245,-0.940321455099793,-0.154785950360093,2.46105386924472,-0.155472814516858,-0.262609655543255,2.99456426200209,-0.396629543399511,-2.19027471238545,4.37200028556148
0.578958667530811,6.9339745237758,5.05624245738293,0.212032343841791,-1.55862042701752,-3.54565096979779,-0.0261382511319532,-0.611846358907954,-1.28122454371389,-0.000621718973623532,-0.954985821423506,0.876883074459296
-0.739697041756174,-2.52854709874552,-2.82262349368454,0.430894136499525,-0.250354997599927,-0.697751982594076,-0.758017381441967,0.468993770949365,3.22957142596581,-0.0537864631098003,1.71062289756646,-0.23448129924124
2.58759435225932,-2.52314477143404,-3.02903317755471,-0.0844615511809246,0.479675908910041,1.00619373730862,-0.176490849871532,-0.0467892117478472,-0.031748391429024,-0.12953584484961,0.160322166747629,1.63441731242414
0.504182165933833,2.04088871608738,10.2739938467571,0.189289494854918,-0.425757679808988,-3.87953427559747,0.526087292745644,1.2438141043234,-4.32676883264465,0.362621754260001,-1.05075169336914,-2.1077612193037
2.47712482815012,-2.88221187326699,2.37780245017926,-0.033351654273913,0.276821274668652,0.193433214975819,-0.487764024074627,-1.09496903635273,-1.01592201836178,0.0437630361632327,2.53975833282698,-2.64324791526323
-0.92754356799651,0.717533159774638,-2.15054453120406,0.223194220238312,0.237363089504574,2.41790695568195,0.11091179966888,0.0729564633733494,-2.38782476967371,-0.289064610083785,-0.232171448888132,0.659590885029205
4.31296562257447,-3.34071687957079,8.8922456874194,-0.474226262869783,0.678079278797431,-3.21026569350478,0.0471917357252451,-0.153433137217062,-3.38527097179415,-1.63301486082637,3.43759709080873,-2.89944983808314
-0.470075791848636,0.805105120629459,9.75676549079703,0.413443059229704,0.537059826239319,-2.54060421382701,0.235095816244086,0.16749125361606,-3.37927509109443,-0.34868642222227,-1.24596316803113,-4.81847675056327
-1.20296308268975,-1.40500655072585,9.6152175169654,0.340036799352408,0.223804437763643,-2.71885283605498,-0.0491636483071572,-0.269238730163352,-2.32858133307551,-0.0986411512042025,0.669545104702084,-3.58972346309165
0.415701646374013,-2.57778787394824,-6.85106009253089,-0.165695304601984,0.0698383508021021,3.57291097658794,0.72490013490031,-0.565870157379333,2.50250738069042,-1.73395641143867,1.27211394308748,0.660559313525646
-1.05290464432626,5.45698348136006,9.33963062615715,-0.657082924159252,0.0617526487782189,-1.52686792603737,-0.0470500656366432,-0.41626993209987,-1.13097466388849,0.859456139136681,-0.231881242383434,-4.34172303293491
-0.589674572773726,1.21714244183467,7.57698866077383,0.0350116990892846,-0.0794345861650243,-2.70903315598344,-0.412490436992031,0.0211812477111492,-3.75512587347136,1.30933003932331,-0.791423529762787,0.0985483509546341
3.28480338750061,1.93572133370554,-8.33091499570988,-0.0388002737381113,-0.65801859072602,2.93928262710751,-0.516830131508296,-0.497673542563006,3.7481228110006,0.320826203520801,0.881948452530059,2.41558275688719
-0.960275678822111,1.1885167692816,-2.7333135162016,-0.230979236025204,-0.269397142866652,-0.345190411290962,-0.251601459214375,0.0899001615450152,0.371663295637093,1.38676950372648,-1.09149028966541,0.570180346582822
-0.924918885039724,0.848669961740411,-8.35071534924595,0.218103913971824,-0.0314663250616296,2.48354685688716,0.630009958637558,0.000511838873390566,2.88438328425992,-0.885522934180034,-0.442694549450975,3.13093036885876
0.713167996581329,1.0279692581651,-10.0398654591498,-0.562307437269659,0.0314375140401061,2.62066160181854,-0.499484089427046,0.184543249066667,3.89945282176298,0.593269434671644,0.0192723637944413,1.41320457391755
4.46606889070604,0.431098522181482,-12.6340521609182,-0.432017518928553,-0.220196216718921,4.32508072341614,0.2646115266113,-0.268959306672461,2.64765930218438,-0.343945977594364,0.482627759295522,2.60809831325181
-2.57066046108889,2.06819914373339,-8.87365741140228,1.03311185037471,0.0918470311970077,3.00692007044868,-0.148086334753925,-0.850051794172723,2.36837827521353,1.09628465913447,-0.389934270085328,3.44052592616839
-0.408226864725709,-0.454887727008848,4.07570918586082,0.33962876823167,-0.0939688475440937,0.356982788419059,-0.102120561829678,-0.0739772768872464,-1.32789843751601,-0.555375418448785,-0.445360777252203,-1.6768562764015
-1.83381242662868,3.33135755579287,8.61889104232435,0.421695358346961,0.242558844576052,-1.80752869041028,-0.220331302506068,0.00112131626086261,-1.63650043546828,0.082973370748518,-1.94494891764927,-3.4596361510639
-2.14017841221093,1.83174417166771,4.86770714510785,0.241925751387412,-0.388479194561318,-4.17501979501082,0.0187316569719464,0.0182239807790644,-0.241445310181758,2.01577338486577,0.339818396909172,-2.17805422419832
1.14847775122669,-0.405682091806767,4.34972116964482,0.318579735540083,-0.906908128694586,-1.6383094006904,-0.496039317380028,-0.351690974287775,-1.92675977237814,0.148259177076262,0.267390446873335,-3.27359727203113
-3.94803819417841,0.707589387126234,6.63350694004462,-0.0322111008628689,0.185458354742881,-1.05618202504297,1.32511203916078,-0.551342358390661,-3.2421150020755,0.826427733595416,1.32759241199971,-2.680518767194
-0.00553231673935302,2.29812395698886,-7.38598599952117,-0.19178925681591,0.109063493671178,3.07293498298958,-0.396642888292738,-1.08495179296299,3.10745130814059,0.622576426348734,-1.59977237281403,1.94359739134854
1.21019604768897,1.2055196749546,-1.2167528914447,-0.194296574106629,0.293700626201014,-0.912351951804884,-0.486271863499401,0.16840420944341,1.21264044695749,0.526599306123948,0.24767824185457,3.35962360459431
1.58360679559833,0.890795624325831,0.882984402751743,-0.112970964131495,-0.604886873455678,-1.07337151458658,0.147895733030645,-0.183721148804981,1.35929247894833,-0.673153649464965,-0.740294408063596,-2.57199331749894
0.205017232919017,0.447709615162258,-1.67439877267746,0.12817477222316,-1.5750240737905,-0.00585340957917014,0.15557887218196,0.523442991779122,1.21415084897882,-0.121850891006747,0.399136119045991,1.32385021697993
2.82896429465593,0.089584908406569,7.1184034096083,-1.25847173812868,0.507288720864089,-3.76339029924537,-0.495799063278338,0.221520334891879,-1.90781625713242,-0.812309117737898,-1.18033079816761,-2.83952429377764
0.00217825559524587,1.19074878380012,-1.80116393735789,-0.0906572088745777,0.642954287702498,2.67085019911234,-0.0746178352963984,0.0497035017180757,-0.245117393959312,-0.436893083155405,-0.565344332504892,1.9450145942042
-0.225995651019331,-0.454428099020406,-5.66346979112492,-0.578318523542313,-0.221680429606955,2.29609051166813,-0.30945237319016,0.0656690917178876,-1.70865906463846,0.375435442600541,1.040328895903,4.77155348765291
0.813411796441756,2.59113052762264,8.47534837663678,-0.609759892157805,-0.987839362211685,-3.65510518862881,-0.155558214524875,0.207818853437423,-3.35465527952689,1.39654008529225,0.0905754293805519,-2.33913260792718
-2.67013650664396,0.824632911847141,5.69350504314733,2.08365454192519,-0.0802160848362434,-3.74512933504184,-0.538741129628263,-0.218720420259232,-0.337147835455742,0.522236691924643,-0.0526559010196242,-0.108304596030138
-1.00810924281633,1.86384311964772,-10.4185493452904,0.0454720300422002,-0.444593255280889,3.57235546604927,-0.473019767377252,0.816383406204829,2.84071291459126,2.47210052142735,0.0312331157255753,3.60200383994636
1.89106232512667,-1.66414293035996,3.91692644817456,-0.484783236686024,0.0308845585974413,-3.22654062779017,-0.112686056854201,0.000563841145712775,1.339216902569,-0.997049171830047,1.66556810922903,-0.778640474783194
0.894423363572589,0.960622664594917,-6.12991668242238,0.0874920735055361,0.294601410169835,3.82356852658058,0.20343109757512,0.768603539832565,2.63829878361317,-1.7565373220343,-0.645388904324609,0.637718230425268
-0.0142312248030322,-0.250462174173127,-7.47669737698939,-0.553626903886323,-1.54790112363136,1.12494821793051,0.0732060796908271,0.0242924583628121,-0.0508849311098312,0.0113329911013733,-0.160386432882568,3.25913948080167
-0.129456916539697,-0.384120101990748,2.5350980368827,-0.00319246236163542,0.176352832804849,0.110952492337901,-0.0977478540872392,0.0931969551626248,-0.927224482267159,0.152734190857568,0.000514176340001433,-1.48036579948743
-0.991027284930834,2.7619474392626,-12.2210063736841,-0.155725324230114,-0.00699026974540343,3.19356472684943,-0.457208330559633,-1.23217681938653,5.36275753835187,1.08306526190973,-0.424038243070814,3.79680243558454
-4.48200020218323,2.15455296701583,1.43216446311027,-0.210009129600424,0.459699557613894,-0.900680594499013,0.270511686155368,-0.897909784749076,0.521162126640735,0.400456438952311,-2.30938552768223,-3.96631005966534
-2.62813218877959,-2.48231111830623,-2.69587379565369,0.422171947213201,-0.0636468187684323,3.56009642518496,0.0104086098359538,-0.096906197591283,-3.25418223922066,-0.0406832013080277,1.7318429909562,2.94442467133331
-0.451694812542992,-0.630840571321119,3.21353460591193,0.193355274528581,-0.38044049172921,-1.97136801697233,0.389154495798657,0.200971962578323,-0.84464165987437,-0.0724880042570692,0.442370091914205,0.560121812299751
-0.675036685437757,0.213325349764355,-3.73856442386076,-0.202336835702321,0.967428579623007,3.2791314845917,0.00050566358423948,0.00783752214333307,-0.0662826867440901,1.77918657763354,-0.873358381371556,1.35810301519743
2.64974666563233,-2.0052029788513,6.86648152519574,-0.278057316006915,0.230687341801446,-0.0630310627216842,0.498624642087581,0.261081314425208,-3.4056280044551,-0.925978743168451,-0.638577173391562,-2.4646006882617
0.0861838498846133,-2.054254430628,3.08730466910504,0.179129815468567,0.749462160210732,-0.689033615446595,-0.905060271359125,0.35413112924822,-0.227636484565253,0.219837833529468,0.627662144884413,-1.85193966120705
-0.231542558237539,0.595837925461813,6.54812186950742,-0.317126009170158,0.393661568745044,-2.07109346835581,0.965391573232954,-0.363137549011401,-2.96616457872528,-1.3260111682127,-0.169221734433855,-3.36865017655638
-1.2085917871415,0.113603369628683,9.07953606818123,0.223083314702053,1.31602830418039,-2.37099921763134,-0.202760392183832,-1.13357357495824,-1.04597688929813,0.209875981464556,-0.496580933502781,-3.05197691321872
-0.918051369256448,2.85713799721878,-3.84480361913867,0.139615434737625,-1.35834318833074,2.6564746002982,0.277170927903506,-0.329064194257468,0.120391044457968,0.0730001395725574,-0.0822644471629253,2.70281825106222
0.34614124620161,0.335340785714366,-3.06255399124102,-0.117459762002105,-0.0670852466843646,0.439573167503397,-0.79798390889663,0.29030677237767,0.561619405096726,0.164113700842724,0.540432395941291,2.06606598476099
1.32669853498933,-1.80594189456003,0.0181863530016901,0.228776600159977,0.268587948645492,2.26410755289613,0.799133351784261,0.249962116619289,1.76884001539043,0.456015052996911,-0.936500090184882,-0.679283971527433
-2.50461753838775,-0.00917806353888589,9.09226582503756,0.983047293271613,1.58972687761885,-1.70068357762452,0.438884773451691,-1.88043584957065,0.0697577217542278,0.588147186504628,0.488543280096082,0.99871218286759
2.58052598829369,0.965761233869417,-1.38669779309034,-0.159513800036735,-0.129088504808866,0.625762056278585,-0.0302457401976605,-0.0913477589762662,2.01976582305127,0.208463430288166,0.326501422197879,0.86425759044921
-0.120421678408229,3.35450433598006,-0.729925309229027,-0.0913715260092402,0.448311462742963,1.22097278366509,0.00934973407944238,0.4467684524852,-1.83087553328949,-1.56761736863833,-1.7581963640813,3.24129639142334
0.576460917240856,0.500807483175007,7.6052154785138,0.453934634140442,-0.585919627320307,-3.23710513988352,-0.188054730389166,0.0151033389125796,-1.56592563137081,-3.15096413868081,0.470410195305034,-3.50637877880914
0.200183523009994,-1.53068945791711,3.93347862265341,-0.101947645170053,0.478476827629205,0.264871226865181,-0.337396892937168,-0.205986966143954,-0.598087311792643,-1.43379851203616,-0.311276035209682,-1.30862984357728
-0.118711864843179,-1.34678824868287,9.45189419708991,-0.136676556885157,0.140567433216996,-0.625241549884807,-0.052409565018802,-0.161966149639911,-3.83510706906486,-0.226180982882224,0.554311880884493,-1.67234303450839
-2.2677662861988,-1.56377056859597,-9.28082348064762,-1.35649416552922,0.114931171511934,4.0312932207406,-0.0296077301814118,0.184428009218093,4.26947353176115,-0.44556156403275,-0.191664460250604,2.40671473877585
-0.959297823965949,-2.50643369015751,7.79901454142636,-0.0423474937252594,1.88884143122163,-2.95403593933233,-0.0205833291493267,0.327841226342724,-2.46667817793996,0.43261982774965,-0.204664534530177,-2.59306760147107
1.25997790359256,1.32263545939909,11.3657011881708,0.387212731430888,-0.44823334050192,-3.55299767978513,-0.263731243593047,-0.24541273975943,-2.95842131304149,-0.0046162265760209,0.176296980785174,-4.26477879895196
0.759606510509832,1.5651480505533,-10.2278877450899,-0.0125747446567518,-0.0935865590851312,3.74799440574353,0.597066934902876,-0.422615038352732,2.49127494197197,-1.00407906841936,0.0774084203634769,3.87454962954405
2.82562327374669,1.88808324546911,-6.24311898498793,-0.419493061325825,0.914197202927379,2.95183640445836,-0.143028264322963,0.0330757545804115,-0.648084654653272,-2.24499933942448,-0.550435449583511,0.362369391437153
-2.39984235830408,-1.30609476877815,3.27046002813468,-0.201801306296409,0.594361977695297,-1.17081328595377,-0.244281238484704,-0.0335506033990673,-0.240635343771764,0.138124002168318,-0.0449024672461977,-2.01780072364103
-4.20152187367788,2.30197592980665,-3.20070304479869,0.592117581400276,0.234658685377141,-2.07279699007905,0.202374233708115,-0.278125387471964,2.90569741902863,2.33925098374351,-1.41334851192859,3.60853410589393
1.55781612911103,1.95104705368689,8.47684505567278,0.220422391849982,0.168031300960001,-3.47930781882575,-1.44834789421506,-0.58696553837268,-1.02049782218635,-0.698149628900221,-1.54541399390087,-3.86730901548046
-1.67427751306683,-0.846926193554161,0.173678614575953,-0.0461326825827259,0.0805552761090804,2.99168735058439,-0.122994352209204,-0.36368153995255,-4.14375844780716,0.479545136421729,0.833561460862985,-0.22988261855708
-2.29698109031359,1.49446567675053,1.41596105869303,1.40185395773654,-0.262700162018282,-1.46070276418538,0.835853805721553,-0.116691410233084,0.265952874914097,-0.388811963442343,-0.459511926167139,0.944639984160095
0.706879807901423,0.0218266968485736,-3.83823404379341,-0.231530960039553,-0.509076047846517,4.37235540590023,0.181949291670795,0.0653527219746099,-1.84418300601578,0.795781240070082,-0.551446226940204,1.65174121766292
-4.25996719873621,4.30438209864587,3.67385094839636,-0.728528018101536,1.8561027421474,-1.07614622648385,0.00986395864485524,-0.0701361700406528,-1.0774021408015,0.393686034082229,0.0696634441160951,-1.45788387180878
1.12933513337077,1.86459830947675,2.22318654869834,1.15629850749118,0.076998588393,0.634597814846644,0.227992808140339,0.42996400047367,-2.87379240187437,-0.95909159623621,-0.729855630803243,-0.0804655525662761
-0.807027572511447,1.01527880219339,2.76699703803144,-0.30966708234554,-0.589431156370637,-1.44399435136103,0.0477573150258967,0.262713194448351,-0.710483237512241,0.109988934114485,-0.0480205875401937,1.53569302070363
-0.820817785904529,-2.92246008009118,4.34922478293146,0.196119243694408,0.803955514335585,-1.44387121675931,0.560559223834598,-0.286919917668091,-1.66158631010997,0.0610258989305313,0.145354356574118,-1.7528675403757
0.999476137362976,2.03030547360168,-5.11404469523382,0.17065271109825,-0.19697080820406,2.5354113549831,1.05511162105966,0.744709354928007,1.81707708915663,-0.210441592201017,0.895801680707742,2.202019809124
2.54302811531262,1.56072582614811,9.06755923114505,-0.65701042077543,-0.742942278237193,-4.57447203780497,0.185269186866841,0.077567727022793,-3.78476100329871,-1.33492526225728,0.31549561610723,-2.05559995807884
-0.152364995905784,-0.513866952268139,-4.88977381021131,0.64944791112767,0.211640665935017,-0.135538563046507,-0.470657692803267,-0.272913126558034,3.02109786824099,-0.252590322646024,-0.030212237925776,3.99894169775932
2.60949293621853,1.56513811149093,0.758741529157202,-0.203772847910677,-0.294268895845391,0.371082657163233,-0.341763899275188,0.148075579170061,1.25760509780624,-0.113773191977267,0.510091109746898,-2.17280282221917
-2.18548007816538,-0.934807086491912,-0.851478009093558,0.0711049217422772,0.735122757532772,-1.0413375772345,0.55808312477946,0.436456124628573,2.15928736404695,-0.407191120273502,0.189482664493618,0.191011589208788
-0.239972996048763,-0.284192256091059,4.87222913293161,0.242369115527825,0.0124393803380353,-1.21122493124258,0.60653366005922,-0.607829838346017,-3.79575994150349,-0.499794954049355,-1.4001852960138,-1.38913834543279
3.08330333313792,1.53423363052419,-0.609775266484498,-0.840475133031571,-1.80459508051229,2.67391861177922,-0.0840530941862277,0.0749491205537742,-2.33524389925855,-1.4397732826303,1.02067204668422,1.49804442409078
0.669969302128444,-1.98349163608301,-9.60003300018026,0.0858722406459594,0.0803555287172727,3.17303476424897,0.00775679312819354,-0.0852514186027535,2.47673729803622,-0.315275180669945,0.615585981420737,3.69693401533424
2.18623044192633,-1.85672391209082,6.34269405338167,0.169610639225988,-0.0483451234585313,-0.252429792341466,-2.49099664906185,1.33067847428527,-3.13516986886925,0.201818062274045,-0.0120474241464356,-3.12994627674833
3.43096198178247,0.677364654877911,-1.1390541157003,0.0759320775451077,-0.102830130398655,1.01269710526308,0.16937646768794,0.540148068269573,-0.511455881991934,0.298416622916751,-0.417352658371276,-1.1618246438536
-0.899369351886974,-1.73087128178182,1.05790236079118,0.867523046658866,0.292241628154437,0.134742821615504,-0.0440430743554019,0.0729820340759814,-2.20040604112421,0.689849504454582,0.83357909812156,0.103065226124603
-1.37798903838843,1.90912092666244,-5.98993421298883,-0.186157869151979,0.321582930000437,3.05280503905485,0.252466955625366,-0.471755344660071,1.67884838671116,0.923115030404171,-0.504097923793312,2.47776818573786
-1.81425213933532,-3.23378642800017,8.29334789521139,-0.606063837083792,1.90668851371688,-1.45649769800409,0.243656585567206,0.350711882144925,-2.74529053179029,-0.0565847696529547,0.272099358800556,-4.31958765783245
0.745822621407865,0.0750251615365685,8.7246446730358,0.00575239836143996,-1.10747449262623,-2.52866986808904,0.202325308376055,0.135077589387768,-2.71719983466131,0.59159815572415,0.669141624364781,-3.37541556826569
1.76064941668744,0.714820729593213,-0.823568265528252,-0.0925546145607885,0.0865908862588361,-2.73724060989687,-0.320384289262017,-1.34096690689454,-0.51456446019992,0.392179545909612,-0.559601155222792,0.88391044339544
-1.2533924124017,-1.86249535016851,5.19533019272332,0.557494607241581,0.298524759036971,-1.27908990775043,-0.223199092722595,-0.369820853399125,-2.11580674158911,0.297489783145538,2.79281617842804,-1.80535713064161
1.54424683168428,3.6542330472366,7.22274020609754,0.135012525379803,-0.533309413120173,-0.414230551420441,-0.0888113972604711,-0.133654459359206,-2.62376377718157,0.204170339958592,-0.676933946631783,-1.96692541395693
3.38039336457705,-3.00852970796548,-3.56905408940161,0.351125283947975,-0.366194091691606,-0.102850877203775,-0.379893400418504,-0.137364782782188,3.78405613289411,-0.602069147470729,-0.667134221033057,2.14775314785484
0.652091463421083,0.909501096077921,-6.8064073224477,-0.060128737261428,-0.327220140577293,1.50889320879509,0.353458258246143,-0.250865573241465,2.71300336815109,-0.994505198124443,-0.776701025742822,1.82315573379179
2.10261220208961,0.524802332378657,7.33693798187313,0.0366172615529914,0.167225775214701,-3.28194941215922,-0.630167287286271,-0.217136670517337,-2.16698991638903,-0.996538429351563,1.02086124259941,-1.21786039809861
1.21763130430732,0.331750341039055,0.0562561040356355,-0.0186274499213594,-0.493234184518727,1.20950800326377,-0.0223225187540461,0.596804983582825,1.91893165155417,-0.195734411728527,0.0355195751925567,-0.735877472078642
-2.73974405892632,-1.02329946110538,-12.2994684099227,-0.0698029008932711,0.267136127882099,3.08854238035786,0.110073708658141,0.0102453282846238,2.02656923783486,1.28470292394739,1.14549532572386,5.73467026812807
0.0547850839792655,-1.59530795622328,-3.56272872395111,0.00806379382344411,0.0304862932947857,1.74715852550645,-0.114990595029554,-0.213968649198681,3.35647380902925,-0.335526019365348,0.626051399025879,0.819420610216415
2.3800475715648,0.733517265711193,3.85324260073952,-0.206700442743668,-0.423546864327962,-1.80217328896928,0.350757254663663,0.0838994157369858,-1.12717638130579,-0.44261494126615,-0.0668560096942105,-2.60799790009532
-2.12008754730257,2.52774581475417,7.29688753982529,-0.469454515325108,0.144226097587988,-2.33170535323395,0.270270045637362,0.184058220002794,0.749793149000199,0.256360367162768,0.684812789963272,-2.80942234109291
-0.451712973944566,0.36021692515382,-10.5025733089553,0.451402981037246,0.242425582722191,2.81479235622332,-0.82787481476924,0.731111300331456,3.09307548680276,-1.10651916230095,-0.299657262054648,4.65359960080578
2.26159126302704,1.44510034251876,-4.52219446663161,-0.954024059083631,0.0450544156026752,3.54025625237734,-0.25422616635529,-0.405716480475164,-2.13086050591171,0.659071411912996,-0.170845945208651,3.36091649355344
-0.0220298330781608,-4.98815169309394,3.89668151542141,0.224328277897945,1.80393895130161,-1.78911868890834,-0.479751834247321,0.724767463244436,-0.926071207405533,0.10951718939814,0.0491540336522423,-2.60250829374805
-0.950363809961994,-1.05974643927988,-6.1839856604859,-0.00214431757898836,0.249757893173213,-1.40801756029663,1.61844874053533,0.547532452211639,2.4698170444832,-0.983016303351684,0.584912122963643,3.27957232153837
-0.0679138188631201,-0.744820328240537,1.97974789701663,0.0190146562638662,-0.00699696177637899,-1.24245574973501,-0.0134415908841919,-0.0706100247730583,1.10739062058174,-0.495417467087028,0.911904149601046,-0.983862740057822
-4.27793402111008,-3.42832124036193,-12.045708988119,0.0453407351198051,0.717496830408494,4.61169771149426,1.34849121909263,-0.333020343956241,3.21593120106013,-0.394113359336984,1.03017132873035,0.971080622314457
3.77984508978027,-4.83068912908405,-6.89079989769431,0.311564023962549,-0.217385010712048,-0.924411069769427,-0.820392015174611,0.191555552565289,1.29466841296411,0.396288510064944,2.78342227286159,2.11736543615844
0.681537255085165,0.0545987525287797,-9.31268577376576,0.444037786176894,0.278256949739175,4.65004429019802,0.0339547884125702,-0.894471434483852,0.27349110488018,-0.405989110689412,-1.5978541697003,1.85166544073014
1.63661280248933,0.312670428111503,-12.570164688399,0.236984537707277,-0.164166772410489,2.3396599203854,-0.344111612629227,-0.875406411068956,4.2867641282681,-0.417189091940888,0.816336047930691,2.58762902334382
0.774840097607453,1.50182456305996,-3.16576705620498,-0.480211078579367,-0.102778868287687,-0.0686539559736426,0.0315359090204292,0.116425261822031,1.31528835675448,0.0805047194876382,-0.324739956920643,2.38007152606643
-0.783193874205078,0.781496260481239,-4.9005496472782,0.0283368633690522,-0.252888645319582,1.29168430752579,0.433279857875237,0.51077337520627,3.30714076676555,-0.332722392794373,0.0177096300716845,1.63684050450579
0.757140287287466,2.29069514591765,1.74753890939871,-0.261052430478732,-0.176134641249758,-0.190067644833989,0.27241154423416,-0.496734586098154,-0.875931215764593,0.263003659565592,0.239243493456102,-1.66212610787425
2.04949668794099,0.717796434388867,10.3264238856067,0.410636734068705,-0.46222075839423,-3.00723363925171,-0.312411339430223,-0.231768110120012,-2.78261595364388,-0.0147031722599985,0.566236452870655,-3.6760322002639
1.40391390248697,1.65851826504789,9.30592099333978,0.530842162925657,-0.592295523684192,-2.54810133831313,-0.9641669717556,0.345358721561507,-2.91317102779009,0.15322104805126,0.0599329786582917,-3.45206804400006
-0.79703438609857,-1.98502977981429,7.90729463617109,-0.514572341972433,1.02848626888997,-2.50991457163116,0.575517111199372,-0.0995991210813814,-2.74640271879686,0.024160645559148,-0.0249149014634997,-2.29125331210869
-1.62546445303048,-0.275272488518426,-1.73080425109525,0.429981918298671,-0.0904781282519347,0.95827420903907,0.215437419904093,-0.147047460051936,3.11255113431435,-0.327411929130537,-0.310232727356776,-1.47781971829087
0.508218976345985,-1.66471963466221,7.32164095791353,0.0872932689416622,-0.0213018901195443,-3.1084062287915,-1.59928110372383,0.873638751167723,-2.4779166220661,0.392899657145219,0.0980905394194787,-1.60176281181052
-0.38898196668851,0.262102510672583,7.99483358576038,0.134928349038557,0.174922923039255,-3.18807643837721,0.155406263971818,-0.480929869923023,-1.92944739733671,-0.704848819289066,-0.539791460136372,-4.16447758527119
1.88676860710694,1.43788841441051,-8.371264748702,0.528733589273714,-0.0332449628413373,-1.23879305613521,0.00622684324440373,-0.156478909380812,3.30836439144741,-1.76821857585567,0.25135061445014,5.86225967826202
-0.603318676332492,-2.83718954062866,-10.408188039332,-0.491018023477271,0.320178561161513,4.60147947488946,0.935418809349336,0.0339766273704227,2.83600474204514,0.394448496778641,0.940311947798971,3.15192288143512
-0.24935472551909,2.44883153485564,-4.16704944110787,1.03072837205363,-1.53943081994898,1.1433189297816,0.406917261121963,-0.575271365497227,2.50872451601423,-1.14011955871951,-1.20711454187131,2.71883701481272
0.272529295702332,-1.03161315503968,2.65122386587154,0.0305717709439986,0.0657527656553156,0.410636303419552,-0.165957374150702,0.716593188830187,-1.47330714216341,0.400970065683502,-0.267606593962036,-1.32239196436457
-0.2266833681746,-0.555339078059626,8.85628993847057,0.234070652380344,-0.530280786183973,-2.81046086444983,-0.467517461621813,0.53287051032532,-2.77093266617647,-0.0569293333776555,0.24962093538355,-3.24434315646597
-1.75952657725719,-2.83061823420143,4.96562371559683,0.920741440248646,0.433723837028708,0.308539373816226,-0.0616564620458102,0.573616114684928,-1.99750655945238,0.611681034626688,-1.0210091755927,-0.615972629697614
-0.683154075798413,-0.0071415306617662,-3.70729682899981,0.126901367786687,0.0137113813088047,1.3427167501805,-0.0795722523430491,-0.088186395118339,2.6309578276073,-0.125344041004215,0.369972487595686,-1.51046216817946
-1.38966366377275,2.60795683379732,-6.94465687466734,-0.304656894623861,0.458981954297246,2.89315161219518,0.0937633236934973,-0.35158722728217,1.12690967396847,-0.628115760030645,-1.8950764260654,3.85811628632013
-0.454147359840141,-0.285594816988898,-11.2903933245865,-0.065535197414682,0.292025667354353,3.8657477376573,1.12201031753071,0.485562748107509,4.00193824800256,-0.905940293668091,-2.07425634072933,3.34532792032359
-4.43534173362545,-1.34175968161751,8.4538238263332,0.162203833276369,0.330251589855381,-2.21392308710191,0.11318743982551,0.198036308224105,-0.416170331353443,0.177207224719741,-1.67995713688079,-2.87049914027894
0.14375082325867,-0.114505856861877,-3.11278511938524,-0.072409118570446,-0.0941758789402795,-0.887087459569852,0.0645187934163656,0.808489757073961,1.33403203126506,0.0685723799821013,-0.258031494036117,3.07968308072745
1.51942152855377,-1.24247810389405,8.08664521689771,-0.0254092675981843,0.0502603164582118,-2.3525242269279,-1.02951024999182,-0.901879558285636,-2.40169974730872,0.972566436787665,0.761553165449134,-3.69675852006243
2.48149178183941,-0.643171168802954,-7.22055564223402,-0.664857414099507,-1.32542095897215,3.60832915308289,-0.411388081229453,0.880531368591977,1.19196229953846,-1.39119612080996,1.17805335214985,3.03273698608072
-1.82000900909286,3.05571046934101,-10.2308567484591,0.326209351286985,0.00524225888778415,2.8628892357295,0.323003202182797,0.241092076493976,4.3598748078455,-0.588973890803778,-1.73244195795006,2.84157330849471
-0.258636661289512,-0.294768048332268,-9.5171357985602,-0.0282133790184664,-0.0500478882087582,2.51556955065831,0.324660397995188,-0.204059822279662,3.09373982058875,0.0240105343697204,0.290495429058309,3.72552047494475
5.74381865034621,0.126730899328711,2.5874873926216,0.0505249653426712,-0.338854560952034,-1.4132505493509,-0.34204780417967,0.607157178200152,-1.19676119085937,-1.41418265458442,-0.304798472673236,-0.634792264118383
-1.41299795650983,4.38790526427375,1.91518757225901,-0.0790245443620849,-0.0963743076108649,1.23549599774215,1.4719746475812,-0.977201095270972,-1.71988439176084,-0.238031180901093,-0.50871094603311,-2.5588784556422
2.37438366092047,1.3625589871679,7.50286018418985,0.910368362615726,-0.598042409984437,-1.50133696780601,-0.426107482135718,0.110028057371233,-1.58066322626459,-0.917011899724638,-0.877192131247137,-2.44882155723348
2.71416200200458,-5.99064055591004,-6.11707820461021,0.0268308550693485,-0.125794804890514,2.72361958908778,0.387774594537052,0.492380328383757,3.21270198560816,0.245246337694168,-0.21305805967296,4.20725184260556
-2.86092536298167,-2.43777659527787,4.81414096606147,0.124621570799238,0.0989417150413588,-3.17847816493964,-0.0785782010890961,0.456841473119449,-1.19248022497166,1.00819292706081,0.840408103259983,-0.0777349309077644
1.53974380689817,-1.71262310305694,11.5808552189865,-1.15657243357449,1.06832906442596,-5.04024643819265,-0.0946398195877478,0.298604696564857,-4.07937708095813,0.532028137287337,0.0705767601806296,-3.45588107083329
3.25322384828133,0.50602779522514,7.466901703669,0.180855266568266,0.594406554340909,-3.45351086378129,-0.431634969938579,0.924009899830983,-1.58424650399546,-2.0103135201071,0.0645125994103933,-1.56980478395776
1.48129496608021,0.399456667285099,1.84959790084674,-0.0391194346352329,-0.183894632825721,-1.51589981404103,-0.789125103642411,-0.661238873019967,-0.805283587489445,0.0989434976319632,0.0458647609773578,-0.42040675513161
0.0196910218647154,-0.746722561339533,2.95703568976793,-0.0630196576568557,-0.0664077802652726,-3.18866034346021,-0.0115924541881533,0.345031717864464,-1.56997662259946,-0.365134716839843,1.5483068919778,-0.175674669827537
0.829999305017927,0.723515111618523,5.1454310965427,-0.909774934337651,0.108088852393443,-2.03797340822374,0.0306839847621563,0.0250523497777842,-1.70817365066931,0.231393175403691,-0.0916424794458976,-3.12246003225731
1.61237583843484,1.06308190494863,5.78148815442689,0.167493639500838,0.695371432459705,-2.72672535724731,0.284573620317821,-0.185689770285101,-3.16617627371287,-0.0610667125064845,0.264007851684865,0.535437215290469
-2.44444162760179,2.93499817804219,6.04832849983657,-0.113193206563331,-0.504229714283738,-3.61180075522001,-0.318103196031377,0.124180197002015,-1.57160310046099,-0.68506126557805,-0.573678164015518,-2.0257021725195
-2.02505998312688,-1.59776607142711,10.474490347431,-0.576346310367247,0.659769762580147,-1.84533136936339,0.482017590318816,0.374623081666863,-2.91090610128381,0.515177814284387,-0.130426263232488,-2.58302164239998
0.0802621020282934,3.96549276489349,-0.621361021968661,-0.29610767514228,0.575957639681463,-0.168149228438858,0.211301636575069,-0.535356679237428,1.66534661767238,-1.87613127255685,-0.972402569600775,2.91120237636789
3.92040098479421,1.68797624522698,-4.54601632070284,0.357338218907835,0.164914316244403,-0.241003014325178,0.0133273356966429,0.230328618012688,3.0492993723514,-1.32125173181343,-0.143795782560069,1.34532596975413
1.23112989166902,-0.299751376910836,-8.14040991425382,-0.400471086778658,0.053159093977576,2.36071192461045,0.0422617737062944,0.134283300520822,2.90481782928609,-0.809108063247348,-0.118984890421642,2.6867712177058
-2.73621251098658,-0.578862462183342,-3.95399235666212,-0.216217487195135,-0.529433121973954,0.762589379462381,0.819479781471604,0.418508949338583,2.06685460659334,-0.0895278204589825,0.0992246650049885,3.84837627207415
-2.81251119371567,-4.01156207697942,-12.0851965160703,0.0364709178483999,-0.0161244735668954,2.69424652105972,0.0905566523453218,-0.415142747629974,3.69642596028745,1.48596535909801,1.45951012177398,4.7082535811059
-0.0255912554079439,3.48425958000283,-8.55263416590222,1.28077228826212,-0.722747938129329,1.71245389589571,0.181510152404052,0.85184457921911,3.14513097078212,-2.41468237702338,-1.05974712893545,2.73602071817871
-0.10926969949303,0.481807830324098,2.53801313603476,0.449355127687329,-0.355880847849403,-1.94278857047913,0.122739103649892,-0.11302975417993,0.0738048425359155,-0.0124910047968709,0.00598337195037109,-0.684973434571154
-3.74019263434308,0.951677290566627,12.8476865932403,-0.0820408404630644,-0.811819086792236,-3.24053346152845,-0.142390086832791,0.0459649455652281,-2.50240108444306,0.526783690543,1.55461036868781,-4.47595910678012
4.04538392975591,-0.665776709809306,7.79390994341801,0.427452628335328,0.234949121366661,-2.52151523037588,-0.337154278419607,0.157061687154916,-3.76016299609252,-1.10076115602661,-0.715577697891044,-1.33910512105234
-1.36691816362971,-1.77324517292121,8.98981450348103,-0.93118434893376,0.213392131099618,-3.7696531538818,0.624270363075605,-0.825767838228321,-0.500235729032393,0.494558862560938,0.812900601506868,-3.57850678136404
2.91668629895363,0.552627836739194,11.8864086456792,0.811914809200763,-0.137555282623592,-3.33708408003671,-0.949490295068746,-0.555196656027398,-5.0907167928801,-0.613832348118497,0.679637765157999,-3.95785463888513
-1.91435680037281,-1.01061592326755,-0.893975334339563,-0.672653474464644,-0.205049604444531,2.92320793694954,-0.258710936233948,0.0806364253276292,-1.99432537945385,-1.83003463934474,2.1013185819913,0.124169247288598
3.67480360081237,-1.20462428968921,-4.32351365053231,-0.366312672958385,0.0292508152392951,-0.0326239034610333,-0.230654839555527,-0.525049476535932,2.68645190578491,-2.45119574402481,0.457900395426359,0.434336320730649
1.63434523244073,-0.60047863824494,-6.92193788352264,-0.266748622632715,0.201986434244142,1.85345833903393,-0.481631030891342,0.121450677892691,2.41872720512916,-0.268477586219465,0.0858905025507944,3.8135273760864
-1.57160680010765,0.736749241353943,7.52146850489084,0.68848363216976,0.0430385199868144,-2.52575052636715,-0.405294136863924,-0.438836027183646,-2.93842455017303,-0.314662312662631,0.342602496433214,-1.29764569774913
0.458529654086811,0.0999682811431734,10.236066321181,-0.119117549128144,0.580640408841714,-2.56265699692727,-0.387422922356715,-0.533725718267474,-2.41310967459197,-1.11428654278155,0.827168888143124,-3.72360753163785
0.808124475397462,2.28389318204236,-3.10116824001859,-0.536609781251731,-0.996898497175041,3.27339077884597,-0.52307115618928,0.097056968075828,0.263122795016228,-0.334571438285735,-0.468878407031027,1.17586251524874
-0.986160041564658,-0.529784851449566,3.77695302905236,0.0783671914039647,-0.496511785438619,-1.6769121109097,0.0070377787566072,0.348486025497311,-1.36881960260488,1.5212929789374,-0.0980359837263599,-1.71945226409646
-0.724177132437415,-4.72134799805284,-5.34992209695066,-0.122746316657573,0.331304361434899,2.12958653926369,0.471075377452636,0.502176666260552,0.921681189775135,0.272571070788002,-0.412220838056592,2.92608196420633
-3.82249019194199,1.39691308306571,1.536110451859,0.151205429059431,-0.00821966582400731,-0.70898657105658,0.528561437408721,0.269430668431026,-0.770172033762552,0.150801597388895,-0.118453648810328,0.941174333750589
-0.742427854480664,4.11976170068123,10.0043736932021,0.0507246954348687,-0.184756181943915,-2.97984083261195,-0.11269472227517,0.657767697549899,-3.55191984616886,1.25099431297276,-1.15203033689262,-2.35331365073794
3.25489759836798,1.5371937634079,-6.91681038753814,0.12593668365798,-0.443700228894045,3.28560641573152,0.165514626152856,0.00538122536493445,-2.01968310129668,-0.765515898819045,0.70955875362249,2.33434511679441
-2.82890833584093,-0.914957273998934,-2.49103571133081,2.28176056481553,-0.0188862844899857,2.97613094252228,-0.478888571459528,0.385384237671816,3.35128196572413,-0.439653962176839,-0.184376536682392,-2.53495615493585
0.974301230015426,0.142935518624656,3.19803639843127,0.271615148774249,0.475085748279633,1.03187022467939,-0.0560263539423193,0.44251638802823,-3.38521386644118,-0.298719658645444,-0.031108772375901,-1.88988484665284
-0.65603946292604,2.41366914649832,-6.06542275039185,-0.321294367884013,-0.27337460434877,2.20407759544615,0.618412985805167,0.169308747935078,1.26122535271836,-0.135515882836609,0.00296351215596088,2.99669523336762
-0.252820180902478,-0.0943417799138295,-4.81211704494659,-0.000593023391007446,0.00435579944357045,1.27422823919314,-1.19499032335385,0.451607312311038,3.70829481206037,1.44337023270558,0.865758582771267,3.61216695392621
1.9956994337699,-4.26619746045372,-1.67895101198423,-0.138829105047937,0.0294606700945232,1.23208155394662,-1.83804911708109,1.42576726719815,-0.402989448728827,0.36811431426229,-0.158380211708303,0.572047095759937
-0.31543319782432,0.383980744277789,-1.79257882403732,-0.0108393505655384,-0.0402350788839625,0.0483777412473478,0.405894281958201,-0.184169612907207,1.02063228914772,0.044297264350547,1.05005220822149,0.386326531641325
0.273699522849213,0.45640336215336,-7.86962026605756,-0.27071018607929,0.167036257902286,1.4110069544018,-0.045424054427415,-1.27944492155105,2.45853225203136,-0.122936303424367,0.422593676186567,3.62488988580541
-0.0224373091119484,1.88602018362295,4.44837634591788,-0.434590769806459,-0.400573463265865,-3.29107080673987,-0.380298747619297,0.00755454721238637,-1.53346607281888,1.23114937795794,0.53348529985169,-0.922337630517256
-0.158372326297509,-1.56447871287695,6.34505014893027,-0.00604625251466524,0.0564801243676172,-2.82860595668663,-0.385772092039396,1.09837584509228,-3.71252503573162,-1.43992104420867,0.069162218266564,-0.0374168100364648
-2.70515619861264,0.104266146249174,3.53590006189338,-1.22788582070824,0.0645625451366002,0.860547603800302,0.203204946511697,-0.0630365112611776,-2.64268160362983,0.233701889892785,0.0501228144736443,-3.15165166094357
-0.243923320318419,-1.09483401843821,-4.85341723156127,0.36428186465866,-0.446925436926005,0.807963164433527,0.00870706516205998,0.576903650292952,2.97542165326223,-0.130625696951771,0.0439283312135441,1.85731071559204
-2.40948886592206,-1.10287152564105,-4.80697143824641,-0.256554453794437,0.16605235406957,2.74844383632189,0.337735603072224,-0.808121722423966,3.26416904269277,-1.69357447238621,0.593163966384516,2.92937146273021
-0.921024992918945,0.810785315075255,5.90329905516234,-0.236573803601537,0.364919852972695,-1.79186237763943,0.949750281192831,-1.40483243458821,-0.514548266303546,-0.158885579537362,-0.413834338143891,-0.706869812119462
1.04562947790185,-2.76133356589387,-7.22961018565828,-0.173591835941114,0.976126236155029,4.01075306969748,-0.84680969689271,2.54703058065479,-1.3036228725778,0.229594043352732,0.165846925454162,1.70467619793797
-1.55147856674342,0.0160083782295886,-14.025985731003,-0.271254402677379,-0.188465990032407,3.3770148314515,1.26011268819196,0.293118621892377,6.3552229686849,0.031595271030253,-0.693756516626047,3.1994552990089
-0.685892446737313,-1.07796561819163,0.352740476159455,-0.49856630778234,-0.419884841285509,0.834758114755609,0.79322041688599,-0.163897277313221,-2.04183355139329,-0.491296003994681,0.23044670014696,0.432451849731258
2.88294556553073,1.09486743890798,-1.88883541298025,0.677041481385059,-0.0388243305237223,0.391415303945494,-0.0453663003277333,-0.0367277648073966,-0.334096316169395,-2.74760473307754,0.363275903585398,3.98552180598862
1.08810107108705,0.271724747967756,-9.08774350677442,-0.163069082973806,0.317195918227352,3.68547937611276,-0.231006756105699,-0.416510585550181,2.59531035135086,0.153405084967096,-2.59806096627253,2.69181230643363
1.19782444146035,-0.979923908170047,-2.8157529678302,-0.580525069145917,-0.225550454874481,0.534276104205014,1.43937044444819,0.974336319854514,0.452575443048584,0.163010426831561,0.268643863543526,2.93983974011446
-0.880475230160521,-0.970527796916395,11.537839823097,-1.02113778414728,1.00546741508875,-1.0932673375004,0.221622515312383,0.174031377336857,-3.10250499267225,-0.848099639846807,0.363064236094717,-1.59789422021615
-2.22872455252619,-1.74372351729901,4.76993447054786,-0.154356735690016,1.40487329956768,-3.39184683753848,0.26140701875064,0.372848921714565,-2.92155381791506,0.362220869723569,0.112896209564351,-0.236390332324112
-1.98611722775811,-2.68506683713555,-9.53515002501787,-0.182714559223203,0.110671518481275,2.60509635650338,0.00664452738362855,-0.295876511890258,1.89296939593938,0.303937679984528,0.574049634987465,5.08622998464385
-3.98044048222464,-0.414825771055231,3.16318923087991,0.0139033663775777,-0.106602608920132,-0.533606950062229,0.24326024359547,0.456112793180875,-0.755054722035026,1.21019059962014,-0.364214684072739,-0.55386524637987
-1.05347419719409,-1.53192466104225,4.83488829556278,1.20377612746136,0.951997285494932,-0.514779020675887,0.464741230965563,0.136979770719175,-1.80846384105074,0.896644973219308,0.495932433985616,-4.07294638178017
-0.214588380287764,2.96445557935504,-10.5046131310088,0.132092562325455,0.00943271730439546,2.0679929341322,0.0668016613060024,-0.218395407914557,3.59765662653736,-0.0359313126252547,-0.756638100771347,4.46040846376884
-0.562198871930191,0.00591801688615612,8.21346626315876,-0.157143137836627,0.234605708114543,-3.10476087005315,0.793596315626136,0.409618684460543,-2.97502637760987,0.125250391559951,-0.769210225750067,-1.58285397110646
3.51741758807263,1.90051578936124,-3.22987476406861,-0.879077815579496,-0.399591886302788,1.9947954821549,-0.620496711656294,0.226870986602408,0.478813097224317,-0.360065969250025,-0.0618288161372239,2.05749400423201
4.45370564701425,-2.58479351115309,7.62235648604897,-1.56965309127292,0.415242509961626,-1.71514139528868,-0.479528200217125,-0.294699190545044,-0.502548311704677,-1.27965418577609,1.88363971260794,-4.78155484685928
-1.32273323765556,-2.0212901041948,5.15978159666373,-0.267498410032299,0.262746548965523,-2.82428375115552,0.063817777654301,-0.0258107610730525,-1.86377132355632,1.39819346786191,1.26555508380688,0.114706561169001
-3.846671121865,-2.18317463973022,9.68491989132393,-0.559422187515386,0.300759494849458,-2.90948769525098,-0.0874538946913612,0.142300844904237,-1.03213015569865,0.072247416012974,1.10927497605665,-4.67879079774344
0.526888581709249,-2.00629762033865,-7.86302964786091,-0.59950389940884,0.332626425374764,1.40855080098124,1.14445029176411,2.11401206171475,3.12989105740317,-0.701263389249554,-1.65963627723374,3.93092169288898
2.26507128979724,-0.581762437440773,-4.80699525528811,0.260111232812153,-0.211607829191306,-0.725979074845947,0.0255505677733151,-0.724062390114224,1.48058074318527,-0.268208950135364,-0.0927964792561399,3.54674062174735
0.370188793707625,0.767031588330058,-6.22463128083655,0.00976929605469517,0.0189415461499851,-0.801305283586765,-0.153074296121833,0.0226290894372467,4.00179322936399,-0.437311592237846,0.281449821935688,0.500922268289728
-1.02229126132851,3.43936613720716,6.81643406264417,0.0311474971707787,0.220963868974095,-3.37418166946493,0.193799142606371,0.598080327129667,-2.20361984707353,0.739850505711566,-2.98555664890363,-1.86809527558067
-6.29971797034693,2.24923047093866,5.23062505324267,2.40544165190374,-0.780388400285436,-1.42954573834007,0.685012916618652,-0.562385788969486,-1.1618906967931,-0.276205468295125,-0.0312952838346918,-3.43893238489624
-0.528521226544764,2.24706226325568,-5.81836844082436,0.33494322944863,-0.378677142171046,2.5295123568575,-0.551391592421878,-0.0573208031063685,1.66038166945673,-0.228001966175708,0.202185507193366,-1.21152317725364
-1.5221809418798,-0.843720359668515,8.18240351356286,-0.569527255273342,-0.111370546763052,-1.27442082285792,-0.640486627686627,1.1731739220326,-2.48664629127989,-0.101994241605063,0.220813094584114,-3.84009861726841
-2.60345531873731,0.0436981933044369,6.66645683653371,-0.000762171677382753,0.185350904677022,-1.98454287598512,0.514556171700909,-0.305686320912268,-3.04853974201283,-0.418050165680096,-0.0618585858505805,-3.00742861622949
3.10439063022311,0.714484637374071,-8.99721872047498,-1.37304593425646,0.0743556798127714,3.20849580223632,0.0868850739066734,0.305493453758398,3.91165968557139,-0.128840582814909,-0.0337063869466527,3.09496085498765
-1.38786796229077,3.16371040827928,-6.58499874120729,-0.0438207206771126,0.156352280530074,3.54368621175232,0.234816492334369,-0.280735835503597,0.160479521994999,-1.49043166189569,-2.53212170899387,3.94277580486988
-0.540258679892489,-1.53140953429671,-4.28708095513368,-0.343835787602172,0.0410672747929944,0.70784179872745,1.13883263378032,0.322985604609332,2.06119590688252,-0.526204249476778,0.448892219569333,1.32755997208535
0.352906190814228,-0.410576230369153,7.50162343224316,-0.0619670334738253,-0.0389552543775539,-0.672407669790422,-0.00802065726137219,0.519132938664386,-2.56505365906185,-0.649465935550246,-0.0749757757135732,-4.43568409466438
-1.23197119461739,-0.920866008821373,-5.35119784819418,-0.153414225825244,0.330458085766535,-0.486206084673781,-0.353359672281387,0.106531240142951,3.85577463140361,0.464424556705348,-0.013945863789282,1.98119414252233
0.736582160018424,-0.662872684395397,6.7277177410098,0.102037849370324,0.148886831168254,1.48249784999901,-1.3501273974328,-0.532695751875127,-1.69219524050918,0.0797557657624795,0.0412814832544441,-3.02897145185152
0.745572222811009,1.48084668693156,-2.11297581467198,-0.299967442493658,0.0204714221874487,-0.829057990849147,0.0150600142916034,0.0112218243773204,2.21984680277031,-0.702405934551545,-0.80594460070898,1.18968574715545
3.68342615224763,-3.94734416144566,5.53931230126034,-1.19657169799233,0.320195836672839,-3.91503836301978,-0.416621823208444,-0.698520738913029,-0.868890266754709,0.189668489345076,-0.0514196090059167,0.546656715484366
-0.234478057362558,-1.34379557636911,-4.30870158196058,-0.0511185859802288,-0.517984849565981,-0.404180263619215,-0.792106730234167,0.346548541385632,0.570547802549539,0.232331538229736,-0.117726169959359,5.76509774384814
-3.49116886529991,1.3550947132372,-10.1051003649335,-0.0177166816560452,-0.112154719528252,1.82263779026262,0.743055114176465,0.0366905313348521,3.37814127292457,-0.919439934215457,0.0029831443728041,2.78214066087046
-0.320301421929633,0.239922602421114,-7.06320420166074,-0.904019361418682,-0.234681836106041,3.63989310692594,0.488755724367021,-0.276598914197908,0.431191088156338,-0.385648489899104,0.816126089519861,2.14259745502208
-2.40288555823598,1.33962268763421,12.7085200547508,-0.0896857937718002,0.0968571460271958,-3.63699507601189,-0.13702388829445,-0.668517172580899,-3.05098322112401,2.0702838138247,0.436156052717616,-2.16920893934962
-0.129572730815549,-0.951796659708778,8.69986392319698,-0.169002870119124,0.60138188415632,-3.20756866621183,0.23263675993371,-0.0397967370699425,-3.41981490170654,0.346296998208781,1.17066274035483,-1.82878075746056
-2.32241666368648,-1.11660788681386,1.83958908913258,-0.264747194435211,-0.32498704294009,-0.0590332430025061,-0.388920168707169,1.02539248776356,-2.43775227962322,2.21517412002247,-0.871016032537206,-0.159219661637092
2.12681564073055,-0.24546637592551,-8.94834790370636,-1.89823234352372,-0.50324404611851,1.91400861759703,0.307177392375093,0.307019811457934,3.17809104270577,0.296058249548803,0.761349070214947,2.59018763124313
-0.852168488449441,-1.42751793309987,4.18691302481903,-0.243225741112039,-0.0763749912418712,-2.47196896682253,0.0024236939528151,0.173810544175412,0.60494681683108,0.0616460282998312,0.460572239959195,-0.980468081866588
0.451920536108847,-0.901848000349195,-8.89453338154744,0.76742641593196,1.04112798789156,2.38910859013118,-0.368609575568224,-0.118800154297894,-0.223304464526781,-0.0699731858322413,0.639858620494885,5.97648123704325
-1.33190133551569,1.7398130095283,1.22379950534077,0.203656349939256,-0.000288496676234085,-2.11142335259153,-0.106907629261428,-0.213764088074282,-0.89468488719565,-0.129377011870055,0.152944216622401,-0.514036211264356
-2.83068133533744,-1.21049056188904,-6.93766014099993,-0.256691581424065,-0.370797663215078,0.815892673650711,0.195884344255036,0.0105086707463828,3.4990387498402,2.80452493216824,0.73518923798132,1.85278077645562
-2.3465432866189,3.4120622975885,0.218359807027189,-0.249830393246176,0.362849600185985,1.92346757589482,0.116150442818307,-0.404773783624257,-1.82381170795293,1.22724134543986,-1.75470745915945,-0.557484034121018
0.333620492963321,-0.528913365148365,-4.30815450520847,-0.803126022250044,0.433647227827775,1.56676806858063,0.799677806356502,0.821285809904428,3.31070391952323,0.456740526043216,1.40027901016816,-0.621434085417438
0.970570014060961,-0.707238430402251,4.80930701249923,-0.0829066855826654,-0.370195437862298,-1.26025445968091,-0.176476074272364,0.667868535852426,-1.96087605170144,-0.854254183546707,-0.293690386131217,-2.51598297883904
-0.762122466841222,1.73778129558439,4.21433432831879,0.297319167023536,-0.276705310115012,-2.90656193071027,0.530399817266019,-1.29371946603222,0.795644880033898,0.140823962791097,0.00379828742029698,0.481938414663558
-1.73752471334112,0.744748838384269,1.15864782191799,0.0588111224805395,0.248614681967972,-2.13526335315952,-0.0872894303620923,-0.213976120187777,0.915492673056878,1.25230139130458,-1.0492181913791,0.309146381380251
1.57293914041026,1.54424083127228,9.22003180298456,-0.286151311743657,0.0981674169747071,-2.78140293540088,0.247368945262446,0.48100297324955,-3.12550653569332,-0.125760381860246,-1.43139824813084,-2.75633856513016
0.981693624309614,0.109024340673719,2.15096913926328,0.280283256518668,0.609782577174228,-1.77630770512598,0.223321498943874,-0.333647441222618,-1.94486677897243,0.392771813081143,-0.0396273270635487,-0.106391795187851
-1.60080070443249,0.722845633784811,-6.9017572480959,-0.0374946476847521,0.182721061054739,3.77648342074614,0.0677725911572511,-0.940654012873428,1.29449856361315,0.881983624965019,2.8012906525318,1.86535128720936
-2.26552323650875,-0.0574221261055692,4.67912819903418,0.353725475114291,-0.538837066055425,0.273614709791268,1.20479040948776,-0.183765832123526,-2.47971774569609,-0.16322711760971,0.913588436913149,-3.50855213110428
-1.42441203378145,0.884632276989586,-1.82157452403197,-0.267818004570061,0.216535119318486,1.15244396828078,-0.092178270728001,-0.573293101971251,-1.41211644375666,1.29966271898763,0.729767998810627,1.12355441981295
-0.566631372929098,0.227160876971275,2.16491657439881,0.0382383037652875,-0.0138640900701648,-0.129114918054624,-0.956857820791456,0.140999198629477,0.430597099684097,-0.286121621695646,0.526619715895688,-0.650832803051515
-0.436951555526966,1.52057475258136,4.66218418637838,-0.0339918006943119,0.198367919977817,-2.24658859978569,-0.0551539723197513,-0.493020099739381,-1.36028212360942,1.15716743284843,-1.01382803779114,-1.35763714447321
2.21347273864041,-1.59704839287623,-9.59548068107403,-0.56446894918694,0.168162920567735,3.98490654457308,0.441809706999395,1.25799781370573,3.54356063504091,-1.13956493921726,0.589760110337252,0.634562240926105
0.908097473979255,-1.63218752398752,-7.02010237146807,-0.0535492717804087,-0.359286971028386,2.94771136713956,-1.1548322381789,-0.0949321853361428,1.59196449689113,0.905891152375619,-0.658281754505942,0.432275436850949
-2.94440618167778,-0.281668964811604,-1.33883008350719,0.246950036805937,-0.503116119330794,-0.662080303971726,1.53661838268283,0.676786730387787,1.42301428263224,-0.292955987126403,-0.37519472229425,4.03767455903918
2.41204196935234,3.82679692200039,-2.91941197293655,-0.607788324095777,0.182816829643,2.77692070911335,-0.338442912892222,0.051840311409546,1.45294293110992,-1.01497365100617,-0.892416619906259,4.01204822356147
-1.49618060506119,1.81554541979021,6.30944425536168,-0.393863825720644,0.056021872147142,-0.89846943707095,-1.4576160746673,0.106945107326313,-3.41710720990174,1.29549019982312,1.28844056848527,-0.369267270129206
0.198839849655796,-1.32748282416276,-10.0259916012366,0.032293881224957,0.836688607528386,2.97152446575848,0.08912063801169,-0.00635461848351693,4.22630797562262,-0.0331858843398539,-0.0950383617212248,2.274794357786
-0.578891806951483,2.19131413700523,-1.60422050391389,-0.266021871802036,0.00848288837524624,1.29693117424343,0.428409814075034,-0.076148808965339,0.784397868806302,0.326401134269526,-0.974215530842758,1.85636964294807
-2.33452553014778,0.812845810672156,11.7508361399803,-0.714223678351426,-0.574648586943537,-2.47670171890925,0.177175221384493,0.00756601851411753,-2.52140737669309,0.792858635347014,0.0245950703658717,-2.3379012693794
-2.19737310293462,2.56379791651975,-1.80146320358797,0.167336567616616,-0.171045456788768,2.14743378836917,-0.220832608264329,0.204032623995378,-2.55069580517732,-0.0751926442230932,0.0807170919263153,3.43428818442812
1.79516765424882,-0.515678359167207,7.93437051928969,-1.04077372523682,0.00350060220831216,-1.63178442220397,-0.67261695856157,-0.877068503553198,-3.36798377184713,0.923512570202253,0.49665338368656,-3.57241163418066
-0.739079832529853,0.592652135299329,-2.11645498016584,-0.158023681596551,-0.0444001113733409,0.729881015644536,0.414951014544442,0.128777894822013,-0.594878133010357,-0.632840739059595,-1.7166289132407,1.41071279427581
2.76056745249406,3.57752232405848,-0.146666940873514,0.204958240196287,0.145063189535583,-1.37197197095586,0.430864737415147,-0.167359828747562,1.41257465224877,-0.806866949124624,-1.35181293608514,1.83174317387201
-1.6005788819262,-0.520490916000101,5.23455340417846,-0.272705143615002,0.528206787870571,-3.27334869858755,0.938147530581544,-0.57446194715717,-1.97316704485146,-0.230130895680395,0.3061135059545,-0.230407323580013
-2.47339113424839,2.15217121584459,-3.65197023712059,-1.13827182567963,0.955781231608415,1.06202254905774,0.0116292902736298,0.114255083144277,2.57057932824789,0.0548267645253684,-0.292433364162345,-0.431534092742808
1.19009540173558,3.56152527690854,-10.5330419822402,-0.553001616561459,-0.0717748260101077,3.86026567852382,0.172701459040928,-0.864251079575644,4.15304066720059,-0.647688512576219,-0.214366739160855,2.1916445858434
2.11131526844953,1.73198949442125,5.27632398064434,-0.0898384486690086,-0.0391990623507063,-1.66040984236065,0.421093538339362,-0.629641794558875,-2.30038402583814,-1.86209972693714,-0.644107905173906,-2.45652177083426
-2.61465826684313,-2.57348129440496,5.38308820543193,0.0748052212282463,1.20782038440648,-2.36934755838467,-0.683494580013433,1.07414868046037,-3.01278454547663,0.635560669128939,0.326107152091625,-0.640216502843323
2.52893255026441,-0.28079889469593,-10.2274521823374,-0.296170167916605,0.1342229193392,1.49280342836634,-0.556541787274311,1.05229289048701,4.26385808459824,-0.269082516451212,-0.270263285441672,3.60911745017414
-0.907292916090809,4.15268733516927,4.69507391772379,-0.224235772054706,0.188105007137432,-2.71707939208618,0.193500551838742,-2.02160551875955,-1.95308473758359,0.0501364169223224,-0.263610587142542,0.458108462078683
1.43465067557382,1.11925442762341,10.192693561726,-0.215914830414085,-0.417816231489288,-3.51052276435489,-0.532054484467894,-0.0713770869465716,-2.56903732281379,-2.76360744575553,0.734332372622831,-3.32924060829613
-2.65221409540826,-0.23245430342747,9.13472211276699,-0.134933154677362,0.10644744563517,-2.50032833973103,0.762666332840677,0.216787141430576,-2.13341943000574,2.23325332421465,-0.940859922193603,-3.69558015939509
1.94582816121271,-0.421247462701639,7.82549492554897,0.658487028568273,-0.114147836904134,-2.44207489032737,-0.758976084760712,0.286803097086784,-2.8986765933468,-0.447981364155914,-1.31546369344359,-4.56696968624965
1.00500981162875,-6.13933528177876,-2.00484392727198,-0.469277465469773,-0.623098551363831,2.88755157109201,-0.199271885761792,0.139457678742674,-1.67804543039553,0.0941399142440243,1.91845663289096,1.55586806999947
1.08989732574089,-1.83620897258708,4.99449775019739,-0.708575562427229,2.03943272609368,-1.14083821125936,-0.103262268585558,0.568453593960291,-2.89558003263129,-0.482707306637391,-0.127615999736795,-2.71263359506383
-1.88460829763487,0.716303248088654,-5.75970690613005,0.300309273258902,0.17599302479165,1.27452813872712,-0.0905635519945047,0.0593508576291864,0.357256370771497,0.542046851970266,-0.580746694868588,0.0944961772795061
-4.57803507745467,-3.59155843406794,-5.43457934818684,0.388263627211789,-0.205109130050693,0.823974315805181,0.0735148383953391,0.88832898565588,1.84828030416508,1.43219775357156,-1.24048334419683,4.42177003469925
1.02630327710025,-0.855436663236533,-3.71286734774626,-0.0380539640392423,0.237558035766266,1.54194202177625,0.0901885683979771,0.546355169648131,0.106706338746202,0.674944820821389,0.238979350569221,1.47477387580281
-0.978009013956059,0.192993158689952,1.26115421580476,-0.113756776543734,-0.139137323960921,-0.351461492273048,0.0156342659422909,0.120686951759234,-1.66216110435279,0.467964187016341,1.25874830061358,0.883567853047691
-1.59074547468962,0.921501463989292,3.48076510525129,0.00802836837448123,0.0409401196987659,-0.898845970257768,0.210601948533554,-0.725525756773993,0.00286318320165071,1.94526410982446,-1.03934636983427,-2.58990816121778
1.49079968709626,1.65720135528199,-6.47844427390958,-0.589949208613805,-0.0493808197201113,1.32934850590543,-0.795568642682651,-1.12307910212927,1.39701920447981,-0.535560830927704,0.0443269263028133,4.00888715056796
-1.49248896425994,-0.073743096666363,1.9367843595544,0.71587451459334,-0.667937098862225,0.237332721793074,-0.0550221465019218,-0.40025121034674,-3.59041353168964,-0.0607260488216467,0.0481777154289275,1.91624736253514
1.29009694657049,-0.780768231432962,-9.08281263344963,-0.209269625246597,0.0887810137711663,3.33003223702095,-0.280987323846439,0.0312461347993948,2.05486660959425,-0.413680413074223,-0.000662090561210329,1.55858566260879
-2.21414418717322,1.71855341374463,6.97913810992826,-0.222648600775922,0.0252887705430328,-3.54266999138064,0.503216295782402,-0.606419847594987,-2.19400325030287,1.18120029996041,-0.154591195393864,-1.26481584757664
0.633082950142024,1.1695512093404,2.38828571214908,-0.236519852378118,0.423113286394058,-3.2458999034542,0.00111463416463827,-0.0685798325935525,0.477859687703463,0.351651688391431,0.982618730255411,0.634719618461506
0.533039650969726,1.26792014525083,-2.96180982163469,-1.20002816662576,-1.48739941563654,1.84466838646098,-0.735376906774426,-0.850700592779444,2.87855350442592,1.35484804394739,-0.0372004402718568,1.37386529403163
-3.60387353513445,0.289982268009563,-0.892669300074959,0.615702863796173,-0.618212263707818,-2.86647995995125,0.0121723449907495,-0.493346379280686,-0.464800171416195,2.36537489336006,1.43058745712601,3.19667410921577
-4.40271697037671,1.51466470518498,10.5887637284923,-0.170391788014145,-0.0559183041181037,-3.04412576345682,-0.00693844512492316,0.399018716080926,0.100181193788381,1.61194414396797,-1.43275140000583,-2.94941064145724
-1.88376402323791,-1.21063398875643,-5.34702405602088,-0.173426672115592,0.098264023409149,2.53328337580431,0.0991963615878855,0.164818968092504,2.56887552962426,2.29948648113422,-0.0719689406773392,1.78159227867791
-4.09632504917089,0.0852613805344913,-5.53198602024665,-0.272461032271216,-0.201722400846147,0.960601112955865,0.969021653474713,0.0367288181513668,1.58513408464518,2.30886703201117,0.0361083017586293,2.28790723886768
0.705013794309915,0.0838829257060388,-5.78752336881664,0.679396560373082,0.55048369855755,3.23647891967071,-0.115941391170789,-0.315284413629157,-0.890777694987618,0.900199663037811,-1.12239513524784,3.69125554774031
-0.00965070103886934,2.59123721939061,7.35629877877523,-0.0470535296017189,0.313418330268515,-3.54179357748405,1.35109614467982,-2.11874439368602,-3.40194628886209,0.153405537614338,0.0163002607585722,-2.33918508993474
-0.893158770493681,1.69843778064653,-9.2059790341545,0.599518556729698,-0.0626964640897094,2.34856990586843,-1.80626101671537,-0.839458860702813,3.43064566138854,0.255953250811942,0.990920631447405,3.12779722647027
-1.15758756385732,-0.366752108790573,3.40275087439483,0.287042139297184,-0.355955669506281,-2.02041195869827,1.14840426249006,1.57178030175241,-1.26717886015121,-0.9946693579844,-1.13642647657618,-0.581523473155432
0.799487748289207,1.29216204276601,4.80030877723571,-0.430005588523999,-0.997943763645008,-2.48248774990949,0.113718906567664,-0.0644843823592425,-1.31279097261667,-0.555096632049714,0.269784641075796,-1.3050412851932
-1.34469721500503,0.679443685679009,6.24745783504428,0.662596211599568,0.207716992308915,-2.31364575805801,0.112911058251875,0.342708157426828,-2.7476027930911,0.283472127523205,-0.204817764233175,-3.16541875069789
1.64109090534871,-2.07750452595197,-8.01429369418156,0.475908697943487,-0.264202622621289,3.99868588346098,-0.676763253464509,0.113353563264648,1.96729294915842,-0.348582205596793,-0.0733755104902593,3.01030572699267
0.245796573107968,-0.800234972576018,9.34250755307766,-0.280895355106638,0.440273765691839,-3.43606326117541,-0.146156735034206,-0.650309816896645,-2.59663862040832,0.291089052644062,0.142156463348262,-3.83358342124493
-0.148027075023029,-0.902470938744333,2.41919563242109,0.681712186780729,0.118104999994016,-2.01082350233929,-0.142329186123812,-0.235497645906051,-2.42052551716699,0.187313853262994,0.336712507429496,-0.46314152650101
2.18758397945879,-2.00776829555677,-9.25461037107379,0.142620804831957,0.379098772365774,3.41427312348541,-1.6205428407052,0.504636525044409,2.76130493804433,-0.399600294232403,0.222765818569559,3.89717117786894
1.01814945572057,-1.09613303776376,-7.82520885793036,-0.513421349896092,0.601259873852964,0.36311730200731,-0.5685268373872,1.04179581969975,3.27733736065402,-0.118049450274466,-0.0161965809406237,3.52761939661419
-2.18692542726043,0.172053997691455,7.97009947667938,0.420180521283984,-0.681035141020245,-2.62015995643577,-0.243473544656063,0.465415807860776,-1.81466579930229,-0.0293804733267496,0.381640944193632,-2.86038722921266
-1.08686669465688,-0.738458820534033,-3.18947679885833,-0.429091659109903,-0.213790103912973,0.200694733406873,-0.85229030952686,0.225954755133915,1.86345711053498,0.302558800134962,0.572116867109016,-0.719430079498993
2.51878002037861,0.586177395453132,16.4732415826328,-0.634293720952803,-0.38762620598197,-3.59172429165813,-0.17747645340631,0.0700290853759696,-1.87642292623632,1.03174360520185,-0.882508294826785,-6.08800059290886
-0.968415676575285,-0.954053600228029,1.70702215201312,0.179458789316798,0.2051489661939,0.510099680765287,-0.00411109762112209,0.0845107687022175,-1.06595019877405,0.856501941708837,0.804657015634494,-0.156993353563236
-0.685533794035437,1.29892912798358,3.25348574365769,1.00814550335524,-1.52299941102323,-3.21057115686665,-1.35924581917927,-0.800425724999846,3.17158922770258,1.13678612393925,1.09636786820762,-2.3474340198293
-2.28768868435523,-0.0723929734685244,2.80614379045004,1.00255101543449,0.3462773736256,-3.51080612479834,0.68954215995519,-0.0381907201919342,-1.3732630974454,0.0787438936455754,0.13909440384101,0.557677861066205
-1.28728743684607,1.70086907021553,-11.7872049094789,0.869851375133966,0.32698138028166,2.74107949086708,1.29910638917203,0.134676359785098,3.55858982840153,-0.526888594644856,-1.16448750372219,4.04171057825614
-0.465576213203518,-0.121678263081064,10.4582240157434,0.301385296108004,1.3762901108527,-4.11107539847526,0.366118208333399,-0.169767696783734,-1.68108755382827,-0.182396262990422,-0.393737629857747,-4.44118022245832
-1.15591067937528,1.23187588710001,-6.21655018658434,1.96245005215528,0.248682106121499,1.98871876787733,0.626135688501536,0.277975691209345,2.9825397357044,-0.508446441576996,-0.0989635894774868,-1.54811376318168
-0.989342103442854,1.4090623581479,-4.06288450686478,-0.521148812140578,-0.147725446118043,0.231643701772682,-0.0297306495670623,-0.243192159933661,2.46443676455541,-0.351351043243824,0.796650147921891,2.45268637902622
0.245743538029821,-1.70911926014732,-7.72280201376522,1.39662279738287,0.984966876638552,1.67087193782206,-0.381112336146912,1.19749183387253,3.00383921584811,-1.27812157524535,1.09156249827819,2.89234018644683
0.519593670366852,0.318820941315611,6.95333372924217,-0.802151191799471,0.310450793341886,-1.75929664586767,0.209951076261799,0.145498431029948,-3.3630450532692,0.939259294587819,-0.430491448238771,-1.92260133023836
-0.357312885786522,1.11549740240769,-5.70298664473305,1.3448225631544,0.802315620005989,3.37112680416167,-0.0186523591161522,0.117364342113555,-1.12956676202855,0.566546345618837,0.315333122870113,4.0949378602555
-1.79930323424026,-0.332541339793015,9.1698128567888,0.462448700308908,-0.675237057712474,-2.86765188044522,0.404759469732311,-0.294840521181368,-3.41385160779995,-0.487757938532513,-0.435981081472584,-1.49764085633083
-1.44504963841861,1.7966614902791,-4.34618786346631,-0.284463245189049,-0.371556458624913,3.13187311073257,-0.240908716055583,-0.0748861579480258,-0.511182491527533,0.877369082348462,0.170629925978941,2.55464800253579
-0.422192711766036,0.555474182807835,-9.98295759712099,0.581261671469525,0.487716666771707,3.84222344491189,0.407226262385593,0.458734678782103,2.42944155636812,-0.268166757644899,0.116566418412388,2.57316575751334
-0.467126840755747,-1.54568259742513,1.21836744067031,-0.0391452907235437,-0.261092747013991,0.104456009295605,-0.457959556101656,-0.333213493361084,1.13463523337831,0.0653605635581482,0.00708546146507174,-0.627892734805
0.26850795592494,1.91559934077878,-5.63886459724083,-0.106873721337026,0.000383213944615833,-0.27094354261218,0.749376913632319,-0.46126898881874,3.97056146489873,-0.31241840238638,-1.18226503004382,1.42093547191615
-1.81236192304836,0.139361157747854,-5.69368194924395,-0.129473384189391,0.270003094590444,2.18873346330343,0.534986943602662,-0.169021524823685,-1.31072146174402,-0.44459089285541,0.207437255141923,4.63267011918877
-2.50139921011315,-1.53045579171345,3.03419227605022,0.196101331593297,-1.17897944619214,1.86083791852804,0.646347347548183,0.258722240997153,-2.91849814380736,0.828009860940623,0.625166476471913,0.263901596662323
0.106986223058023,3.72180705792498,-0.126651216756097,0.106109499585353,-0.0890199267045892,1.11226330588466,0.125853377196736,-0.0330879795675226,-2.52702407878383,-0.427370685206502,0.132408311893015,-0.514037367935843
-3.22580350393354,-0.693815010892049,9.53394594547063,-0.358637870666599,-0.107543840936358,-3.3545932100776,0.205875469343695,0.469543088474665,-1.86682156669019,0.547387704871359,-1.54540755020925,-2.38982803188024
-1.35814405293354,0.291489011484386,-4.09862589493689,0.192111925107067,-0.0218804731346038,-1.36083707250032,0.0512155348996474,-0.706829126472438,1.37995825296121,0.131189295079897,0.0316286064904915,4.22970716510133
1.12139983034022,0.469442807149898,3.9791155388886,0.057964618399698,0.731010779381934,-1.2128335581999,-0.361102466720184,0.396587053790879,-1.63992255439307,-0.123689435203902,0.0124971448087332,-2.3554465766873
-4.68223474868458,2.81207083640807,8.23374932526431,0.401275201762063,-0.208089222253621,-1.28438753895567,-0.541255982621065,-0.695542178098986,-4.07443070486886,1.5698883898371,-0.0485697407194384,-3.6719801615771
-0.225840769948113,-1.18119036249576,-2.88580168206215,0.076510306113665,0.367902220983917,1.09176603955922,-0.113531355941735,0.132992432010934,2.13280528511417,0.00445652154147849,-0.291332069977038,0.967139642808623
4.75167436196096,3.03559574451213,-0.00693606176983685,-0.0948315546127389,0.439151953221605,2.21267011814488,0.345400471844598,0.132148016222413,0.815314761850972,0.955874967046672,-0.847240756617169,2.40605647944406
1.25422164907139,-0.294646634844214,6.71752251555426,-1.15691850803025,0.0463147906059398,-2.75120141600999,0.194469735596586,0.322855873885794,-0.621570853876692,-0.118895985552151,-0.452060258312319,-1.47335211747571
2.4130732948947,0.91683742006818,9.73144891972233,0.605013289212956,0.647892807138536,-3.78082524177946,-0.065306947657181,0.043430187030365,-3.53325548206294,-0.975461707226744,-0.825792784155768,-1.34754350002041
-1.87394741847762,0.157060161874678,-6.70265695678527,-0.326712711294831,-0.835657707736771,0.114642911869323,0.0772167074193893,-0.0553239392992544,3.40563667179233,2.1361661438781,0.775541639043237,3.79365065822914
-0.863035386518225,1.59931033750451,-0.435759740159526,-0.504064405195014,-0.770402813544744,-0.998065580756388,-0.461883578528172,-0.0697518399869618,0.549476394117505,0.0784220159100746,0.409176749896016,2.52673804104987
-3.5170444806531,6.58897197733832,-6.51852466145685,0.782583153919077,0.0687682199427203,1.96731898201114,1.54512379504306,-0.719560672566219,2.98255218748895,-0.0853476729819715,0.0938902033875598,2.34394454467376
-0.969922030167474,1.62713432644627,9.45612927076618,-1.17124164081401,0.700454513636107,-3.22800258470817,0.0792891022562446,0.120917144702411,-3.39649635491398,0.774950430790912,-0.221679032919419,-3.92171510537024
-0.506396273502366,-1.23815692275509,-4.44729102618812,-0.230645876843578,0.134506272277817,-1.87042985654847,0.124360563993704,-0.107072051005033,0.609556511932316,0.426756116320416,-2.51330346856877,-0.908723433993812
-1.39883502899115,3.05788413376507,-5.65332258507111,-0.126565244310676,-0.162006020834068,-0.512813476966987,-0.141215996617768,-0.244960224506486,3.35685626129296,0.038842987103531,0.161092259330555,1.80430007616957
0.563916865372261,0.468042606008301,-10.1166949627552,0.334891787269136,0.460168578167083,3.74781183718405,-0.257001037074497,0.49287142820435,4.4778765605107,0.658140640067868,-0.575859233302796,2.94761535186727
0.15515265105283,-0.642722419836352,-9.01418148780194,0.164235007372907,-0.0784013868850327,2.3601523011259,-0.537417893519354,0.235303200974432,2.13778018541546,-0.278112789104175,-0.587988867922916,2.13323396517111
0.421253106118637,-0.468233124252547,7.13448195030321,-0.279983746231857,0.621719128852927,-3.59452294651595,0.321589368735145,0.367655103282329,0.131828543395613,-0.7728437249132,-0.848599114111907,-2.86891449358698
-0.0180409592154895,1.38138218145331,-3.01973363639246,-0.0542602892853823,0.0530651483510682,2.16566301877518,-0.212025585664007,-0.25038606546934,0.476840953537113,1.99234456047166,-1.10338629039572,-0.0646696900002714
-1.28315896110134,-0.0298427575739891,-2.70984775468804,-0.0595600521792311,0.507797499421599,2.12908357438374,-0.113374573502883,-0.44425494126599,0.413255689750591,0.484315011640133,-0.864001167140109,-0.88256315694162
-0.945161206193487,-0.566534588817228,-1.12270139005787,0.811229429230022,-0.292261277663444,-0.729073149951047,0.607165079552299,0.391731403650896,0.225572179099577,0.0771452052004974,-0.200405219332802,2.52118695961825
-0.505766841616137,-1.21462125191868,-6.31845254192606,-0.0903361656874319,-0.0483181196490002,2.78040756348572,0.0997405515217662,0.123891324032303,-0.0560053099149336,0.594025297722786,0.183899735743208,2.56063091617149
-1.8663496724659,-1.13388824608655,1.61570852467157,-0.196405822129521,-0.0742807583782901,-0.386862295558276,-0.0298113770139513,0.0291299092791313,-1.05052228122177,0.461305436556628,0.149248875638027,-1.80937169601635
0.247537568686806,2.72628932184761,-14.5268690630242,0.78299010562327,-0.050347008010644,3.69857584223508,-0.313807856263177,-0.00152520219395761,3.19473557242459,-0.447048866533686,0.539278576639523,4.4820308491527
-1.53900518404528,-1.50423893309418,-10.4026580158094,0.659103362866519,-0.692922142415417,3.15987454799532,0.0458764138821913,0.187815402310287,3.86629880631734,1.0171131321458,0.43691903927205,2.18311272083219
0.0852660335947792,0.0224098135754675,5.42226441302528,0.279578714293925,-0.429938255597775,-2.50878063045657,-0.162370178857775,1.20633646105918,-2.26010462026046,-0.0341755050675788,-0.170461714107689,0.784927206085656
4.80594761540187,-1.89521008525238,13.2698149546483,-0.870102248430161,0.755837918993988,-4.19633578473973,-0.386249617009701,-0.124598291296378,-4.44343907971303,0.134296253464155,0.327499836890079,-1.64785388220413
1.48808614151156,-0.867788190792473,5.67398442065257,-0.60593114010622,0.131555882103308,-1.00328796793491,-0.184560712900386,0.297521281033078,-3.46762447404573,-0.377447539317325,0.348152356702044,-0.651749353931968
-0.732197421254818,0.181483811016652,-6.54706481079553,-0.0442732571158773,-1.68280592230847,1.64491698029297,-0.0708616471365384,0.598146691498585,0.888574397513735,-0.0199599439810388,0.454878833788096,3.60646152513562
-1.54738628153592,-2.3218677512677,4.43881237552326,-0.11690219538992,-0.0066364610322316,-1.91164906809805,-0.300680317640311,0.130632512912367,-2.53856169634166,1.40045409765919,1.27676018214375,-0.889753985607132
-0.833164420490072,-1.04812405688773,1.75737036912181,0.376268088067025,-0.039418679487134,-1.24167978015959,-0.0423674022359548,-0.156440681568814,2.09357643388543,-0.471404116466951,0.427595929870967,0.131478304686431
-3.68699714600284,0.590206829083803,-12.0275442523949,0.419852447666677,-0.0490385361395157,2.83488343589191,-0.460485740284441,-0.0827792806093843,2.36190019099217,0.302616587513935,-0.799780878379317,4.1295443777251
-1.49183143009787,-0.838663912310011,9.62660002035487,-0.23081043313973,0.202337029969305,-2.95864931930509,1.96883885067125,0.137039613719636,-2.60301874892503,0.0493281850318466,-0.257569279525443,-2.86902370820035
-0.953007965077456,0.593747368584913,7.88859156223062,0.0533707967222999,-0.125911792448904,-1.47965156725816,0.038902014297462,0.107007833061903,-2.61683817015944,-0.482151465235977,-0.54649956334721,-2.90413549303006
2.20624155518165,-1.22560764693945,4.92114447878991,-0.112605186739544,-0.222385860347113,-1.18781482002897,-0.414563374750635,-0.211822260095393,-1.72240764886989,0.14114752164385,0.390907622330784,-2.83951308196873
-1.50653032955668,3.9515771181068,-5.98032590279957,0.990830348928376,-0.537355369232374,3.84059049554702,-0.0982755678791453,-0.0830362952161216,-1.84170302785466,0.463027441248997,0.581404875189436,2.45177954958018
1.27907384512334,1.77920150146606,-8.80721831800554,-0.596301767030192,-0.263473508256633,3.61649394211268,0.2114797421528,0.220637405690243,3.57730562486085,-0.525888050365101,-0.00851723778763751,1.86856604015885
2.34576083252567,1.48085872580876,2.8116815973459,-0.0705565777290958,0.486855475284304,-3.34468645121701,-0.577104741630845,-0.353636617685209,-0.782982905170488,-0.59614881729795,0.190299405016025,-0.865470656991078
5.21627988215242,5.54095627721499,-2.13902068937502,0.482294709079005,-0.475693212697076,-0.315088024080196,-0.178825972377684,0.200921917039415,1.2681154552846,-1.55402129509796,0.43703022686735,1.91748616810553
-0.967814459447055,-0.418406428200067,9.5875215427475,0.236942384270786,0.09260751928405,-3.73455942252061,0.264843929188427,-0.537143505353105,-4.58392139734125,-0.96699493736282,1.41123893600392,-3.61498208174493
0.0725149272701012,-1.9890159590832,-1.52982676577542,-0.552687706179731,0.761945495740927,0.72307129637066,0.0663499525075258,-0.430787805737363,0.118304832408944,-0.0254205287075811,-0.0288939364846762,1.43930600430704
-4.46066063590407,1.25087703705854,6.81705624783485,-0.277199235385492,-0.505543189224676,-1.60206519270568,0.329248172242378,-0.209558849866304,-3.08273754530447,0.11887207056106,0.139829437358628,1.9831752867898
-0.543962423657894,1.13484848007846,8.10613687265125,0.375243183648087,-0.42014032009242,1.32134799256392,0.206616947335992,-0.0634831549984513,-4.77188909074901,0.00456747208236036,1.79818322296154,-2.68282953720168
-1.70903636241463,1.82830026033879,-1.21638607742513,0.298397745114534,-0.208125541282204,0.879676927260472,-0.0592916486451233,-1.03901241092731,-1.52369266610972,-0.185492381733643,-1.34091575320116,0.569154616945722
0.178907208273032,0.671884021706379,-8.89593845740183,-0.830793725579403,0.434092569447052,1.08451812477862,0.303960077837182,0.0161035695321817,2.52230458092931,-0.52353531091892,-0.0181590442988663,3.77231577942302
3.25060951423614,-0.505780336280701,2.91488102050485,-0.465439045096606,-0.474219733453003,-3.54427359400443,-0.075858927388517,-0.894060775958031,1.72209863691666,-0.110162381921448,1.70598184581703,-0.543641624945296
-1.18658833989134,1.40619295905129,4.28707629757345,-0.0748149149584397,0.0977091122553687,-1.0833138932907,-0.825275330337645,-0.39654148446861,-2.293606759455,1.64702621504355,-0.239974007287833,-2.62659032181497
-1.88421915072724,-1.44221998712578,-9.23110300612831,0.182134646074535,0.398285921530938,4.7193143849331,0.216809812566933,0.102600579244479,2.97876352472958,0.985957501775132,-0.401361410210258,1.57239427480819
0.483908454416569,0.832097750811447,6.88135191088028,-0.0331926829978254,0.112123907290931,-2.80661767568378,0.219874111384575,0.464792412906784,0.0251498816852387,-0.0100127572885988,-1.48730397449906,-3.45433082598066
1.26404288222543,-0.134084765722333,7.35175197276978,-0.099914779511819,0.0604273913668034,-1.14487088713965,0.534698978119648,-0.276036718051278,-1.86146655717165,0.205059032951914,0.276008116338499,-1.81736618359203
0.547417151318972,-2.94781472881212,-4.59328969897477,-0.0847567082729398,-0.345722563452533,1.13938409985695,-0.531787905512889,0.144252938282784,1.1602164546832,0.643553783461239,1.63447810349826,0.858165995950679
-0.105770072349933,-1.33945128519155,5.9260952894974,0.554852802078866,-0.484752198799778,-3.0085490060238,-0.026943787413581,0.48701360274295,-1.5652216566825,-0.128462825723628,0.0328385947171601,-1.16476999753596
2.32185329912878,-0.838291793096982,7.28061683778303,0.103896396845416,0.430060200582841,-2.71977357964519,-0.907107227316992,0.788004468584647,-3.21302821839325,0.0805931318462226,0.817153746808544,-1.41324576757351
-0.5141541972922,-1.75781717047805,-9.60219457618864,0.3480156934335,0.0304036129171324,3.18928066178064,-0.116877007832389,0.0479137628528683,2.59661788873082,-0.365511988437056,0.0562207587433419,3.09786680416689
0.132075309760879,-0.547180992781171,-4.09892472052073,0.0265381423599037,-0.74185786277979,-2.54802074908923,-0.456968548644896,0.443078523780166,4.45330552325509,0.285513943545037,-0.00974827137655292,3.28230222139152
0.661741657200734,-1.59300197277675,-7.53902336547098,-0.511385989613251,0.17713396798014,1.50503315156644,0.326023078263727,-0.0036151181126801,3.48877583241118,0.297252105926132,0.91753468888166,1.64197284126313
2.0618026744832,0.175690335992697,-9.98881134078274,-0.648108197476082,-0.383761089095981,2.78150519118124,0.400286480606842,0.236456711260543,3.08750885217839,-0.864028380073633,1.1785137628966,2.87997881570293
-1.92550216161377,2.66457446828608,-5.20560860589837,0.119646314108302,-0.421017932060872,1.58255277330316,0.0560827323232295,0.0366832028535142,-0.487092859369762,2.11111069247585,-1.99115318947296,2.56538374217168
1.32632874818598,-1.01431327222621,-12.8250357118624,0.903702903225882,0.859299914545647,3.16796457020727,-0.783890440442093,-0.371324907903651,2.48556643196469,0.572116910073983,0.933833671775102,5.9267157636977
1.10623400964084,-1.55643310158008,4.73324742297361,0.600401806359435,-0.126410369630001,-1.8909475764426,-0.207352931422282,0.426976565913205,-1.99076759593945,-0.696831380452603,0.292670952627622,-0.764527808549484
-1.11521917097122,1.12189609947859,-8.4664947071516,0.394407484545786,0.452381501097916,4.37171297483413,-0.119239356877172,-0.351012183005557,2.79425457759029,0.111072374723599,-0.53828597449702,0.850311449506943
-3.03134074517877,1.79915930797742,8.60947525643759,0.202662541547746,-0.285513545060895,-1.99670819580725,-0.181809583036649,0.121749726935115,-2.14388159757705,-0.483866627990205,-0.914110220734557,-3.40467856767747
4.11575062499286,-3.2497357406137,3.69328947652012,-0.202385511034318,-0.0055034185048589,-2.1055314092453,0.0339563698464081,-0.164613068067808,-0.770520118649408,0.970116555445884,0.619056783956589,-0.799059383809422
0.485226324664167,-3.50008738967649,7.14163792506129,-0.399119284927476,0.177257348576463,0.837371304752805,-0.417338272436149,0.117712104384683,-3.5154384401564,0.743157221497178,1.51994984030846,-4.59302337936058
-1.81179221399065,0.158459579919332,-0.0392893300893677,0.179673250669037,-0.190966437362701,-1.46998893929096,-0.31497215017102,0.264233451790216,1.72476179704564,-0.214812860467601,-0.087603029376171,0.92320362842562
0.861916975678274,-2.42045873144221,-7.93014001604967,1.07687450689786,-0.784664173074533,4.34417029070077,0.109937670958073,-0.0575099814155031,1.82868597087199,-2.48937457978137,0.39922949038414,1.5049725071914
-1.5374458162462,-0.0959816371903871,7.63399135207022,-0.260268178365784,0.0144688049861489,-2.17850341762621,0.089040501783893,-1.27613734919422,-3.57513064162484,0.746782778201742,0.449858979558055,-2.76709386285396
1.22933714976819,3.22492787304475,-1.93457540522185,-0.141384313607601,-0.144282344724771,2.92485788149855,0.0329207652952613,-1.50141787425232,3.36862368172474,0.00270808929397692,-0.0484104415779012,-0.62999299334651
-1.18349345483119,-0.0197374520563882,-9.29973764695447,1.05037016934585,0.908944509338687,2.38420907960188,0.175160461479362,-0.251180745730761,2.90855709212802,-0.324437931570392,-0.035354165526058,4.06382461788999
-1.03292521054947,1.96875274742187,1.85977316785796,-0.265286351848153,-0.383229406891083,0.153640234261583,0.377889924045462,0.243060225349303,-0.179937833825765,0.204917707693839,0.298534416802859,-2.5455093987007
2.88459253495619,0.410228952037716,3.73974736373445,-2.54342627624285,1.27664243832013,-3.16221339477304,0.201109817511724,-1.15298840693997,-0.607122219336377,-0.403714665999285,0.614159025577285,-1.94745445613799
2.43298203216259,2.17388380548374,-3.90690782748496,-1.07673128121253,-0.998635301201731,2.13706356231277,-0.305077671664925,-0.311436474861192,-1.20617486792197,-0.0903479531988063,-0.364099574971831,3.69901478367642
-1.83422844844343,1.55304489102223,-7.66064033443584,-0.118744822705889,0.264293125761072,2.75624344669939,0.547416237257658,-0.277863364059239,2.1158177945525,-0.0639563076443259,-0.485946607166563,2.76050871105297
4.02902067148073,-3.55761949067962,-3.26145771325869,-0.255099946176015,-0.0124637077851624,2.23266100306377,0.660020602793182,0.288353839110601,2.05560433950897,-0.340890355551542,0.162254614510644,3.64460852790855
-5.37703321103926,3.33634262034783,6.38085219187586,-0.355200261186106,-0.0398336669915414,-2.91842709741618,0.74403043638836,-0.156520221433803,-3.23303950036888,1.63597486796706,-2.69571754241329,-1.33479784258194
0.264948277030951,3.43487757340837,6.7506254202704,-0.202376609923499,-0.956216717325579,-1.30458905648489,-0.474788815707788,-0.782836659721508,-1.45377443765732,1.04775912577981,-0.307307531478771,-3.70568179278401
-0.636204385566358,-1.6698382009144,-2.47612967139165,-0.406083194555187,-0.185968767503531,1.77195156569991,-0.00599001449089974,-0.0323359300595716,0.679150207348998,0.159542776818801,-0.184122268548838,-2.05724559597966
-0.277642574891102,-3.48334956794444,11.6960753292155,-0.0567967641631397,0.492575480664336,-2.90403659779326,0.210464394917009,0.03256974613054,-3.59934054204458,-0.755871159870134,0.688407063397051,-2.90989677769952
-0.944686696000717,1.86852386002545,-7.96481964308171,0.422999514282144,-0.120346100955084,3.79369535073204,-0.00172100305567497,-1.27462800957324,3.0830454909144,-0.60743682561367,-0.388044742308082,1.30269829772431
-0.563823348997795,-1.3392686551112,4.18619512967507,-0.103563815050976,0.0142246152059932,-0.150140307543243,0.651381794546425,-0.126657872936131,-2.67162400074948,0.36106047852545,0.0645971036920321,-2.04143741771222
-1.66411013907259,0.0919180251164857,8.83045198118381,0.0649254324641526,-0.122822939181154,-2.17977293252957,-0.375079361333338,0.516266334619147,-2.80350651566703,0.445584623790205,-0.39659220911341,-2.27533194746066
0.941769846815652,1.6573048127447,6.28415006211275,0.505978500439693,-0.0101250832033933,-2.70414901481167,0.224769929674907,-0.103902776590641,-1.15236421334829,0.0963921202374388,-1.36005226451389,-0.917699513373349
-0.938693059149427,0.291617701626509,-10.3945731314877,-0.0680137554205701,-0.71926511021053,1.26273817391844,-0.963993629029298,-0.039845857661115,2.79738034521068,-0.996799926525156,0.613870075325837,4.21163769929845
-2.04698581359884,-3.75468642463186,6.07268557139457,-0.0364836794400255,0.290414312594202,-0.827804143961377,-0.364233157393458,-0.550435135727954,-3.35242873976778,0.753684037768974,1.90644641932008,-2.84027776273236
-2.20268525635558,0.0104777298892119,-1.62783235301704,0.717020020901364,0.0324232229189993,-0.104338987569663,-0.183178878482497,-0.353649806275339,0.220803459018663,1.18197826164483,-0.520626482405858,1.95727848953873
2.05015459864403,-3.08796937774154,11.4552923384781,-0.180736598670026,0.829629423046752,-0.783190624786675,0.352288718429733,0.267929908921999,-3.33526530962198,2.16247295627282,1.29717018862011,-2.68467455276283
0.33006830572294,-0.771766300660782,5.84392545777949,0.594875420918364,-0.286877858219626,-2.11544975287528,-0.472317337972055,1.48712865719885,-2.619351350733,0.0839997129721332,0.374517731543713,-2.66093260675613
0.253639608475001,0.183704771568453,10.4780314528218,-1.00647210523976,-0.342762171503076,-2.38008664091302,-0.336586785830432,-0.0622390531593497,-2.36289120866954,-0.976217787114402,0.636425919847669,-3.92591553892788
1.873547020303,0.25908728770519,2.299398955382,-1.12745654568296,0.931633283295135,-3.95486778932334,-0.224885263864146,0.512892321699856,-0.0166377665915417,-0.155982438540537,0.445971814249431,0.475395043692237
2.75750091738455,-2.35919343444372,-6.81895898262069,-0.932661119632588,0.168877173905893,2.25181734115455,-0.291141500654512,-0.164803125322973,1.47395161821701,-0.235004532725515,0.408324262213891,3.36127897341022
0.498810397430434,-0.0312586497353557,-7.56075933577025,-0.048979685755358,0.60117695311863,2.80126235640867,0.375879202496341,0.0995209840045485,2.73153515552742,1.80373637963578,-1.77502669434279,1.07649913441531
1.31065505461607,-1.62848446962816,7.16659870773726,0.137374555688606,0.759236621401497,-2.58368670445344,-1.42948665908202,-0.101875932572991,-2.06377751172381,0.324925350738299,-0.4049632204999,-2.59234628266986
-2.05646214629687,0.684357013336717,-0.516231271184459,-0.0625096434539281,0.542906559490152,-0.604613227308896,-1.08139845325035,-0.10842409273165,1.11320097066926,2.26702620510135,-0.480375029487785,0.741765375262532
-0.269302607039879,0.550688252750452,-9.67310925649986,-0.641639921662896,-0.105045159544877,3.14861619952459,0.736493729791251,-0.359656773011276,2.33447746260145,1.45575221437895,0.714675541110485,3.86587480488133
0.27305938486052,-0.41251731668663,-5.54484828905987,-1.57659276877298,1.54544869258158,2.08574817671629,-0.503994771529197,0.948070571922042,4.39977531575857,1.03150143161616,-0.149598754441382,-1.01952465275909
1.46993962249982,1.78567606289065,-0.146911905127007,-0.217218135613041,-0.30665547601327,-1.93441140329773,0.290357571332633,-0.272887823382907,-1.18352137711361,-0.571512453003088,-0.225132651837274,-0.351842893258213
4.17194430689274,1.80170800785368,4.34248081749517,0.0471880082025596,-0.25385416423027,-1.97520092636428,-1.87704999981834,-1.49446741156366,-0.75207706732373,-0.199016584100669,0.438712443386298,-1.91035759572221
1.63086898690732,1.14569678876147,-3.83000647167032,0.18191660569696,0.663945528345341,2.42408668470668,0.0194238247455255,-0.245319451664422,-0.867377942359794,-0.198745281765356,0.369948178058079,1.83104842928028
-1.79284175712964,1.60044448800355,-4.80411117267534,-0.149949699122199,-0.180190109829299,0.707830559056803,-0.0401666259898921,-0.752793138991467,2.00326439231824,0.570410259147172,0.34662538957521,1.17023666823052
-1.49087565792493,-0.515330714950151,-3.91325242162018,0.925282599143905,0.839423245030251,3.00233752992847,-0.217611479465785,-0.069601280171401,-1.86914640267893,-0.976993270047128,-0.261271874555935,3.68548830212138
-2.8318007781721,3.31432235472764,-2.83859846821709,-0.0128074678103304,-0.111136747313604,-2.14242947554663,0.114469226792906,-2.1308643288419,2.27514739440206,0.85509905282916,-0.654280225161247,5.0896040619605
2.640380163202,-1.18318825594114,-3.20659769415055,-0.285104104833479,0.233058452790227,-1.61481039271667,-0.196803582916767,-0.32862311155644,1.08202473930569,1.20297235456225,0.158033056373062,2.62419467859568
2.13558818157334,-0.490052095085704,-9.19422173765078,-1.91225220480665,-1.1691234743927,3.93624825734931,0.192861068291608,-0.193499747655041,3.57438827783813,-0.401980358091201,0.628146881004633,3.01939774097877
0.296406120846939,-2.10763212459366,9.88859928804753,0.129737179737169,0.341995515784684,-1.76276756968573,-0.69051568703442,-0.506718719206913,-2.36949058059102,0.195350690045623,1.43545762002877,-4.26495572997172
-0.0325050729514291,0.484675693748561,-5.81671268298339,0.0164788115029475,-0.35046726310356,-0.45431745611671,0.948191911176294,0.266079194123609,4.49190738246408,0.258079240783871,0.144801256038843,2.51437617199378
0.803512721100814,-1.26898974267984,10.927818128767,-1.10366688167039,0.241562249960014,-3.40638225021998,0.680688303205514,-0.683044021376901,-4.17807651187362,0.779273170474839,1.61766479695897,-3.24825456378249
-0.682589500936792,-3.65167916322851,-4.52547718955226,-0.243792643888568,1.56916924501105,5.39388615955721,-0.325935207365962,-0.290373082089231,0.256343472449255,-0.592497090058017,0.766207919386469,2.26981653770173
-1.54060532053859,2.22873854023132,-4.7785967908292,-0.252790841478781,0.444253530581278,-2.64891794814888,-0.0264907145032952,0.214238611366773,1.82400055787442,0.233386814331598,1.02616322061429,3.44476513550135
-0.758682453605341,-2.33708104205102,8.62779501139783,-0.5171104131662,0.510841648814396,-3.83072124168296,0.688117046887813,-0.100399499925782,-2.02886970534227,-0.559315894916197,0.403891957305094,-1.22671843266451
1.80689836460456,-0.736787734783503,6.32492866606234,-0.195153281146432,0.108169336011836,-3.68008793977284,0.26926253109678,-0.0928744375832639,-1.72873243330991,-0.0352241020085718,-0.588583182149425,-0.659293210241264
-4.31367419199241,-4.60246169342785,3.94618338363143,-0.427556412756552,0.107814067780194,-1.07833364043517,0.150007758361453,0.0715030201319898,-0.230061018212341,1.54883689503192,-0.0941900541040747,-1.98867590429532
1.93037828360787,-0.000801619476068272,-6.18161427329705,0.0467609454753617,-0.35953236692077,0.793549920309011,0.104541990446294,-0.760372480612615,0.345589403315622,0.0398011773547843,-0.0995896772890226,2.22070644058135
1.03683565329482,-3.01611239961005,5.36710802851961,-0.0698365762685715,0.413949985996126,-1.58175434440905,-0.545798146501086,-0.409865206187892,-0.366299209867498,-0.931525101747621,1.00101113258077,-2.63354306528295
0.0269601526287043,-2.99496181168227,-8.89819396348623,-0.22242396787344,-0.186835486291422,3.40928339468787,-0.0843181672515497,0.87395856086974,3.60442753213074,0.453007609907455,-0.501456692302265,1.09373000918996
4.2151341090995,-2.83566455863449,7.66883984130643,-0.19511065845514,-0.254962026241872,-2.13411767353881,0.29456522308097,0.430668457996586,-2.49519898819876,-0.64628540885104,0.308722191305125,-1.90774864865499
1.11426027953583,-3.96499137580057,11.9590442623009,-0.180511896100341,0.65778675162213,-3.01727214698766,0.603367574708264,0.733935856797734,-3.36248580270149,-0.466184454670746,0.385414822246506,-0.789800632889571
0.404777757224642,-1.57198110519785,-0.112339441395319,-0.00341431056789057,-0.0230982089940939,-0.521527216272195,-0.142443647058987,-0.463815599189299,-1.37920934929382,-0.441575932865679,-0.0817532600445908,0.158357346797864
0.766726193692016,0.802291695875695,9.41442459475464,0.0140228039941261,0.247107582567688,-1.48625936207501,0.399918944095117,-0.358242147343825,-2.82408738329934,-1.972855749259,0.733036877721721,-3.92164874469071
-0.176334545933297,0.474828293521087,2.56044951224487,0.0457728969454752,-0.0655843507817247,1.93376613313565,-0.843639679772754,-1.39432509433085,-3.57830455858623,-0.0505570559722931,0.513436555633864,-3.17495116986852
0.0351879852602512,-2.02658430965094,-1.26439430827126,0.166317302786101,0.955809657026659,1.43235705059971,-0.19378192476826,0.030520352779461,1.64029886046369,0.0213174817103132,-0.0363302773068351,-1.16983516194225
-1.05268555607098,4.54088929897255,7.08990075087873,0.106440320836404,-0.0805861209688118,-0.172281845323429,0.355364291371631,0.250061591437238,-4.56797006369622,-0.0486257743123467,-1.58730327712771,-1.12672566661408
1.36325016987785,2.10895059397783,7.02286764334177,0.452490890176712,0.494730288977694,-2.23614125888272,-0.476575529694182,0.00605389107222813,-2.40933825772619,-0.135753789602541,-0.252690089388457,-2.88923328644243
-0.38074065968145,1.78342737774188,8.36825592986079,-0.727146294194929,0.0983065517649077,-4.30012134667503,-0.576463177522019,-0.557866450254171,-2.86973118075077,0.252785339593765,-0.315164742571679,-2.71256868243335
0.703925544574607,1.68026213130838,3.28776009957985,0.562835231331787,0.416603913294904,0.0945392938763168,-2.14474173072945,0.873050099162187,-0.3831678124747,0.169868027115553,-0.124656832291404,-1.7808716846781
-1.00898651875907,4.27816232893635,-4.51497091746204,1.03025056527461,-2.4670499728624,2.70215332542314,-0.172190043374367,-0.68959757664614,1.73564952995641,0.354656762804487,0.159211781323969,0.788567502958827
-0.464899432255061,-0.510823578777836,1.347837246687,-0.394802519914341,0.304695589105047,1.81117311897173,0.259541773181927,0.311342259162156,-1.69041718080985,0.753272865798698,1.13749764125816,-1.06473813157115
-1.5332787209608,0.774714954506637,-7.38010505459058,0.195113785543941,0.0470833126538813,1.27093292540338,-0.401834218953233,-0.202888527554538,3.17170749475622,-0.390175905158243,-0.137253954890831,0.927298504471483
-1.41186706165985,-0.11631841102382,5.5635370193097,-0.397737332330336,0.178463240433711,-2.04004246540155,-0.396546066016219,-0.179391163161919,0.804659017746093,1.3220743419375,-0.398285247176556,-3.78383554238959
-0.989153635213074,1.06238131978175,8.57676993385533,-0.0478072582780659,0.213488046540443,-1.94026888439369,0.669129943904475,0.467562923017521,-2.36493297123167,-0.330569569462727,-0.971212892492584,-3.89903972555162
-0.379482629875439,2.87611962441223,-6.81398202413025,-0.412456527766277,0.214718483198379,2.18143022225429,0.281639123911708,-0.78558802416348,2.71990583016808,0.165757604685303,0.450267157647629,1.90089462493223
-2.65506604851205,-1.50609218182572,12.7054450028077,-0.333477164788608,0.49861299673134,-0.888745891243473,1.64710714902863,-0.975373767501287,-4.75614525765923,0.0960407732948623,0.156184190582981,-4.20177202874017
-1.35593322730166,-1.97391238857099,5.07067503762927,0.316637959341549,-0.0976259714145012,-2.24214067897711,-0.286249258310993,1.40160342926013,-2.15962656338194,1.08283582642164,-0.628588341192139,0.560795394414704
-0.163546282951353,1.67709447262639,6.24455294090133,-0.0413495482390112,-1.15881965625227,-1.10907476385593,0.288037391887607,-0.165065785516979,-3.08605320366776,0.32422143464867,0.455983051630817,-0.344545219029297
3.81864934137368,1.75628964896408,4.53646552124296,-1.50089553692399,-0.733018708228746,-2.35985378538647,0.0629633635426202,0.129622515323061,0.164917852073881,-1.36431215636369,0.897505316663936,-0.815895987069402
-0.875844149784898,-1.48127407219189,6.57377819775429,-0.720005719195215,-0.618232658099876,-2.87086624499103,0.461628833488452,0.136894266074493,-0.471838895476946,0.150081694881858,0.308768217658583,-4.09416042500011
-3.09687390257184,1.85739513020981,-0.88628523277157,0.274760912294482,-1.05694669812059,-1.28688691277264,-0.485537669308994,-0.162283655694531,-1.22006320966092,-0.0655877600939033,-0.0793361116552657,0.294265235820953
-0.2575898857481,0.00211450177715583,4.33708340451659,0.737867034343446,-0.0145496494355607,-3.1553808161758,-0.205750594395175,-0.310112094719662,1.22852835782093,-0.163594427222831,-0.051837581830746,-1.64063985807107
1.93933450096008,2.34028997982112,9.27449005075981,-0.230335727422666,0.396485089472176,-3.929068991519,-0.0386859682724822,0.215914164296201,-3.23036991822106,0.730431757433237,-1.88378471432407,-2.2692670078026
-0.557189474313984,-0.19575018072377,5.21095465362639,0.0738355506183538,-0.0684830326553613,-0.93311336616416,0.0360506765068179,0.734687022156098,-2.6837450385354,0.644352692033798,-0.820601045704362,-3.35758508059256
-1.20239343087644,-2.00727539438252,-5.28510783028091,-0.387423133120873,0.125990869097769,1.78354099533476,0.0770772952072503,-0.18872963048522,-0.470793786064402,0.141026509878926,0.140230188289985,2.26439836635015
2.52462599084186,-0.191618531545086,-1.07892095207347,0.123209226737101,0.48229730050457,0.443301212641844,-0.50594149754241,-0.65038312802655,-1.08999471790142,-0.0469624614155943,0.497645211127442,0.659699350114862
-2.16100049492809,4.1891353180084,-7.4293718053105,1.36582137958813,-0.31604467506199,2.67230318754578,0.0169875802170775,-1.80273790337052,3.7750470639647,-1.65207166863423,-0.963109080924397,1.47131429353172
-0.387987063706228,-0.16339907812558,0.240905222399405,-0.195972578356947,0.283594501106046,0.250216612515054,-0.474093346346302,-0.293921794906133,-1.47792611725794,1.97996531840639,-1.89752360333116,-0.455733691308854
-2.37175401342593,0.843546869514489,2.14664850249595,0.223945056068028,-0.173145029787034,-2.19366342258994,1.47646287571939,0.219366860584112,0.190517664764337,-0.592811433938443,0.179513807397313,0.328851195210356
0.391293476611235,-0.484780459746916,-7.59969925763976,-0.300315267144435,0.0159279666993476,3.69132742662845,0.794121797820342,-0.0160038968039638,-0.117566280759815,-0.898553517242701,-0.0622800127835028,2.3216811323561
2.07665194386308,0.682133704691342,6.94414684984032,-0.922594444794027,0.545449844186972,-1.64033715873758,-0.20330047369447,-0.362261014988179,0.682887163115665,-0.129535532265923,0.0761814088731909,-2.68384387724053
-1.53836895099449,0.720749049331689,7.11925825087724,1.28823039367011,0.639226691701388,-1.81365053657566,-0.0571230076216085,0.0526698710918581,-2.79985674471794,1.02365875535568,-0.973306113343362,-3.9407496670397
1.60367136941585,-1.49193585379753,3.07623569927548,-0.377777035493092,-0.0609753600312892,-1.04993876493416,0.253475374219032,0.234578742159204,-0.689260000741293,-0.560683253053385,0.780853933577027,-1.62977101972048
-1.85865431084016,3.75196862902974,6.79304058336139,-0.0361492374697397,0.14838998430776,-2.52665468091278,1.18901004081005,0.432456857112239,-1.47030189682526,1.31300779015294,-2.37842882922948,-0.974860321824594
-0.0839228812836898,-0.746794826694188,-3.58887639596771,-0.607458316846366,0.547369403464123,1.43392206621419,-0.000207409809204504,0.141137045113599,2.81781227818731,0.200976223844434,0.61260279709158,0.634523327382917
-0.0138741910351865,-3.14745503065889,5.38582319593358,0.231516981618051,0.413981412475358,-2.96740198396638,0.353484908811119,0.587964295145749,-1.80867764135103,0.29542931678917,0.0266721509796429,-4.27867856455672
-1.28370904541865,-2.33237702958547,-4.69782318102061,0.602590148467738,0.402614058674945,0.807122792410101,0.45746137439714,0.32797208184881,-1.21725664585027,-0.775801121558936,-0.562370330727485,4.80065722360988
0.00274032274074099,-0.104742383842971,-3.69676920874802,0.0217026258941668,-0.290183797011608,-2.86825295254723,-0.213526356937556,0.261672409735703,2.8164026370485,-0.220002895554988,0.835323859756466,1.62721141593197
2.77701642666194,0.0264507913876054,6.35596610682771,0.269190398597148,-0.0456265980984562,-3.36082266024791,-0.678492263867048,-0.422393322867454,-1.33421754254112,-1.6789963964182,0.0530302522008111,-3.16715282872188
0.0815357952678232,-1.44499226666629,-4.14316575384077,0.506136915755254,-0.254881640503953,3.62522650231071,-0.130180575675987,0.231037004999901,1.07170825780234,-0.221479032021456,0.0146570825463229,-0.326414131327527
-1.01111446694771,-4.99289336056928,7.76888879679464,0.574153296575812,0.253946983804589,-1.65979791085548,-0.573268676785182,0.232719616561186,-1.83081314642148,1.12097638646852,0.34531707080753,-3.2304412119021
-0.449719507342761,1.14428070751796,10.0218533540045,0.205010447460053,0.176000326695923,-3.28086967014893,0.157393520276789,-0.133803513175492,-2.72410572523377,0.25273074242194,-0.816936769816422,-3.4887301121863
2.3707284463252,-1.86458788665872,-6.99878340508024,-0.12564128648436,0.245560797685961,2.42314834889568,0.697432745165344,-0.140708438295901,-1.13998087316577,0.072410267598683,0.415930821371796,3.99120641030288
-2.03113785697001,-0.8255080988547,10.5596209178896,-0.0987844906089724,0.14648404648266,-1.88313501756702,-0.172596670287392,-0.203751925758454,-4.01467347097476,-0.308747175796232,-0.0795388583951448,-3.05231448622131
-0.502275566992892,0.0175507383093354,-9.14681432267455,-0.293415051776194,0.203331044950161,1.26196279774892,0.760171973911227,-0.00451445294661449,3.46424626952606,-0.0156480910589711,2.13328070302525,3.44379234628949
2.19237622189983,0.0182528249952711,10.3385454604911,-0.0311803333505255,0.58924787895073,-2.93416913219758,0.176136838197317,-0.124507420798767,-3.17010074179653,-2.0722209467749,0.824992372876086,-2.89894380622962
0.27575436956559,-0.553534561934384,10.0137084622689,-0.603452073246576,-0.684970271803704,-2.74415322607399,0.909751729917338,-0.380205513961899,-1.82414892146826,-1.59291519518039,0.845804130153018,-4.85024614436717
-2.08552959615228,-2.13522564062304,7.61801345141805,-0.188818094919295,0.0181695896402066,-1.86501341102219,0.226691792493962,0.0101903033485709,-0.0234370564007919,0.249456161712165,2.39023377102003,-4.73959859471398
-0.785488567587677,-0.456189057671841,10.7791997684889,0.193141197485102,0.939088652339017,-4.16516012683205,0.137130573117773,-0.476672279023724,-3.11462995417137,0.0235915270197602,0.130342456562311,-2.6583332543185
3.1448309837408,1.83850394986797,7.89124286461673,-0.34386136595603,-0.222247797811684,-3.10602451443917,-0.327985676292176,0.710483613277486,-3.43061726747117,-1.71679866134912,0.350596767204803,-1.31612287741273
4.17404284892757,-2.13831413629157,0.60076564617353,-0.168911798852648,0.346436328556967,-0.409697780236191,-0.645568855009238,-0.280683213538737,1.22902502484656,-0.283479199410047,-0.457363915045442,-1.74720763604662
0.939076206545018,3.26772351269464,9.16899442817879,0.0601606964986032,0.772992733640946,-2.89756174192691,-0.630797002325011,0.220744352411214,-1.66725758248495,-0.319167791443304,-0.888226591046678,-2.73409136659646
0.508619823346229,-0.0721985417385995,3.63295792314679,-0.230579502303224,0.0343673353827973,-1.89153860560172,-0.353326645746334,1.49185878284737,-3.298640726447,0.648082016255907,-0.205629929885537,0.80883536102219
4.54450968457446,0.686606090879206,-2.43397620342911,-0.694713218365516,-0.19875880218962,1.28357658497419,0.0929090457761388,-0.0856817208832382,1.59415155257846,0.0220837055827506,-0.126191310351363,0.0204834364472827
0.8167523791099,1.57264062289371,7.48729223450485,-0.0423829550232285,-0.410330093053362,-3.28326312534349,0.089192845152232,-0.163579809686579,-5.09852017426982,0.0808956646400206,-0.0531666292082798,1.53537313650778
-0.372574101294818,-0.79949598486269,-6.78676640063643,-0.935538853778896,1.036080031537,-0.655138370181041,-0.238038770287466,0.462650245282901,1.31075758853816,-0.14373196516901,0.140465074934043,3.46321234860257
-3.27999447181627,3.07640786848348,5.24192550571788,-0.768658961151565,-0.0848318224630354,-2.17720142402763,0.602697983902022,-0.60012438768172,3.28758777683461,1.72743238137482,0.989896562116775,-3.50716615115692
-2.55344260588126,2.4740297662202,4.1284135946968,-0.0711558977781299,0.0497718418791754,0.933675377888574,-0.286491364739626,0.0498998355602931,-3.34103949251563,0.911440790630315,-2.03698096586472,-1.33478423972138
0.265528791662877,-1.41716837684803,9.15165533344182,-0.662744185605772,0.119914230562841,-4.05985699144779,0.477873783763291,-0.547034442993964,0.915020463108291,0.87859174488171,0.26726155249066,-3.74877592871995
0.309420963171793,0.327240311558533,9.40326195014382,0.15564068350141,0.0987657738716137,-2.46993370369733,0.147979411242091,-0.139196509726393,-3.37091866846561,0.0885060572390282,0.147276764576009,-0.798123669318004
-1.76507405971041,-0.334767370522085,-2.98132147297626,-0.109632073086833,0.188716615424851,2.30491041525158,4.10915632155422e-05,-0.0335863620601157,-0.0863893263781836,0.640729160629023,-0.16078402637028,1.42352605504405
-3.30240025052885,0.810967748130791,6.44346412949141,0.0740122799229174,-0.170307476213693,-1.53313273309084,1.88968414700427,-0.408979159034124,-2.66862021383687,0.0355929263624792,0.207809058873965,-3.66020444282673
0.606297791167838,0.0996051937897542,6.82748284412858,-0.542437311163368,0.0831233946808709,-4.6856370748289,0.0265282935911056,-1.28538959384179,-2.85239680473994,-0.180545706694006,-0.275318666378111,1.40987222520691
0.862350013641789,-0.178039285960093,10.1505295446596,-0.112042018462408,-0.210448810565581,-4.02279610150003,-0.30560712007659,0.575983885216757,-4.22699023315759,-0.35250577671678,-0.417981004007354,-1.91117674967928
-1.38820726612362,0.0929037075028157,-5.6470728121558,0.126540776014473,-0.0585750214881812,0.802087789635011,-0.351922148147431,0.0281512504414003,-0.754870818594628,-1.00776286051576,0.464182380363729,4.02882804817154
1.95271585486573,1.12502347764045,2.28063871624899,0.135386252806862,-0.196809305725296,-2.50658776895209,0.0770276638858836,0.323840926089923,1.18483913642606,-1.58464164535103,-1.12215131259269,-2.52637066730848
0.799161543902421,3.90649134954904,0.289935146465015,-0.446954313597009,-0.128839658773943,0.97127050143665,0.176268585553952,-0.0241334848452633,-0.928213287453239,-0.018918742772907,-0.184427021611516,1.12441908760837
-0.818336198498193,-3.50968455887182,4.62012425342594,-0.187642818980705,-0.358447531844731,-1.39785397412108,-0.550282455100859,-0.115103880721349,-2.49370196155474,0.880452288477545,1.81862148256883,-1.60849987665396
-0.212540577606152,-0.824943654945401,-10.7136879817901,0.0594773977558502,0.277970041347313,3.17706639298171,-0.349045214281436,-0.12709930575361,4.89534644920437,-0.14426090711391,-0.227472507212896,1.89145194263472
0.123294182270409,3.8538382009969,-9.90910617031498,0.528011765856071,-0.288243121316774,4.51513639591488,-0.5695641190067,-1.63039206652058,2.83474386729449,0.936329825311281,-0.10053138828004,3.14933827940977
-1.02695855824156,-2.342672985943,-2.84014013349499,-0.742435318996351,0.105522511359496,2.36046845527407,-0.100031418674057,0.308104009509383,2.37314278279373,0.410748602772472,0.194218176103547,-1.26489295266231
-0.598357760618574,-1.16124334202608,-6.88935837508657,0.203323143581252,0.0191397692998793,1.60345993517102,-0.331192234022986,-0.320358559448841,3.9893468541115,1.18398806511092,0.667944435013151,2.8582982796687
-2.77705351302951,-1.37608488000116,-5.84483324743341,0.78272785413908,0.523103128660457,2.29887820918076,-0.271711601917043,-1.57206036195982,3.35677330227764,2.09548729316537,0.98362034945721,0.755100179568025
2.28365006515969,-0.150548383672588,-7.13018714697799,-0.203409762449842,-0.277679735174317,2.19579242221462,0.0640379303826745,0.41819895456043,1.32613890002063,-0.0223849575751175,0.255719386490647,3.98270187924003
1.43151392687996,-2.88292090225256,3.6861016679426,-0.46147729190136,-0.085653927030684,-2.10953936653669,-0.640322841894959,0.62194339953931,-1.16593354210303,-0.247569387037556,0.0723117308673599,-0.49943192592108
0.318588999900872,-0.506631115806307,3.90768194625543,-0.729606516747859,0.416183492936173,-2.62688795907915,0.316749857147667,0.454917493689312,0.607559024856507,0.175395830041733,0.156525639609783,-1.15469444117447
0.928608676360626,-5.27299828380716,5.10006077558068,0.592246990568888,2.01644125671309,-0.562638551578601,-0.111733435054732,-0.141758240670119,-2.36031927300611,-0.938801909647361,-0.314172845452845,-1.8994055075882
1.7684447310245,2.3826749932002,1.28094987136868,-0.270982913392012,0.366197850366065,-0.800265752239094,-0.245368566181191,-0.560069965484684,-0.428525061654293,0.518933739284647,0.152109696227167,3.15125520856325
-0.0213272095428955,-2.32138301237737,-3.80072187289432,0.0344195947139992,0.0894596865921124,2.48106117098345,0.0192726875816189,0.411090078130252,-0.702866242000941,0.476303594898579,2.21106326692867,0.283203323723632
2.1279049092364,0.646725651253708,-7.56915676301956,-0.369595329994543,-0.102741913661317,1.86631860662258,0.00162930877835877,1.09986199885959,2.09370429419902,0.0266445379640339,0.036823881334028,1.38878250713691
0.422430072628146,0.391722983081298,6.99803382714508,0.1473365501864,0.242498874125656,-4.13649013937557,-0.671534413279799,-0.226252592108514,-1.40801906749438,0.791016872681808,0.774617921747441,-0.955755999199412
1.52941811819818,0.688297156013313,6.05132660041996,-0.161415195083352,0.159887429865405,-3.07620414514407,-0.37969394257775,-0.0109189541650379,-4.68035768275172,0.251051028544055,1.00186980920545,-1.27063307197638
0.12939613998731,1.39299214964272,0.649045706757252,0.042021639040615,0.0810055076720929,1.87350912434913,-1.59654467481099,-1.05392380209429,0.536717666948963,1.07180782459751,0.339820781844527,-0.868380895707606
0.535390757342518,0.330029195366214,5.49356789205355,0.254365775834466,-0.482960289748076,-1.30033078272561,-1.60421605309813,-0.923713614780058,-0.530903974457176,1.02577913400554,1.00327990676108,-1.50734601698303
2.82256369420363,-0.503445439110218,-3.59443095808049,-0.475904419365547,0.0545971802598544,-1.30493414449322,-2.63538717021449,0.409811429916833,0.864572899432649,0.325255549360608,1.19990131400772,2.90664608223464
1.3331786860251,0.0756151488183245,4.53681937520169,0.279423732115254,0.125318426797472,-2.70173985382965,-1.60110897912803,-0.10364571622764,-2.76672242909428,0.741749281991582,-0.18064005257413,-0.178625103970256
-1.55075511822626,-1.68648435269586,-5.60929676648363,0.702887243063041,0.351700378592291,2.43500320924886,0.0928646570902261,0.345827764903462,0.178946035937112,-0.0849109399940965,0.575014101326887,2.97387135214317
-3.8505538007757,3.72232728347909,-2.7700123318798,1.29396475409705,0.384245186633989,0.991965883670074,-0.00680070407849638,-0.275444441787999,-1.02778347232559,-0.288671610410989,-0.445175163204984,0.94636018798087
-2.17200269082975,0.52859914553936,9.7006786978007,-0.190790915815819,0.219483624718935,-3.59096427337736,1.78342420213725,-0.671789419179557,-3.62743739995911,0.684235360943129,-0.308845846361452,-2.44213570228497
-3.98781164406615,1.26508649586385,4.13157499184027,0.777170786354026,-0.302423882552231,-2.43582300681936,0.539807541217612,0.852757083743808,-0.73622071019525,0.801510196304739,-0.970672222971358,-4.11661718066474
0.0635615249149123,0.133843221643726,-3.98799066101293,-0.3863471295769,-0.616211759104827,-0.194219946584226,0.139207484819112,0.0380511321709859,3.138525343958,-0.37511626192132,1.02226111472591,0.879033720077243
0.614008766280125,-0.359523012513473,8.1495200727689,0.0895638911539217,-0.0545184505215611,-3.1193757259545,-0.68281193983337,1.22119298566933,-3.67013125601065,-0.942122324462701,-0.274972812172435,-2.75997718911294
0.429678043252034,-2.79311138030026,-6.46100194752915,0.00529516669341654,0.236349709397159,0.66650595097455,-0.767750750738738,-0.168116765324487,1.0031361316298,-0.910347923286309,1.68385752295076,4.03654642136487
1.60804493928542,-0.242742017957088,-5.93724937147002,-0.304130975785667,-0.0484181558543795,3.07085823565094,-0.308083716452211,0.674881664968023,2.78676212626265,0.0852851176268168,-0.0626649508567106,0.464568869119796
1.9619770657496,-0.215999909081926,0.772784077346669,-0.389047325265025,0.333782621166028,-2.00720604607428,0.368461496785108,-0.669642133539783,0.522617180631574,0.0161440804858235,-0.019433146054671,0.572191328412122
-0.302650367620522,0.718419229419148,-2.4728139341776,0.205658260526486,-0.3450132706899,-0.116396039766392,-0.533532120947362,0.479351003735644,1.75107914018259,1.3347569455029,1.34970672738487,1.967012910495
1.30788352504899,1.66327434742911,-4.56417508490407,0.422563038764286,-0.969632574662496,0.0947519691024984,0.026918028848826,-0.0306385734465236,-0.499440658966943,0.590978412499312,0.681932901537142,3.97185477944096
0.605074814980741,2.09554272375636,-10.1230422083277,-1.53143781270095,-1.76646229912475,0.990919965747909,0.654248264076533,-0.720702462722644,4.1407633821085,-0.337255758896327,0.460542937727409,3.41558762701662
-0.453306468058473,-1.23533541809425,-7.74899461540837,0.243364433615405,-0.286360102724785,2.42604071251685,-0.582777367974814,0.692311724228348,2.80770063435467,0.664508544054421,0.512839477371811,3.36805323575598
2.14945865127846,1.71289955425187,-3.78556111887036,0.0364090124180978,-0.268657422580895,2.03268511031453,-1.89045012155172,-1.4453215887916,0.803416497000797,-0.665532066524036,-0.186794847721251,1.19683085613471
1.32171432212401,-0.519860934799469,2.53001093112169,-0.481344131820868,-0.129984477517828,-1.95016047188492,-0.220628598868591,-0.174350454914675,0.075927216508488,1.55373620215214,0.384364578573688,0.442303047463648
-0.215303409899371,-2.8353592525104,-7.89025565554517,0.145408197230826,-0.26501355244466,2.82813472766068,-0.472104983224274,-0.0115627926019662,3.32769324860258,0.859214452908078,-0.958005846190191,1.98653566364792
-1.1301962642927,0.602973558751731,-8.93534807750968,-0.0408011288551788,0.0431971120803297,2.21627281742637,0.948311962704378,-1.05860088334948,3.28491764467126,-1.66893873730167,-0.103688123220339,3.54161090154087
-0.688581862187485,-2.1228724591074,7.36839981978741,1.12477961798217,0.339334926897682,-3.2803126376689,-1.5378449685964,1.4072539302865,-2.88209254379773,-0.0165132022795407,0.375968222348975,0.3398487134252
1.11473367352624,0.469495263088302,10.6685175479835,-1.77635012611504,-0.188932447588235,-2.52162328155816,0.290516478352478,-0.00654799208547088,-2.31029278280231,0.207745936492012,-0.189462071041474,-4.8349846070657
-0.187064895832795,-1.12506443825044,-2.81875786087032,-1.12266999414241,-0.0244765361617521,2.58080175034069,0.392196368858443,0.192342733640874,-1.36708203361915,0.355648719004246,0.650792572064129,2.65775596586661
0.162122472748369,-0.643808784428166,7.62959861722638,-0.498253897370747,0.553194356405539,-2.43924783199995,-0.400637363898548,0.135963676978282,-1.46721977061608,0.301545942534728,0.0196202594750548,-1.2806642665717
2.08839905273562,0.475214839203976,-4.9093664733557,-1.58915056211362,0.103717433288828,-0.206884649793448,0.49843983205746,-0.0434658918842789,2.78445634364759,-0.842966120213134,0.0216551740106528,2.35844969318824
-5.87996731952284,-0.721199642352172,-3.28545292211202,-0.179082364433152,0.0872062291240805,1.08361872467504,-0.165163931901004,-0.350934346515622,2.53011145302953,0.030695908484683,-1.1738133401012,1.54696972919556
1.60721949933173,-0.388878257059263,7.79058042403808,0.233157166946644,-0.114409386286388,-4.32417379235472,-0.349677215148433,-0.197421911117585,-2.88646891632772,-0.118568536217246,-0.360015036353764,-1.57882830591353
-0.672546559607095,3.56075196119223,7.43115174047835,0.287858978655948,-0.983659266653726,-2.02088636096636,-0.0315864580029494,0.0609870193190898,-2.68994522718142,0.530920537148579,-0.256952791857651,-0.761756598395526
2.76783955743214,-0.775182188221665,11.2769490640718,-0.121192303696142,0.127126106116075,-3.22036393030726,0.809773692923743,-0.479034731296576,-3.39090537866971,-0.454259645323595,0.868523824508661,-2.88874418114106
2.20171713628744,1.9451275745135,-6.08597086303647,0.522603376180306,-0.911618048485471,2.631375946756,-0.883255906316606,0.262633477648126,2.24805537423742,0.167998607257772,0.349014344183316,0.417126528885729
2.51381904185088,1.61413881230967,5.78649683482991,-0.72394201998331,0.393357104472468,-0.85861280179547,-0.255648621277638,-0.28483748816008,-0.0897868587066293,-0.321197300157415,0.252417100549564,-2.78432165485985
-0.320552884384819,-1.17372685185356,5.47516164308644,0.212929532140683,0.309445188131737,-1.92532888229487,-0.262638132619177,0.399385279644428,-2.9126917587669,-0.590197229068979,0.574223639361724,-1.24505927385648
1.44805397398705,0.415659187922766,3.54684983307236,-0.187857939310363,0.0661348521407548,2.83991992808734,-1.70845650913496,-0.919573522929317,-3.49405283137143,1.20638957410992,0.501026270381266,-6.30508199443638
2.11925814118366,-2.5319885446221,-4.52479609356358,-0.155031562389201,0.265535782001191,3.1610988105913,0.709127492962928,0.245117014762857,1.9586144628507,0.0143426972121534,-0.0320022228016203,-0.876411534694153
-0.623266492354805,-1.60957091228774,3.98056095388686,1.04467529043929,-0.89557756517854,-3.55236951972482,0.0902654428991021,-0.0165192635747105,-2.23230183612314,0.219622628457117,0.18942381234949,2.48666627158623
-0.414323510527427,0.853376372619572,3.31404086942886,0.0092496623674959,0.182002917884825,-2.63313375979587,-0.110648678909803,-0.0177362205572129,0.30194956378821,2.19146296142951,-0.928801171093347,-2.33465751450493
-2.20067793160692,-1.43886411563809,-8.3091758639213,0.0825636843462404,0.104371987542552,2.84004020145452,0.401620548692908,0.112150603554859,0.190272373637308,-0.0548539543607371,-0.451283220122253,2.40939270287765
0.880723956762146,-1.36228522568316,6.18498437439065,0.162433359210272,-0.220572858689229,-2.24069974847288,-0.296664116850743,0.953761123019613,-3.14363373220782,-0.0133534121367059,-0.0426570038077493,-3.12313517463022
0.94859153941865,-1.7127499743846,1.96154829385547,-0.0775701010184002,-0.260690646557076,-2.63316762728155,-0.33998616723114,0.510936371796779,-0.493284205924924,0.807034861331938,-1.72450080536935,-1.71387330637827
0.0114625288359651,-1.95283475191194,-3.5650048503383,1.19284387637335,-0.404737559307894,0.845225801143614,-0.475981081700069,0.030170881384311,2.06832525716775,-0.0606313998133963,-0.0915877515295446,2.34166280720637
1.88084380312469,0.557457756529143,2.45899656514963,0.845334616873747,-1.55787277159738,-1.16335881473058,-0.692383675666184,0.392648676942591,-1.5634482280225,0.355408801239425,-0.0800678996421192,-0.0870627217300127
-1.68306992923143,-0.22343533447646,-3.49699305596305,0.560365263437657,-0.512739869177215,2.02774605712469,-0.415745444998098,-0.441240905672347,0.604621196609192,0.577821447007486,0.536345014773747,1.07618051442119
0.425856519808069,0.607141893982671,9.24117959418067,-0.474038553665676,0.174942647016426,-2.90821713820709,0.522616665426178,0.247283078895825,-2.67278329678507,0.844235323182565,1.27458979081431,-3.70440750760638
-0.0648188458607868,-0.0428249545779973,3.03286048152934,0.234496153274479,1.16165050805831,-3.12899606995407,-1.24995802950717,0.0547625877999444,-1.80050218456968,0.840038982938427,-0.0998574127406447,0.521949456750246
0.000496809368861484,-1.18773619903237,7.14670266747798,0.00313310441160118,0.427952374540408,-2.87284432316217,0.255157216285692,0.11352383791903,-1.82472506683497,-0.125449359009653,0.406612451421637,-1.71194255372249
3.34710775633995,0.20096635580637,5.68907380736815,-0.0987030132920501,0.341356410787525,0.0599042663122516,0.564739214632167,-0.0651667668819587,-3.11507672521313,0.105503105522725,-0.315654016815868,-1.34598694031546
-0.402964486296104,-0.226737600384004,1.58051626482788,0.210787392387354,0.0711849264589749,2.06275097012616,-0.131310355459379,-0.110245480251783,-1.76422506489031,1.07592706807827,0.668990367999815,-2.18492092303382
-0.465429000223538,-0.516810466847517,-4.26170753171948,-0.473219829426806,0.83666951618164,1.39196283236308,-0.0118523275072837,0.102872834658805,2.9076208409166,0.0117627858829782,-0.0179225633549451,-0.300609563340213
-1.24158064125331,1.22925844673557,8.59080826917707,0.525763969145293,-0.392701665407091,-2.12499663459178,0.00482845371422339,0.596584500091131,-3.25913442392895,-0.125987310847295,-2.04458974362915,-5.61176846303813
0.594673237019048,-0.892753265361211,-9.66505978363668,-1.22893909995806,1.4287777436879,3.98594071576704,0.275226726383352,-0.00605169613533438,2.87324530988125,-0.349192864696265,1.23052953728207,2.49360796297239
-1.11247555184394,4.2471920566226,-9.08799583975108,0.261925583365271,-0.291820383530969,2.55565368961646,-0.210113559181461,-1.61543476780172,3.90031042017244,-0.19594171451703,-0.879678511388442,2.61227864226184
-0.967998137507868,-0.55182508199958,1.47477309314322,0.210472420317325,0.0184294504330973,-1.59346376654209,0.307794753451743,0.230119206251059,0.371697109107837,-0.664050187081739,-0.850878249665648,0.939541228027869
0.941791609225915,-2.36571611378341,4.34729284613049,-0.0912310857435137,-0.161871230507188,-3.09284318369401,0.243472364226166,0.391308057506824,0.378823047020477,0.824625823383931,0.0760156240745942,-1.71935402517773
-4.12876039261478,0.500027245985319,6.31721759906796,1.5853090057689,0.220894886252026,-2.6082484375391,0.682608000993164,-0.614283256281675,-0.193572094569839,0.744184470440797,2.48214359689782,-2.30267364874548
1.81988082895184,-0.795094293450538,1.09604112525613,0.0144337641174439,-0.376957133236764,-1.20457682954696,0.18352439295503,0.687356389953118,0.366190255550864,-0.332164688287862,-0.0832067078661439,2.3930699989881
4.31276327905756,3.67579706644985,7.95203563989791,1.38349281761463,-0.11605467155365,-2.30392908181433,0.117432793311901,-0.156932190802953,-0.249259404895497,-1.67838942598006,-0.993764599856795,-2.75158104001821
0.507342964353697,-0.585930012714043,-7.29829060424543,0.126779062874373,1.15566039235274,3.8059607877091,-0.018767516454977,0.262270082560125,2.22983604053686,-0.112164494245972,-0.0811075319005679,0.695850610011126
-0.29925903764207,-0.592524069286489,-2.10733013302214,-0.316535859760239,-0.54842419811876,-0.565691589910236,-0.113641949108112,0.559607794559847,2.29707643384425,0.72677017305421,-0.733978182238332,-0.798806986438183
-0.477064379837506,0.32329989542538,2.38035623361654,0.76393002287985,-0.171164649376287,0.107924338493089,-0.690695459678752,-0.316682765399163,-3.18811234315531,-0.703032648710653,-0.408976359414684,1.03658973859259
1.97723460453187,1.51572761928225,4.74998622349545,0.08165516095069,-0.689846967349744,2.29927644420135,-0.0455270650930739,1.02560320250915,-3.73168015489459,-0.626362747687561,-1.85599302663358,-3.71719614337425
1.44321330336356,0.623143205394759,-7.89320567561207,-0.509836281250306,0.603590804239439,-0.149149451119957,-0.998499799600692,0.154311359876562,4.28084622721218,1.62018666302618,-2.00008422991987,3.08740371564151
2.60053508045682,-0.209705034576544,6.93324329487717,0.147619933229607,0.232835570537671,-3.06718049961715,0.403700726544523,0.368515639222591,-1.90977536974648,-0.317822629805285,0.157453221821985,-3.82942568536902
1.90095279500819,2.13220788332845,10.7012393824443,0.00449335421684704,-0.00569481810256806,-4.92409860981576,-0.677892788411406,-1.08862700508387,-2.17597241613188,-1.68436831245206,-1.19814431265929,-3.8394854146416
-1.17105660483914,3.11866710539512,-3.24364396077824,0.0494033429205228,-0.0422275873290593,-1.3707069619926,0.419634102675416,-0.176654441946959,2.14941114583542,-0.777130099717312,-0.283594379869871,1.4286146275084
-3.73093773851735,0.0616676564781795,-13.5400827407616,0.114373953382704,0.308602247168408,3.47972924491865,2.17339180154381,-0.151611894945382,2.88027032520103,-0.128900682091028,-0.0815787851287148,2.97759306219416
-1.89077350986444,0.915322634526575,-9.92588838327509,0.0171862811658334,-0.699301307306176,2.89568254873486,0.726021710506488,0.0303263399154972,2.84022458235131,1.42332326775563,-0.933311045134201,4.02575146910818
3.20951619451869,1.16215086868238,9.26384072042601,-0.581554814354543,0.149645287197935,-3.29115290532053,-0.140135849381194,-0.35811114743817,-3.00075235671338,-0.177412941288579,-0.821178224289518,-4.68015336661274
0.569646488960495,3.08124575578467,11.4059165775971,0.190856398179523,0.163322783713234,-2.6005716753678,0.6074906127554,-1.66726111476224,-5.3616518288539,0.0427548316580167,-1.11661093339729,-3.38270723526945
4.32770659018912,2.97018875390487,-1.25529982326879,0.176254088509579,-0.25311554167206,-2.07760400428277,0.0955275613256775,-0.178999735687738,0.682706542731982,-0.0431063139788056,0.296755211063921,3.18553143919743
-0.662144320447316,-0.393590188016246,7.86862005588324,-0.201028032890732,0.0886256885102434,-2.49330064099365,-0.0527336864962702,-0.0133935551555809,-3.43272564366145,0.370080011000076,2.05930582392415,-2.9544600928614
-0.24729392840503,-2.70594211566273,-9.84104762155295,0.277486712356727,0.457514168218926,2.9963979484684,-0.143420584267768,1.04884872033561,3.39828384651269,-0.303820478476855,0.428561181717768,2.17925621082734
4.48291785741355,-3.22745775139158,-6.83430562044072,0.184463622009597,-0.667608670332765,2.17398693357099,0.529718451962674,0.288712971263941,2.90717736471917,-0.40345434503265,-0.0807465210900677,4.19237359893622
-3.6924416004985,-1.63144508755704,0.754214136638827,0.405489838235827,-0.272676638638638,-1.21115967582106,-1.20325150504092,1.81841636730435,-0.476203238482867,-0.793534515955025,-0.363984044878048,-2.8441625706269
0.658910699277383,2.89214396785955,8.00057409892933,-0.303547091031488,0.930313352868006,-3.17119991108386,-0.743251390374676,0.284409644006635,-0.889085679002,0.752931654800338,-1.77443126404069,-3.49412799474084
3.73369914339295,0.870224509034403,6.90532830031002,-0.324228773283342,0.0288233402660761,-1.70268457358384,-0.379361443959018,-0.674845398536507,-4.34337733681763,-0.145368079273962,1.33257160972299,-1.65184152041023
3.24887187040727,1.68508894035143,-7.66316907096258,-0.522198100941356,-0.121784005286781,2.22742723358824,0.163051165334402,-1.68649755736044,3.41052271919061,-0.466322758326398,0.504112196588539,2.19478006497968
-2.92953060102543,2.5628485058179,-6.92523164857221,0.189463297482811,0.225563545499443,3.21084869425509,0.211285570555114,0.147006588675295,1.37029855983987,1.9645466645467,-0.772372669994639,2.72915381651335
0.969793315770494,-2.7517910351352,10.8566852606681,-0.642666476450317,0.635690076546143,-4.71372538938167,0.224536875416795,0.64970917480814,-2.61727224296712,-0.0126348272502817,1.55065316366579,-3.03971835703305
2.19934770535053,-1.70021896314743,-10.4250804868317,-0.354251484803467,-0.822672197935705,3.12780978677491,0.631930368548717,0.895881834570544,3.44808084633052,-1.53716203193703,-0.0512343488746917,3.37317964186218
-0.504290685934501,-0.539970281582419,-8.89833552108071,0.0125005609433822,-0.0356156909803623,3.27141594198117,0.0852604655938477,-0.550980456409441,1.32641668989495,0.0398735840228705,2.35482997748247,5.04435579265466
-0.997850116818701,-2.24008800609983,-2.84740875306814,-0.393912886022045,0.0513457427051861,2.91300562063178,-0.0566704988894357,-0.0260930896620831,-0.861188145897518,0.521305373685466,0.0486685681557414,1.59759100366779
-1.82740801560698,0.591715820723882,5.25593035006428,0.531969424400281,0.39167497512734,-3.64093726446421,0.237402430870741,0.418671114084297,0.566015090298446,-0.50167087474523,0.933298221118998,-1.85356639263579
-0.643457505163447,-1.83082621465909,9.04680450759685,0.525227192596517,0.0630257984140912,-2.46840040540651,0.154422421335024,-0.337804577524183,-3.74537934749888,0.226637510367361,2.48117178833844,-3.0045315273853
-1.50065017202448,1.33602617704187,-6.43900502023514,0.154493095534976,0.215718434166065,3.4356672030169,-0.239126444429691,0.117450668550776,1.11700345659787,0.685509260670633,0.575522594078517,-0.829280687533969
-2.65807579004689,-0.729616866945137,-5.33531731091234,0.0549298768151816,-0.01483015856522,0.184502632294961,0.193764684357892,-0.621138817337858,1.25768027564245,0.77326495182053,0.469712397282627,4.03409880923195
0.0482989366629887,-0.671894143276211,9.96892367084244,0.627374393286296,0.958051174370205,-4.13880058588687,-0.218750158691492,0.153714896265645,-3.27291874692759,-0.708850428586451,0.538079308682202,-3.00608635148994
-1.72133395824036,2.31417523027235,-5.42814470368942,0.412574075552945,1.41666832903052,1.91029967973392,-0.203025446135216,-0.0138783774636421,3.50477250742882,1.80703057528157,-1.64424615940309,1.79630887878628
3.76112638506688,-1.76917657591955,-6.79418184901973,0.142577697759719,0.0915488197371635,4.19599050167915,-0.374972967747448,-0.797864882571102,0.254621330247228,-0.9059624841196,1.18313738373449,2.65423382545529
-0.0780048476309435,-2.61303761178441,2.81269008417927,0.795613224605952,0.247916459775748,-1.38069302043242,0.206063806288131,-0.66356570456099,-3.15728582443512,-0.470317656798407,1.18409020824627,-1.5314589629053
-4.09475829685853,-0.307230215698904,-4.61709829893785,-0.124166114728583,-0.140203051454682,0.639984481482368,0.199199370696349,0.348102227314188,4.1038374925987,1.249625746112,-0.555935762525823,-0.0105179380424936
8.27735582105504,-2.514703533175,-13.0080640921782,0.0049702942847274,0.880601449658458,1.60315996406054,0.139914006481292,-0.278426634037416,2.00339832945184,0.660530458355033,-1.21368631333445,3.47116333098921
-0.339479635824241,-0.443546278813608,-5.97773915951087,-0.298292999965266,0.0456848138768042,2.82365982320314,0.173437120608594,-0.380878205110904,1.39026392925235,0.0636081118087732,-0.156058803598017,3.29039234979579
-0.578458308439703,1.7103744298612,-9.63755635347425,0.294076116034278,0.00250587120575582,4.56181145137467,-0.189340230237157,0.246795840938574,1.25700447515822,-0.764110408518475,-1.15582994744636,3.36939369959
2.38410275774844,-1.65744392871067,-5.14901928384193,-0.183395906783734,0.0203044808128788,1.67240712785758,-0.160947267284988,-0.309109286015547,2.80672369480015,-0.193679260823012,2.88919465803781,1.37574662101773
-0.771046550671441,-0.149052574951145,-0.44062087352247,-0.206079290519925,0.0926929278870312,-1.10728413384976,-0.682401577876406,-0.311819903328623,0.311644577059018,0.496908906992931,-0.114422068894019,1.6838580544505
1.50854965514404,3.26075114560766,13.5001994016812,-1.13495396601664,0.470186091301176,-3.6612172327637,0.260570325494126,-0.409718036461607,-3.37867103818258,0.272107645792474,-0.103034504723489,-2.14634689421257
1.46786941548664,2.27889112499468,2.07821963725197,-0.139104837057259,0.01838896505575,-2.85916423850637,-0.173664899341533,0.426155477353147,0.440813045900572,-0.404098455262593,-0.872482255651447,0.328412394577523
3.85573999891847,-2.03909789285011,-6.86675411067322,-0.0711151924800466,0.16187566615447,2.63034946150183,0.295954804697311,-0.219203806429617,3.55634974222229,-0.541713181637753,0.106631651659509,1.54496659865598
-0.442758105726204,-0.00223024987105025,4.4038385183669,-0.12209123989741,-0.145240292605007,-0.328185558995599,0.664477383807761,-0.247702154402355,-0.852326623436881,0.12513106819743,1.48478781318617,-3.44327725966582
-0.101432319462757,-1.78745694071059,-2.38503955242033,0.628187906005042,0.000342207669342405,-0.489778833270291,-0.371887036772504,1.10818935158925,1.76377011191542,-0.218831007516207,-0.153828245829455,1.82938684224322
4.74519453705835,2.34881935119731,8.85001952519091,-0.71826857187919,-1.07508760321235,-1.7195206742397,0.296847968992172,-0.926838875844701,-3.48496831590929,-1.7639069307083,-0.556364273626879,-4.38683269477756
-2.59685471410172,1.12890661535101,-0.422833470002912,-0.3686384176651,0.720509771562761,1.72617184748313,-0.300448506470259,-0.104433054945792,-0.692139895573634,0.171867936605557,-0.04093462680617,2.70574359147566
3.17216319077119,1.47959927971824,9.04043140305432,-0.761236265949577,-0.77881479083652,-3.60930217085597,0.160920783910834,0.216882936638193,-3.77999093977118,-1.05819858158079,0.512159737700624,-2.58344586073188
-1.11876298838881,1.6543737554727,-9.03301137117664,0.912859022702843,-0.515006601641521,3.53446025781731,0.0984450175736283,0.288083175087197,2.16974406183287,-0.126831087489568,0.266325695276876,2.45940606371615
1.77118938932662,-4.79684799332705,-2.73176114448447,0.0273570567914474,0.00569395916070166,-0.868896878008146,-0.212983608988152,-0.0085093071783136,2.90978720580845,0.399263949545,0.349832302326684,1.60051800130194
0.00648059233820564,0.996047706323176,7.51595775319947,0.203329881525015,-0.586978205314385,-1.9744891694647,-0.144340596175882,0.282245082923734,-1.79565905921032,-0.56963323519554,-0.230458789363068,-5.37963146763492
1.92472649875669,-3.66993387156764,1.34614211332669,-0.18260732831312,0.681557858262358,-1.23756378671252,-0.842487321217211,0.943292960423693,-2.86101613878794,-0.0477123745675254,-0.169137114023809,1.24792807154247
-1.46424955119765,-0.635354480340957,-9.30153237402695,-0.782083441280747,-1.33271440018973,4.51590216778349,-0.71681306834125,0.0303563717739899,2.16480304064222,1.07619062381098,-0.32062802675236,2.31162248654318
-0.624152991192323,0.223693672024625,4.31521495543177,0.296256631761748,-0.45550766020369,-3.52294865674537,0.0371159368052703,-0.198142176665192,0.601984686010224,-0.291266360347441,1.20612296684284,-2.3747427475327
0.426671896978184,-0.407494810550522,-2.15248845854915,0.078957500079426,0.156062312000077,3.06743933286245,-0.453111340311093,0.658087896016716,2.54457963178089,0.287593300597656,0.414787876089268,-1.97715849211
-1.35772101608759,0.737628555194804,-1.51670574776475,-0.109989071336469,0.0427561508877347,2.08237471949934,-1.05151950374678,-0.310571801625165,3.24161485485952,0.100042937404934,0.647495995926864,-0.172700572965268
-2.40273110221153,1.71616213007658,-0.0806616518895886,0.156885409797832,-0.62599200510479,0.584335956620711,0.105908529162734,0.183518620517145,-0.252044949346123,-0.214854814680039,0.134284642572828,0.75256937580975
-0.553836765057474,0.749558787805891,-11.3105200247524,0.463208545667603,-0.124010767113783,2.72945177103158,-0.0313791626074565,0.00628245615276339,0.784820880893685,1.18848308931418,-0.519836204695731,5.70167713436681
-2.05323693164157,-1.82256122832157,7.10929120815311,-0.699985002741045,0.227175056514687,-1.05328506751419,0.606629620652505,0.739989824587226,-3.49188673721684,1.90561038502785,-0.140873894022196,-2.54677526773777
-0.69478491011684,-1.18706491203301,4.08378131120652,0.384441648367328,0.26369536433288,-0.677127264863771,-0.124370318421809,0.0562718757868554,-3.33878047402468,0.893760541100479,-0.370161136772749,-1.8238684603061
1.60840731276869,0.85871952569441,-11.2701879425058,-0.0586503675101463,0.415784357530151,1.99777283688906,0.621334067457453,-0.103480250905871,4.27708258742623,-0.436834705434641,-0.782615088297266,1.09605414329966
-1.36044009949757,-1.83912056042091,7.36114168751128,1.23678558082975,1.98423465323742,-2.85731506462637,-0.012872264967828,0.135250207625501,-2.49112855476547,0.77567029723891,-0.208350567386043,-3.65143226098116
-0.862784581524376,-0.888808906693813,8.39257585130285,0.0449445803361657,-0.00579049827638036,-0.901105601286821,0.140175412565771,0.768265366779445,-2.3298309216209,-0.548865789330289,0.26163318904979,-4.120349831093
1.60136187500449,-2.66791179133855,9.1357708646982,-0.0265276861745466,-0.0399453841973109,-3.28370349540235,0.485726992551342,0.134656178167903,-1.99888073839521,-0.615892288631758,0.553071120230438,-4.09668343139135
1.49473724873153,-1.96413636321287,-8.1161632548399,0.836401757312155,-0.3272200124885,1.89859354090577,0.266040070961742,-0.0463105025474753,2.68332857857099,-1.1653978477622,-0.65497925275051,1.72463414664456
0.348319337842916,-0.0660498502968106,-2.31522479744826,-0.0737685238893923,0.354280127636772,0.841446185541361,0.00610331581757151,0.0338774294551922,0.246534104913149,-0.986203040492357,-0.358209503133828,0.807588930998573
0.697790165641294,3.02261979696407,9.30167369263095,0.106327626854773,-0.818091429448422,-3.58172549164616,-0.898213707074518,-1.24199992330632,-1.88643403919683,0.0822949551225927,-0.182500126261812,-3.08926884927109
-0.700010627933505,-0.119885547385576,-4.4069099593243,0.551342756305102,0.331482851461631,2.04471475224621,0.068972927737773,-0.180302717865128,1.76794138335673,1.52717447909388,0.831622221240974,1.80339542349685
0.524525781039556,3.12748100525822,-1.63743475490523,-0.158100545209354,-0.136787639188215,0.116297544622323,0.0658494521469073,-0.0636789934625104,1.73762958212856,-0.797109403324763,-0.938907465163259,-1.31216716078463
-3.19445276212422,-0.841876393149296,5.22655968276846,-0.274656014662613,0.0316811771590927,-2.7801414198783,0.11374515466897,0.0378694716635529,-0.358731498213906,2.40047320814782,-0.21303313624669,-0.786020896433267
-0.329872682432567,-1.0266082505879,1.96971383618312,-0.856765506674495,0.391808784904445,-1.81420298476514,0.181226200216024,-0.255905401665315,-3.25667464099483,-0.0918971477637976,-0.330252135373899,0.481891212387119
0.702719885790811,-1.63013992188638,-9.34165057206341,-0.278443568745243,0.0129143148173428,1.32435379155701,-0.311780506634437,0.593644528425246,2.8557561891792,-1.11561339270777,0.751693526446734,5.27450452832486
1.64013126159156,-0.113185286162542,1.86150057190427,0.261453320029625,0.0285354248735129,-2.00902767203902,-0.826036433481741,0.0102192842875879,1.2332663846967,0.238351312536227,-0.00443087892571396,-2.50408760822577
1.26504654631304,-0.801864657545644,-4.9236237808306,0.135181961080034,0.86082356496125,1.75021319539893,0.178956833424693,-0.0108099812012035,0.678873053925626,-2.83938819238661,0.533567543202805,4.10826302291446
4.01725058798104,0.0427672149102903,8.19108318623794,0.00189667938230275,-0.0396710101235086,-3.25739909594981,-0.0118815262847917,-0.116422651630689,-1.32920028273159,-0.349706978616861,0.435421607038479,-3.89598188694862
0.880802217175116,-0.45926281977132,4.04470513993057,-0.255292316635971,0.110068917115335,-0.745044505650337,-1.23067120290443,1.16246507856454,0.119696536200614,-0.0202072336870015,-0.0115996038509088,-3.05609073890063
0.899558717654251,0.200885747795646,4.52522342067443,-0.291545727288233,0.803131130256753,-3.08032614017505,0.250216641678414,-0.416157052028269,-2.94986873066429,-0.031609901110098,0.473290750706145,2.31148068115518
-3.08140543708007,-0.434483730135431,-5.38361985245568,-0.583825258223484,-0.0791845830040694,3.83667888759681,0.156023372887124,0.313974642294336,1.67196387079453,1.70198473425421,-0.447506292202246,1.34979842166049
1.72755038590134,-0.4910996955017,-5.12372699855933,0.205851040468147,0.465463874519069,3.7778617814461,-0.100509722392499,-0.613502172131866,1.58641090694476,-1.63983454120841,-0.205101221427964,-0.923990701805413
2.39060714509323,-0.851663808593754,2.36281180078198,0.446714621506856,-0.440020768082534,-0.290688601019132,0.288754524604795,-0.341323202886966,-1.30304166791419,-0.246275883720789,-0.983198852561034,-0.0969016043708932
4.99055788011119,-0.123068680575436,11.4959683582965,-0.176236383010711,0.727793340900576,-3.55134471716356,-0.385785832021621,-0.236520901101301,-1.48919829560553,0.771363967359815,-2.49396794593336,-2.67461616010353
-1.89845662864096,-1.37050969087204,9.34387718358264,-0.419605016464796,-0.291963237315834,-2.57413393512521,0.878432202338784,-0.268843244790635,-1.48504767258844,-0.319434875830352,0.240117305495889,-3.87792846473818
-2.82820992569647,0.252472814181154,-11.5638517240839,-0.0328833819980279,-0.269692143811332,3.97122589592168,-0.276991793907941,-1.33510190539483,3.1371484314062,2.13742922053729,0.21679694131302,3.24186840912136
0.440709248707243,-2.34343196918716,-3.55633415620603,-1.02891732887855,0.562519175242076,2.67720613856408,-0.492942540914696,0.24259661671383,1.69088029938733,0.492224822694286,0.0404069809524662,1.01518757961587
-0.228050821122951,0.867138717060318,-2.42158703845847,-0.332089370035057,0.530287288842663,0.996412540194758,-1.12694272930491,-0.575612276448295,1.53978693733267,-0.0266838882245325,-0.555154614686891,0.943005538986205
-0.81111629591692,1.54092583445927,7.51740356420941,0.248579891649926,-0.238559903297381,-2.12783184995942,-0.317926647024725,0.625417787594088,-2.94306063023584,-0.85952221589371,-2.24357830602134,-2.3480043676992
1.62296083522203,-0.390570463187917,-6.08308777967819,0.221595897545568,-0.323862489729822,2.77967144834421,-0.170101436453911,0.147739504717081,1.01996211578859,-1.4041060578156,1.94350933339096,2.64019135643824
1.48489726160163,3.0720398745047,-3.95909705240052,0.0721259785667347,-0.332486355304411,2.95678834359799,-0.00253336386829683,0.22625319555294,1.17589743097974,-0.312169653111277,-0.930686417561732,-0.48529267390791
2.65605992131357,1.70333298614584,4.33378021820735,0.684741792024673,0.207861030928842,-1.73925672079382,-0.0134153072690939,-0.164397201152508,-1.77343810582399,-0.572889813820548,-0.0978499810984752,-0.863933792289305
0.436670013804934,0.676162323523054,-9.7446904412891,-0.472389240780653,-0.320088152265137,2.36501187422629,0.0353725696709455,0.858101129719846,2.76356533920239,-0.358264156374548,-0.296669001060915,4.60928417739632
0.989971348431751,-4.65749494046149,-6.09166739307731,0.0932700800403456,0.930651049677623,3.00374628874638,0.650956404897696,1.66625804854384,0.482084498298436,0.557255521405476,-1.23172328493868,1.91687547100109
0.427591383773137,-1.62827676302462,-0.489162630870277,0.381716189279011,0.881394744671486,0.8637723408581,0.00497229304740759,-0.131663786667219,-1.11201482229255,0.0541742941279722,0.132826220820197,1.34079270169735
-0.941114049629447,-0.6628542206183,2.39110148655266,0.528749180339648,-0.453085592696478,-3.45861659801526,0.111437144217946,0.165893999534347,3.30777497724204,0.00540324564561196,-0.181744786657326,-0.885782799100052
2.56489738633313,-4.49767517035016,-12.8437062188671,0.0982590810554511,-0.422854487251908,2.82788357185343,0.246841060271474,0.334912271842062,3.28473437276519,-2.54345019306814,0.922908760790834,2.72756709358551
-0.0947116389197726,0.738608731273442,8.24823941909937,0.166196104818808,-0.175186329792829,-2.5673474791416,0.158479197943592,0.707941636149841,-2.54350147092301,1.01140693392901,-0.806910793860066,-3.16426567674687
0.535334313092184,0.999610647265456,-0.902393089486274,-0.276270255936779,-0.244227855638049,-1.20758428539389,0.706220938671929,-0.147186197968759,0.806937113444311,0.190365018669978,-0.769180390886053,-1.62372127326662
1.78859612209677,-0.779378879012443,3.35376215966315,-0.251126584379977,-0.308444767263333,-1.78563124657035,-0.380501452769743,-0.298507088936497,-1.47343440104193,0.0278170304450814,0.216714909192845,-1.08637175416937
-0.767451133834469,-3.26084380691989,4.61482320360414,0.0427770860481406,-0.176813174769487,0.755892130169389,0.234595232860975,1.192943759306,-1.54189915922233,-0.0051859376579425,-0.460464555271213,-1.40168572968549
-1.32820166395743,0.157847898552671,0.311785789244628,-0.763592760207374,1.09238358734323,0.0739064555243073,-0.270158518855706,-0.864669847611366,-0.373909952990491,0.0667902544165103,0.203350573220767,-1.3040460611529
-0.406985543846541,0.665644428989669,-7.00541979689406,-0.115904027164776,0.413645844118228,1.4928241889004,1.25449901134923,0.230383324367656,5.38523743123112,0.306493776635571,-0.0024978347553112,-1.22225771742222
-0.432849054029917,-0.019148382706083,-11.7321961618798,-0.194609062935934,-0.308920483906543,4.07854483117573,0.604599009608816,-0.0261108474142279,4.39117968401983,0.0386029271288287,1.10837429665542,2.443728211985
-0.605270192371234,-0.240457007169086,0.94352425008481,-0.0600155276593425,0.0638400412545986,1.03916047986157,-0.376919227435784,-0.436485601916034,-0.247592729419094,0.615798464131678,-0.908534656367097,-1.00613463010762
-1.52895621438408,-2.69532244451045,3.85350605110301,-0.8754848844754,0.369298436250375,0.128966215385887,-0.271157299981221,0.370768581146935,-2.5737254699903,0.597259877610826,0.281904387426458,-2.55068180282254
-1.0014374131332,1.54144755317511,-7.40611706949016,0.0630060581556141,0.176222761882176,1.81819935907413,0.176504010278511,0.0235933938692715,-0.676898309329654,2.23984032230638,-0.279771705570442,5.31863014331349
0.639751150249792,0.380618592720395,10.0435435694692,-0.638355153706331,-0.0580034688017641,-3.40717828680707,-0.231254751766192,-0.382172355420884,-2.94301870135933,3.00251731520708,1.22505583682383,-4.39386530803064
3.48505877066604,0.147651133889728,-3.85281793192911,-2.70243690534555,0.164816025563932,0.133688508698752,-0.107923143351706,0.0913262497596759,0.132136570800692,-0.470853183142589,0.248003501981249,1.83429429155714
-0.663737314697047,1.33017808511689,5.8019483173345,0.232977599292985,0.14035903873971,-3.05250147018656,-0.44784565946118,0.161732002418767,-1.71303472667752,0.608592989226547,0.125198260518089,-0.968061214924001
0.369155038317766,-1.36795521973998,-1.10280757959705,0.0618160992809547,0.784961658969143,1.26449226286099,-0.368420202030353,0.224193908186075,1.85829377279074,1.35877601906371,1.23191575661271,2.73153666651314
-2.82042101727092,0.824701019071802,-4.33793199046995,-0.306291147745363,-0.256935013249428,0.390619449232236,0.0876674761822371,-0.303832583396645,2.92857957708598,-0.504115323908373,-0.453512159797945,2.18596241962502
1.97776796168797,0.995635323335437,-9.8207477485575,-0.168702909804108,0.230862666860823,3.44296493103878,0.0754814396033096,0.0228453707695392,2.96844865421203,-2.35377762116788,-0.550170648954956,3.03257095887774
-0.0925404927151591,3.86858129255756,-9.36097424974184,1.17921929596569,-1.12088400843331,3.90004287173527,0.3858214698352,-0.350712911561525,3.3958879705022,-1.03831531056009,0.68154677423025,3.67536074782084
-1.63714906133886,-1.01424184680895,5.37485897811443,0.40342229456069,0.0596216164935601,-2.14528850639338,0.940293877617308,-0.288106189935568,-0.870355381760743,-1.93480932485757,0.66123178904889,-1.94809169396573
-2.28810975231008,2.15904485236581,-8.58606639367054,-0.800482029675717,-0.205094567554232,1.2842418051276,-0.852133278961946,-0.517610850807342,-0.168807448437834,-0.194531490935468,-0.856770612058252,4.53284874437642
0.460430488405717,-0.410713380919342,3.63169933571172,0.42431774265045,0.666721638842275,0.667516740434216,-0.421112983928766,-0.507404624371642,-2.56532016590285,0.276253494985529,0.0114713369151173,-3.47616743454434
-0.639466978651886,-0.0779014275610698,-9.73616953851972,-0.478223959912552,0.401368767443965,2.49045039645689,0.107379958557659,0.155801451474544,2.91433843511265,-0.29954157495953,-0.37365785285075,3.65931087071148
-2.18835248181622,-0.457380573746964,-10.427665237539,-0.616958724438834,-0.449713230937087,3.79314109425742,-0.0306691455907869,0.170020195308669,2.87949174108834,0.718361878345077,0.150497691275128,4.13978301646766
2.42820971208726,3.46539249576058,-0.375308339884392,-0.0606313103508125,0.0809301629958945,1.1105946207186,-0.00802774914402633,0.882129780505654,-0.753579693529338,-0.111838617163405,-2.57201135877799,-2.22094734227478
-0.0189867976691465,0.151366699643255,-8.64764428271471,0.276847799580268,0.546993566847708,3.77484880751654,-0.585589158519696,-0.257518560098812,3.91255368029571,0.0327065882219771,-0.0686068391109289,1.31985278078143
0.666346428424195,1.34320391173888,0.667902664518368,-0.228752801575334,-0.408463788824175,0.454135589634906,0.021593148716979,0.00468626093410394,-0.534628535190046,-0.695205183361771,0.56464492068893,-0.517811125141846
-3.07485090080066,-4.23665206961623,-10.2161786285534,1.73726521314331,1.40855772775244,2.8837167406278,0.0616709100178809,0.6240711180748,3.40756631417785,-0.0231022610086411,0.385662368545703,1.25952267484575
0.0594641609843221,1.65909333923401,6.22485224501766,0.108747863121745,0.393000189262708,-3.33887664292253,-0.144557634981423,-0.225935996833358,-3.35748139129341,-2.06933425202055,1.31283951519691,-1.02367267496126
-0.66564787164782,-0.0181539836478083,-9.25968945187699,-0.469950456914613,-0.565939522410395,3.6418637922149,1.40081508914209,-0.243847188645368,3.20465923897691,-0.0584019506029617,0.339962143342584,3.44282520189205
0.375067355939521,-0.388441721785897,-5.59160271621511,0.0318701472110733,-0.132938454637761,-1.15428296656481,-0.11910664576821,0.253998134009804,2.71300928791112,0.941242644711538,0.10418086569104,2.98217017529863
0.820211634842353,-0.72288311138599,-7.78434310067274,0.942406234626735,0.4960195131924,3.41447213945935,-0.0389711264294714,0.251154881764609,1.33488387454057,0.215932011046805,-0.241655584448852,2.46903916414194
1.58728414592445,0.633960686066207,5.17838842638013,-0.14438329590186,-0.682377751559448,-1.94911013981662,-0.561489123352582,-0.391327802580068,-2.88355661557011,0.29328414483668,0.928083777880943,-1.43780620736877
2.08106079608507,4.76152833516287,-1.07103659322012,-0.555474153575765,-0.887823157881617,2.06742838319053,-0.250051776991049,0.0694418870745098,-3.88943348377832,-0.693867885746093,-0.0565799193263276,0.942893142753636
2.14291707307468,0.877432024102825,-4.54526614135174,-0.0293734238168215,-0.0545818425296707,1.16350662003056,0.429518124177663,-0.22378204308474,0.265324048318334,-0.452076391108605,0.393717856665107,1.51104250552324
-4.12621058838484,2.29078119518626,-4.37307338187355,0.143236291640772,-0.554772105611833,-0.879185445226556,0.301392213960106,-0.0642449364237733,1.78243970074923,0.0766912226354622,-0.0469995881296523,2.3064717195638
-2.01805665953734,3.30525304283281,4.97368792697633,0.18993477967859,0.769141303532624,-3.76063716106048,-0.0307376415491834,0.0985416046333146,-0.377301311687564,0.409671774674453,0.620020149222186,-1.14249883383793
1.60773455899446,-0.301345088569251,-1.41415645312998,-0.144559285102246,-0.079553099087986,0.0881629612497233,0.196833932350197,-0.174138929095566,-0.616310581165082,-0.435681172732702,-0.314816503747381,1.65227075055419
0.23125185090287,-0.486851905622533,4.59182140315316,0.294324158781169,0.163997898185676,1.75834311980616,0.00861091143453488,-0.0750465020509033,-2.93446764215422,0.473675627347472,-0.159611912768739,-3.34088897748189
1.98818466962666,-2.3770728892842,-10.9351876746726,-0.782257444861605,-1.05584513631983,3.16176296279966,-0.28967627491871,-0.0210433221806817,2.24114786734339,0.243702178464546,-0.838964787813523,1.29952645320439
-0.573231119043452,-2.81307401778693,-3.34009506819241,-0.180187240619539,-0.176845866787774,2.01499949495939,-0.17777437267723,0.0407705238203143,0.62613842829614,-0.0123812573510434,0.446032980302001,-0.322175370435925
0.183868033718362,-3.9647550299566,-5.24599524830982,-1.49902282213366,-0.248706880896289,1.85372844697875,-0.479738597718397,1.00499221856781,2.88945315502278,0.415074095393143,0.263944832754163,2.51763498678128
1.23459184951311,1.21127950789254,6.45222311987165,0.0127815875979008,-0.541586146150318,-2.59529008898661,0.584096903693992,1.01779212297151,-4.34702491652238,-0.293042886237742,0.097708648614116,-2.90578892736292
-0.639863011661654,0.350122027421412,6.73403085563771,1.05391286913997,-0.63597358403369,-4.17262682782639,0.522673297986675,1.10903191733732,-3.81917363214796,-0.27903048922083,-0.0953722429939308,1.56625232280698
-1.04642633759558,-0.225813156618011,7.0622729098839,-0.0704236838459834,-0.0248634464064203,-3.33194264081236,0.0582274401146604,0.475716483721662,-0.0204991981327085,0.366005779623221,0.547980352531042,-1.33580405908048
-0.45735332841178,-2.02942703030409,-7.96701042621838,0.114682749085296,2.3037486415833,2.26878695111978,0.460149389082944,-0.434486172068267,3.24519801046369,-2.57224154469666,-0.463177855760844,2.17604336702979
1.62653956838372,-2.23786647522759,-6.49677194632819,0.183233365615513,0.073399644586388,1.00049762716344,-0.289422411840109,-0.558223806955267,2.66401672959217,0.108423997696716,0.156940184011753,2.87347654049709
1.55704197601248,-0.397897538734679,4.0551184739906,-0.0478256183216809,-1.00125737352445,-1.02729473345274,-0.0309789793085858,-0.11131345603437,-1.85390394520189,-1.61708357759039,1.65551894408271,-1.57252606646532
-1.6054588938398,0.683174830273164,-8.23070626457826,-0.394694671392844,-0.245613036784608,2.12061976885768,0.528807759511989,-0.466388938738434,2.76388402957644,0.114094341539776,0.425322581326455,2.67467093851338
-3.97097007142731,5.62326549515045,14.5323713766906,1.66323089131987,-0.521736387185362,-4.15728485225513,-0.0736477334476851,0.030126492591433,-2.56742954517497,-0.169357100488009,0.160896221008743,-3.41065765364762
-0.954948451744489,-0.184121707217965,4.58284649334919,0.565651272330971,-0.278533007951223,0.123480501222632,0.237836297371069,0.495169232106225,-3.22711967367856,1.30372142946672,-0.521374108983812,-1.46824268215383
-0.712658826817796,-0.106842507868464,1.34156601469604,0.197746606986257,0.0964561914338308,0.283895700804382,0.0469771416112879,0.0711089666596994,-0.872026865910134,0.828642998280885,1.05286317174085,-1.75053050486717
4.54948149963515,0.0794792072928731,-0.629416362844423,0.202986755360943,0.538099951747118,1.05158019368108,-0.0788140394186471,-0.195231307530023,1.9744384100446,0.0937725009587842,0.240697094677345,-3.26907990878182
1.37622096605385,-2.68383353247695,5.80650106898155,-0.448087118395943,-0.371576239720095,0.0186420902502373,0.215142907511451,-0.0316562393500074,-3.74430485405524,0.639081474411471,2.67218370442076,-3.55648844066627
1.71359229646078,-0.250769247843358,-10.1480030315608,0.808048709794164,0.270690903967411,3.72845502024389,-1.18240159926672,0.314395181439231,3.30994469567092,0.0137728500384355,0.0301989544286002,3.15385584314713
1.48972156553382,-2.09628947889227,-8.24576358605456,-0.550923876911138,0.820218205864214,2.83661589131811,-0.0319033481345335,0.493607289021016,3.87495043791368,-0.294767252638053,-0.122557855574867,2.40108724391361
0.44000666025794,0.685014111241427,1.31287988484077,0.167867672800508,-0.286234639140282,-2.55759407145827,0.0470598282314866,0.458604227286673,1.37865059438109,0.480935876848582,0.246358386281717,0.202993445682958
-3.61522160489604,-0.947847172954593,10.2832040060765,-0.307401622164638,0.350268422148561,-3.44323912154486,-0.253437877587839,-1.05307914171497,-2.56413547542677,1.49208981672063,0.306618419145685,-2.76219758622653
0.146366288288604,-0.292489700046861,6.24053472374921,0.671498903788746,-0.37864171077378,-0.938702538862328,-0.164014280833977,0.571499960513449,-1.9478023695575,-0.695342490555415,-0.0598982873117088,-0.542951691635155
0.469222446657893,-3.08677041284186,-8.01798967982283,-0.0073316556256504,-0.0242928033544063,2.28271725275807,0.265116615041269,0.178457407649867,3.81622107195762,-1.49424344276391,2.73304965360731,2.27784570810479
1.19394614492758,0.0655239987911917,4.79966800014283,0.00259466738684199,0.0480495086869442,-2.47638348304451,-0.310318357304304,0.0936477005018585,-2.38099032725651,-0.515424404745751,-0.384280095859119,-0.348281122984101
2.77519713464755,0.864068873324007,-9.54154687811263,0.0876325974772473,0.0799046382406823,1.3710718697626,-0.0100255101201585,0.0521931091001401,3.40951604800315,-2.39879002183184,-1.22528260594883,4.01809717065711
0.68699221980247,-0.123507141870454,-8.39467046564941,0.641561134054721,0.775494534236165,2.27586210389425,-0.805809765516576,0.0879024029304338,3.54313314015902,-0.939035829126349,2.61536948422118,3.38207852779798
-0.484615304051671,1.82429194935777,-6.30463559926198,0.584191007903238,0.261809591396035,2.14503635827419,0.0195615070395238,-0.485322395773957,1.71261430217844,1.78751537877722,-1.22999334957858,1.19316982208174
0.651346672753845,-0.507228935869007,-2.23751477291469,-0.142384071023553,-0.115786612258234,1.21571489439996,0.898356060047371,0.213634116040769,0.526221478331927,0.217241195360273,-1.10505008942504,0.601745858870102
0.177237911976774,1.34796932524487,1.18427880658855,-0.463512317941131,0.221651756236564,-0.762848367118573,-0.00764374940411131,-0.0752592699827942,-0.303835183044405,0.299665022830305,-1.27512484489304,-1.36040570482425
-0.588054264977945,-1.88622702017707,-3.10478937257219,-0.100485465008044,0.418190983709012,1.23205467919056,0.382163355381613,0.22340668033118,2.1577285234895,-0.372916846374877,-0.29789152899244,1.6266759578609
-0.240176583603932,1.25686793346466,8.00421928920484,-0.403177549021856,0.135030800685193,-2.83189660974281,-0.301161943654639,-0.271362212898036,-1.2932592954443,-0.278015427941277,-1.31328240195035,-2.93750235008959
1.76950023074352,1.48502640845388,-7.32302584180258,0.134451905731532,-0.190436625122446,2.46937952422425,0.278674319111637,-0.855867580013663,3.18537937530183,0.584845670635539,0.400533179569616,2.93164426510679
3.93451770497292,-2.27844457723751,4.68409213234109,0.372558573247362,0.582905210291768,-1.67933451406202,0.407023638636903,0.648142887310352,-1.32656777776039,-2.37866117128614,0.381959700434288,-2.10865768319506
1.19703282236708,-2.21945813321061,1.83519799147222,0.626516042690686,0.45872309400512,0.00725601136171452,-1.43857148840561,-0.0745674069476912,-1.41306132639299,0.475145182561911,0.210553491706649,-1.76841878923329
-0.102329852410707,-1.86698245900294,-1.12448398777692,-0.0218747915049974,-0.11257781216338,0.0742372911646751,1.35620254670688,0.354839811908719,-0.180149904353675,0.227577823004152,-0.0160818884348424,-0.72748241968402
2.35604801119738,0.878776666751903,-3.72262294394432,0.395347670601009,0.457990320297209,0.150081217835614,-0.371588512876637,-0.546730133691621,0.745555693308131,-1.37902547121096,-0.47299736461676,1.21377516829639
-0.432447033323804,1.4263243593551,5.63707545740641,0.364984924247259,0.253802043334013,-2.78758954965462,-0.1958789665319,-0.0703869703662809,-1.78454559783309,-0.193813808638635,0.259238572531503,-1.64392979670762
1.51531755939057,3.19014383880491,8.14256430271291,-0.95871355309745,-0.86625474491104,-1.67519175613793,0.158411652708689,0.550206905284233,-2.57911012339745,0.380244243632114,-0.90128295281392,-3.48767620772703
-1.90981594652695,-0.583649982822555,-2.93339068991624,0.0960427733753819,-0.437327831075735,-0.0793475732163153,-0.200541746898753,1.50215107088852,1.40320838718397,1.82479716350126,0.0686490107206794,1.83944079363645
-0.963198011550904,-3.45056121529056,-2.58077210831613,-0.646448736713664,1.1775608783634,2.39829116414575,0.444227323497373,0.872996499137871,0.0146403587063942,-0.09954105257965,-0.041231052329117,1.63917265466756
3.77757205917406,4.47659472190097,-3.42322617105553,-1.41180471196764,-0.652893279540438,2.01617047073233,0.125946984889977,-0.3350962442438,-1.16558559751688,0.467469114182495,-0.612128879624278,3.24011159679721
-1.58601160801019,2.6992703095872,-0.349886910647291,0.105556792462337,-0.204773576417279,-1.1843355456644,0.181510281035907,0.239923713993161,0.174955479320946,0.991886845122973,-0.763866630099701,0.348225764615515
-2.26701730245687,3.10061653932062,5.39449785224713,0.419917371707588,-0.209300045816579,1.04681126141944,0.168450282980012,0.238904909551471,-1.1001743539767,2.04136827981245,-0.353448478064201,-3.81442065462963
-1.27390363435293,0.817721792539304,-8.08620206647111,0.247450899240811,-0.342568393563317,2.17147152606931,0.963022029631765,-0.0374181196854729,1.54790081066818,0.69540662258364,0.648053649783757,3.79798298802509
2.25267229687065,3.35379955962634,8.13856934765947,-0.756378288013083,-0.177943834451003,-4.16802645785275,-1.48485658475585,-2.24813071215332,-2.80635885509182,-0.0289712223584544,-0.127520465965063,0.306999096191412
0.563990376860834,1.33985775708086,-4.9283954249293,-0.181398442812085,0.715447092697805,1.7967167156667,-1.1756809700556,-0.964385306766288,0.194297230150975,-0.266282900296475,-1.32356479420123,2.45100628937996
1.31577062673703,-1.02282940180819,-8.09126416661423,-0.742415729675083,0.424821892938699,3.78625363971121,-0.0820048701123691,0.0492136739216475,2.98193462599829,-0.798793836947972,-0.0314638337672086,1.72208643189371
-2.75098885427192,3.31862641736618,-4.0659529225754,1.42428876471575,-1.65107521129823,2.36725388548593,0.0427798377830394,0.0396409524369267,3.5363502624004,0.016902079698994,-0.0270666044726772,1.07209200721272
0.39999660325483,-2.38893352372035,7.25562032621375,0.875274978729996,0.278010216870857,-2.25888059157298,-0.529537879076489,-0.689538353134017,-2.6557752960507,-0.984980387694639,2.39717722026483,-2.59196291330816
-0.5050463833345,-0.327043025576329,3.84531058160779,-0.260106387241018,0.202733954194184,-2.56785482459392,0.136982955831557,0.50533257552592,-0.37753218731267,1.07832256878852,0.205314767247301,-1.86067805625348
1.16124591022191,-0.279009719851975,3.64393286201416,0.220929945295942,0.385945542457207,-1.52263865273762,0.0339695771510264,-0.55767988275491,-2.83130199334978,0.633327035920912,1.23255865932826,1.25200128589086
5.18353774038855,-1.16291332719967,-9.2990574342829,0.0874118424391876,0.155744885202258,3.40049275775915,1.04107331959571,-1.91572641439582,1.71218941763668,-1.55653395369822,0.700045284468948,0.766210655362965
-2.81673906864863,0.958961222702088,-9.03914994522617,0.332117472336294,-0.37433708404218,2.69286622909873,0.578831215953859,0.744097331583171,3.64441477755937,0.513626363870236,-1.12874154675028,3.4503142698715
-2.11163643751125,2.75243988364223,-6.49380912228674,-0.158911208837788,0.193528796948741,3.60504511078182,-0.179725596952232,-0.0394759488388555,0.312299839602685,-0.560470583183692,-2.94066172106118,2.92909509037747
-3.25601711546944,2.3797009162382,-4.96333499607561,0.0267428806393417,-0.0956523363768965,1.59225027074275,-0.808549158704603,-0.677468895902185,1.68957372426678,0.333141051665949,0.399734193765275,2.88126757453183
-0.893173991858876,-1.1529557157121,-4.68591135215369,-0.484487069308347,-0.80005246202489,2.22902802810885,0.0922456805317775,0.286435618000832,2.91719766489742,1.39651614794828,-1.66721804970791,3.21207072876788
0.428973899283585,0.894894825429139,10.1849747681659,0.202479190088561,0.158951851869929,-2.86933013572204,0.0234998459697069,-0.0201969701885984,-0.259242007298183,-0.0923461179953985,0.0317584291997458,-4.99761775983459
-0.262119247036335,0.0695593443296201,3.59908851150855,-0.0290077169218393,-0.517620570908213,0.395951397883685,-0.131133598937047,0.0594131202083019,-0.276460365629354,1.20139694180817,-0.391751167960161,-1.8559863186732
3.07587239760327,-0.291684810259418,5.14478062601697,-0.716843916640747,-0.428645577383262,-2.05244534647721,-0.292526577230337,0.0144937925363813,-0.985030772522621,-3.18188759731803,-0.606257286498549,-3.14563741198344
2.19028830682697,-0.0581054514512438,3.52858079563349,-0.560884705007724,0.193466222792748,-0.712143745564561,-1.22004086236057,-0.0348674754900869,-1.62397105357691,0.0973040069113592,1.03663375796732,-2.18680076850942
0.577214692745238,-0.599805669897853,4.59501767237124,-0.578570102357272,0.246838554139403,-3.54613476882424,0.400938282166051,0.361803426196781,0.690012276667287,-0.0681103964420578,-0.555274554692848,-2.60077274052229
-3.06238146115296,-1.65755616488241,-6.89232314761044,1.0215457236539,-1.03151271536823,1.85845242401733,-0.217420626778998,0.837407290953653,2.98299331088734,2.57579931598788,0.559530703298941,0.655652784058687
1.19715539193732,1.13794391536495,12.0494213636002,-0.217162130738655,-0.287160198364169,-2.62658955025875,0.422225971489543,-0.468843121461344,-2.35122795772563,-0.787857047834098,-0.049730924832123,-4.52763683307147
1.08386088892861,0.256451517505895,7.97981543804653,0.117825256505608,0.143893093232767,-1.68129622868622,-0.412799976219324,-0.286842818583534,-2.9174112208554,0.0329489298562482,0.550541019951895,-2.52626862147148
1.56657381303199,-0.738839787373521,-6.06813023271809,-0.113036685513821,0.18670054033019,-1.09194217984769,-0.0990768145126267,-0.111313589599701,3.32000712926973,0.577302708566655,-0.110534859872858,3.40586140540762
3.52337080126762,-0.0454156721896332,5.02624982820058,-0.1033198659734,-0.223376110032065,-1.33735474776102,-0.153014607252838,0.0286226424810193,-2.64899225523278,-1.14344201513008,0.761391566088486,0.36380882340339
-2.1012608403572,-2.28594543253913,-8.51969275268337,0.321206642759128,0.307730944471259,3.81114067811412,-0.292806660434039,0.196702339062397,1.1345837351938,0.377822850366567,0.367102530642521,2.44056529922313
-3.64623794206817,-1.12681993283636,-8.13055053738766,2.03643282276874,-0.786712478854538,-0.797317883603033,1.74430542209115,-0.187610229423643,4.83641423114237,0.828856887703372,1.24837979005558,2.82825561788446
1.26604885337023,-0.528995993748067,-8.22952234058133,-0.752534336963346,1.01702909988709,4.46661753443912,-1.80109713305327,0.930408485021167,3.44153210559416,-0.024819244098163,-0.291178960454912,0.674430893410309
-0.809058134316175,-0.721254678682829,2.65383007145557,-0.035493231758747,0.0196735982392559,-0.663602435115171,0.836492100422012,-0.12519427305083,0.661605688118427,0.0590276699890735,0.209575428338177,-2.4623114459556
2.61529833172599,-2.58407554963987,1.69045441277957,-0.120945872573323,0.544909183947489,-1.31297795261853,-0.692835719235073,-0.212242024021282,-0.927700483649324,-0.618614467386952,0.636684225934984,0.145899186544115
-4.33803287934698,0.590154418695291,-6.94067324657024,0.46431415944608,0.198735154172182,2.72515240009648,1.05975607208442,0.740184137688976,3.61561916274294,0.715507491089874,-0.406162517770894,1.0213612202016
-4.02586319038242,-0.637805307463856,-10.474363886347,0.872253746288356,-0.64867443093939,2.67226872620452,0.195366070715837,0.0446403152052383,3.21365354948266,1.23954982530535,1.68632183046854,0.810252553653866
-1.81646940906895,-1.95548756711235,7.57240475370318,0.224886826858513,0.994789175397019,-3.68936947192012,-0.0333353019057284,-0.525232096995436,-3.01307601726046,0.178305986111989,-0.155107252278472,-1.5904993687584
1.47690379723921,0.926343631143883,7.71589097619813,0.14533808803955,0.000163893216779482,-1.64025188916219,-0.158353600026649,-0.203600749991335,-2.7402217048341,-1.96099939437164,-0.374787536285947,-3.3595565367308
-0.427704867563617,0.243043923204223,-12.2390301195467,-0.537710906957518,-0.530826014570472,1.33570272532609,0.335810741452239,0.500888861241786,5.00102172278066,1.09722213707037,0.23466493631672,2.42353506261123
-2.39318599782302,-1.51650987819958,-3.45086348747097,0.144038827411318,-0.20281274634572,4.15287019710832,0.34952489384903,0.815076029229384,1.72618870829989,0.230472041667641,-0.362975416820203,-1.4509572873452
0.152160455658545,0.812423047103463,7.12807199939427,0.40115463513719,-0.405104559190054,-2.22189685106351,-0.62527162802762,-0.0392468885307928,-3.62449866577198,2.68555885617616,0.265249131733104,-2.29195712951965
0.552199659533552,-1.33057284766047,-9.29553038421055,0.0084976281739391,0.880468688988569,1.71495149083138,0.00218095204568733,1.28229357355429,3.53649185567727,0.129812847257278,-0.32184473276655,2.65441557432083
-0.160196339300562,-2.64258234527948,-8.40246809591244,-0.244393308339018,0.138841719690337,1.40198939428422,-0.220688127078364,-0.325368408294078,3.45020646661986,0.590113889706995,0.686531280610683,0.997719274974495
-1.13532273063217,-0.26878879587931,9.45582901089585,-0.263425007119056,-0.211830162034913,-3.39726626860766,0.544495048150411,1.00090030465866,-3.4856497339955,0.459739086672437,0.162687709620532,-2.53475851883948
2.34315208269623,-1.1017697243945,-3.67651580212184,0.158066575754211,0.0823093514775674,2.27252764166158,-0.280025644145705,-0.265784613718485,0.483608419206844,-1.34406054036442,0.993651679084687,1.08551108326311
-0.186628854855979,-1.51900899028101,2.4247752799558,-0.343456134596918,-0.365072740964331,0.265295730625023,0.176393240131259,0.185854213635048,0.308875206114574,0.0464676925862295,-0.125480239832723,-0.290456420821953
-1.52614397299777,-0.103295112887459,-5.40278139041685,0.155784256866597,-0.409737322364921,-1.00182619967325,-0.392456284530709,1.59892475723787,2.3749120533744,0.291730350660107,0.0494284043087571,3.12448020451676
4.72248141281656,-1.43722859479661,7.50118640806613,-1.0180105935663,0.727526144586119,-3.40076278163943,-0.303189605734623,-0.0149555007529855,-1.22729710713666,0.720311124791707,0.553069992215481,-1.88779018812564
-0.738162139566146,2.05324483943167,7.8319818289107,1.88911802602724,-1.64825234756308,-2.25093877638292,1.25133191682243,0.411978079442265,-1.52413883294303,0.361921693238666,0.259863888470617,-3.00487397445773
-1.83597944890217,-1.62266523390632,-7.72445884000589,0.850981338486883,-0.20984484090642,4.00785673242357,-0.304673928140457,0.151351772408564,-0.838183126007266,-0.370328267010129,2.1941896979584,4.07285876703914
2.27954982238604,-4.20709601081864,3.45463495182688,-0.431896806301468,0.17562191572805,-1.11759291440877,-0.625055789284155,0.26301119328136,-3.13587510820216,0.113591607012733,-0.879811826430545,-1.72243856162813
0.875364123598919,0.840420292018396,7.19047553985962,0.12845246119729,0.102982279965239,-3.78983504491394,-0.418934625754815,0.459864110262126,-1.32727294969451,0.026544212940146,0.00127099173631769,-0.62054574440697
-4.72273846161925,1.0047395727261,-3.8501039810455,0.708952873313371,1.26653787577089,3.46396082915698,0.0372197647579132,-0.340144619842144,2.34459436459221,0.847695705709347,-1.63290362887008,-0.194878896407517
-3.55605034050041,-3.43419636940278,3.67842988423691,0.0934588635017468,-0.268040663664642,0.838117330762471,1.90403725367914,1.24370156965578,-4.01350975405147,0.10261382007378,0.142606802423833,-3.15671370746686
1.42512337986835,3.19980222026496,-2.92986433878881,-0.142703793360931,-0.294765234050979,0.390164356879345,-0.249662619982971,0.422092149712574,1.80691312371634,1.87891107527319,-1.70591918459545,-0.055462892074808
0.411717132508422,-0.251440470442478,-6.24617179904583,0.369246388801123,-1.61172895737796,1.91988781484052,0.133968898038944,0.302368642667635,2.40693530297105,-0.464435346040415,-0.102988984011273,2.86965192328063
0.605935994296254,0.0422868427745919,-6.59510934324978,-0.0696720055809628,0.471490072385279,2.50443346736925,0.0962894506233131,0.0205582600786536,2.94129970307092,0.855965758959909,-0.581944478327499,0.08514501865795
-0.0424372901659431,0.147325287470504,-5.57664738852084,0.114394641025759,0.122120423429838,3.07537488070333,-0.482322499117319,-0.851270534554205,-0.291437856376539,1.17499613688156,-0.0311790228626606,2.00040345055095
0.675492252052483,2.08869861524632,-8.76833590756448,-0.0898017351641347,-0.487331931957077,2.92595058482521,0.230310043251427,-0.451546793358496,2.34190614716025,0.236584945873978,0.427288940489711,2.65244711600372
-0.0542655017036601,1.84403062780473,-7.90558199221397,0.0169169254101888,-0.0286112496093823,3.00586498131865,0.682744333451466,-0.159127801167351,1.18610207929156,-1.39858904715248,-0.488706416071381,2.99772305698739
0.303659089361832,2.12993403158664,6.23958269591809,-0.087785660534201,-0.606546465493031,-3.69503083845166,0.0238936487370488,0.174625781430505,-2.6700919019008,0.758358000715413,-0.812852332908494,-0.970512965795422
0.773432651264617,-0.911150857035693,7.45323409021797,-0.660451350483226,-0.679398855968599,-1.24368129214047,0.805335201679107,0.223991977450596,-3.13490295335871,-1.68594494234333,-0.142117472851051,-3.18051925836869
6.17333670595377,0.811559349840313,3.8161066433111,-0.408428369564503,0.200143881809735,-1.67114788954993,-0.142149228229713,0.154686143610374,-3.34383709017466,-1.57955606543723,-2.30490278116048,-0.524879064831695
0.868269157100357,-0.183889759741421,4.38294202178033,-0.786558600661444,0.262635152836373,-3.3306284559389,0.170648449854428,0.758074445155493,-2.92230583285983,-0.801611924341148,-0.694904553316873,-0.497859038389873
-1.58238152821902,1.53814365532045,-2.97681783810261,-0.196147039594819,-0.413383335185214,3.05856136040976,0.30683091210326,0.0014817918619595,-2.25408172054255,-0.640055986935924,0.774344877465209,1.68714674586924
-0.393293263870176,1.95824897034484,2.13060671830086,0.0621865081377332,0.0399023054093198,-0.710404217336601,-0.38863871634223,-0.105442804435586,0.136372981287402,0.779204571805393,-0.894203929484623,0.813934393269423
3.08057854932481,3.44946249655611,8.0663362221155,0.269526309147897,0.372404966491182,-1.40886006723838,-0.459000413036827,0.11801215731619,-3.71982647980885,-0.0720266007501639,-1.17076700405638,-1.67301110238211
-0.536523607483526,2.55507526379998,-7.5997027107238,0.678091713491692,0.0174279224738516,1.65879822878423,-0.29176903925638,-0.442947905046626,2.31859360280047,0.213350592588062,0.513753577581392,3.5829147549121
-0.397066299349534,-1.80579304341516,-9.64419444334527,-0.508334457259431,1.00920659803053,2.91714862783533,0.664620167504871,0.537339631836499,2.21147624678417,0.735967597963053,-0.060638369330997,4.19121077998181
-1.01124497097246,-1.65094793533962,-6.59839802881479,-0.0293946492756379,-0.491760241416255,2.80554966787988,0.176631575080606,0.732267701796257,0.777883371856714,-1.06190020516707,-0.00681924715196534,4.95688539755769
-1.74307962672509,0.82796283891211,3.36225139657153,-0.0730284569265964,-0.0161230235957262,0.657665916849072,0.198426211976697,0.617323545286068,-0.823378954906889,1.12258274767837,0.187655076717373,-2.34055838534571
0.298237448968235,1.40458045720913,4.6778362909359,-0.303180114213685,-0.632087405988601,-0.618360701524646,-0.124323845828144,0.633500966046478,-2.02493021568629,-0.0476603188048439,-0.0822614459624866,-1.17268617903959
-0.527383947350777,1.12486245252123,2.13627427565918,0.227443302513406,-0.117384803866268,-2.34732519888594,-0.0832089140638066,0.0746248952192937,1.30481897930306,-0.765508137246773,-1.12300445631894,-1.74745927812116
-1.92915731681105,3.07102072610549,-2.61247520926465,1.32112219862267,-1.72803744420054,1.73901015270631,0.0307966189076004,-0.0186138273293081,2.22615660447329,0.0460007649136374,-0.0283309345694775,-0.336001699555269
-1.43530699001082,-4.04220117431999,2.08682154611303,-0.487161444040597,0.104094392333297,-0.669429534668857,0.183103330942602,0.927008107227094,-0.603299517535714,0.0190324489406126,0.701724959360125,-2.70241229746348
0.108612887412105,-0.0442117061611116,-8.85647636695489,0.167175037943785,-0.371281148205317,3.93311635381333,0.119388396604728,0.279230036310438,3.48862070239441,-0.340393471404213,0.148920385450045,2.77430694517414
-0.668953193333745,1.45811575350006,10.4297662999782,0.0831046537827036,-1.91277085909683,-3.95025761925753,0.826579770144785,0.365748323217025,-3.26037830744766,-0.635489890904763,1.00849961052294,-1.98723135383397
0.29174506935159,0.471319405456325,1.61957907645669,0.247302220726865,-0.426295496201444,-0.806312467682387,-0.317972327520443,0.149706895881205,-2.08024651388448,1.0674816394972,0.585385130036289,0.937755186201585
0.757981608967029,-0.355731869522278,9.52926998955314,0.00533076109533854,0.343482886519911,-1.37009803837967,0.0676694165789242,0.0478755530448255,-3.36870317895751,0.502309954759689,-0.178622610158473,-2.96092328740979
-0.865987453258551,-0.198916870551492,-4.35442232518626,0.114605882124738,0.358771071500033,2.84542031500819,0.00997142072594456,-0.301324638681308,0.0528264387192094,0.211466308031996,-1.84434449663753,1.86365785284246
-1.99644007884957,-1.18471989861299,2.29537661495848,1.5715231529898,0.221374724805885,-1.07455410004831,0.186958132951169,-0.616593771883909,1.80428494790114,0.648595946065964,-0.368971717463344,-3.62651551352619
2.57767047038475,-2.96726454095585,-11.6147552763864,-0.102286028864215,-0.52576751191345,3.551820226535,0.260807929939625,-0.0690063001430514,4.14249131292437,0.175225390716231,1.14407142193003,3.65648110259318
-2.61262451924978,-0.839312055376991,-9.38102261040456,0.581572724251266,1.79653999256411,2.25555387458106,-0.0373877795012851,-0.0806771681610267,3.5200214731212,0.481501715832108,-0.99277049840539,2.93083189583383
-1.49989580280595,0.0852212773321501,-9.60040975286614,1.4428978042878,-0.11939131493237,2.93742321953425,0.200561956842465,0.197350270325547,3.26921889775087,-0.76143383433797,-0.857299638995497,4.95576412872263
-0.875202706778582,0.39385006939741,0.801020737089847,0.280149305378771,-0.268237018069006,-2.08300041533286,0.229163297549311,0.114321270602993,0.0896924590132538,-0.566412166970118,0.778360508050769,1.31474785399273
2.28256098204934,1.4718421899524,2.8433447973616,0.166679857535629,0.186279905485523,2.97757019898105,0.182734039547904,-1.12327373974295,-3.72132514712439,0.12685334048034,0.0878721356563377,-2.30027563711131
-1.76027766244165,1.64669452716378,10.3981023923915,0.0120569600200545,0.618391042236189,-4.47023194124078,-0.671326513445804,-2.11131164964943,-2.54360553275508,-0.739127056306215,0.961384860614352,-1.27900857824342
2.15439168772582,-2.02471016046353,5.21301658042479,0.318286483760772,0.303645969483873,-1.86406765139988,-1.67415855563072,1.14102727719261,-3.33497417758931,-0.210379261583953,0.295586889432755,-0.203534409920715
-0.678965263232913,-2.70110885133726,6.48539001065817,0.220393407559212,0.215118989780046,-3.29901997479532,0.896272734224019,0.92377133190344,-2.22829330199555,-0.314359775789074,1.02894097869069,-0.550751239860862
1.7977670265598,0.92570858256534,3.06868836197378,0.123074797439486,-0.0431836263129925,0.109749164981968,0.516755512205328,-0.086965468753514,-1.47987520757608,-0.261985193295739,-0.479844796641808,-1.50323422511749
0.132850736092901,-1.99855134252881,1.5759636832412,-0.0106083198412367,1.30862896194675,-2.54553581039958,0.141057406635056,0.527960306967977,-0.319340601611073,0.0357496076038319,0.0773153873261871,-0.236844834362283
2.70557863855364,-0.37643154826419,-4.26886200388105,-0.221285513431563,0.463986562732462,0.678001398076064,0.0369602415205569,0.0725678427088078,1.29941302078303,0.62980135378763,-0.876953730488263,0.519030868510707
1.78355816908407,-0.57529722201639,1.27582011020224,0.107509173415782,-0.021235827633728,-2.79110563391354,-0.0156456575915669,0.0068109487184476,2.93471333478812,-0.20646458938274,0.99101904490598,0.666146233411146
1.92228481795199,0.460917417880379,8.91567132303555,0.0649056465883815,0.339227518867468,-4.28390037310267,-0.218572834246805,-0.257404739721316,-3.76746959787736,-0.127998620456614,0.942694528847381,-2.04003775788431
-0.193740752136347,-1.64008940887506,2.96291169901208,-0.0256847810609647,0.098952316823444,0.458779171081297,-0.262618470463018,0.976306560401826,-2.1831448904266,0.135995512881884,0.253116481007765,-4.79007056184812
2.54511203172706,-2.03007927230169,8.9995871396211,0.114702713637503,0.295336909321816,-2.30807725360953,-0.407641533472615,0.295402817654508,-1.65157211677316,0.159656972503764,0.0367372172825321,-3.07286627941911
0.117690939877604,-1.05466348671106,1.43390028918083,0.447673778673962,0.304785887804093,-1.17684532543016,-0.0182577386672933,0.113738830436428,-3.02912932521956,0.381669300821136,1.4426687098386,0.846230012071107
2.38009859024072,0.396928411151477,-7.9582136999975,-0.387095344130174,0.792901739916544,2.39286668247504,-1.42806159522584,-1.04642866952234,1.59411296206146,1.31491369576269,-1.10503044070922,3.22069472626818
-0.726573425499259,0.130044175669727,-4.97892868811988,0.0374943540426994,0.443441005479927,-0.770042108712062,-0.214020929124599,-0.0268389419922331,2.09372177088863,0.0244957046383121,2.2430141850045,1.4961973714863
0.815400764365661,-2.80709105554271,-1.70165300708653,-0.0921070780635912,0.192753505922,-0.557634309127592,0.00478110732942205,-0.106557530859499,-0.421619385690107,-1.47495339111938,2.4169742688806,2.02534192795078
-4.31164034147125,0.509534666955578,4.3755953196028,0.259135089342446,0.00268119531459336,-1.86252959287583,0.0278240576300574,-0.0359357671077614,-0.203909163015739,3.12870463555874,-0.208152177063773,-2.90907381670832
3.57410968553574,3.82770512100856,3.83118095494039,0.630199011422126,0.538567086768735,0.363988724500944,0.207969422087163,-0.53903913454429,-0.275557616674818,-1.13261035101986,-1.74838090273945,-2.09801276615613
-0.99411497588566,-1.49768758785133,-8.4866239077992,-0.890769155424475,1.42105574355065,3.62228331563324,-0.0763711897396233,-0.321554189301669,3.25971897242453,1.09604977628784,-0.133769630193841,0.677622304115329
-1.86213668610478,-0.414745747740084,-7.84581995673653,-0.181626506351025,-1.26841380627701,1.80288874477701,1.76419208915177,1.02305023338506,2.30793805003175,-0.288793870473868,0.0264619828035439,2.3400878484403
1.57167464893625,0.35982692836688,-8.57416345854915,-0.0210072327720302,0.819029529962312,1.9518053993382,-0.599159483729838,0.276495533125736,4.11509058462811,0.384091990924487,0.195586195102519,3.50246528897376
0.992306537211056,-1.33794802281293,0.590903742825674,0.593050306723181,-0.250005918770829,-0.0635160450533055,-0.301314081062719,0.0361782720981184,1.60959589637232,-0.335265881270471,1.32410471674303,-1.00956735535373
1.76081534972051,-1.97710953226059,-3.62712077722039,-0.793942038045332,-0.455549909452347,2.5131164203704,0.0381844839778113,0.268322324106743,-1.85938074768372,-0.583079876919412,0.0602642469659121,1.45550594336044
-1.04476496170087,-0.784835318511733,-4.08059394489129,-0.0622998737311981,0.160289120676267,-1.47620890632834,-0.0418979691635987,0.300980573711393,4.73201369412967,-1.68584784996164,0.109837784352287,2.95321274585071
0.00946758896093614,2.40324360728225,-3.47520149953831,-0.0999839836464042,0.102083865325015,-3.94040634016661,0.156480984088488,-0.193696919761487,2.67762231952633,-0.742064687023035,-1.10606446825749,4.11634763713696
-4.31247099823846,2.75164908795294,3.07762196415645,0.0815602905117572,0.413955671746798,-2.989496500494,-0.265475574431046,0.432070872579752,0.585491430032842,1.17271018242544,-1.1997797249663,-2.34783893884698
-0.367656432874265,1.56278254126036,-6.47991088135094,-0.302514545716789,-0.317061697438959,2.04766939499534,0.0952358555979681,0.155768911783985,0.194025016617453,-1.99487844011196,0.759377934827871,2.80022831447477
1.2027230563163,0.883539934827464,-4.79655402522144,-0.672155055835416,0.384607750103657,1.86744203684809,-0.00808607614500834,0.732414032069698,-1.17787783999544,-0.605723631113864,-0.120841839870629,3.73656610977352
3.76339513033014,-0.978711258585884,7.37924154264649,-0.415410119882611,0.784920638724255,-2.79994722448372,-0.531874053068942,0.494030032061618,-0.70589940356629,-0.508183602808832,-0.222625265228663,-2.01887070597304
0.820485203538209,-0.422598739335695,3.28994121162569,0.217210479984981,-0.292589853726361,0.325668710421079,-2.11163289740946,1.52424239229651,-3.02448194955598,1.26545560247916,0.0719698232972656,-1.40304877445965
2.65026976825878,1.74716030815108,-6.71616022458903,-0.222241844775217,0.149522897104269,0.281279808760971,-1.54231432383965,-0.761294944405351,1.99007375898388,-0.168969507119039,0.609559577427661,4.00845578141855
-1.74308557772448,1.91078962612113,11.3988342063094,-0.29047696972856,-0.385993135277029,-2.75585367088226,0.304599255324492,0.298093600669451,-2.54337284021328,2.14152761018876,-0.165272464127656,-4.035312201387
-2.1449511722446,-1.37869020972925,7.41157601772006,-0.277060009150411,0.352151398238732,-2.87853333558326,-0.228504256802934,0.184938155258022,-1.8100338226142,1.6882158523929,0.171415334673879,-2.02487948188682
0.441775639840564,1.3346877557932,-5.84230428221751,0.238183420711112,-0.492927374266918,-0.678329348987395,-0.21042735699688,-0.596560519210621,2.69831430760924,-0.208538838568531,1.3915550389314,3.79539183080514
0.818116069960171,1.57977337635646,-3.50777664942425,0.988638329896367,0.322616354565299,1.49717223034301,0.0588141560731043,-0.17298141068633,1.76113626465877,0.114773044678511,-1.17706966046424,-0.535297300330074
-0.791970329440636,-0.0727963582842251,3.35061431022435,0.22274097265412,-0.121856139774473,0.407330516128347,0.773193289882546,0.951326378410411,-3.24130843894974,-0.134575506716079,-0.247476934644182,-1.44257474785278
-0.149700743914189,-3.62924229366097,3.7887634633762,0.314452441235597,2.00383598991316,0.597940905033349,0.25360348651282,-0.0613415767966552,-0.596480317884528,-0.0334338985803413,-0.0600130661381845,-2.23969191385018
0.947033574988716,0.302250376595101,-0.0531068235234651,-0.400754633963462,0.294332760796025,1.20519561850826,-0.0540983486802216,0.24173746357044,-0.738355902741542,-0.2047709105271,-0.0740122184685094,2.1581243108904
0.982783009144887,1.24912122870969,1.95097921471688,-1.02274357924769,-0.887601800670907,-3.23876796097677,1.13563668095651,-0.380412475901898,-1.91218528080242,-0.0561439966259637,-0.0773036102875939,2.00970220952912
-1.40089652449872,1.79257496023958,-1.72039701990561,-0.63506327950518,-1.09609354313416,-1.1879754141609,-0.472196210958979,-0.267101589110852,0.553377855052352,-0.418075622849508,0.081716287419268,2.24528119973834
-0.666502618025069,0.733862331064348,11.4710168239446,0.458998633554252,-0.395736579740732,-1.58671592734568,-1.38019819282611,0.934664958255555,-5.26938880710455,-0.287651664609041,-0.257448786823071,-2.82202993149334
-2.16536384335195,0.809929888544621,7.79439025557988,2.55752389425511,0.873441941340179,-1.68859089424947,-0.0254344449864985,0.0138643112943276,1.62206818003828,0.234896019948741,0.173386060908276,-4.80059927209338
-0.445889219149811,-0.188794571042919,7.65950652883918,0.471507507678013,0.540499713204329,-2.50253647590009,-0.137108769521385,0.0102150777113692,-3.60063547298365,-1.1599527866796,-0.2557189082333,-1.63875050602557
-2.98425891151751,-5.12793503565674,-5.86277873313792,0.466309766761706,1.70291791938273,0.42966004815373,0.141677256972937,0.249389048062685,3.24283463815707,-0.248361363606079,-0.131982590729449,0.111024210964793
1.05752606881524,3.83512058503083,0.412022511437054,0.0415811109972928,-0.437588499377386,-0.741941743963881,-0.17803432886486,0.103564153047909,2.27294274581033,-1.20481097974091,-0.468693728572018,-1.80510147305357
3.42372297526791,-1.4273770390655,-9.39471745486835,0.115177447022297,0.208977256432832,1.86047670724213,-0.324061187378753,-0.346717319030554,3.06294821476485,-2.68735068040291,-0.350155123797336,5.15722299881253
-1.42292347394459,2.04626710069779,-3.21927497010668,0.18284855900625,0.120564722280018,2.9433563032816,-0.651507964818116,0.574176511682072,1.39073734577004,1.53136129023875,-0.657260991318831,0.596435360920245
3.55667796311556,2.35629485007268,-8.90807196494601,0.180682514756255,-0.249842206944725,3.25681231500678,-0.654813000448016,-0.691042023831486,3.75958415705211,-1.91251393821855,2.21231506547274,1.47798242744129
-3.23964375590738,-0.615995779300087,-0.93524777932217,-0.0784648636335238,0.180724519197949,-1.59894255057524,-0.0843097858018759,-0.294016573603053,-0.556443333994016,2.17991613539929,0.772731292892459,2.75221777920311
-2.05045545223398,-2.9949549716608,-4.29204922163285,0.0943158164938021,0.0638018990035544,0.176624436454005,-0.283119961907088,-0.00636929205444646,1.21768481279898,0.671337903925527,2.41221871541913,1.93431328381224
0.084371254357502,-2.02306542586808,7.49401505407723,0.381977299238105,0.737919275421849,-1.06009235947509,-0.142018961747744,-0.308310320441135,-1.33211606605314,-0.957889401181558,0.641969661445866,-3.44496948295654
1.08706936594761,-1.04496661607413,7.69213433426385,0.149736249808518,-0.10007321694734,-2.46723097309833,0.640309943987466,-0.131923795610312,-2.81469045658461,-0.300193198473129,0.177937230581816,-2.81446475263125
-0.864441667258624,-0.527071620998236,0.847174655235163,0.259573200955751,0.853653567554813,-0.803866349748931,-0.0162707915195273,0.378219879756432,1.53304518414238,-0.0132074278413938,-0.174673765973908,-1.65049362927342
2.30236181340657,-2.50934964056992,4.13890625960418,-0.0199927615887714,-0.471404660809331,-2.14497854438194,-0.795775686444863,1.23486155155505,-1.49024118996117,-2.20590459321339,-1.22997663304467,-2.18631268836231
-0.0781568657012718,0.519879852053484,-3.2843537716261,0.0994097792568061,0.0423972571878902,0.471486731288103,-0.533575061994601,-0.267664827973487,1.60180769425525,0.476792354617708,0.609814413912117,1.24186316260984
2.10156580565605,0.310293819683005,7.72883461595555,1.02284573194662,0.6856551114795,-2.64149323710557,-1.06860963934322,1.26858954478529,-3.52863067502858,0.0264581852832102,-0.150107962922069,-1.29471421758709
-1.21858150320771,0.279543248452531,11.0707936902005,-0.109453410543339,-0.0397217486355741,-4.29487465392778,1.22496447490321,0.407256433207509,-3.40736605553907,-0.823308940981208,-1.58215451189695,-2.49832174215506
-2.12785740569846,0.452862436933485,-5.67765184487208,0.587002139052944,1.20847583637223,2.34744706699448,-0.250344963731165,-0.0503684403153729,2.4642232830763,0.762376144947232,-0.037267168458435,1.23834374095482
-1.75188962263037,-1.1320305090726,1.3757287720377,1.98137607650839,2.28742079329391,-0.404051428228703,0.19659502621344,-0.381309196197288,-0.723980394120284,-0.261838108251388,-0.293676633655602,1.22711074112956
0.423067398597695,0.689240878059704,-2.17547669888079,-0.437123452514925,0.461198646784295,3.66983877131834,-0.337127519831024,-0.182767167425907,-1.19455562956193,-0.149975317815575,0.0479967108679334,0.0640361166037958
-2.24959486240183,1.96497213903351,-1.7379692384088,0.771522572636339,-0.259709875092561,-0.455796123349662,-0.364947755649496,0.369989825059126,-1.22209667252595,0.569532663813212,-0.386900721793014,4.0870885878207
-0.263495025927621,0.449071925321886,-7.04804816244036,-0.19710079890171,0.68691695091638,2.09691805809436,0.136829426856593,-1.13457729419346,2.20588503321363,0.239864852825679,0.625971235015057,3.26986230932585
3.14515805671991,1.27331465889498,6.55966158913943,-0.327693111689747,0.618463312741449,-2.10834989554262,-0.0310412800357876,-0.149105397626333,-0.989237841325961,0.537565112664853,0.243394419997272,-4.4742622169655
0.0789031494056447,0.486684264676236,-3.76355196746246,-0.130568453718707,0.181940005587221,-1.01527125466049,0.219693013356882,0.450756985216369,2.47302643509736,-0.489435648053491,0.240996291098755,3.21661176506395
3.20131484094238,3.34585016282717,2.36301471368035,0.29657866720798,0.190825204978648,-0.130724566920831,-0.111543192787153,0.00427825777152878,-2.09508728809218,0.253234953521441,-0.327019282818907,0.414895009494407
-0.459163731463317,-0.124281874597227,-0.815639331680581,0.334596770764785,-0.65262581186272,1.39699750718493,0.140647500242873,0.501942398531332,1.72936151967774,0.0886494229156719,0.892736458094892,-0.391559945542489
-0.0199419057001183,0.924436155786341,-8.4054215315396,-0.354685355737823,0.150551840163804,2.020143116246,0.512994311000131,0.42061206747222,3.85885738545613,0.151938193657578,0.67148472004061,2.19247766165581
-0.0119800595749522,-1.58042777830055,-3.05004323027999,-0.157296981714932,-0.367255360643247,0.39588324575179,-0.481434518804114,0.431857350337858,2.60981549525169,-0.468834433335665,0.574648415855505,0.750903445966204
0.478228881186385,3.11759780686105,4.34130288175302,0.497359789477511,-1.22153631258063,-2.32898343465087,-0.604555333925474,0.452274662489754,-0.839790598491521,-1.42248116181318,-0.756896611561105,-1.03503291101519
0.564222238184964,-2.81468579268666,-5.94932068708335,0.397466080758206,-0.0529159024349472,2.72639787626341,0.554297829577181,1.28270269424278,2.26642124913388,0.0976649836074352,-0.0496077135114294,1.27264151580061
-1.5583044929453,-2.62543446335378,-10.2564455025735,-0.129026456333689,0.00455187816579904,1.3173859282806,-0.721068318204257,0.229497431942591,3.55882203643231,0.856632384530232,-0.0263868033408692,3.36712525101055
-0.326906541822267,-0.0680287179291272,0.262841219435188,-0.306518550712746,-0.109166406137528,-2.70810428789015,0.187840360672749,0.536344494760363,1.06494735408477,1.93710430189124,0.703878288714217,-2.46702530713312
1.7974254444671,1.70486511942786,-9.23551324242118,-0.502307699299704,0.294523615798899,3.33511711505577,0.328821585237207,0.544383517300447,3.30251345184616,-0.769904781683996,-1.7778017862071,2.25742668423978
-1.31515431166899,-1.25161403479579,-8.5461700553524,0.117966933946748,-0.229850865639159,3.8434416235448,-0.195005624601881,-0.363679816768822,2.56984398719207,-0.109043000171981,-0.12495364646581,0.668937222595362
-3.21395676735831,-0.460565231987677,-5.4778394961176,1.95974683215906,2.18138925537523,2.41631972064544,0.494842257557864,-0.325117603248559,0.432176895738951,-0.293038905714334,0.244741340091607,0.675914081362475
2.52361101117155,-1.0410311658626,-3.91402387128348,0.248715288604625,0.526266307994547,1.85199046377944,0.817560778730251,-1.98117707575439,2.35763817620437,-0.547132881667713,0.0427393294090025,-0.0539882782787914
1.15235096110831,1.07544246108071,-4.21826106105199,0.0989530364583091,0.0999514534931631,1.97091130713814,0.331177534550545,-0.212960602482668,0.922298088427206,-1.39738300566139,-0.304262095498479,1.85407299548832
1.11300616836206,0.88490262359881,-2.39009040360628,-0.429379331968949,0.215310469177838,0.155831746028884,-0.0610974856574521,0.167915329052866,1.06200512907426,-1.1643228239169,-1.02399400401852,1.93760269610498
0.696051415802384,-3.33210897551091,-3.97668422411774,0.488976422865463,0.354280705949138,-2.5331409695857,-0.490313546971504,0.400515440493646,-1.41032104706025,0.483454816019271,0.854995034850574,0.545010963167323
0.386749211425175,2.98756924685007,13.7331237404617,-0.425617472468735,-0.753068308966042,-4.37374280563929,-0.202321298598392,0.148732670095763,-4.49956076133301,-0.436877099850475,-0.090072143217854,-1.48855844301727
0.190433036846231,1.6295551916434,-5.1183850023372,0.753820483981095,0.0624345511945088,2.13344616978098,0.123329925785111,-0.512230863561553,2.03208623426362,-0.18273528891635,-0.0926850903886184,1.45602205984403
-2.8567768793739,0.656329634070048,6.51916226116957,1.11064316999359,1.31497348964136,-4.15646049911309,0.159360547217483,-0.11531838186084,-0.921424362587261,0.825971791315316,-0.837167822481663,-3.56536645206502
-4.16982241655579,0.595724784948308,6.85676854809258,0.353870448369062,0.460221787578045,-0.458660980025434,0.128061118874266,-0.519884726962048,-2.70077097105785,1.12307235747643,0.0971868764914046,-2.49324359029672
-0.119630985132821,1.29699124536585,-4.10759977148039,0.58025069394017,0.327966441366479,2.68827740014838,-0.0914106173965971,0.595422041779686,0.659887084553105,-0.365785816707779,-1.60563076700566,1.24383706284206
1.62029963144788,-0.641099797195038,11.8637346092929,-0.196983476350942,-0.117093777114918,-1.91690021990047,-0.343099796035321,-0.494040570367125,-4.1018771328656,-0.135526885370796,0.384735148575636,-3.7413177624907
-1.76443942047622,-5.97395886507314,-5.68641959962219,-0.0441428743052879,-0.0564940714994851,-0.41785751378354,-0.208973762534686,-0.102514777293463,0.48110578315438,0.167682818391423,1.41997919054538,1.6753013641683
2.91195119491084,0.611838542105889,7.70668119958748,-1.68860479246141,-0.853707423471474,-1.96844668083887,-0.00462636546051788,0.00699540997234669,-3.26716593228733,0.569417629269422,0.108142284874506,-0.550586437143291
-2.15398921708354,-0.111030083411163,-1.83788408535277,0.515791353758947,0.765019276570816,0.163874539551476,-0.127306226650568,-0.695235013080569,1.07629921014403,1.37399743079523,-0.896706156966282,1.99871923763435
2.42956637485704,-1.25951423826523,3.66902470808159,0.403653673610268,-0.479509164436364,-3.50932523309669,-0.0287171604448222,0.2998227866627,-1.16114962704626,0.0958392661530107,-0.243579631527406,-2.20568241869745
1.04223263117856,3.90219207375552,-5.89350431054113,-0.30415166630582,0.0844890388960868,2.22747698524677,-0.235582640209191,-0.734995493675284,1.71868478811166,0.132714706274265,-0.0828129676376407,1.26994486226398
1.76871586499826,2.35360771149629,4.9584960192679,0.119425556833046,-0.452883449048466,-1.8947682867744,-1.17409754068677,-1.19838374059958,-1.64530310303516,-0.658532179616819,0.577713361194697,-1.17930576905404
0.360444199787757,-2.35567890182103,4.12252453391019,0.0977715906601032,-0.15595935523883,-2.69091777919342,-0.226069399867994,0.131925940406156,-0.586199735783231,0.451682677704451,1.79917345050568,-0.527494703485599
-7.88068796899988,-1.96271223377751,5.64960897053678,0.102099822924635,0.174183103963458,-0.656842750309394,-0.419692651807986,-0.838651161829758,-3.28724088426059,0.426925936561167,-1.67785952742632,-0.870125121664819
-1.26696404822276,0.603352466466207,-1.90019128907731,0.135104567952487,0.0958746854563907,0.885745502894599,0.558595085415363,-0.0916119814614004,3.33910554294193,-1.00000214124461,-0.627635644126398,1.11369848371171
2.54602419184131,-3.73528971718782,2.26784172159499,0.065077593697965,0.0435431052285641,-3.35969953174691,-0.925401451437409,1.0013859737568,-2.59083970340589,-0.168827398755414,0.305915373865005,-0.916569954820501
1.47370328540788,-3.03079579438963,3.7603705102421,0.163301365600876,0.177463664911977,-1.26558683025237,-0.173719490760929,-0.402648520900544,-2.10761194573611,-1.24450424184075,1.36168660263215,-1.38173435448518
-3.95269236769071,3.69028641079152,-0.366177364233378,0.235848308247172,-1.11712420376781,-1.27998976318,0.0543978121700867,0.119759649517123,-3.02803007173765,-0.45502534396399,0.697890006857092,2.86802057526136
0.036498136038382,-0.629725316363046,7.19288289599701,-0.0469511096258763,0.18445380744298,-0.425585247312007,-0.802821608393043,-0.00102724417127767,-3.10587941083498,0.876179810584055,1.44478560367007,-3.95567491854643
1.64258462011349,-2.27432011205077,1.74303339862172,-0.25408515337513,0.139498006011661,-2.52271856448193,0.219022358106839,0.845978839667263,-1.25520806631909,-0.0232174917410976,0.121677418193854,1.94675953598868
5.58293884175201,-5.41448291040993,13.2168648346991,-2.51055658005558,0.757420534343645,-3.98704598921463,0.181000229164685,-0.102518632547088,-3.67763054678799,0.0202759177290843,0.190098837460645,-3.10963829006021
0.573960692958266,-0.248488497084193,8.87633444229811,0.110197008912521,-0.316528825374349,-1.78693487046733,-0.757536088422505,-0.82750726631132,-3.62626427737591,0.685152601092181,-1.81157854469694,-2.40733183321547
1.59605786077451,1.32087555339468,8.04066908695612,-0.490881277550985,-0.409101873415502,-2.05392212497523,-0.0344935871754309,0.669244422001306,-2.52377575501125,-1.29334682232654,-0.983524739290074,-4.14128141215398
1.16927901487331,0.262134445826103,-6.57629474291762,0.29098147743587,0.0431983250647306,1.75146079471688,-0.335435485639142,-0.0810750962858764,2.21184582573018,-0.437145591943672,-0.33915451428646,0.733709295491512
-0.80825846576557,-0.850588559579069,-4.58347341983204,-0.225380619303235,0.210465300378821,-0.928625425986298,0.0262304225595123,0.157441789397373,2.82513427473843,0.609946514420731,0.0625292646721401,3.32185189993728
0.920079548459584,3.25275177155318,-11.0875182627061,-1.58874435204991,-0.711101753232986,2.7845104726227,-0.168018247909547,-0.616027037962183,2.43765461139732,0.836282093073741,-0.930259509531117,4.2594987681053
-0.60580658562503,-1.39656031434018,-8.39467519610714,-0.120493231073945,0.0710095024596314,3.61519742363423,-2.30561803818403,1.05994985858379,3.53732641793329,1.70878962508241,1.11737625980477,1.91622344256556
-1.4797358860211,1.20046943790089,-5.38249176411447,0.260326238240971,1.32876538388393,0.897597580798511,-0.408331518565895,0.206854246728319,1.8019913255903,0.190298856366544,-1.27391160100792,-0.342476647052725
-1.78262565060788,-6.88089276180924,10.5028110440775,0.315635445969094,1.00794721437434,-3.15776058107624,0.192329343584437,-0.28098020276755,-3.14776370925791,-0.532568500359965,0.199189638740209,-2.01976372845377
0.31731115416252,1.02144145826162,-10.01102034971,-0.0958650495276285,0.703812819925084,2.4633720859135,0.476624027356681,-0.612347997659105,2.74803057128236,-0.121734845551249,-0.282742773341971,1.39912441362966
-0.20036760300346,-1.16892994754233,9.89501099048911,0.784916535450668,1.88259838635232,-3.53145256137756,0.0743310918846177,0.224739367514293,-3.7651812220038,0.453195840174313,-0.0888793046681095,-1.62885586494407
1.19357858902572,0.92410064158078,1.42500548000302,0.407704237000347,-0.161939156325983,0.700137935284304,-0.531110275417997,-0.335914314343043,-2.14210579319209,-2.0075885792919,-0.152961149103491,0.102088945396177
-1.49826091099628,2.52285193241611,8.74349056456938,1.878487010756,-0.556307960260388,-3.60738868526989,0.405703205512685,0.252215498877458,-2.93978578234427,-1.09420291330596,-0.343348564564042,-2.54393178833523
-3.87242200951444,3.06064152140156,-1.78060058743482,-0.662723098840793,-1.65750570750796,0.95208210889725,-0.215735816652971,0.542222926228175,-0.351171920520589,2.13031506124543,0.755815404638404,0.961780113293141
4.71089315639819,-2.20687042072739,0.974802099680328,0.0287072796929629,0.059429712167059,-1.98308143327519,-1.35863309723815,0.71873291409858,1.15231804451213,-0.178370838326034,0.355951320175126,0.696283346417553
-2.53561091824958,2.85580301529623,1.28222409216801,0.0670940996268321,-0.283150634319977,1.47890557230122,0.309825545849342,0.195959247847283,-1.58931034065881,2.22915898878941,-1.19883547877283,-1.9735240395259
1.94860817840785,-0.548821418081763,-10.4487719676256,-0.134324831351533,-0.02699875796357,3.44475177188143,-0.330035885836399,0.828576230047444,4.30563022943146,-0.372153215579077,-0.780363397836918,1.14840116818684
-0.200125146246712,2.65388920377292,4.71604500002316,-0.0399314126695992,0.182547548724743,0.128074319137922,0.603664269788019,-1.43779282832608,-2.19004496019731,-0.924969637266885,0.212949536102337,-4.10891610692159
-2.42485996408163,1.14476070404792,-5.13106983886025,0.602543883478124,0.374471951966451,0.598535293831601,-0.0869333279579754,-0.182282527215453,-0.155062199155981,0.793951417047216,0.160097532433113,2.72147620481941
1.70484864254985,0.97845229618771,6.2452019486676,0.36352903196196,0.0896804828010254,-2.59672064648411,-1.19271295780244,-0.369396656088333,-2.04816664125656,-0.972281605097331,0.642384266629975,-4.06803170931617
0.988043285180297,-1.491719092313,-4.03294037151481,1.08922113581172,0.464763624799034,2.96601478890824,0.0702672073640932,-0.039522298377434,-0.0786325884685536,-1.40937236385344,0.968017616839444,0.923697592897882
0.167240552804175,0.145040949992522,1.89505276422749,-1.31406421960417,0.671574863992955,-2.02171226222834,-0.0486063409988893,0.451761701072959,0.799702607348554,-0.320816338540329,0.52567352917737,-0.454777995368865
3.62295599290394,-1.32939331832296,12.7639327842561,0.435621804552803,-0.48509656410836,-3.121804334667,-0.449256566815038,0.277733133947212,-3.61869277134675,1.07991935539007,0.417017927629106,-3.89420165710523
-1.64951396515067,1.93260532347896,-6.07250435097024,-1.4322250467517,-1.65651357889971,3.13980711656014,-0.155233242198095,-0.279640759898212,-1.90555645137455,0.569399178002337,0.141040777499076,2.58104741991218
-0.545683138456548,0.36952156525419,-5.00179539827177,-0.418545651767266,0.136802016015857,-0.197458681112429,1.09831080637084,0.119691353616496,2.75220860053763,-0.204336487860241,-0.19923296216425,3.42193364918768
-1.08323416431261,-0.0978525095142548,0.41331092838822,0.40703798530956,0.269598427053088,-0.580099594733099,-0.107760624965229,-0.203442267861103,0.566115620963644,-1.25195586164361,0.244564302058862,-0.695545109903332
-1.84163223760469,0.530025095208108,3.43423475950442,-0.500097607278063,0.566048179412502,-0.800600791560583,-0.0956147201364699,-0.00545967352270336,-3.44205881764709,1.94376911212614,-1.09548810310194,-0.0380096922885057
0.761252967473068,0.304600941193657,-10.6196704172012,-1.04781143718282,0.307560767159704,3.6089121782848,-0.36983963196393,-0.0098615383239494,4.04054900886201,0.243962512876108,0.238956432798443,2.97410932424297
-1.93171918748645,-0.820354694367135,7.95119324614415,-0.939796531350982,0.460334792307435,-3.25870887674894,-0.125574902704621,-0.120820877702029,-2.07821214877839,1.58488701206905,-0.0954482407493589,-4.75957342581707
-0.915050266510183,-1.37884606593872,-7.18717312944117,-0.626634362452325,0.476043706724971,3.50919176432199,0.461615317912411,0.105797343508024,1.39331819225381,0.674173129415907,0.0312324263833939,1.25693641949626
-2.06214258198108,-0.302035355679216,-5.48381340075337,0.545863867148508,-0.251011806212319,2.24540509241504,-0.569193150562108,0.807813271059029,4.13416173903498,1.00045856045734,0.839010564633659,3.69504869927547
-1.17807186041068,-1.7466411502022,-5.04939648224065,0.40519717852897,1.03829611394766,4.35489581039755,0.590356698084662,-0.149627307052365,-0.0666593633565365,0.287004696055551,0.277769436654674,2.40652449362201
0.691475317521875,-0.932427058182017,6.98446412669748,-0.362367459898789,-0.266395740882299,-0.709593140446579,-0.235789345374723,-0.390239597457884,-3.50298627534085,-0.016268053253773,0.0644588531107022,-0.684151569982796
0.76163369157296,-1.73879630553419,5.72925756975054,-0.157308472317417,-1.0118542173918,-2.78897527197926,-0.0459990390083566,0.467837810423781,1.05757411729012,0.216595734471329,0.040400163825041,-2.49996648451387
3.80069487739142,-1.40289482107064,8.39036964170955,-1.65325314919315,-0.575881160169507,-2.90414429677108,-0.887377917614708,0.394349789903385,-3.98546939461318,0.575952668629015,0.391186176102897,-4.08747819404999
0.670566920994054,1.74026603685289,5.87951127849482,-0.135945267076738,-0.407281179722932,-3.58998401369585,0.176615501183113,-0.238648403823155,-1.51257082811929,-0.550649841275785,0.413585448407775,-1.1880999992447
-3.67778316552857,2.14577896994026,-9.59252331290702,0.762678578666292,1.39230079319987,3.84988122932983,0.356118407381843,0.0573711983158957,2.20849305234169,1.84655607735612,-1.80368059972044,2.74651959008307
-2.09942747746532,-1.98426140494514,7.70589766899804,0.616578677215865,0.151925561138991,-1.57856351838877,0.555495862345948,-0.0653067829397762,-2.70789382704469,-0.742837994369603,-0.109991456072598,-3.84346835947526
-1.13018608808238,0.984800350365645,4.51659274737495,-0.176555758372175,0.0382733837129555,-0.523054686665314,0.234351945789893,-0.305940386620879,-2.77400955358366,1.58279423318099,0.423088536407217,-0.79448563885733
0.521758620378427,-1.5832511581372,2.99834225547112,-0.104402774527714,0.118770014074566,1.66997019133058,-0.125390201820006,-0.0602697048561962,0.389474061309973,1.39292870745022,1.48703633091757,-4.48874964481822
-0.933890652071918,-0.922490315413195,-1.54322886041806,-0.0286374515699042,0.16073306060972,-1.35579764538511,0.0636184545134169,-0.114080170045547,1.53676596957489,0.459233671106918,-0.635928150971552,1.1885054240214
-1.80577327472129,1.93230107044355,2.41894407733699,1.34058003189981,-1.11987898025304,-0.823814296688645,0.298291208231734,0.0253149908573776,-0.0457356447211591,0.0459869500312854,0.0631093036658817,-3.71768335438366
-1.52537079153309,1.60068795172585,8.17128413341972,-0.085697938151143,-0.160871903938017,-3.82005452974844,1.29702770192875,0.00701923938311785,-2.13960005599389,-0.309025681724136,0.245284834628298,-2.03342910626021
-1.77474372303035,-0.22218906575364,-5.59071673211665,0.130657725329666,-0.00221577323495662,1.98211037881567,-0.14815191906127,0.382135196618379,1.42534329801579,0.267496132200252,-0.179004788260717,1.23767035327379
-0.253304066268155,2.69755714200961,-6.50356661694962,-0.700507611793167,0.291873349699644,1.47579570852441,0.190666251647302,-0.318910709848912,0.243598204305563,0.393744550416469,-0.336872175069834,3.09942050183864
3.2551236243565,0.923886385893942,3.87247268941499,-0.173821386374726,0.0322021466795329,-2.03380683646997,-0.421502968540786,-0.247697863822962,-0.839820216844752,0.0550353087767944,-0.000580430173967956,-0.447064931338748
2.14580936921943,1.36186373506216,-5.47159825542879,-0.0480151819725447,-0.235287553217424,1.30383064247593,-0.312879216387867,0.0389019976052887,2.32384001504902,0.252538770907997,0.617919595671822,2.10161199024769
2.95932958836478,-0.903765213983551,7.40825390195427,-1.31599314236302,0.247054052238896,-5.63299222413452,0.327670233308049,0.481310236583979,-3.03060854413092,-0.153962636286742,-0.0458290453905105,1.95400876573261
-2.76794640952696,-0.391339186792029,-5.32171429713147,-0.181235097046389,-0.43216512430966,3.63490035834579,0.435346746622844,0.0427722789458652,2.99878050566096,1.54594474340394,0.644367186512973,1.1034227704754
1.48308406947888,0.485403056649368,-7.90277932896686,-0.335671449897144,-0.0957244881432502,1.51302285022711,-0.011254728623109,-0.269969593424839,2.78561567573815,-0.108397316945744,-0.132962907437,5.57054038538318
2.42958415026795,0.646743854724941,6.35898402425894,0.55634362604839,0.260047649445854,-1.60959569686273,-0.329969991778418,0.438510219819456,-2.15034166066259,-1.55474540759703,-1.62877894677615,-1.13703044028373
0.019622774603536,0.86204669123962,-8.15517923308179,-0.441018706003127,-0.445714996294283,0.380374825647525,-0.668304851535715,-0.743404506822462,3.70460676099511,1.60985325719762,-1.21474736370285,4.28024145366237
0.856867904911878,-1.25098496247381,-2.00767153833058,1.20324156599887,0.0659929909960236,2.16382605728352,0.112067908962706,-0.0379455804051228,-1.16119649698576,-2.87733216161088,-0.0246996849795907,1.76647654373198
2.87515695605959,2.95384288876293,-3.47335731659144,0.123150887237153,0.147772478261566,0.0157346265957322,-0.449578557209229,0.439928756241134,2.43747339419053,-0.315234340131244,-1.12252954007264,2.42864816439032
-3.71315870819425,-1.73075754148898,-11.8559318114195,0.0860887458592516,0.230003531528653,4.01017023875359,-0.42431218542997,-0.337256753286033,3.55403475158894,0.341123056620438,0.326536637878051,2.17486603306677
-2.18580801406431,0.826931613476035,7.54554943378651,0.412753604376444,0.753851073270095,-1.59984857468204,0.185181546715122,-0.326501866920034,-2.71582720921689,0.0945933921840137,0.263366738755158,-3.23581382712633
5.04973446534316,0.863009543701934,-6.48496192144732,-0.130125575619691,0.0182222175942635,3.92240084286078,0.00269744871355774,-1.71495528884693,1.8767678337882,-0.664711614459974,0.655910167904065,1.9622470997557
0.816095658309125,1.99838220831308,-6.19318184091769,0.622527181789109,0.132840849014301,2.26641042369667,-0.0802610217736801,0.156211105722965,1.87605438509149,-0.363833660313692,-0.00032890013097184,1.31540613835694
2.48331291361217,0.675317964002303,10.1444913351172,0.156493492949064,0.0609212451523782,-2.89633429169022,-0.403730708753574,1.01760279716909,-2.83102472456049,-0.189299932031507,-1.07910386935549,-4.38355177704652
1.96590286670697,-0.529356684055829,-3.04197584450315,-1.10825831325359,-0.416737214588415,0.944416681610734,-0.230802250184432,0.571239880732848,-1.33669140019924,0.328661183188853,0.259244417750838,-0.0169646377792554
-0.580569466638939,-3.95519271829799,8.85692275149437,0.338761832778737,2.35683901769783,-3.88577845028957,-0.166705681163728,-0.521233448467088,-2.91976702385021,1.58970317383563,-0.113046909788744,-3.52482947505242
0.346071684874167,-0.865554468885015,3.02477434356239,-0.215778025758928,0.0189126136247472,-1.25818908512696,0.101283198534087,-0.264451180110157,-0.738373324571896,-0.843003162613948,0.359442826422077,-1.26460209994246
1.15864731861943,-3.44437785787707,8.30409303399423,-0.170172675830235,0.346546518620112,-2.74881660108771,0.482802661021912,0.840624365683361,-3.42396940318249,-0.0072659974050632,0.359670810952924,-1.41644364897831
-2.6515871322771,-0.8092100869484,6.97424881408605,0.198583228007762,-0.0978237789627703,-4.30839308061927,0.536238208793477,0.281178926653833,-0.981509636842059,0.221135968660812,0.000266077974246652,-2.58589896233115
0.96698797623182,0.676543024322512,-6.56595127054674,0.127349292380654,-0.0773926030328255,0.289846136073716,0.440994272190711,-0.447279995634201,2.67506248704498,-0.125019863934203,-0.0612233864844497,5.21684447089876
-1.50133520065662,1.35985840548344,7.03040329947966,0.111034705656976,-0.0566468287123195,-1.45633921451685,-0.357149516181537,0.248971517816456,-3.21766272082711,-1.11025714835598,-0.0779548538651252,-0.216284730637378
4.26481914900183,0.0397300764036417,12.1396015919198,0.283273896957724,-0.0623641324601991,-2.12854004120992,-0.247766806641447,0.189535894362111,-2.78972182178767,-1.9769406415705,2.25975683529508,-4.22113468326381
1.16027352924383,2.95125477262202,-6.07073788259766,0.00443400355369727,-0.3985191166019,2.65667543783717,0.102748606177016,0.0341897520057884,1.36149766419094,-0.519577905402403,0.678374495872563,1.78043230946565
-1.08053740620303,-3.32666076997243,4.89533846436332,-0.26808593627711,2.91685404821413,-1.12735802526869,0.324188701180879,-0.140838793412566,-2.92640096382375,-0.178824137141687,-0.167801043445531,-2.06886310923738
-2.30821937501901,-0.775360902743028,-9.293394925365,0.244595303055782,-0.142195283696928,4.57717256749768,-0.0391441301798979,0.470624396439379,2.66250404511957,-0.152910237597361,0.207055998384254,1.92344029814349
-2.48745001087075,-2.08639211324955,-5.02216258647838,-0.0809143664237353,-0.121824634515518,0.564063543494427,0.220080828939531,0.0661204678943677,2.08199583891697,0.900415901166876,0.828010418792733,2.14416395258606
1.14636503577267,0.848072018352581,0.757060355219567,0.263284514051691,-0.0853649218323642,0.37466106160529,-0.14231454682633,0.483108153756035,-2.70421134004758,-0.293117042013016,-0.93921254086361,-1.29767396649014
-0.193270197444336,3.60047118521931,-1.85969786706444,-0.339660297358639,-0.746518947480246,1.2496425810008,0.250321926142121,-0.893300322576524,-0.769920017842608,0.724552181977832,-0.356393380638328,-2.10970341989709
-0.0416002812232022,-1.89350210479505,6.98433470797245,0.47283799914253,-0.750712700476444,-2.75638515651572,-0.184186559531081,0.118835811711168,0.165814563673221,0.0773079577252073,1.30165691284333,-3.78888310819907
-0.779915397417149,-1.82653952553539,-3.8935379692096,-0.148597703292846,1.17673093795055,0.86574368533934,0.469576147609781,-0.187753835344418,0.905256225261734,1.43068204953712,-1.44980083285255,1.74595100117666
0.614181913476268,3.65428058577382,4.36788685010065,0.28301836777325,0.022015734070779,-2.17153196567155,0.205077291944312,-0.327315352180426,0.715246358520883,0.253046688023555,-2.09260723135453,-2.32002885676441
-0.576866543834645,-2.81703154957773,4.16018540604293,0.819872246074507,0.110923707836689,-0.353490658579771,-0.181235983330446,1.82114126410416,-2.09707378693985,0.727444757200546,0.687034505581157,0.517227889892589
0.84916267003525,-0.353941552384749,-3.01217038413681,-0.159881142057925,-0.403736931547325,2.00566247808378,-0.793927041385088,-0.0333917900602762,2.70098357442566,0.787557127235931,1.0673781540144,1.80786344788595
-0.018227310140313,-0.0136365654107535,6.75063715061248,-2.02158138152263,-0.509405222611795,-4.0234761119661,0.345319076718738,-0.331825501608593,0.52556025646318,0.208626274732829,-0.0875516107416098,-3.40970228581585
3.42140161396219,-0.66035077768152,0.385516086389061,-0.41230536876343,-0.183660966252587,2.01436670719533,0.0162184747841986,-0.111705430633699,-2.29161617424058,-2.50394607977158,0.345364467572538,0.471698532343963
0.646739351527854,-1.11785943207518,6.93686992651652,0.217219419669959,-0.235603070337567,-2.53432166093755,-0.190006628108836,0.976901506376026,-0.722612548504522,0.12320397099261,0.534000397027999,-1.99994711190351
-1.61484929756335,0.665151346193505,-7.89019673804555,-0.318655337331585,0.159588097777544,3.31267254494973,-0.0999510506102511,0.0240414273863782,1.87744887456381,1.90004319688901,0.545569490963535,2.39885383838264
0.434494743991958,0.457988089736817,-2.60834650052096,0.170400058058103,-0.220673792436013,-0.553999583345904,-0.280132533328814,0.650972149032031,0.464796794449006,1.00137101348966,-2.08800044528935,1.28695282725285
0.122149676801901,1.86413804060209,-0.601719369050969,-0.191455452565394,0.40133946495827,-1.25038211217255,-0.345440791027136,-0.156992386107811,-1.2899971663284,-0.394646981274261,-0.298224243055798,0.170941732045766
3.41082960987982,-0.443826790236383,-5.78344008441981,-2.28420900479963,-0.138015237231923,0.160809714138611,0.223087176603291,0.107275316550971,2.31608290795932,0.0630401655234422,0.435702243085578,3.640541448151
1.32684745608963,-1.78289876099614,-7.81755445011806,-1.14509169901595,-0.310385253632045,3.67713768430645,-0.305979618508372,1.17473984202373,3.61356957540207,-0.860318317039908,2.41068787687924,1.65259653005201
1.19266123965013,0.794308544261192,8.38623768121267,0.238876412302365,0.276552090785856,-3.32502360335918,1.04452451178744,0.0569535414675723,-3.13659491863509,-1.6978038116309,-0.428464234146315,-3.10805755420097
1.02160603429813,1.34186495845418,-6.59537469425721,-0.622648559773712,0.0536806216181084,0.849996267837446,-0.331193101552411,-0.715076217864697,2.29986388440752,-0.0679483370198287,-0.287403250666442,1.56437531940506
3.02227087454534,3.50892464533515,-5.30161968437057,0.460426796967424,0.415965547690368,3.09516684792209,0.322615190154286,0.118107285997686,0.862632611859513,-1.51597361953386,0.445843970021585,2.61591439181607
1.57875826351191,0.606078285663661,-7.95510100596529,0.0502483331116854,-0.0335805202784927,-1.39391873997044,-1.45925549537135,-1.20214020375241,4.42337075056381,-0.323459995656326,0.24459344302651,0.817438068949339
-3.21668637955381,0.865268433987972,-5.23523439545313,-0.0886836610281426,0.959930583556421,2.07000150236714,-0.283052855554399,-0.242423295805567,-0.44177250823647,2.37178463898062,0.402729102737487,3.74372332989488
-5.52363947181899,-1.22714121033747,-5.15877514636145,0.290554803012314,0.155523533117238,2.90703939837005,0.0189531495765933,-0.0226255803896242,0.770385388777446,1.95827385269114,1.22635461954488,1.95824204204063
3.2092811127774,-0.737212273637052,0.426196723006118,-0.117403797067567,0.120938253215567,-1.05717503255701,-0.850442064200299,-0.690651384175841,0.147627466342615,-0.0299136641241558,0.280538472341431,1.91023872722583
0.0872435650505828,1.62862751381027,10.6513245451349,0.429047072200828,-0.844152631794052,-2.5297601577156,-0.984082356388718,-0.301267737254259,-2.93388504193622,0.314298521969379,0.113361474204842,-4.215652417975
0.217126860661665,2.88576966408234,-8.04703124294672,-0.311877525456061,-0.03303574676909,2.29079593250244,0.175384726076504,-0.164877511006351,4.15654422127443,0.990471756687941,-1.69254907042349,2.26942077321217
-0.614582159806751,3.48650142391327,-0.851466622969749,0.995399051782891,-0.437307649669655,1.43329445730112,-0.136991375535793,-0.105954530350347,-1.03598135633932,0.687372485182364,-0.134320846090771,-1.04967432973225
-0.609319947543804,2.19642474952443,-0.221524356766902,0.210502983806981,-0.0449865327002461,0.419999998920611,0.0543558223963731,-0.453555877279928,-0.278044122713869,0.548536546139161,-0.296465956602511,1.14334928901818
-0.517405661573447,-2.05790427195695,1.73529944768781,0.085189252935607,0.178694369349438,-0.719095206231679,0.50862112635055,0.195740812424899,1.47348431960025,0.796046618208186,-0.516878646117502,-0.79580146957807
0.124380059638091,0.397528171395029,3.59741042724144,-0.346437264817847,-0.360974211829001,-1.58242945248652,0.881566472299669,-0.751529711430667,-2.7402937971123,-0.22922513298847,0.278120277754389,-2.7643701597468
0.539987455755321,-4.11631108589925,-5.37175242600002,-0.268642530972534,-0.293380142447135,0.709957298735272,0.0740364056830005,-0.428519975163654,3.06374693156137,-0.616475888069649,0.215767757054943,4.10260676980711
0.141126332474076,0.840224560403589,-2.50108950011662,-0.30149208938642,-0.291043895653748,1.05882873575308,0.368197566365203,-0.271370703351966,0.61127240033635,0.0752708279070732,0.842818546087036,0.130559762013934
1.14259637831608,2.53684957848115,-4.83810300501417,-0.515423688840631,-0.0128525279812279,1.7694902011543,-0.0249830713180899,0.520709541822584,2.50705223427907,0.680129041415396,-1.98213293233628,1.52972278755766
0.679060647138934,2.50046759280161,-2.7180342677554,0.0897294653636576,0.159200589333563,-0.262563050851197,0.722209045408294,-0.548993207885251,2.99647541437761,-2.12166771555837,-1.20119923973982,0.290658186114898
1.88591157861443,0.339867049249842,-4.00364219048345,-1.12853433986787,0.577473094924085,2.58229031268454,-0.222289450399952,0.401618535314984,-1.87746453011728,-0.326001451467025,-1.71861704352711,2.37140974918734
-0.554563456044036,-0.0416484752649127,5.30688644720014,0.2766266906773,0.108617549521042,-2.42957569748336,-0.353363998372084,-0.00548707868578581,1.16847690711507,2.09057978413995,-1.35962083512029,-3.38790069534647
-2.66719846713534,-1.04716360167362,-8.69708773766491,0.400441901470241,0.231696015535739,1.94641463175998,0.168343187943945,0.00319741407345182,3.28693062614964,0.548804594092928,0.706854839519252,2.69080363305184
2.58044933703981,0.706414667737814,6.51517412963045,-0.566100132720236,-0.423893487784346,-1.66632536647544,0.904910729779688,-0.0730316012271982,-3.13975515390456,0.366674020453632,0.161419400726427,-1.16915590516832
0.325169526639538,-0.126080943463531,-5.2241698612417,0.215826179716882,0.208204855386751,1.77410468910308,-0.312892579351703,0.572029388999202,2.84209301878592,-0.828572214799173,0.649551067144762,1.54151953393661
-1.53277733179184,0.032346260832206,4.33899509721726,-0.989147973273176,1.59835926564283,-1.91480066586093,-0.46360234327944,-0.986691863158166,-2.20452130015048,0.739613989024309,0.473283059944254,-3.19606672457042
0.426280763990453,-2.92563975815488,-5.80004929232182,-0.140699407848056,-0.0457923630812124,2.515229219069,0.00669209390475476,0.129025956358102,1.39329666265688,0.673420565054917,0.657223060940062,2.44894269539319
0.796275224447434,-0.530184780552863,2.13560666778666,0.304187505917019,0.881487069248164,1.48930054221282,-0.370851219060586,-0.510060710351069,-0.448742507974812,0.466003385463026,0.55083342549268,-3.55206370347311
1.83557820665872,-3.06279046912004,-5.98083096068354,-0.4739528544592,-0.439767555966551,2.07390472532418,0.135466363534895,0.224362303015033,0.194524960209385,0.0682817748984811,1.58564269926081,2.53629095379019
0.61343932445351,-0.228292090892377,-1.22106352696872,-0.355585870598481,0.0991273422904994,-1.46329762243969,0.678190985498719,0.219927101844397,0.220853826632169,-1.00327033492754,0.301828946254813,0.452210878448595
-4.19533043891289,-4.44550466207169,5.63392931977262,1.55179964855252,1.32704498657914,-2.68291533159849,0.510647242730383,-0.179000998019017,-0.640150933394757,0.031307225101766,0.0344732987978903,-2.04357616182837
-0.0478652942825255,-0.308671869121834,-7.59771776955584,-0.42887129799066,-0.183419272268119,2.77282567108782,0.562535303338123,-0.90984442327297,2.37624465892787,-1.17274976910362,-0.24799666712782,2.10337472078514
1.68162241946748,1.04576096012171,-6.5603734390908,-0.563153456545375,0.253943404320505,2.33132790889174,0.986693823530648,0.188767880473735,2.2533052322895,-1.01299754524707,0.208959873141331,4.04126957029463
1.23956697754804,-2.25665001726275,-4.4467281101337,-0.744800426588999,1.23835876693705,1.09488774425774,-0.0918317757516893,0.14553730501666,2.09559651065521,1.13557068904079,1.56405477512245,0.280322640263264
-0.108081336520832,-1.25390913048877,-8.81844869044712,0.180334063630126,0.132922301234645,0.599412119854971,-0.344690224885956,0.420108660691924,1.31910218699963,2.64929838403714,2.13269444119818,4.28862933381282
0.14959500785767,-0.653808817524378,-1.70365809275228,-0.152391625197463,0.0939938241964986,0.291563702238129,0.296757183375952,-0.00404972568281845,1.57392048257725,0.120001493156,0.546747140107236,2.93810649379907
0.357448356671774,0.391140296239451,5.32798092308269,-0.0796457487278062,0.79494436652274,-0.553819950866278,-0.33376996069454,0.217293071250295,-1.78966842332124,0.34065292339844,-0.342631138994108,-3.20134108690248
1.04331752559278,-1.95647294407089,1.75639903503197,-0.0810326217896766,-0.0814105696916828,-1.2773005563232,-0.2324658642211,-0.202801653911554,1.98194258301645,-0.923932565679719,0.122856241112772,-3.01170944015714
-0.0262915105300474,0.709621831369005,6.20838741907135,-0.074705254054967,0.230811738526164,2.24943886539896,0.312719995185157,-0.549842242774987,-1.6018131470625,-1.63773523855192,0.0845574963084265,-4.4746497670042
-3.3421383713051,3.40997702484668,8.00825890920356,-0.411379293993691,-0.114208178138486,-1.62589070180292,0.043481507614168,0.0512643426661503,-1.91106904859581,-0.0582648401767706,-0.923168260201747,-1.27370803589717
0.266889924878809,0.829799968744254,-7.95046519322333,0.801554718607861,0.234684532419656,2.84658018246214,0.222204054385613,-0.124601402631861,3.79629863618824,-1.21559001102821,0.848829051891789,2.5933183634213
-0.0731894586623923,3.36289983259216,-6.48233818713273,0.490250252545711,0.419457141690291,1.91110332325477,-0.12068663184385,-0.123502443224668,0.720817259487248,-0.569372108064929,-1.58894068862355,4.88343878667427
-0.633166872717204,-2.08086303006651,-6.76837693039148,-0.31590521494818,0.61274694106574,3.06796941410387,0.201260958078345,0.211707255836085,1.22956943240583,0.187362332919628,0.0605710222678772,2.17627052433252
0.362681501226035,-0.690635163013581,10.7545060379132,0.030355578763068,0.105302390191909,-3.05088779246883,-0.37297853648125,0.737903728992444,-2.29480364990546,-0.0713792311551737,-0.167390653896301,-4.25827522215696
-0.319453268190446,0.22654433558811,4.78294239854905,-0.0923338267144224,-0.200350544838702,-1.78128416263679,0.166985971986473,-1.14676306499961,-4.12773802812487,-0.506605296810169,0.301759940657543,-0.375302198731184
-2.83277162350893,-0.126788248067039,-4.22461687927406,0.726070296172484,-0.178195897483306,2.3576330713154,0.377635679985681,-0.113625388849958,-1.10167750938764,-0.104605508151324,1.19994131533195,4.69020732615145
-0.957309680063002,0.582831740404585,4.76171117881458,0.170851749695018,0.325568121198715,2.94785122414191,1.15551283888778,0.0611618495192859,-2.12053171856544,-0.207225530047757,1.36845960240063,-3.17599385752348
-0.637268877749077,-1.56771136384165,-4.18269377644579,0.441247548413871,0.711472452253429,0.970789192710931,1.2091233386204,-0.321382378805225,1.57557735782187,0.0629704507786832,0.72381932266854,4.2253703987637
0.185040978588562,2.86394000815293,-6.73840643036938,0.475579156265932,-0.0806165152546913,1.69393980511888,-0.188291556395103,0.0819384754657745,2.58025854803569,1.17594990536293,-1.31549065409923,2.40153891864879
-3.03324432031595,0.594245702039183,5.57793994213606,1.00751963920547,-0.187384316745414,-0.941065884659564,0.775002688792951,-0.112474023375007,-2.33361133554467,-0.620726911641361,-0.169154011921487,-2.77448751843841
-1.37518960785148,-0.390624407419988,9.27277025623032,-0.549151814128339,0.813502986695472,-3.26117612197756,0.0201698331008601,-0.260018828628732,-2.53631168917959,0.29646449731736,-0.336254944265593,-3.90601995645027
1.30105026690424,-1.68833775094314,6.53251602683962,-0.0619683018623588,-0.245903668422981,-2.79993556893475,-1.38960166509652,0.577596940065918,-1.33887288533994,1.54230578814374,1.32343862267823,-1.13566025295855
1.20030468517062,-2.0626209719798,-8.49036633213921,-0.431372430259378,-0.0256586750751357,1.09252890179198,0.31242174780289,0.182679605918815,2.40475996388573,-0.609582543973885,-0.302926658691159,4.90812497077115
1.71610631491408,-2.47918722906453,5.05298705193934,0.149090727689729,0.0949745535678707,-3.3698524470331,0.153866493672036,0.153192747773575,2.55293470452559,-0.542803015507641,-0.299639883617726,-0.543095922479208
-3.48338645236152,-4.27560896932504,-10.3867820443371,2.1430714581865,0.0961499506631481,2.787312181517,1.01896683486328,-0.0042343022914919,3.16558766500643,0.135477522460255,0.7105670056753,3.26805178978848
1.63938799234986,-1.14048400056799,8.30510125005963,0.266044829881954,-0.149869059671769,-3.26237862429089,-1.4613745266468,1.1198340029417,-2.4921496709467,-0.502931458804572,-0.176088782780587,-1.89697868643625
0.693088930753533,1.51733188249697,0.572995775054243,0.260751891833596,-0.811673041598276,0.732226120283733,-0.25010178433213,-0.0128241605540979,-1.46186967124821,0.345265224510615,-0.187690385616183,1.80293096349199
-0.97789407335329,-0.885267422564423,5.78140399611735,-0.55662037550695,1.72035974413502,-3.88624532992311,0.287816194436255,-0.135743025605129,2.42985089907477,0.0919457329105716,0.322063448370242,-1.91118287595664
-0.310477265859138,-0.762121806080973,12.4439274921795,1.15406755961908,-0.798263629321834,-3.62845778434848,-0.625557624380256,0.139892354746483,-3.41390097126103,-1.62690548390155,1.82049211013221,-4.5515674287605
-0.314153814362329,4.38537523473594,-7.29554780953793,0.00161438155623423,-0.0607696120106645,1.15175390658461,-0.353507863157301,0.579787715805887,1.93676587397429,0.489521345952902,-0.637144430613177,2.02715720202657
-1.55444622949968,1.31434409370603,-3.53838650154908,-0.0729784068130506,0.0884113291658787,1.22815308219474,0.0550435401479388,0.156622196414547,-0.890370780312414,-0.152413438034172,-1.11993160484406,1.49191416900161
1.1687767639055,-0.915659259865351,-5.58536720153621,0.144065564855836,-0.736682769878964,4.91885035338115,-0.457000955881166,0.675037898246385,-0.228756036735531,-0.311298587400834,-0.922402611253816,1.7857265222498
2.31469479175437,2.28591335766859,-8.04627004692287,-0.713805148606707,0.88430531106181,2.9800918455941,-0.258534385564795,0.0176807884007432,0.471878640941393,0.77016406727229,-1.83234394973261,3.47278645770504
-1.63302900951136,4.38230642729348,5.25184417732126,0.29130574505509,-0.0618550525279323,-1.62528384761931,-0.487941284494199,0.0110877968709678,-0.129193207308878,1.87297315176044,-1.15133392436073,-1.25476299135829
-1.64515562035225,2.40158502490996,6.41743717637747,0.159407707089224,-0.977026842264054,-3.36484780436585,-0.588541921225405,-0.328452287053532,-3.17564223733244,0.218904251750798,0.244758658081583,-3.36745125895986
-2.50913724751065,-2.31974701077625,-6.78035781450581,0.376614410480675,0.0642157095528728,1.32868455544006,0.378131827231081,1.05820083686403,3.50742620221498,0.593574449232515,-0.976653627922962,0.805976741588142
3.17493895299809,6.61386085849817,-6.69839133485112,-0.320379936951821,-0.703269085415099,2.45456605816061,-0.461409487825412,0.10416436142667,2.71905620130727,-0.623155547076753,-1.77399342948733,1.33851549044832
0.441586585524961,2.39257535706621,-7.11566702280494,0.185193093938152,0.030802650034465,1.27180866378827,0.577100428229037,-0.393192182129895,1.64014692617877,0.354898690805275,0.0765542905003359,3.18951416274017
0.50964234532462,6.4492774051725,-10.6423892531819,0.22081038190271,-0.307060416820035,3.28579937917753,-0.0974139763458169,0.11321578703381,3.82128927423948,0.700082174534715,-0.909259145929973,0.271026347535635
0.945269534259181,-0.686831064685756,2.73996933875822,0.514660859914866,-0.0211125841216822,-1.0114206667106,-0.259995348641925,-0.10326023029087,-2.71237952795089,-0.580908532310332,-0.661053697128657,0.142026080617214
-1.12380796752065,3.95717810825365,-14.4445622477026,0.359210652248122,0.014019256522649,3.49646302880531,-0.708924994527905,-0.624715355786553,2.52150075017888,-0.473495079914324,-0.201894858741804,4.71680148015413
-0.227133321356199,1.94221582667633,-0.362721713200943,0.551821674318145,-1.01768167052782,1.9503250485842,-0.468433269746471,-0.261803041950188,-1.2378656780377,0.18065266391522,-0.215581052322113,0.680632534156252
3.31336630490597,1.85862754597399,6.39740374777786,-0.280451564638536,-0.67571492508174,-2.83568397491273,-0.255391691871748,0.0456500613760026,-1.97657725323767,-1.06739920033175,0.722440924532446,-2.51243766489513
0.271957290677504,1.50714791608551,5.47932709976746,-0.0901593449340061,-0.526350897275456,-1.86519941331812,-0.477484941705675,0.956214021829252,-1.1069820036418,0.866351299852358,0.389540385992197,-1.41102345868697
2.53519850796997,2.20197392776342,-6.79658098262445,-1.13491941855701,-0.701572545813929,1.31289401392271,-0.307754142027556,-0.288615112770775,-1.5577859649175,-1.94345142637388,-0.463586881380802,5.14676662166559
-2.15490925644071,0.314855290772735,-8.41774975082252,-0.513128444425004,-0.170159416851504,4.24855138407735,0.305982612560476,-0.221234691872661,3.21486954128092,0.903123235785108,-0.137085339874645,1.35883945418389
-6.05137014760123,0.839915570042759,6.47815409807382,0.495023419729852,-0.636291979341371,-0.311971833720603,0.204403533680913,0.20457978260722,-2.53318268698865,2.53886974828044,-1.42874203305534,-2.68364183589112
-1.23690681432473,0.504032963928596,5.01615607384325,-0.671070693291912,-0.686750802663608,-1.33135814337451,0.229094845244094,0.30860911641682,-0.946134924131076,0.996315153626024,-0.703188882239892,-0.0044045720938555
2.20157994817153,0.349968535044482,-3.82850516154445,0.278912570877343,0.491402925220049,-0.741118958236375,-0.287667882429548,0.450673162526646,3.99549880804281,-2.29069510675116,0.560727720387424,0.483833598986339
0.755009591534797,-0.0152587776610469,-11.2815293941245,-0.60778738174628,1.54774880546386,1.83885226408143,-0.187806750764133,-0.38491238776118,3.41355685409766,0.840876618724481,-0.818988468383436,4.74790336922343
-2.12030992903244,-1.51199325963255,6.67632511765322,1.11748878144302,-1.3440060614152,-2.13263971049862,-1.11544013031841,0.308403479838356,-1.81883229335881,1.86722206373008,1.36186661938037,-1.68277786603472
-1.24095974521681,1.79214685903348,-4.00692882679576,-1.43703457330444,-0.430184123045994,-0.0317323709231568,-0.39680887540265,-0.132334250338298,1.34434666690941,0.211430978607227,0.0322077308699873,1.7722487514661
-1.77922585204102,4.00056200685332,5.54726468966663,0.429406642049269,-0.0309662146157872,-0.297858367584783,0.735751899395665,-0.917614393755293,-2.71558864468719,0.0932228021022665,-0.064278502967039,-2.26385303943145
-0.147893278130467,-0.0896020228985294,1.97802885930223,-0.195465276417426,0.136888688303891,2.60123848127369,-0.0940172794704347,-0.113088772098371,-1.95753564481518,0.228580073215351,0.873510521143255,-2.29714310440817
2.89773813482062,1.31054920399419,11.4601094845274,-0.558803776766394,-0.274545999998242,-1.67392179404472,0.387320121656518,0.377587382710766,-3.90750116665019,-2.17360573504149,-0.239947922942192,-2.95118022022255
0.656351795259198,1.45867596042597,6.40980179435438,0.0494709465461931,0.117049520774506,-1.53364608764196,-0.3784673975167,-0.0883418851549471,-2.35906827727997,-0.70791283683355,-0.319822641596888,-1.72232029946118
-1.26112534141631,-1.37074990099663,5.12991057295114,0.489917725011655,0.416541307210119,-2.71887464456513,0.194300181981115,-0.0052125407915884,-1.16172419696191,0.417938816662305,0.55965068202586,0.280840560733347
-1.78302918023744,-1.19647636563863,1.56034440513189,0.187986851913967,0.682958679353825,-1.00416257579583,-0.535316669057373,0.00746771478471326,-2.66449379365297,0.0229312687956715,-0.445175232137127,1.00496437180953
-1.11620892854113,0.689273563104905,5.54665201692916,0.0123678217638281,0.223878904362462,-1.23325762987709,1.58183793853303,-0.641451087503471,-1.68854614762731,-0.254781509599418,0.0491160882621047,-3.69752036990324
3.52586701567423,3.09228046459974,-3.70375560911632,-1.45715699999019,0.0714151241552488,1.45081526874977,0.0239070788077096,-0.214327363792687,-0.125031184417218,-0.142535235520621,-1.61278894243092,0.850727316189623
3.39663472590913,3.38000451260711,3.18604202190286,-0.12492355739651,-0.454760860265011,-0.793483604078597,0.0804369940617413,1.50859288586514,-1.45925328883349,-1.18635889609319,-0.655012789576621,-4.66810038110029
-3.95189587940895,1.40710291482986,0.268313425338453,-0.249533923862586,-0.0335089089980718,1.76432187428387,0.412410563812715,0.154574762742987,0.848326846194561,0.158136668439265,-0.581776683673465,-2.45184277080227
-1.32722306184738,1.81307932913816,-4.85002984902129,0.893248038415168,-0.579196437429,3.20376628762777,0.21138354495152,0.341978889558336,0.142126375571009,-0.259050706660047,-0.267953955573047,2.11826518788682
1.49334548383933,-1.72023966611995,-5.82352935269223,0.14385704932639,-0.34470452197558,2.55877450766712,-1.59726993544614,-0.619051423702024,1.10838867016235,0.228855978080502,-0.706457823769661,0.309052749012345
-2.60547531605669,1.03541836686118,-7.09941785232043,0.687759135945492,-0.477065919135961,3.25736839346169,0.523247357158617,0.163094365383623,0.946441739971478,-0.104420287107154,-0.687883830783342,1.53185857131207
2.2333105463194,-3.34028278309437,-6.30344506960526,0.221592407073505,0.433192132081664,1.44189790805993,-0.299667051000221,0.992184619405888,2.5439016830752,-0.0676276427363081,-0.163673652631982,1.35461514255214
0.518084237274795,1.29269863421033,9.69539434266254,0.876765485751612,-0.767073424570187,-3.34678629733033,-0.114755767891262,0.10638640982915,-3.44102255146303,-1.60238605828254,1.23865460740243,-2.25943175920582
2.28891753423366,-2.60166118060349,7.6465079436215,-0.539980760161069,-0.47734906112588,-1.47968678920674,-0.395224682853565,0.526347517814832,-3.21765778619214,-0.354316718689386,-0.0402317583368926,-2.93541207683243
0.622005954224027,-5.13597700490173,-0.0396392379727332,0.068004325621093,0.153440572893344,-0.0201267046961173,0.195278686572145,0.541026708552503,2.20657357889271,-1.0859639905584,1.48743064958857,-2.65669463745841
-0.522024201276021,-0.574629139460967,-2.64085847624778,0.243984814058604,1.12130514867837,3.15086595853007,-0.121762089602262,-0.731293051144758,2.61003785767982,0.0491891117113365,0.00884016432092996,-1.59256206366787
1.83029612249035,-2.78931098048335,2.77918574689737,0.048557794046133,0.11942491787391,0.186328514773152,-1.75547747107952,1.81148698901602,0.424028374007051,0.556674885735257,-0.162274187601012,-2.94623142476665
1.17346083784093,-2.79751572853262,-8.03978298551253,-0.631582924764163,1.0420217093167,3.38089592474529,-0.170706688749335,0.0579582597459953,-1.3927204811875,0.840278870402503,0.306572483700474,5.55323687968876
0.615209823019921,0.78684709733921,-4.79011123985522,0.28590724675666,-0.423065992818892,0.276560684079401,0.458916087932741,2.40059840586309,0.734862786816504,1.73862978986457,-0.598560196699928,3.18321464602406
0.328712153194567,-0.389218309562534,-9.63063856186042,-0.341940276384431,1.16658261143049,1.94976566689088,-1.07361027901855,0.602242393762644,2.80736861087842,0.137006362912427,-0.433768791836967,3.89669590766714
-0.2765990495867,-0.290670178001507,-3.31814380905165,-0.330777173694242,-0.0355769029794201,1.92470919663411,0.189968368105464,-0.173480237328224,2.67642976461393,-1.12847682045086,-0.280983527624873,1.4030419097234
-1.49898511764568,2.86170392409941,7.25448915156616,1.34954021562525,1.15886272032905,-3.57537906372759,-0.12807425860553,-0.387681458347994,-2.06017773296282,1.25270666858327,-0.119986704000999,-2.22511277774288
-1.37826481711473,-1.73803874231401,-2.05797059968758,0.0953917859399235,0.0609499367644197,3.32522453905433,0.299555874673982,0.258961412757513,2.1569261099124,-0.921664760072228,-0.136579860565663,-0.488885848741865
-1.00079518369452,2.88363684379202,4.19912678089679,-0.988070543013651,0.430954416425663,-2.61686387484991,0.22901380049894,-0.181354110241268,-0.660121126883333,0.305422306864777,-0.113991509784468,-2.65126932136324
3.71944309033908,1.80820309469971,7.09447885703537,-0.616365224932978,0.334571920820009,-0.990981237396423,-0.0983593146097265,-0.190168757712996,-2.0493434686119,-1.54197554739182,0.441480790264521,-2.08920595318619
6.9780689323198,0.700493010494576,-8.14852680110834,0.396236457225277,1.04486865302953,3.08443865595541,-0.158610973830237,0.0181352692959567,0.620277441589777,-0.449887794380951,-0.176057231870016,2.50303440650356
2.34808015860417,-3.33370610209397,1.22311829742631,0.224113464262388,0.231443970793193,0.719076711575794,0.113902070497467,0.00939891539507113,-2.02885949983278,0.660343052389814,-0.544085952880063,-1.68487205803362
-0.0862433786085318,0.594735849930758,7.02873283386075,-0.271737928878821,1.22055185017552,-2.58258454112072,-0.00380248915926298,0.523818019937159,-1.23755155941797,-0.2481593522563,-0.471111411483622,-3.87439957418624
-1.40005234254953,3.17543309680271,-3.74420759940191,-0.0286408879227671,0.129723238759179,-0.965236451070739,0.0426779797071278,-0.214816516972767,2.37436140406414,0.315063521846314,0.0651357262345786,3.90975280543147
2.03338480443621,-1.39670039621357,-5.44373294474993,-0.186312054058031,0.124803360854385,3.32599826901241,-0.209548159124424,-0.083080071605765,2.73582467970435,-0.339174293082266,-1.66082615804042,3.68200030857008
1.95664910309027,2.79599753939086,-3.96989516598621,0.13179643369714,-0.0146221883746103,-1.16286068799001,0.0919289901844273,0.0960103102157757,2.13460482964044,0.033446344409574,-0.0334416147307241,2.55378000020049
1.40348621943648,-1.50233712815807,-4.33510553609682,1.08381697171727,0.630953175120499,4.06181419279888,0.0728583111469579,0.0541693082104223,-0.762343412815897,-0.553797349604662,0.504128049151979,4.54256214208854
-0.241640365204851,-0.750178207794395,-6.78749936258256,-0.879394316607384,-0.795625188455028,1.02534410878049,-0.799816220733318,0.423221516037113,4.35608997795469,1.49660033838316,1.00310560340583,3.67330821917784
0.564780549624086,3.02639154822428,-4.54641221280815,1.05738534443299,-0.355532503120415,2.31513326637418,-0.0930920559039546,0.274692578820306,2.61623085722451,-2.91872635678052,-0.586128356323707,1.611195907156
2.31001744580275,-2.00737607722282,-0.326783428068552,-0.264034008318962,-0.174175977566966,-1.00396009798119,-0.442817036618331,0.149524381415985,-1.86675780735883,-0.624969963456451,0.94979712727944,2.84456963349476
-1.41334996345715,1.58418641240367,0.871569705354199,0.040534203315229,-0.296417510281665,-3.00557734963331,0.0802091925082788,-0.0532453357464086,3.22153654883634,-1.01354985627422,-1.59554611523236,-2.49243965082028
-0.385910292697989,-5.1111192517104,4.25026102518017,0.603038014436776,1.09922589426762,-3.53286788527361,-0.64168517988707,-0.305586742318557,1.86384997563579,-0.441003125531436,0.00992013874511561,-3.8205902318788
0.350810667757776,2.20465022015684,-10.4435975485393,-0.339632916487657,0.119438304607012,3.81491260897756,0.534644846990893,-0.813123147182447,3.02363904637047,0.72923040535125,-0.0027047471091652,1.89618602291152
1.35767387068779,-1.7281797093348,0.298675958540676,-0.229904547580807,0.118994893866321,0.282112244962237,-0.134047804396728,0.0226851035501813,0.540499503312505,1.39757768494179,1.13350630634667,-0.76925559996623
-3.02516139684776,-0.0583751040185807,-4.68938360090143,0.314194505900599,0.590707477880013,1.59111865512083,-0.0848031687535034,-0.20385430688556,1.77736721928948,0.216124898759644,0.506594844862853,0.511905496434309
0.0555108359814237,2.22825391420234,10.1322753054114,-0.441831009242247,0.194635725162232,-2.03496233824512,-0.0418644183265363,-1.42429875612859,-2.57908100668878,-0.160391023355555,-0.613092910845868,-0.492563865217274
0.854152298429474,0.218796513084285,-8.24759259522163,-0.0467589289547291,-0.842465013262865,1.54567823453322,0.301625625282109,0.0197077246801208,2.9719456399504,0.544131980208162,0.133185156255365,3.78619178077659
1.99267241353916,0.188632496546371,8.73114998716623,-0.554295874669446,0.520490137140574,-3.16781861057989,0.996416415996831,0.0729524520348326,-4.00058421615901,0.528532849597792,-0.421919814944067,-1.03725815007102
0.285696637262777,-1.05820217628322,12.7970328087629,-0.48478327896031,0.344541707407195,-3.39248869737322,0.243026792862586,-0.101542799409721,-3.29823526883697,-0.263038988588285,-0.167694392625111,-3.93011552246105
-0.81156851736734,-3.77470331725933,2.82872732029786,-0.0616753418194215,0.851100555875272,-1.82468307562297,0.796821915841988,0.215279107466508,-1.13592799630073,0.0410422797320576,-0.077397295538286,-1.28774047791195
-0.866249123149958,1.40688193197868,5.75729659025638,0.552759193666471,-0.900825230749616,-1.29972175929307,0.143148847058538,0.411221604429853,-2.68277190659508,-0.304818242087912,-0.781488021208851,-2.55142154994035
0.442137982885922,0.220818769183789,-3.85325980553707,-0.055573822339281,-0.817489304784502,1.38226511457075,-0.265037881833218,0.0458688885982301,2.21247644085539,0.0483605096255944,0.334729313097261,1.14406814449363
-0.823095185303372,1.28169883012086,-6.09410401684256,-0.227147162447806,-0.611691744489072,0.522834590670294,1.30660362297699,0.659123318174538,3.90176577748984,-0.54578834167898,-0.1390529530363,0.965320716210297
-1.05892673774081,2.46443909628405,9.95188374301154,-0.225054282223761,0.341611501510535,-4.31136617414961,0.203873722606926,0.420389580205342,-3.45454367764801,0.710637211439877,-0.633319572738417,-1.26698229547001
-1.84118460826283,-3.8416962003858,3.42905574237927,-0.430788022914782,0.315611571150443,-2.41724223130092,-0.102491081003065,-0.196093733844449,0.671664803559485,1.3599033720717,1.32881114886172,-3.7703355285345
1.02859313521384,-2.49694868858738,-5.59558434625936,-0.201748015061709,-0.980517366082406,1.50300661259763,-0.657557784848224,2.19645796765429,2.32072074030221,-0.17830280588999,1.13685812857054,1.46382584909045
-1.32244224502808,5.0909918270629,11.2895191691229,0.102853568795714,-1.14620586502989,-3.39089324619273,0.140495660344292,0.446365367506309,-2.80512155717571,0.502301552789312,0.459041246889464,-2.32947498227509
3.09120375925105,-0.243422841225294,-2.66288212721595,-0.11861090572427,-0.217379521954269,2.40851765641961,-0.262624916240878,-0.0592209600009022,0.608827226022499,-0.223604308443436,0.567619233602623,-0.749255584833785
-1.8363518340315,-0.814392662116104,1.28354773976875,-0.183799331767478,0.187087067052667,1.54864200680531,-0.410413465810605,-0.255813003787382,-2.32108507826689,0.0523332652350965,-0.248469956168146,2.18828161250597
-0.689064740110996,1.34582189394524,6.77823494081556,1.11415684272275,-1.79926955844602,-2.02594095553113,-0.300479642798534,-0.19369381757676,-0.19669304932042,0.378559216768168,0.383433442479353,-4.51914149400575
0.947320224074125,-1.0764082442795,-2.28826728239795,0.12406299415161,-0.375377750847439,1.47109739800213,-0.137405385109766,0.458868837091633,0.0775319172919727,-0.61858835613497,0.0526244963311284,2.02829283400444
3.2972782109824,-0.871057881165033,6.97314046812251,-0.0354365426981016,0.05480419931661,-3.05946613792004,-0.533966579442726,1.35188085130387,-0.201902918466674,-0.269273176653081,-0.305575589047005,-4.26417064135942
-2.97383693958303,-1.1914996034078,10.5300151854859,-0.0183688447429576,0.0017795881282226,-0.335305140672251,-0.00858431079037611,-0.238291564844908,-3.78193260467795,0.475750683197656,1.79717892354897,-4.11340448522875
2.98242613384399,-1.24217080286333,7.21177478451641,0.729962174851703,0.188121426149331,-2.80866342387596,-0.575832608151565,-0.0328669406085991,-3.25311421704899,0.209981857811617,-1.23029712933305,-1.30033637058567
-2.777404306457,2.29718086253734,-0.779562370418944,-0.111834524668791,0.278478142336954,0.141234743267779,-0.433593779745974,0.330294774456148,0.688279419915405,1.46323282033831,-2.12968877775386,-1.87728936831658
-1.75680543687923,0.200664168153523,-0.367765544314429,0.0852607512340476,0.0235233141645469,3.21493124265761,0.666678957245815,0.348528787325379,-2.13363081021805,-1.05877830416306,0.484419409345012,0.0770045393997225
0.912651370719721,-3.15351568680026,-3.64104329620709,-1.10496017602467,-0.0595807086268596,1.63087652842061,-0.0315386034340991,0.314823864874175,2.27013665522734,0.2982786661892,-0.143378134006648,0.892588609133658
1.33638618569317,-3.18747433261098,-9.57883638191211,-0.270638717541876,1.65476204648419,3.41283382722633,1.10591645107729,0.318303088539075,4.22901695054253,-0.195937078752802,-0.0784943845805601,2.90205866836352
-3.71281354625389,0.962270693278217,5.69619974781212,0.304445553820345,0.0383041369227091,0.0744445154061248,0.137984175864577,-0.655122448089914,-3.82783467022803,1.00284805048724,1.18927614996372,-2.11676928066422
0.0240745698682961,0.821461112057972,-3.32992904044644,0.48836505108689,-1.01327358025548,-0.948081833239463,-0.232260774915008,-0.42081970115495,1.43234779693203,0.0292049143508108,-0.0420001427626658,3.52556661078272
1.15574990163768,1.89798804285734,6.9657070685364,-0.150549083878445,-0.042465217860445,-0.254188132242123,-0.0746051282634117,1.13443170490387,-2.34459531223054,1.64453324395436,-1.06947440004278,0.289900420121083
-1.24624283166762,-0.931825463035009,-0.571106554978158,-0.00164773476270659,0.0130509604880073,0.257480461923453,-0.148224716670254,-0.0255022183087473,-1.25987603171146,0.775474466156511,0.21121402621286,1.34355445075106
-0.705980347654847,0.192416540538337,-6.98444648062659,-0.104977731986368,-0.411762746050964,1.71700357654035,0.209968042478969,-0.530016943420527,2.65162726475191,-0.209900622989602,0.297999956694757,2.63082584016983
-0.109918244034755,-0.943942547299734,6.31747661662849,-0.304390839779356,0.700540205985327,-3.25394405241315,-0.345137037533367,-0.31432391647966,-2.00857026073242,0.626669181597365,0.0887094052082709,-1.39793797251235
2.44531463413662,3.74646886533746,-6.7954160046945,0.555700399132477,-0.438258451849034,2.38086552807611,-0.127233066953481,-0.689530088313959,4.08483962390954,-1.76753672609072,-0.325925736682274,1.7166843417242
-0.290149818727663,-0.00750149158314933,3.07260838321853,0.271409607665356,0.58071337197739,-0.972248470387786,1.06225460087414,-0.31797478347215,-0.456768696331001,-1.48413500520561,-0.718000694566496,-1.80764994237383
-1.06043342767486,2.5516233250622,5.35671153856172,0.115851911446588,-1.03369468503178,0.614795333064116,0.0461539083168536,-0.375595169664026,-2.43098858611941,-2.50538861829262,-0.568060208807688,-1.87358024621044
-1.38235462003988,-1.49484870474446,-13.8515685468252,0.158799224158274,0.602507990719995,3.72245100941537,0.958435510512124,0.174594713930547,3.99719519844874,-0.202136983916596,-0.344353675326044,3.5320992102854
-0.589918017187671,4.21984307328426,8.47793600674478,-0.295729080541437,-0.260943214557461,-1.19445033257957,-0.347810480099895,-0.101988894067494,-2.95989790688242,1.40202753932376,0.101893415565543,-2.23202020062366
1.91757469278207,-0.657722595783552,-3.83217119409282,0.0639443573654189,-0.359652980002714,1.95005547189763,-2.05723420562085,-0.331829447135668,0.721281005446723,0.30708291195113,-0.0838955429238258,2.61611878641149
1.43865569942608,4.33929387354014,2.39936485914629,-0.0684587390712447,-0.0282399117220266,2.39384139427197,-0.257449027368141,-0.106355368705723,-2.84532601064408,0.793938715468309,0.0673925517345184,0.502765161766152
-0.922692898210797,0.315664177814343,-5.9022288740978,0.0859317056030733,0.0896947103960042,1.8082541428025,0.158636826282752,-0.119090281944338,3.47121962672413,0.229967661791929,-1.74718412913153,1.2663848852092
-0.739383555496926,2.11194342997632,-2.75030241679645,-0.0700329843684619,-0.596605590458279,2.33633642175267,-0.57196725672936,0.485191197623177,0.737224893340619,0.388701582306724,-0.762678548985019,0.532513366249646
-0.953951138760208,0.734279744085893,3.5491385380153,-0.298458150994967,-0.0554978099087124,-1.46656610746083,-0.0322319146903611,-0.463000491742812,-1.61119739949416,0.0306942594716458,-0.123945964878213,-0.427310129255744
-1.31222005174415,1.24702502847329,-9.9496190280309,0.286962332781668,0.0212541405478065,2.96316439119189,-0.190442214150073,0.155132210169054,2.50109781536537,0.194680457421763,0.265638687662286,4.17884228335939
0.608507748537724,0.404840209686364,3.05382798405058,-0.184973515590718,0.452169963508562,-2.59298137813901,0.213381838100598,0.0728146426106066,0.994640991425719,0.286116541694386,0.102144822433257,-2.3647870852735
0.387049731551989,0.848140598037997,6.98842485817636,1.18916267793164,-0.78175645957937,-4.55210342740905,-0.369466302177475,0.144065486110962,-2.87245007712509,-0.176895724555586,-0.254593548785224,-1.27687585144864
1.96272545300013,-2.59554688509072,-5.30248589022462,-0.323423118592619,-0.637306156733377,2.18644639761052,-1.13785833255118,-0.42589515275881,2.88859842097719,-0.150817461074965,1.69861866833241,-0.262060110215251
-0.911775525647434,-1.3409109444294,0.842475893188708,-0.330124710787087,0.485502557048952,-0.295819066308564,0.325316540843918,-0.397973605043333,-0.442173731296367,0.983932532536269,1.0902305968828,0.39007494047266
1.01043421384437,-1.75171683440491,-3.74200862246798,0.147280333835002,0.0254557772761036,-0.556648020379449,-0.0394496003433952,-0.320517111526798,2.70498659171297,-0.790474761664246,0.473399497635309,1.45648975617812
-0.891505406904147,-0.565465326614243,-3.50402760019301,-0.0060471960933194,0.086263745293391,3.29507759906931,0.863225497446516,0.924182866127377,0.591785436757789,-0.265102584633166,0.177354363589147,0.506957152010347
2.56983134113534,3.14337493667671,2.20850241297501,-0.166063176127095,0.321077510986661,1.01079255318128,-0.832097631418295,-0.651542715974246,-1.86944199681696,-1.41275720476876,-1.58955165951755,-1.22989000995649
0.459482634005827,-0.06509944962946,-8.45939615502349,-0.178812073836948,0.266726415566334,2.44779645378555,0.29091197045061,0.224313125823811,3.48351139326951,0.421461386543264,-0.339720247215801,1.99908053080897
1.13623701532224,1.78096277989572,-3.97232251041687,0.466291028303303,0.166185257893765,2.02016541663421,0.00377498644562745,0.0635699261507353,-0.432980094477344,-0.111770737392091,0.159982876814054,0.667971201561149
2.78030997007051,0.382815045683995,7.21737642047349,-0.0380886698606515,-0.711194286217157,-1.56614678289402,-0.221151135175041,-0.242176981782874,-1.44355305327303,-0.175280941022134,0.230647109572284,-3.06645918571783
-1.96953344529494,0.895858101299962,-2.46766104243218,-0.474050973252572,0.189402975343341,2.43730620023249,-0.0288259883554018,0.263269058563685,-0.167472935258888,1.19667442491846,0.456862839537968,1.86134816855517
-2.38809917398082,-2.13989369615401,-1.98781367025535,0.378117195139852,1.18678283336524,1.32882636126939,-0.539590607947563,0.217645146746221,1.53245876481598,0.47117964407977,-0.0107487983700262,0.861766294203315
-3.78812674780219,0.853555446813322,-5.49038688567949,0.0706185428448853,-0.230105859491164,-0.622986206846132,0.157599770326649,0.0497889443275843,1.38795866782766,2.403839848272,-0.419732030446055,3.54550219305102
1.03894194870872,0.399361162493858,-1.16829004129268,-0.210623196751309,-0.230019632819723,-0.728841359980198,-0.966374924089022,-0.863879281042486,2.4115128860103,0.03230383566541,1.47902106378096,-0.0367845434057633
0.34122417743575,-1.67921283120953,2.32668521373351,-0.0464454229437354,0.188819936184586,-1.16228853332111,-0.108306317294859,0.355603696591971,-2.56973582230908,-0.513871999735766,0.745525363987633,1.5715264281296
-1.28724939266467,0.0195522134717441,-8.83920035064617,-0.0283824609531547,-0.198356931156348,2.74892832444495,-0.101334361219632,-0.727344548551886,2.75376280063596,1.10859939033827,0.296723855869288,3.59984061359113
-2.49121111967333,3.43024204700851,-6.04596935500964,0.322975872015757,0.109498494114497,3.14619348385898,-0.0737178230593676,-0.475714841536501,2.88014282355294,-0.42305828057642,1.40312103931912,1.98408057639798
-0.756868875475837,-0.590492082841044,6.49534140943285,0.125164567488938,-0.0874168469586859,-1.02796273196866,-0.37860677521183,-0.074541661000191,-2.39111116570582,0.429069511889814,0.117822955620471,-1.16424420376327
3.62893887205611,-0.909445945016758,6.32527775702002,-0.505817123152721,-0.806227942088846,-3.06200494571048,-0.578505714567254,0.0645319770294005,-1.48064999949235,-0.984910610358933,1.1282708912926,-2.8162151686682
0.327993773535341,-0.273810289546716,3.98150591245149,-0.174004353976343,0.0645211707037023,-1.72842446419685,-1.91551803506797,0.174935975167015,-0.582577313353881,-0.0899317420305757,0.446689939078561,-2.35357063611957
5.25108155654946,0.50812618140482,-9.00938709671994,0.0662414389253514,-1.32099449479111,1.79088142188896,-0.382273557912106,-0.462018579251283,2.36070306714159,-1.41297155991975,0.430391662038568,3.81173545770932
-1.44839842852199,-0.974776830968608,-4.64037506257515,0.241979513046957,0.372203194222463,0.756262385460009,-0.0357518502990516,-0.527300770010014,1.79182363056588,-0.282773634296094,-0.238766344052117,1.97059517772459
-2.15739885793296,0.420492873141573,11.2872433497722,-0.41012538318554,-0.78916860937224,-3.73028114681542,0.385967503626697,-0.0994254034402348,-2.64245188915006,0.0173644711190977,0.364667311322187,-3.61445667269603
2.820626254375,2.02862707382578,-11.0456566068202,-0.415860088729171,-0.11781523783158,4.12703873603475,-2.0479569220189,0.347095136508634,1.89321960366796,0.237805889592865,0.519423565765677,2.5408366243924
-1.09860332187115,-0.382597276240594,9.35468157625293,0.28129404435339,-0.214128913372062,-1.90198660293866,-0.169369908205085,-0.781390481033736,-2.18088459500043,0.303793956649474,0.670509225264605,-4.03883728162588
-2.79755284893436,0.545635546170411,-6.29548336065809,-0.0820302185768591,-0.0575471563305631,2.30286389991973,0.950239617873943,0.498931045871849,2.32171293845735,-0.174258039944987,-0.0805040138871031,1.42686507841296
-0.0237355656984686,0.368912727890712,-9.4711992626395,0.0630100160148917,0.386315852220983,3.0528045899224,-0.215480629179694,-0.0402874206986414,2.7107355535674,-1.25511126841745,-1.28433214158035,4.31769864390239
-1.78974245842055,0.100547847007986,6.43143320931127,0.19507103859779,0.00717078487706374,-2.29256969757447,-0.694180623384506,0.26344201765386,-2.58399108171317,2.41863364491718,-0.283784617579455,-1.55796679011823
4.46087594219447,0.861925594378165,-4.86553403446593,-0.483591809411526,-0.384509637126815,2.27965016950756,0.042800676992536,0.0254817403187025,2.16948203706424,0.282202246961708,0.276177359539439,3.57193841930659
0.0931863380724679,-2.68080855546915,-0.530627275932652,0.17555011388153,0.292312697698492,-0.353820554430892,-0.0228643575646541,0.0342619820039037,-0.690785027858505,-0.143749687321593,-0.0329618896955974,2.34139533329055
-0.382505659371369,3.07861193377777,2.09361931372534,-0.356722417440408,-0.411975580512965,0.918215850302315,0.490503721413992,-0.00736734494661613,-1.59966914062385,0.231454833366965,0.0879281680668717,0.346901261552851
-0.245026100027441,1.5767289248349,-5.79114525780113,0.432054789584208,0.0293145847243386,-1.47615115861699,0.970818422273212,-0.436269030597475,3.44664857001387,-1.89487269586109,0.0319911635166416,3.17515761844269
1.89637643573003,2.47697925449993,-2.55333128519992,1.56359788005859,0.724205973129298,-0.954733789319948,0.0641928912515629,-0.00098985352654874,1.61030560248337,-2.15241115731748,-0.327357656435241,2.05438517810775
1.07691019744922,-1.03776492647855,3.48501753614828,0.117476649144662,0.163024234164468,-3.04395124281706,-0.442038192829111,-1.48738948603489,0.294768164025742,-0.299923645908381,1.44505823920303,-1.89108607911683
-0.129684596643284,-2.24571806963477,-0.985153568436131,-0.16687543192683,-0.221734995662475,0.437554344772946,0.182193977306539,0.129870805551956,1.47173404142945,0.215153602237123,1.84600430447998,0.289020877684361
-0.741458161590146,-1.96377409515703,-5.8658624271112,-1.34486329662415,-0.390275414141917,1.03075897324004,-0.236078577396811,0.541457929900947,1.82778522169651,1.12159945704353,0.000198389557683728,5.86401819269702
0.8053688178908,-0.263317857193886,-5.23062106246827,-0.437591715550949,-0.577812948555276,2.49399745091868,-0.0735405754568375,-0.447031752100774,1.45951697565145,-0.428812766399407,0.722345237624589,2.11803791606991
-0.920060389394324,1.01897011354004,-10.7008170112864,0.297258414653248,0.476245386341278,3.97321871772803,-0.0877719534002111,0.225898126712882,2.69312408241643,0.122002113953929,-0.327654608325218,3.16818881830372
2.74943288091333,0.422679879753714,5.12005367582861,0.00337373567801428,-0.0523881409379521,0.65334644048807,0.589225761583361,0.443620546485718,-3.29719024092663,-0.293137396404242,-0.620953885373091,-3.47986544617955
3.23859180031071,0.860659211330008,-2.3830780357476,-0.419339985270011,-0.586019003641748,-0.898446602951224,0.304173451609838,-0.0436637858039277,-0.207919797258574,-0.991507521798666,0.89081251922387,2.03856664882773
-2.39808058172432,-0.728150664519483,8.85536837578634,1.94852311381371,1.36217956367874,-2.73382657958368,0.273638073266686,-0.525866117083882,-3.1892524887857,-0.0324867671069122,0.124260418790367,-1.78064201256045
-4.93872444031811,0.173552763685573,5.89654288051369,-0.0867619508985148,-0.0704348913506795,-3.43246963225191,1.01663707148388,0.602729558478441,-1.8024824770797,0.850836877536431,0.755286977165123,1.02361567387552
0.135329143644287,0.572118224768668,-8.04732769560515,-1.21618103036756,-0.927050813989432,2.25231754393159,0.636005650260571,-0.363657110755657,0.266069778211972,-0.200342894441932,0.00135407713886577,3.80307331543452
3.05577383590928,-0.0933763383681813,-9.04145241884406,-0.581378231550686,-0.207261020802879,1.52755655389139,0.15210257993204,-0.246679106900797,2.08598104599592,-0.118187415163541,0.0627533005789919,0.950700174314671
-1.34145485752501,-1.4320172008286,-7.03223277665942,0.162021731633471,-0.214221114566513,1.46610691405178,0.221348702538187,1.49871096573867,1.43662501854076,0.469197135200876,-0.729716133983337,4.74892309526333
0.0749042777765552,0.966027382461004,-7.90145930430669,-0.517451062958231,-0.243141601285837,4.25705919006082,-0.471088669219084,-0.050570087278636,2.69274302055698,-0.868770439218771,-1.04471932861137,1.99542413795614
-3.32297536477968,1.45239496217239,-9.54613078902494,-0.0469267266880481,-1.27630742266646,3.18582083042372,0.579972852282212,0.110252343227452,4.25387985846532,0.0439671730385418,2.09934623197695,0.992615514486866
-1.36981723639161,-0.503455553774057,6.25190364864897,-0.722262902912531,0.469031162565395,-2.32113410662359,0.123632592894896,-0.194630365318178,-2.13108436561932,0.888521468961385,-0.98801888791787,-1.21488137157596
0.0433395204169746,4.04758136053193,4.86362921599017,0.282008777020299,-0.366458970962387,-3.09495442123454,-0.280536364945707,-0.49654030557747,-1.77080804442205,-0.200662453224873,-0.90732391872424,0.767255602717516
4.25590073998769,2.7326818701267,-6.14406794877941,-0.0372153962496642,0.0176744298648929,3.21798072807877,-0.216376953583327,-0.0416167698542071,0.287641082489129,-0.674823014996472,-0.588141168325255,1.3468417054821
3.31386249595275,-0.937549383673139,-4.53955285468431,-1.80253685298087,0.739483526906215,1.7355578382889,0.0497681904308687,0.0547014945046509,-2.06812361191425,-0.533998499285809,-0.216713892497484,3.67464040023778
-0.0543544177453279,-2.90894120910172,8.02078533999133,0.28262108022494,0.357445830791486,-3.791437297536,0.557639959469942,0.68351740496097,-2.81206746641803,0.412805278123576,0.0078944811787848,-2.15913077509564
2.8050681414829,-0.343153036339199,-7.18510432549857,-0.664343256003966,0.483917766722578,2.01530266299726,0.0863861558943101,-0.132749030652271,2.74210989944877,-1.01102934479945,-0.726099894794712,2.15109728619259
0.371744767827787,3.77670577686035,4.45316270931414,0.342246308424274,-0.445116704247346,-1.47565012452875,0.841238620390718,0.00970091189157041,-4.29163740432038,-0.422994654224413,-0.0566577030513175,-0.102671065930943
1.48357291647476,2.99367933037816,8.13651518278329,-0.140341088958341,-0.193143962380536,-1.5543356904798,0.589829677697631,0.130973047472859,-2.17045643521038,-2.29835230937134,-1.09070102382843,-3.54245040086468
0.722299320821858,-2.0837205432564,0.539316620436551,0.0781940896664513,-0.293681021233806,0.171286269363527,-0.233266364341696,0.550028151160427,-0.674817351264765,0.0629520510223862,0.361378221197927,-0.402771886321792
2.30721897850284,-1.03174253559326,-2.54720947946332,0.522551358701376,-0.424714042758158,1.83795894862853,0.182383396233157,-0.155674394200967,3.10900024288457,0.0537464871867769,0.608477128604218,-1.20967908943656
0.887770856483003,-0.779137137107869,-3.33060250470726,-0.349029241483902,-0.119921532011112,1.91839355521615,-0.397776738798106,0.277410513575374,-1.86695623130339,-0.420073216135186,0.271684355533683,2.90535630307242
-0.144526159995323,1.2253632659978,-6.11773529479981,0.155746289133678,-0.386951097479271,-0.9918569972042,0.384950588377463,-0.376236072928142,2.49239226129359,-0.462294558545823,0.536393571614051,3.87697193421356
0.0668821571006357,0.971094195312242,7.70984239568584,0.0760517865299718,-0.00475103015518201,-2.74816908491292,-0.132353706956011,0.875958342286022,-2.65594944123173,-0.301990962509524,-2.40468488340218,-2.23498135229623
-1.86118756234924,-0.673692240828739,6.73795817816446,0.0767419231436882,-0.0678714500963519,-3.96640652168769,0.306439664606663,0.393525830572066,-2.28254667500559,0.912524505041871,0.18438412610378,-2.14736239035977
5.38569811411467,-3.6550740991222,3.41468739490395,-0.349361397561206,-0.229564850079654,-2.64816900307075,-0.129067708049053,0.356032645911385,-0.304792576986492,-1.45379614044131,1.41266524013179,-2.77751848953863
-1.54541424924681,1.74230619596341,5.80242777654784,-0.323944645557208,-1.74795376118419,-3.10914864257221,0.603205466576731,0.768743644567691,-1.67706468198312,1.26715657873987,0.872136200687869,-3.17085580414027
1.65729306438838,-0.119174958167375,-9.22420829616598,0.152937950110608,0.0629363773185631,2.96614535038862,-0.343594201998785,-0.980687182210109,1.49012773157797,-0.145401842702701,-0.181435467197288,4.03275787452686
1.97785789778476,0.068159350899857,1.02151579201477,0.503028829882277,-0.18768688342939,-1.79692592161621,-0.444121876404253,0.0546932455694935,-0.353017520708405,-2.16088873704538,-0.228215276192434,0.343070074251994
1.69088048715681,0.666739067628904,-5.02838493370921,-0.142426494654591,-0.0383685074849142,-1.33699822073827,0.167954174666444,-0.0302552051290126,3.29546516547763,-1.47495836392252,1.52359373651652,2.93139573364515
-0.333003242632325,-1.64423327847168,2.80688171679463,0.237430078086656,0.449504062212041,-3.97734307046287,-0.292746119162503,0.0729372101575246,2.81993491877519,0.140013781398298,-0.0607950218763224,-1.25533511404101
3.41016925654367,4.00862470046975,-3.41155023749335,-1.52177399962868,-0.577421185656484,2.99697703935447,0.241282693681453,-0.613821347023711,1.87720932212557,-1.0802608689377,0.194957082870443,-0.903376231459203
0.186091325261464,-0.764060891743359,3.71786263221095,0.768681476007737,-0.0404478001325704,-1.73335757966014,0.107923758095541,0.288388662169463,1.52949708899575,-0.222571979185977,0.0229502631384636,-3.66461265259032
-1.57354541268111,-3.29412770085306,-8.22323725950266,-0.314905306446728,0.10171285281391,3.93344029032323,0.139421572487966,-0.0967089505674019,0.906305881844184,-1.39184291746547,2.47647805303156,1.0645804244054
0.0307300976139283,-4.13933103036981,-0.0747708127592317,1.41759364332,1.20960708938158,2.84768411174712,-0.79071025652014,0.141328061928894,-2.87566958232725,-0.611219016208495,0.634756659420005,1.21648985736733
2.36559925450027,0.232658806325578,-4.25663022694492,-0.0587160727542795,0.157449407628691,2.68345346102837,-0.440661134775696,0.0993838773591275,0.315469217016601,1.88233702453005,-0.159993130998304,1.47009578625554
-1.17606372720843,1.59411228628222,-6.41383165033397,0.123577763938031,0.595842642566566,1.53147468702115,0.448109671546023,0.0980704574498925,0.85340919082359,1.08742349572936,-0.0721779909696052,4.51558957461103
-0.684987074992325,3.66434453536896,11.6200667403134,-0.166110685502556,-0.723146530905714,-1.94586305558577,1.08088522346397,-0.861760023658308,-3.39125569161399,0.233034487664067,-0.137684150153476,-2.93678335958288
0.90081518329724,-0.475864813177028,9.86943309254339,-0.248621909385496,0.201490234532459,-3.51977890544747,0.786591102677264,-0.752963437327269,-3.11798897477087,-0.244397028784768,0.142061246333364,-2.61762839545948
-3.20269864092875,-2.30358561357631,-1.03603288909476,0.86969181439737,2.2064530670233,1.43231483875283,0.0784655326338938,0.206686363755988,-1.17180840090112,0.150448568343922,-0.579264677580248,0.278547621813697
3.4489711481189,1.61217740910498,-7.20867661271285,0.0910672514486226,0.525472894901505,3.17388084968959,-1.00045177294496,-0.520834654031586,1.6428663063578,-0.0779885598334883,-0.187831426713772,3.64407008071628
3.93349681732951,-0.877485322143446,6.1022547728716,0.218983969607178,-0.0813091374787838,-3.31437934742601,-1.80058425040297,0.216579129555082,-1.00203716118094,-0.449901848416505,-0.407836989648033,-2.5087630181691
-2.62546351824246,3.43254022742801,6.69273215137562,0.141871190557008,-0.0816549671380979,-1.47322282984044,-0.845168703305131,-0.3593124090014,-3.04706310358437,2.25134132760834,-2.22484125056831,-2.59841513915169
-1.59096057509919,1.05027656992307,-7.23371870689566,0.0620354537373136,-0.0153856020867785,0.956814979861092,-0.00827847969810478,-0.476632604871232,2.61445125044302,-1.95146923732892,0.363438286294659,3.1612553155407
-4.74917447813515,1.01710012438403,6.89329221011553,0.235146846417682,0.549076146247811,-4.00374928042984,-0.168219679197151,0.128749702654724,1.40473777733495,1.67887427874478,-1.82378758198119,-2.84222962266829
-3.67054633653229,1.77469392173452,8.98981818247636,-0.262971338315565,0.0268542286159417,-1.46794453380187,-0.151888447665958,-0.158619308019026,-3.12920643953143,1.03876733634743,1.42620572756007,-2.8371941502466
1.09697769748324,0.909908676116419,9.8263887290407,0.071450957078653,0.332303902994584,-3.47244675034907,-0.634470979808717,-0.0472950973452855,-3.682063303776,0.829976619839903,-0.980683385930633,-2.24793408642569
2.5314436340061,1.32920161894116,6.27884831083615,-0.208682825983483,0.828089743095882,-2.29272231492221,-0.232816798941929,0.241409072031909,-1.48348962247358,0.0744076624547261,-0.759266363247549,-2.07463289834203
1.99541600788092,2.25834684924052,-2.85169791801465,-0.0679533603199384,0.152846249085168,1.5847270813636,-0.024169925118393,-0.167210563400354,2.71970811965824,-0.423849649545383,1.04927366410963,1.31838062749023
-0.433724931474986,-4.77101629602513,-1.48717342461662,0.0786886988017976,0.025192971640789,-0.666940454442582,0.239516065188998,0.386869075014656,-0.599794101396825,-0.1094776179285,2.20912702006003,-1.03391153332216
3.99044924203617,0.304002457402436,3.70248242981506,-0.0630216689580515,0.221221706578971,-1.63848196322529,0.272047853538796,-0.0737889526509375,1.26501661627917,-2.85447920947899,-0.246383792397287,-2.9698835743878
-2.06134934473409,-0.893088411874754,6.09483712696485,0.363660306853822,-0.505500880899505,-1.47499280687209,-0.0616193744812777,-0.0860735386971637,-2.20907143329235,-0.0485843546817709,0.136258216821695,-3.55434792571696
3.04909437993604,-3.14345838552103,3.17228323012277,-0.0594791026896971,0.623623253109031,-2.17349233332737,-0.997504532057989,1.71492315907654,-2.5185962944207,-1.51480565854684,-0.794358533929412,-1.69509330557261
-0.400117768138172,1.32392551163739,0.584526767867107,0.331876115941936,0.058293977651151,0.145307429016492,-0.549841675744937,-0.256671001209244,-2.33698279650596,0.450997347744668,-0.553302062628612,-0.55797906731986
0.595814634352486,0.498768749238449,-4.5677782701125,0.354180119162187,0.19237235417296,0.0592883712244182,-0.723248626733161,-0.284929653860195,1.42313588330592,-0.240940370758417,0.204107879478123,2.69354195932056
0.177299368306061,-0.849896160739549,9.35423914683049,0.0252687761783607,-0.0105685620233707,-2.61572194592122,0.25144323734507,1.05974407490107,-2.61506216004008,0.199669370170247,-0.990659759545843,-3.69327046201338
-0.736204185151904,-0.544453069215124,-2.64101318127498,0.301743210269485,-0.356332139418222,1.72107532597006,-0.0542272861876798,0.216141189135672,1.4666072032715,0.452519832869362,-0.175614890093029,-0.259093987051964
-0.299505091051169,1.62860361451542,-3.36580961413376,0.027061822639574,0.304209300383506,1.51295894244142,-0.34770615860056,-0.367839731442608,2.92993180423034,0.99114518431036,-0.593354925505294,1.22491354614298
-2.44462761270914,2.28788705387402,3.30340445801999,-0.00250948889644111,0.124210108566521,1.05730635951404,-0.315432349443687,-0.406943773327365,-1.89117833060453,0.102291703442489,-1.17872191137598,-0.0418500095240214
2.33779325102757,-2.48312067629152,2.85467899417568,0.479135771721147,0.933962058742135,0.188910226412457,0.0861973763920904,0.0345624233920937,-1.48530401217346,0.467021002140049,-1.12722131108047,0.110360134534527
0.322202138072331,-1.94849525861225,9.96991775059483,0.810207283218588,1.04193750723271,-3.3859613626623,0.323533402517172,-0.0434104566197114,-3.41536451414419,-1.0768087906804,0.387113317035188,-2.37456538849707
-3.37752218786344,-2.03245609388309,-9.12747166874393,0.479246020588921,0.812348927576407,1.72864456234027,-0.435635673875123,0.298369709771862,2.77247323266302,1.39224681352106,-0.14896872974455,3.55064332509925
0.936371203331775,-1.37186341458906,0.950878380702885,-0.126534930736724,-0.493595125688661,0.0643501233789599,0.264858198377218,0.253239654090015,-1.20847371113427,-0.566403317398566,0.59896418667324,0.479555223295848
-4.51830904214416,1.25503005121648,-5.95585081285082,-0.105506992068668,0.0221952158228889,3.37899306915509,0.450272689809567,0.317685162105241,2.94194819102727,0.253646745899124,-0.764263224542844,-0.3488635730992
3.33020063620157,-2.25589330569546,1.11519061500993,-0.317097547305151,0.220546597623904,-1.35879997640046,-1.03356424388083,0.524451362124779,-0.519249415476671,0.0507317988833184,-0.0784191117193053,0.27068551096574
0.689311298394311,-0.884958537561678,-5.67902754349244,0.0423407898697587,-0.36028959037557,2.7102169588129,0.283578588805516,-0.461366423594362,-0.111963885116211,-1.35360514327189,1.21938995708608,2.61018098157284
2.43733604742415,-0.61687311199794,7.62855110913214,-0.00188417879053429,0.193182634913642,-3.6626134936269,0.0361349109681364,0.258090540451865,-2.6217098551583,-2.01559621049147,0.348332368121916,-1.49494985894303
-0.260703902837117,-2.60722305981264,-7.47875533122629,0.146679357023128,1.07932034735218,3.68573633261112,-1.02039991873403,0.764077837600269,3.02498201661722,0.228229162414708,-0.104170728174683,2.2795424283608
-1.48723600648184,4.44253125985114,3.00400315653504,-0.421055564615635,-0.585533931833031,-0.527410729811879,0.0921394100828709,0.502650522295181,0.534757427862913,0.80858927087778,-1.35595628648268,-3.48689596538907
1.11603343627696,-2.07788120710686,8.19330355616839,-0.200813232576843,0.0427477851001935,-1.01071754978283,-0.293241913560637,0.488155795180219,-3.84455125114317,0.4635106639667,0.731723420940799,-2.99539984873518
-0.932332220860588,-1.55086677906108,8.28154392626466,1.07707863798555,0.437761079001087,-3.00344156494155,0.344329263502207,0.171558514722292,-1.80234800106524,-0.0696122591779656,-0.563040701640273,-2.41727198167878
4.60409805904947,1.35701803836734,8.25980207925153,0.00925688276094038,1.84318971163402,-1.89444214376846,-2.55020851704866,-0.120364086914087,-1.73968673399975,-0.0387716395142127,0.0353640981889821,-3.75708664407758
-0.127384958179788,-1.53347441232293,3.62953541614173,-0.25979611233985,0.605206860209904,-2.76355192661378,0.251722225893128,0.378706593452894,-0.825506703559967,-0.47860372252554,-1.44028873302062,-1.30232126585933
-0.167625677257909,-1.19827829760867,-5.6808805370316,-0.138107358256734,0.14649542505424,-3.33450335451161,0.527874026928957,0.503106872571327,2.19345560909901,-0.129692214688569,-0.812771107950687,4.08717073372073
-0.686078226365602,-2.43324180490305,4.39331503972131,0.0355650510323961,0.201081807464785,-2.32326668986714,0.15507533434058,0.222182415883159,-3.57790304405561,-1.10707350071492,0.323619513650735,0.163660104821407
1.01903477368947,1.71981854542732,4.9542196350817,0.0320287483176797,-0.0569803299899227,-2.36386275993852,0.0156805914745167,-0.136909223759276,-1.51408313897773,-1.83760477652771,-0.0972525968655958,-0.477919057569526
-4.15421110087069,1.33400826565439,-8.12319803914554,-0.322118589490033,0.132936974633195,2.43207298790345,1.42343376741597,-0.78854327584728,2.34212407455091,-0.135614762335194,-0.477933635066318,3.05470771544619
1.29591360053964,0.663615144580632,-0.943683645077181,-0.545977565635128,-0.071196453592793,3.10926198070924,-0.0795611858610157,0.190433407814636,1.26018499178836,0.348053613740081,-0.523339867875281,-0.922151773728619
-2.18701036741567,-4.85849290751491,-10.7389460565056,0.040245141147489,-0.464405235844386,2.49104721838016,-0.949665908067258,1.86581643667075,2.17934051597643,-0.0779656381232661,0.0624693709350039,2.38991087683867
-0.543119728170784,1.4866395067809,5.3694841779805,-0.068343728434652,0.240985215602208,-1.21627062844134,-0.324975870853819,-0.0675580563139163,-2.31459961439764,0.545837693319965,0.142495615749455,-0.96721247192605
-2.15733974235992,-1.72793089458474,7.05738552122389,-0.341696834743743,-0.163178764686229,-1.951404470303,0.422296004430948,-0.249499918036419,0.241469106002037,0.151769519621454,-0.161742389691337,-3.49143103619714
1.24337247499719,-0.779593637479333,1.41084089094594,-0.328036401290983,0.132143816203209,1.50129688354212,-0.254697161341686,-0.00621288408520329,-0.135998887560007,2.35231580462565,-0.0931437023772884,-1.70357930962557
-1.33392660892865,-1.32063076633163,-2.06040262363532,0.149655649798029,0.440692018660149,-1.6665371866477,0.189853814847849,0.338355597315889,2.49933233224063,-1.10844458417367,0.472475550349152,3.54652347768363
0.44642349218653,-1.4823877492983,-8.13977404136349,0.759271019607456,0.742516664887046,4.65574981478916,0.229533445698106,-0.102522922450988,-0.548074356477172,-0.796332506733866,-0.507249418520273,4.37533394709569
-0.92994601657597,-1.74519783073619,-7.47157021046956,-0.474930883407035,1.6336913418676,3.30404911885815,-0.0058868097079733,1.12847674554116,4.22191654848257,-0.0198533936060384,-0.074765183000242,-0.120657711633739
-0.28241179973229,-2.09556505978039,1.16585624035057,-0.0222231436363454,0.240807284620969,-0.378908879381718,0.574073595819381,0.917905685102965,-0.574590516715997,0.171097059772277,-0.276114981209126,-1.89328955102849
2.65446958291956,-0.276460093670964,-7.55205664563994,0.273873712960109,0.332288295895428,1.18293236014277,0.996368953169472,-0.661854498212772,3.06902884365414,-3.3493458606959,0.664501440565252,1.42103867665221
-1.23089660826942,-0.246123540237784,2.4552299201394,-0.433745723075895,0.403246654010206,-1.54071253010699,-0.339283628261039,0.0100382765136712,-2.40486066635519,-0.570626877318419,-1.70111673844789,-1.83179804380178
-1.19564057067402,0.566840389422249,3.7787420067294,0.447473336008714,0.2278836113839,-2.66350939347375,0.132753858663053,-0.457847428747701,-0.741816693757002,0.571054415443391,-1.08415999418956,-1.70910350735071
0.101691200849314,2.14901644318041,-7.78165412732415,0.0277042692399626,-0.192562313894111,2.99766135941833,-0.539223810697629,-0.32938929036912,1.10120054115456,0.178296855806655,0.0998157692919986,1.60383909080636
3.84681973987225,-4.39126988769581,-0.679219077924217,-1.29880224673239,1.59641514187548,0.140053614553236,-0.514301030294498,-0.019790713854786,-0.901656275798848,0.0382252268803562,0.226890835628819,1.49473963878537
0.690239020516214,-0.499025802055451,7.73030251118532,0.0159884614321485,0.0528641390909014,-3.13364098359265,-0.0710124570337845,0.0103885577616328,-2.24170179669987,-0.560240428573349,-0.148633250400456,-0.543502768880212
1.14760284762209,-0.571855081714101,-1.43935701840917,-0.20348608320385,-0.178309738910998,1.19480163718383,-0.0870305408720486,-0.546348764322713,0.221228571343145,0.233651214949685,0.682561516137286,1.08641448577352
0.0845824916660307,0.441348096244659,-3.90458294985621,0.0120374119399584,-0.146701537588351,1.50093091855812,-0.0231787487045265,0.045590100813569,0.830894946346854,0.381476053754402,0.213849156898522,3.76976771091307
-3.10504020532785,-0.537425209212083,6.45488275608984,-0.0527489095659696,0.0424778393621556,0.318205106245091,0.588536755635222,0.0570483354517817,-4.25383779202433,0.316977786083026,-0.245997820306003,-2.2472036553509
1.25528959968268,-0.427956435576114,-9.86253667880034,0.0945742135020563,-0.130784866396082,3.94103977564088,1.20851177300745,-0.514271452506054,2.22851784582157,-0.63779045682295,2.80887200748278,2.97121605436336
-0.823354881980089,0.278765651501953,-8.48508355482941,0.142716867449315,-0.500884865608057,2.91088494579158,-0.984749587627824,0.085220829769373,3.20445518914803,0.331573859273702,1.41343441188524,3.43969182281094
5.11002706140069,1.67806649399959,11.6621637972826,-1.6019834893962,-0.641919541193819,-3.86722459241576,-0.331969679011775,1.70538410186747,-3.51682297292705,0.0631537303047632,0.0714776795788081,-3.0179070131314
1.42754195645406,-0.405490327773245,8.49461585670076,-0.434733554984669,0.771463185324136,-2.95962559868438,0.754542667375227,-0.443325142859187,-2.67017806039098,0.035641422542515,-0.0892539000101319,-2.65692110373207
-0.17718702297804,2.09028638656083,7.17235762436046,0.0913649964940484,-0.00123666054294507,-3.47660327027813,0.0865742668554292,-0.0843469045849007,-2.74066586521594,0.96049092839342,-0.438209856867756,-2.37818281005913
-0.469735031999194,1.29145844943189,9.35673306741472,-0.297722366518814,-0.381732241145302,-4.06738158495632,0.208239123795442,-1.70265202462616,-3.83769642065759,0.363417077512405,-0.0333257350416801,-2.56951481815746
2.82839786920721,4.44812443067662,3.48558588762593,-0.532118010225209,-0.53571118350925,-0.652675015652102,-0.478295030821606,-0.254632244869551,0.470605400264425,-1.54375506630068,-1.96688497045014,-4.29138570343991
2.23961332374192,1.04602606946137,-8.27996924439119,-0.588807355191288,-0.0926260808345004,2.66357718084961,0.82517145197329,0.505366319333395,4.17255152805923,-0.170185396718237,-0.0334094214044428,3.41591098111245
-1.858287260379,0.509166814437372,-4.33004045707588,1.08804266304415,0.300073417799641,1.00149159751597,0.12747243807314,-0.20045320661015,2.66754452361191,0.0151012011883331,-0.0370907671370004,1.66658498698792
1.57160433088811,0.558243435987243,-5.40012110856321,0.190168456593788,-0.527568265680083,0.901256788888461,-0.299225509193851,0.245095793432415,2.1154000654709,-0.684011689696231,-0.584597549116479,2.3680512029559
1.71456192683686,0.0879856631269584,-1.02988759774321,-1.3538033921952,0.593424820207573,-0.980462479305604,0.554439080201615,-0.0173003871657989,2.69288219618061,-0.00347899588761284,-0.0236711497923774,1.48831470777214
-2.15697117447007,0.933502087812585,-12.5589011883429,0.700686427378606,0.278009381322548,3.12848941270004,-0.43178664967877,0.523888128726071,2.90260712571565,-0.11405171783595,-0.815875480519701,3.09949624444476
0.43760877562983,-0.786104302009738,7.6818567505512,-0.0522877877885226,0.251300094674515,-0.845174512309556,-0.457048648142819,-0.732195966027012,-3.34944959382943,0.0626768879441484,0.20749413382691,0.686399536157668
2.65640673270558,0.260467457510735,-1.83114185708899,-0.133602340665236,0.309183826673952,1.03074749527093,0.391994623068408,0.336321802442798,2.3427226339057,-0.743125757590789,0.608189632458045,-0.299893174926268
-4.15859331460266,-2.03389484714715,2.45776065683077,-0.0609990974092317,0.540567331208446,-0.754593879646185,0.421607773627663,-1.01559077380087,-1.99949122211868,2.40599143335799,0.519416615797415,0.248696277323545
-0.00411219679869335,-1.46505302373855,6.57508528824068,-0.516658650617423,0.360242220892097,-2.41449508843732,-0.262326873097961,-0.2016850277112,-3.34956913783276,0.439822748696728,0.806667499766424,-1.44372068056213
-0.0482964619309826,0.0120171057874332,-4.02901297684879,0.1498905021097,-0.0578925552375662,-2.11341059125312,1.15673791858317,0.630296765821572,2.44693516103397,-0.447541668178934,-0.752715610022635,3.41428974692316
4.22326964968959,-2.48550914907352,1.59215269749556,-0.523667541934956,0.203034250188878,-0.78083552978154,0.227438834615067,0.0705242001501528,-0.467451030429201,-0.979537416481175,-0.969491511063527,0.349262410567339
2.7931953438571,1.80837798755149,0.799098563793585,-0.0581864491980187,1.26127955085791,2.38548307844434,-0.0902858380671383,0.1034162421799,-3.18126354567637,-1.08013993715977,-0.857537586124654,-0.31396158848544
-2.01526392650857,0.123441051618297,10.0860990320681,0.458619386427769,-1.71767675781465,-2.53941083058836,-0.568967122810094,0.220020680469996,-0.638117642802797,1.07902390780385,1.29903363058413,-6.39286207393099
-1.36218677996799,0.501910637724816,3.5598019968645,0.0712179899764939,0.125174267304752,-1.04535498811545,-0.045166630893928,0.339264499809829,-2.02387766839744,0.874773426013364,1.05302599081673,-2.26268039281115
0.640472030859672,0.159244105254561,-3.50491381696448,0.56333243845491,0.204020677058626,0.660290810020608,-0.0980604338194293,-0.278445039616811,0.297524472665364,-0.0973732760488706,0.0376208234176746,1.66367319442292
-2.51717487227149,-0.268186500870992,-8.4995453296132,-0.123718843121667,-0.022340318191564,2.6153660471641,0.324299967860902,0.113237370698519,1.12436755009719,-0.551723321393301,-2.31643089589944,2.79302096140659
-0.0935793965117873,0.439957780066421,1.46707481009921,-0.987902949607106,-0.68019732924335,-2.10047967447794,0.549417981328692,0.639393885259873,-0.878164059224548,-0.637211050427392,-0.549917178702916,0.364236664224195
-0.11083662838948,0.712927527834167,10.0675824564871,-0.0756360934517908,0.166924682663131,-3.03404220211103,0.576078607791148,-0.932500435150721,-1.64311612053219,0.375259719407311,-0.372932603117526,-4.93100531283396
-0.641068427060419,-0.76953718305262,-5.57399613689617,-0.239642563747424,0.0452146399239049,1.54308357064989,-0.324556230551468,-0.690978310347765,3.31274819710336,-2.16290129299873,1.53210832232381,1.42749863583614
4.72644848206151,0.960290441567487,3.92368028734022,-1.64320421379731,0.582639530716413,-1.621883499163,-1.17388924024308,-0.129272628166181,-2.09543315347586,0.324702964743643,-2.08361247229215,-1.99474073161346
0.620812604046911,-1.08117100022195,5.71911677659009,0.725258124402986,-0.234026804656413,-2.73316059805843,-1.31678217934925,0.599306836756826,-1.51644417171798,-0.573695191878306,0.333726067403318,0.324255301661203
1.77034927861663,-0.994301893626669,-1.68814764654071,0.00572987471222922,-0.34597878304507,2.9829468732243,-0.103837346280922,0.00323523190683271,1.42777690250655,2.38802642972048,-0.323750605767914,0.343814325958784
0.735210184377487,-0.999523971666649,-7.00847499157924,-0.0330953517655583,-0.0537059945142459,2.22969754851614,-0.102875139599331,0.0480435631134693,2.87648132606456,1.35561537043078,-0.147146374261279,2.98778734756072
-2.35205123857529,1.23867421005271,-10.4020558267978,1.36232854745977,0.185510465896824,3.98654776726309,-0.448410527400452,-0.226519648061235,3.14709439408469,0.563826966777629,0.467958290455437,2.55807019978087
-0.159099133061262,0.443542693917806,6.057441988602,0.0831752771970525,-0.0726175290625541,-0.587169112518983,0.188325686746185,-0.0546275907366832,-2.07923939921436,-0.254028889594024,-0.578286096185545,-0.696582607014884
-2.63416949579675,0.573179913813876,-3.38688031616375,0.112298709300358,0.387339551341781,3.30802661844381,-0.406053423489271,0.219470293411629,1.34744756914538,0.418586015573963,-0.00477269883725505,1.29307939325331
-1.23654588669667,0.790024383457332,-7.32863273575896,-0.0298503678521263,-0.0292594813159993,0.498534687007486,-0.298863208917796,-0.0548023687769588,2.44527808056263,-0.446637251414961,-0.00768083290990566,3.53325710818217
-1.2501953514176,1.08320109818795,2.41808697705374,-0.417191723520637,0.106620845386383,-1.87237168369506,-0.161469188585625,0.468742473665554,-0.907279447569569,-0.0625770747408433,-0.0979534555985158,0.844286443512828
-3.69104193094622,3.24896758462345,-4.21799301067909,0.174994728780808,-0.383867018046188,2.25832793808199,0.0111952875094932,-0.00789520224802645,1.17098622821285,-1.50539476979292,0.494277786800393,1.43558837059867
-2.26519267585768,-1.92973394122392,9.09964252017428,-0.436123996193441,0.393015337656151,-3.31171503076948,0.255177598777816,0.141460169527302,-1.82787000771678,1.38976345083929,-0.730087919937828,-3.05523043108844
3.88789895653391,1.80307960490055,-7.86729481897729,-0.90592050621692,-0.155927315585359,2.22595538376625,-0.452414002299299,-1.25561871587285,2.34001662497038,-0.210087717301507,0.168349214682192,3.47448512408857
-1.91000964093625,0.105513819950903,-2.5305527655672,0.271537421919793,-1.38169068908027,1.83075169480478,-0.239175619893867,0.216229160336532,-2.28670287297621,0.784139524181013,0.698388755260381,2.61729178701117
2.17585716943444,-1.64564198897852,5.25698043985055,0.0477757036923618,0.355857235958889,-2.95014946831461,-0.255173655686351,0.435160453154213,0.415409578558985,-0.799151747233736,0.770562999067071,-2.50431412760707
-0.831894833285276,1.3711092650083,7.31200435588481,0.748051881516464,-0.382652220281662,-6.0656587925361,-0.0180782260515661,-0.0452227827846877,-0.417819597170076,0.895029403937181,-0.358175173514019,-2.76036785122938
3.24489577740201,0.620482487591916,3.00311212734408,1.56705684555164,-0.463695465722902,-3.15379620445169,-0.157720180601634,0.393281014963088,-0.146807889822147,-0.78629155750946,-0.802290557085282,-0.429103005020563
-0.715113215736342,-1.08911562894523,-7.0854515340962,0.288101884068063,0.324775407681222,2.03778261170343,-0.152743556887107,-0.228910443909859,1.12393549670085,0.409696545071161,0.553136295545737,2.65160114994138
2.42558957065688,1.07883781499146,-2.40521804552784,0.225991756876457,-0.767723598491216,3.53036849423407,-0.663347979703683,0.149619374887228,0.577467864166655,-0.598811875580235,0.26802499062913,-1.32655463043808
2.17059736355874,-4.30646854993469,-1.6466717807742,0.129835741699361,-0.307609456689299,-1.40385691165652,-0.167056074932542,0.168904515253767,-3.23109995725841,-0.530931236796777,0.457419503342637,1.42494049032282
-1.51656164090593,0.654388474449312,-11.0429189143882,-0.09226681708374,-1.59502678036069,3.8108435726293,0.260465663342189,-0.48031963802409,4.21912757315262,0.393313682151167,-0.0195172200673784,3.18817481254592
-3.79354126790927,2.38801740439607,-6.21807904587783,0.562644798735531,0.612808803054351,1.97328020540358,-0.277180729521779,0.350103086794112,2.1428488085694,0.468644261691232,-0.239610348907313,1.73249679561249
1.86056961962369,0.666566269671043,-4.6679520929861,-0.846483157459603,0.7148287924706,2.37852812292567,-0.119225000304344,-0.0800740799039915,2.74059845388369,0.0694213081366597,0.210520140942356,-0.0644421546450012
0.477375652320559,-0.998160395112661,-3.41809966861716,0.352031541929673,-0.042947528028961,0.460364131568671,-0.073542497688469,1.33736465241216,-1.21903363383057,-0.151472639705579,-0.526974892117002,2.22853916459555
2.0640338883094,-1.31445527668836,-3.00322494319025,-0.0622884195484956,-0.0400093978079949,3.22162230334048,-1.1600664086318,0.0864149207521612,2.37299801729452,-0.0703112940794597,-0.406539464155732,0.419069622400578
2.1598300212698,-0.627744353096794,-4.34295404325843,0.39411572250882,0.371872967429521,2.78479430303002,0.0586654285925793,0.115101745143589,2.54960375548119,-1.14453668162348,0.80438165947247,-0.181612948813371
2.55472775934611,0.145697215204101,2.5375234401268,-0.506920045441734,0.0265162158106393,1.69711900033561,0.114863097594621,0.171835902441109,-0.0542224260316744,-0.342761897139893,1.37826947753054,-1.16055063981791
-2.31861627086104,1.50041563764815,1.65443954507916,1.27331418352022,0.540317539726988,-2.72354512977428,0.796744232745317,-1.94124535194904,-2.22298015134219,0.0463082775579787,0.0212609149244059,1.92885606330484
-0.595757358983801,2.38320801932977,-12.7676804617079,-0.361971739195251,-0.123368692966536,3.0974956080685,0.0147502375779,0.251113040622139,2.66568172985895,-0.387285753325584,-0.0965184104439358,3.61334199986477
-1.66626933775193,0.61711956806324,5.14347542698563,0.285138542631837,-0.017695238708832,-2.8462376397273,-0.321721202516214,-0.0937425919286963,-1.6429455171292,-0.271396973493003,0.496987124685442,-3.14607333739292
1.73528844175405,1.88577526625167,6.62921847038756,-0.0524991350503098,0.0534175633705211,-3.33787698716083,-1.34621252153354,-0.7447662226768,-2.61541976459081,0.261831940298151,-0.0573524715519973,-0.912395188714058
0.422851474282838,0.587768425206929,-6.45348669301022,-0.0523941988654267,-0.557556182701684,0.307941812642325,0.0302360432464416,-0.105572721853353,3.78525254327314,-1.12829951128496,-0.587937613249736,1.79656153234921
2.37264494680552,-1.97083885979208,-4.89232440980343,-0.0600319271023369,-1.10648908332688,4.89868486091699,-0.106361353769535,0.0676725548529241,-2.06751483456152,-1.01425135895231,0.551098560106853,2.88668745467971
-1.24799255458078,0.192440445770485,6.47655509095514,0.0624483306249559,-0.158957345154642,-2.25369976187597,0.222223936913036,0.386986072428013,-2.37274472697858,-0.0618425913988557,-0.343192147067395,-3.44889985690168
-2.4754370855157,-1.10515247038864,6.15104800778692,1.76081603040483,-1.33347994576624,-1.78717278617736,0.673288139601246,0.271803392928072,-3.7317906193254,-0.0496434172544541,0.277280572511416,-0.69377490155836
-1.12339678834873,0.213322684806481,-7.11297446029537,-0.225474781619972,0.00607693186509572,2.87300110265248,0.0402968998715808,-0.0619000608652666,2.4868504588972,2.38184003637956,-0.826197919917913,1.21945233102023
-8.89447236278407,-2.74124794884142,7.51456098043252,-0.0297387627862389,-0.00734994464899515,-3.30616856230215,-0.0330718390125802,0.228297768819943,-1.5819594674993,0.75733433105324,2.51515875504427,-2.54817078020306
-0.959012233144009,-1.40404361147837,0.686840350439782,0.0127355304408553,0.320883681773905,-0.49964410086793,0.0202135171961671,-0.188104102770957,-1.13537990365145,0.478155922689462,-0.243713249942777,0.307286854772542
-1.398968546109,-5.00867439770527,12.4153188121634,0.608341731619543,1.0329250888481,-3.23679022806396,0.487006074878238,-0.598716486287991,-1.87958158936336,-0.166180082408092,0.0391053657556945,-3.34045013660432
0.767907000934784,1.85408184628499,-3.7992897686617,0.100285105643546,-0.127744386634854,0.467864160296522,-0.401840884418191,0.493077188047738,-1.01126365220232,0.857477525556665,-0.126229173066229,1.6037062061034
1.54688707261152,2.43594657287721,-3.78251934099464,0.365328934007479,-1.35613320823111,4.06971220885361,-0.0798208228197669,-0.374535524785636,-0.250550518237863,1.02846606513274,0.379284560705557,1.46694599369009
0.573346587205246,-0.754371887262993,7.71217371342406,-0.230908471575772,0.0956758988161776,0.521183077425232,0.224795751345006,-0.803794807991496,-3.08373833700525,-0.851042922707258,2.02390169442517,-3.41051650581972
1.89219859216334,-2.99579042613501,-0.731301940845301,-0.528118332992952,-0.0546954174746652,2.75706084045042,-0.163588230452414,0.535918455173911,1.45636116782934,-0.793541893936395,2.08404304466518,-2.79373137391391
1.47283367154816,2.74782127032641,8.40560432027176,-0.380690141044558,0.198702448502173,-3.56611721990698,0.227791875448184,0.492063638598495,-0.613095809824468,0.471953623774566,-2.08011462525724,-4.18857125532108
-1.35265236714241,0.573786584480601,-9.17114206557741,0.489932544260961,0.256088882153748,4.28642849564059,-0.287261920224681,-0.189416590210284,2.98141552806818,0.670856807656857,-0.655557890726025,1.22227907911222
-1.26979513220391,-0.973667982686324,6.12649539265092,-0.104925850989554,-0.211832501259984,-0.566148684826666,-0.184887046650161,0.189056905236906,-1.9587083181927,-0.440206062537609,0.860230076591833,-2.52065339576314
-0.259241996352098,4.59550241485248,0.987122094578661,0.24440808944496,0.355885085363748,-0.196564625805247,0.477521368694907,-1.14412813715164,2.72067882175145,0.091802869719007,0.21264386015015,-2.22202209094452
-0.341297158986498,-1.8662438579082,-9.87709415652446,0.197055786795169,0.472618245622966,3.39815326658836,-0.786605591444083,-0.652750829772591,2.10788856087757,1.2948448751128,-0.673842604133817,4.18750606256568
1.01183967566251,-1.78424983739315,-8.37799009843146,-0.232898332703469,-0.0431176668925929,2.71033657350318,-0.589999230776884,0.373948754099691,1.25784137094974,0.459146933723448,1.50680224336538,2.79460603465528
1.33917365560975,0.140738048223333,6.35388088464677,0.370164594921986,0.422015576648264,-2.74781739201505,-0.249022918790234,-0.174276428152856,-0.608846266889979,-0.412963535091437,0.0628199506604146,-4.39827185643477
-2.52387117935454,1.93382741857306,-7.77463521408337,0.734387231345427,0.410201774217869,3.53429623905069,0.171821216764864,-1.20017648887979,3.74412863000832,0.049316505031827,-0.096926852763463,2.84367456481223
-4.89604623528065,1.1421270113202,-8.89036179726745,-0.108979052454234,-0.0510158957237804,0.537718177374872,0.533004262635007,0.589536466072824,4.95434274651425,1.5324884550326,0.398812954757963,1.77339562285479
1.78011635023704,0.702469415270673,-4.81717455039747,-0.281487174511894,-0.502499475722412,0.561266863885603,-0.103098683006542,0.175756255350137,1.5068912257681,-1.9067182380379,0.975906575221696,2.50943608119993
0.479357160044756,1.36982830167575,-7.69355304202223,0.667930486497358,0.513705804161206,1.74879575170962,-0.919670233382728,0.0747833456264853,4.1545801709413,1.19105763302163,-1.31858866465373,2.31769095154123
-1.16283469910605,-0.570353438096265,-2.78851645089466,0.243791061929257,0.478808968684982,2.59410868051005,0.135465657952157,-0.228610468810544,1.45516642396533,0.0566751420278709,0.390335867715399,1.06803916504901
3.92806001332067,-0.90957883780736,0.316504828157766,0.592491487363851,0.288293650882891,-2.44884831591024,0.0382539747739073,0.0966260030317151,0.916736775100231,-0.365044041382253,-1.86435482199589,-2.51364597267739
3.46956310235292,2.97821670884111,6.09992739110113,-0.749857423177322,-0.631446281363366,-4.19244939086997,-0.295780561889501,0.577111970909483,-0.998563635964512,0.33395070048407,0.290813617783177,1.00889409394524
-0.166576373814526,1.78652933074294,10.7562781009918,-0.18500204262447,-0.255534201176487,-4.43730233743408,0.349666950357759,-0.103767170778841,-3.48695939057681,-0.531292776842076,0.107690948725383,-2.93535218395749
-0.241457165459886,-0.809193477513089,-11.4990990294185,-0.126952665795683,-0.237932214656187,2.78146987564622,0.106409108062683,0.110614811995447,3.54752714399779,-0.364480961756157,0.941237361624456,5.11905268214041
-1.40070287109822,1.4070121535274,3.6978580578829,-0.433768580526174,-0.0563713118278242,-3.25666129128526,0.703993154056297,-0.192252979763715,-0.48365966457168,0.131256023471744,-0.0852410697740939,1.09994759942768
0.905185125974079,2.81696839770332,-6.01363777382029,-0.135115408043942,-0.411443112714438,3.22016137801705,0.153104918984785,1.06195837829793,1.44213277848264,1.04426821259261,-1.48280661120527,1.36370327023236
-2.83935322066515,0.836559472731382,-5.24311328392811,-0.206936947414803,0.0148332509132088,3.68453962739692,0.352986869037577,0.247861133574614,-1.16578780610189,1.13051198343863,0.234324818023765,2.32030769124521
0.591887620701268,1.22739124137797,6.67095368686518,0.0101887370920015,-0.0269385051535805,-2.0218303650202,-0.808525899359919,0.307237847738715,-2.97647431897354,-0.146912340573122,-0.503456712704002,-1.44518744436015
2.83386434707616,0.753688432044123,-6.83299095390769,0.028162099931907,-0.197937349674071,1.88948602525393,0.0723385556096557,0.265995040914663,2.848466261833,-1.52530195411894,-0.346509919992548,3.95028475543315
2.66736875972894,0.340615390724382,12.4816965027736,-0.548597524382805,0.452034375273128,-2.34476117241161,-0.0976594686660209,-1.153436515115,-2.92780025515119,0.0831048998880523,0.0607957321471271,-2.60930019003612
0.558589658177142,-2.56835545045736,7.04869212583115,0.47249935464224,0.0187643108096702,-2.53070767186882,-0.426287574131101,0.0979769129481928,-3.05516974210614,0.347873007733314,-0.604869083715737,0.442511410460731
1.06221649195417,-0.784800742170855,11.0925874357201,1.25627342644093,0.983285715805243,-4.26688255783367,-0.0193253405262994,0.988008211333739,-3.32337595592235,0.587139954586982,-0.128971889107056,-3.31408942212627
-2.58106488097207,3.21266855081252,-6.2455473336399,0.00998360672636615,0.25523068407319,-0.644159339325797,0.286288675227657,-0.446778213554543,4.56767508677046,2.05023966419045,-1.46316201147476,2.16517638469004
-1.67440176523636,2.50906648551819,7.43522223914918,1.85894873080241,0.119176549869356,-2.14832959973337,-0.482309442986109,-0.797809190881061,-0.315263881630233,-0.288770798823986,0.120703781731975,-3.93730357547603
-0.283136329984253,-1.15398070205868,-10.4397277893775,0.563700874155539,-0.380154420002606,3.7564029161564,-0.132702283253645,-0.264892339853714,3.88892174257375,-1.10238960441109,1.7208267572096,2.2992023566762
-1.23741781208751,-0.464429243594368,-2.32076368563686,-1.02233539226887,-0.0384145846910648,2.02532075207739,0.201869114427697,-0.286309260630462,2.10510329685263,-0.0496892928585176,-0.396749328722104,-0.480021705024761
-1.59742390044441,-0.172254567369503,4.75651789370762,-0.13075556290293,-0.0340944001109338,-0.483635444437677,0.215187984855104,-0.295776691346795,-1.46933444589256,0.826301779916149,0.853065201545958,-2.97096970726673
0.912696531206958,-0.0916214718486699,-6.46489852247566,-1.46442995833487,-0.129253813719679,2.67262936533653,-0.0753010626552983,-0.765682012988556,1.04434220763867,1.37003451012335,-1.3866330692933,2.21201671573882
-3.40231078965933,0.0133585473931359,-4.50383502573488,-1.43606698818571,0.209013034567995,2.42717075214996,-0.15841564462794,0.206036815617672,3.63361297254293,-0.450700524895982,-0.965496251549759,2.62890205262852
-2.65189667135766,-0.596087351181942,-8.65956613216358,0.168911093928762,0.138782624800164,2.93240576913525,-0.784494608902626,0.426520691501631,3.24278522664557,0.0683664872759218,-0.0952048211964573,3.68716597477724
-3.2174839478014,-0.903110395540737,-4.23070257136867,0.105653412915308,0.779989705424713,-0.217424907169884,-0.13742496700269,-0.0610858592393291,3.18658687366054,1.56571844159983,0.396180244966987,3.39684682451995
-1.11851441075906,0.0158431290622301,7.82440819032226,0.523879141966105,-0.859120510776339,-2.09115172868349,0.0129774736773881,-0.0831974210024515,-1.67263880678499,0.0566015153565335,0.18127074530218,-2.73834504761577
2.51376798261429,1.32891637537275,6.59915475387808,-0.318350980081927,0.442169607542398,-2.2959687071167,0.264761695762769,0.0414125594705367,-2.89543433916177,0.00922045459996435,0.0981925973674369,-1.95938198167479
2.92895146236596,-0.305797488037982,5.04837004143698,-0.401416237631003,0.7123523064862,-2.09634877431768,-0.255776829398382,-0.459242978854696,-1.38168293714196,-1.33068049136313,0.922300739922876,-0.626780064919202
-0.219683023332248,0.0153355803488084,-9.81434803938098,0.00510325453038883,-0.426707287423088,3.48100194696776,-0.0933254169302885,-0.00203794612513636,2.63350364746325,0.00786792307926918,0.371072437517649,3.6448082163947
-0.491509455116729,2.80507641479668,-7.19744392627203,2.23451888742519,0.0827678269785563,3.41000079654509,-0.170500494185709,-0.458385686120954,-0.51496342992713,-0.805810115568621,-0.332774438285902,4.80549934648514
-2.38973593717362,0.658461390827904,8.43331026303347,1.44823720640033,0.78451683196926,-3.44062808231016,-0.189635816653289,0.767067139318921,0.0545367605010615,-1.10761512121044,-0.0172221569804363,-3.54235441076922
2.71493263028108,0.220311476893921,3.14329668761257,0.235872695123641,0.445616546069217,-1.16749704913092,-0.890778595296269,-0.325799415933058,0.0247183839436467,0.028698105590115,0.216834009928561,-0.79127239458094
1.98046534797977,0.498268842137945,2.64663689388024,0.00163641468520478,-0.276476788064998,-2.95174558925576,0.378805248551894,0.174708554807323,-0.721340689216772,-0.466455465106342,-0.511658417606405,0.518696987478558
1.38405817103775,1.44175800836292,5.96947010910269,0.120066970395543,-0.375373228243071,-3.15803191160136,-0.454492456039221,0.308842941895669,-2.2192719195693,-0.256689935928335,-0.86850650963837,-1.76329844586513
-0.72228649693195,-1.14428603096527,4.06233065101757,0.149884026974653,-0.0591957432885353,-1.32143962087736,-0.0688084334273198,0.502597674975379,-3.07376045282389,-0.782303176041877,-0.577082269471531,-1.8416857261266
-0.265927913811494,-1.43476463061472,-7.88315986657182,-0.237299473269389,0.140224365978616,2.31407474242314,-0.270737317635922,-0.5595954131377,2.54184632585881,-0.0833572178951553,1.07148496456071,1.84664660341484
0.015034195081902,1.95024944860663,7.98734557409644,0.0239778637494411,-0.56499241864415,-2.65453199573789,-0.18447671747024,-0.0770508309935335,-3.7585451352743,-0.120798614013909,0.8397225303888,-1.40065442468648
4.88078006897922,3.1229112201525,0.865017413283683,-2.22396305591426,-1.5807834118912,1.78058963724537,0.0465540926314644,0.158955255698486,-1.02164569097216,-0.389504667014328,-0.218267759623451,-2.43179501283718
1.69503934383924,1.08406809730691,11.3698095771005,-0.429200206279412,-0.428506582786761,-4.38437992679109,-0.188464207216786,-0.601078785656205,-3.13029087369922,0.266003336892144,0.817081844816442,-3.30016936929268
-2.82177491921283,-3.74154789228584,-10.5799925004266,0.152142478011739,0.120646901751201,2.04392338433607,-0.0863782062756015,1.60903647845867,4.69776196518002,0.278997004515949,-0.461950080284527,1.06753444823335
1.74536874453002,2.05905899650639,-2.62521173667142,-0.272565045256062,2.41466114519125,1.26214547299625,-0.287086638698679,-0.332494546446681,0.108063814196333,-0.898856274569882,-0.271778388679302,1.38554117519557
2.67612916964216,0.414968472498471,10.5387122486815,-1.63629529801718,0.174689085633663,-3.98674718056847,0.0626420767816902,-0.169076185510589,-3.38687363933979,-0.159634043492169,0.136051904506773,-2.37555314018003
-1.22075071164542,2.968915800288,6.57476891221409,-0.00328079947715875,-0.129715907543713,1.52455158311394,-1.81313194919864,0.138105149696587,-2.87367556342615,0.769719295623193,-2.82169595497685,-4.0793064457964
0.608164755548998,-0.54140862857228,3.01748332689302,-0.0896363204263821,-0.241942736914665,-2.65828169023481,-0.213002855299994,0.368018733826101,0.629983765020165,0.0564496982348316,-0.0195724215778832,-1.46000453509045
-0.248560405463271,0.354037956604364,4.88509925335005,0.155244801855706,0.100914656861479,-0.110741675401466,-0.293341046932715,2.90914875157096,-3.56437125381248,-1.23834556281482,-2.08820950205124,-2.62566164540186
1.46907113378199,-0.564600561049331,-1.47680936155444,0.381791129820499,-0.628630655376343,3.75381920118522,-0.147264714412636,0.168526895474802,-2.3420837256997,-1.17272866782296,3.00075541653911,1.28044084495237
0.905701111794433,2.43660984215711,4.7785220212742,0.717448358685735,0.0476769134845213,-4.55120727004649,-0.154757738814894,-0.127527257184687,2.10905998386047,-0.794310622986452,-0.810190701816143,-2.67969533981357
-1.41307906463404,-0.0633086715962159,3.27098981924912,-0.419860330339667,-0.0478455019872283,0.0834962289400714,0.25996746076564,0.655837785473611,-0.366305359187882,1.12091622660573,0.472580114289344,-3.41574309217514
-4.73989134056342,1.27189311571433,-7.24411786681085,-0.346805104692715,0.168386504266689,2.61235835763447,0.323802716377417,0.15853780513797,1.6332997381645,1.7401152808327,-0.353025817549063,2.40018784395183
1.68605575697792,2.91806177395763,-4.62270422861299,-0.237174711343136,-0.0724424599960808,3.00352275930351,-0.307454101935631,-0.131858832952656,-2.08876783349375,-1.29785459945853,-1.13709343036873,2.77973203394801
-2.31544434017634,3.35500323151646,5.12842136166367,0.126613033386251,-0.345524080694526,0.485315049536462,-0.0926861766331365,-0.0269576093032274,-4.26949844436562,-0.840646388289207,-0.71004193800115,-2.44607329349098
-2.64483946554395,-1.07631600442899,-5.5340399492599,-0.314462995071353,0.0246331354630016,-1.21658588335079,0.0801751986856215,0.257024165318488,2.70749372338187,1.08548231486354,-1.67866020170841,2.69800587800733
1.60097540658656,-1.877811926917,6.41713417244947,-0.3520201610016,1.54094956527963,-0.591880666126402,0.0920809004835424,-0.220105838843313,-3.03749793209661,0.0610188819707911,0.351279051394358,-2.77081264967395
4.71908393152639,4.41670161237772,5.7747283708666,-0.580055427892005,-0.508003181779577,-3.37154718016679,0.0500620457527463,0.0426915997504377,1.05023206014168,0.124374492212062,-0.033629777693572,-0.384853062612462
-2.80731028832981,0.687791886819575,-6.92080486544882,-0.480062016539557,-0.226409123714546,1.596997334481,0.586566875425947,-0.321748974794931,2.1921782370056,-1.23551179110558,0.968015485383393,2.72729684577541
1.09887523916065,-2.3154842256791,-6.58454118260412,0.0514556566679035,-0.575088652443205,1.91867474288449,-0.461596426181594,0.0111051224000598,1.49272125233787,-0.73896626020287,1.67439087553332,2.64983385434437
0.224995418758503,-1.6460006333615,-2.6930192940731,-2.28328912433838,0.493931617957546,2.14730656202488,-0.561332312076821,-0.507896083922668,-1.99992999380506,1.14970747320903,0.909691472540387,0.21583117629017
-2.91951233466431,-0.901027607837553,-8.25732530598369,-0.405539171573158,-0.179327447818976,1.15646752169989,1.26209467371594,-0.0901113318315665,3.09035018789245,0.211927234980471,0.311502985393815,3.13936596590655
-0.712406995884887,0.232203526128492,-10.2079261318419,-0.471695801426034,0.192096274542651,3.8618568651103,-0.785835276271356,0.104457815717941,4.89624839428321,0.259567735532022,-0.320618875086987,2.96884974427312
1.86915745502711,1.71364049910192,8.40775871389574,-0.455157835391888,0.0064474884154947,-2.23858429275946,0.314119242566339,-0.435230480137356,-2.64632175771918,-1.58712813931929,-0.571382298214997,-3.61875722951482
-2.77503669343825,0.716709699130268,-12.3965771914647,-0.704626184391801,0.903896992885705,3.49140405229982,0.932305366425035,-0.17630080195627,3.15250536902394,0.81696841750455,-0.945527194244194,3.93600306493095
-1.39407647640297,1.05602425579306,-11.7100069063213,-0.416322282754448,-0.31146887497985,3.42152371570687,0.671693212504616,-0.277964834957915,2.80870837115313,1.4100726610573,-1.18285321358423,4.06905153693574
-5.66724285563707,-3.69269233849886,2.35017860474485,-0.373291409414482,0.283107099875881,0.737872307432731,-0.0305466076020113,-0.372134040279855,-2.92115423112827,1.05022454770247,-1.00901315373302,-0.916517930599892
0.0436001397308068,-1.57045764397684,7.04364847544275,-0.480641675817757,-0.737535789809171,-2.39263620500033,0.122944580801998,1.06156886610973,-3.69265122244144,-0.092152487441901,-0.285020637858655,-1.66641193751014
0.115496956731716,1.19411386172536,-2.39264180463701,-0.172315924525527,0.370995321723487,1.41916684164992,0.698307371420851,0.258676861457884,0.253118430649434,0.0838760036227058,-0.605524794639406,0.519876215255526
-0.452382261722117,1.60534707010366,2.34641040752882,-0.194054101555412,0.391916206307553,-0.176499336959009,-0.418480689963651,-0.579430580030919,-0.546179461607041,-0.0616728156724087,-0.131338259482776,-1.97245635361438
-1.53954362552872,-0.867108905371869,7.72282474805688,0.00416782691540835,0.469135292129621,-2.13003699252151,0.716677202655223,0.0948176987854515,-1.04966721068135,0.493427198991743,-0.148669748460869,-3.21109719209947
2.77989481485452,-0.554684046492071,5.63049603955883,0.541901042829022,-0.00547845174474242,-2.69188699353602,-0.251884311014737,0.0130897054108974,-2.7850484403303,-0.7029958970079,0.351785848614322,0.672820268844708
0.912745009595515,-2.63144643981925,-10.1013160066483,1.06375815307109,0.676163836543905,5.16798715638887,0.051000231859175,0.588308129937814,3.59739337538903,0.106176723829793,-0.600644812710674,3.02019167152344
-1.92228571528671,-0.306745852402278,7.797872132793,0.416869853656479,0.0304604957910084,-3.01580131797333,0.221511874705701,-0.878198057136593,-2.85079738042984,-0.288740938510514,-0.385212540010358,-1.25561626516231
-0.736892721070417,1.66285867568662,-4.83343931160407,2.32173383141762,-0.0240746670594492,1.9889982576744,0.108368157793375,-1.1718015745667,2.42231148097806,0.482951836285297,-0.245047884554152,1.46031404099586
1.07063360940809,-5.09388515386498,1.48491163690442,-0.0146682266777656,0.0170161780140827,-3.78396899564881,0.00318729403481562,-0.033569909964859,-0.772021056727386,0.815791437933991,-1.95413333260527,-0.505787810872033
-0.875702380735146,-0.841167231747221,-5.802377848599,-0.106310518390454,-0.257804057739646,0.753628466485557,-0.620609420289574,-0.323799331682197,3.35306203986495,-1.0903022421763,0.829630870209753,2.13857701384306
1.30491335639197,0.234415833654465,1.82112876979281,-0.118477546979154,0.0725585603211786,-0.590649841583859,-0.79662914176856,0.932349432323194,-0.165522712801553,-0.161219331584852,-0.624952669900103,0.068428708441626
2.44074037361139,-2.25918582621436,7.58683196859823,-0.0155443721418757,-0.0308345202358074,-1.11265600631019,0.398579419296175,-0.29568838716837,-1.86122432996316,-2.45130942314415,1.66525995874968,-2.99065497517876
0.514436048634088,0.202780931833961,6.26245259425002,-0.956288299274572,0.781687056473269,-3.17156011653963,-0.00839455583774216,0.33194410739613,-0.536514340117737,1.1965080844911,0.0382162054224066,-2.26100301283388
1.55501249045128,-0.163797107468162,-6.86464460680868,0.0424475457697642,-0.11265876731356,2.48198121572253,0.288299458149646,-1.06543833745752,1.1211012829051,-1.31820382471006,0.291065773663927,3.12334940273798
0.0149891565212706,0.308181509449201,-3.97773042858185,0.165761849911567,-0.161064175768635,-0.224080830798536,0.488403426520307,0.261887813179675,0.664101556586799,-0.283579053518757,0.275416904699744,2.41863967408991
0.380263810726751,3.21686095966163,-10.7112226838967,0.613510504106804,0.728308312551362,4.05619311540105,0.427331418931012,0.450009427208098,2.67752788343767,0.976625749420687,-1.76043821251033,3.29540835669764
-1.1538664548242,-5.06470398148558,6.2613533685194,0.636381603762607,0.139171888532397,-2.88871908038958,-0.141416957440957,0.759266854962589,-1.44756583078333,-0.415449951670992,-0.537950786042785,-2.23445805403979
0.41619851398869,0.0134740398161653,-6.40409220593219,-0.0762057084770821,0.0773798111224465,2.16849151334765,0.125088106375623,-1.17809563460761,2.19648933699762,-0.636990427562342,0.962655238178986,-0.210869967956856
-0.0786879962570369,2.29211628898931,-3.80911959654744,0.702081905810762,-0.169011564100752,1.53187258438996,-0.201580622191322,-0.117221662176998,-1.36821705016037,0.184287751156562,-0.0347597916599853,3.69079261952005
3.47703090669684,0.53883675025888,-5.68846997916175,-0.014758312816652,-0.152460205375135,2.53360878181075,-0.117904391807718,-0.231112158513131,0.678853995677293,0.0622917111054991,0.0219214252755734,1.56321203901105
-1.86113883810228,-0.0762514788324567,-3.5425778359269,0.427042716758626,-0.00958980816870709,2.66124208168093,-0.765303897932674,-0.220840192736299,1.59094187475575,0.222859245416963,0.387602126104785,-0.171075358213051
2.2844313225993,1.37793287952803,0.714728937040927,-0.0118919053274469,0.69742595538129,-0.544402829426698,-0.0779776924345076,0.324961914226942,0.914546329579708,-0.636518332548803,-0.270102739347152,-2.68810203275793
-3.64928744220502,-1.7349797881879,-10.0797145696015,0.0177373410226074,-0.401733001425687,3.34936272084662,1.15038731480588,1.31233512578924,2.43179980256788,0.527003930610415,-0.257176657496459,2.62115794631615
0.678871547921376,2.09084886227173,4.11188175765975,-0.140985844774401,0.0310065438894015,-1.53713751780943,0.305970038572746,-0.922552821759203,-0.479830901853263,-0.689269498694125,0.0537161150889717,-2.67353302211972
-1.89318220585516,1.51328600806821,7.56235892158021,0.0237015899019001,-0.119850685229717,-0.859558161802737,-0.290697191545213,-0.557750822442674,-3.38493697476906,1.16622067061622,-1.54494195469219,-4.00447887936746
-1.00525476507554,0.139708112574195,-5.724807759963,0.513373916909231,-0.11394813723717,5.1961494648362,-0.109865423838503,0.0807512899612787,-0.501126090525961,1.01497266966989,0.575426751480421,3.00147717755458
-0.0349489684631031,-0.191173970473591,-1.81299706380662,0.115047594315068,-0.21338655709402,0.627650893668343,-0.401217491821252,-0.292429557309934,0.170617614277534,0.376275390434111,0.306971336799926,-1.11862768920998
-2.16312204630038,-3.34987158437462,7.69457512426591,-0.565062401724351,2.018412850376,-3.46154049632073,0.199068658864528,0.0904014259388265,-2.14411910108138,1.49874007256679,-2.40921912599896,-3.20220744410328
2.32134500457263,-5.13341259022536,5.26275476509593,-0.224656024851011,-0.0790880487351872,2.56491234044193,-0.846175391734442,1.64001605641729,-3.68177431813774,0.404795790921534,0.808798874090416,-2.80453417747127
-0.803232202015909,-2.36754421405194,9.88469759938599,-0.185063554316196,0.565412914484681,-2.49306923008597,0.472784590838837,0.107170517647604,-2.62028215100387,-0.610880161324151,0.00197127485056036,-3.17780887157829
-1.64060445321682,-2.13242367482353,5.06410856893445,-0.484420041520507,0.847732930446516,-4.17366732539825,0.897413213451544,1.03715553220907,-1.33416448085143,0.549236835314186,0.205824345210529,-0.763262067478003
0.896097414304189,-2.13372346979707,-9.71448705741063,0.0449129828510691,0.456601887664912,1.57600181842585,-0.199657368684683,0.377865068206601,2.69663341269939,1.18382506184794,1.1738284780788,3.99750546316457
-0.260099704238293,-2.09020236983664,-7.74289184975493,0.426686777141307,0.757457489476276,3.36773198949586,0.018148196564386,0.153418361449849,2.36637599337979,-0.189349784847632,0.79148514751698,3.16253475240224
-0.251949530936733,-2.03818370723583,5.04514464798738,0.04487457084777,-0.0253378936763384,-2.18886448151898,-0.0269191075395475,0.431461338088933,1.00765445247278,-0.683230968645929,0.914832197784824,-4.24349430446651
3.04200016889585,0.344196632234925,-5.63998250118298,0.115983683589394,-0.257788715300344,0.568828528602686,-1.78957322902253,0.858076639089978,3.40501870303798,0.260508640014152,-0.14013205933126,1.71290322016979
-1.09483043112354,-0.353236798669413,-5.20262454761194,-0.0874639896055025,0.511035493381272,1.66588527082296,0.304897460874845,-0.690098048783573,0.533319033817182,1.58330496961308,0.839959467934468,3.08956175666529
-0.55656766478026,-1.31135322677979,-5.50959812924584,-0.184525128932397,0.0518171128054119,2.1664826929198,0.398801893941421,-0.037831270143028,1.91215868922057,-0.0227526960355469,0.950957865465515,0.317660128971118
2.51749482479311,-1.48139493501136,-4.47380592198117,-1.84403066308997,0.975261864988813,4.08549138395481,0.174333349760814,-0.0696494444261252,-2.31564670290927,-0.0439195486977653,0.615883650584647,3.32680117186756
0.629482622410927,-0.620270841061617,-4.83190986373937,-0.25600152204508,0.460160097612153,2.98280006790958,0.00254496694000675,0.0392552611191596,2.63454327716306,-0.88167093050196,-0.739797124944167,2.60070340670943
-0.482625228146186,-0.783281468411402,6.9638281038228,0.169962188966557,-1.04600397177064,-1.20902937156329,-0.333559658864299,0.298140960553404,-2.88645110791851,0.391451099448686,-0.378588248998908,-3.61758027361142
-2.76874613416221,1.90786910577823,9.75475083634607,0.513551703517831,1.52128603892717,-4.08231752930174,-0.0492733515723195,-0.152911398093185,-2.96031972991046,-0.224630236464091,-0.597253729004319,-2.48216041195214
0.508085889486258,1.91516702616717,-4.91803615652352,0.400607531390534,-0.166480964321482,0.344734715447887,-0.291746969728012,-0.101893131452867,-0.537920014043382,0.186917977726375,-0.684274132737848,4.15850254332766
-0.267132422703989,2.6919453419842,8.80106493113762,-0.103422620481694,0.294519921082848,-2.86316358500501,-0.688797628409074,-0.0166959268518315,-1.29956014129424,0.170912206076475,0.0291260548478762,-3.31763945166497
-0.887357314368307,-1.11900474867136,-9.40369440181905,-0.129229081972165,1.29403276735827,3.09863140883231,0.254948967778402,-0.921831140708968,1.20702955494858,0.59469440165748,-0.490192605680734,4.93139716661331
1.65068780253874,1.00161775695035,-6.56817897722904,0.136221620337635,0.185230314847622,-1.42044654413426,-0.149097639944005,0.0655715422871829,2.64157285883221,-0.887785830320854,0.0391883406211948,3.11307720116748
-1.36399003509039,2.28281036941118,-8.56083194474023,-0.153735137528476,-1.10756859711484,3.943438612412,0.535149621846635,0.171765951039451,2.42059326209718,-0.233968519061272,-0.556719360543384,2.19506772752183
2.73473612592024,-5.45050011675211,-9.72109405605275,0.0332487384173468,0.175604641035836,3.23128897573968,0.0986927152028238,-0.245845505730969,-0.190675194843976,-2.3877429108322,0.935839317173695,1.11153310438631
6.98647614602704,-2.76078405166319,-7.5483882379951,-0.716531836395534,0.0166104274628998,2.51326303485911,0.167812046633545,-0.308252300308446,0.617279230890081,-2.05931193449099,1.46193490158393,4.88148981903458
-5.259351360727,-2.4687968734775,4.69871558154791,0.0266525382802455,-0.0759085826743984,-1.65901553949666,1.25580228932468,0.84872622099956,-0.709631403532827,0.667811209472304,0.855608067087331,-2.63663917663369
-2.29021461300996,0.0340863678698974,-2.66883255307936,-0.447271295567803,0.0657216245987294,0.921033091612509,0.498921123418642,0.606014582168641,1.26692787653247,0.0116006493975978,0.213462415773136,-3.28774745298517
2.10147375302024,3.1499036306451,0.952973851428815,0.407285166016707,-0.171260927332783,2.88689224425548,0.0312305559794141,0.403661760684958,-2.43231243275842,0.367039936934867,-0.184922295707441,-3.43199333315134
-3.82756987166009,1.16367506196337,-1.90785999593943,2.05770457701315,-0.958904281054327,1.44753240816741,0.159373697222994,0.192544313185844,0.909981894083004,-0.171195041448479,0.387114039185829,1.40004911209578
2.1461221606593,-0.0164886307796317,4.06476552855389,0.366169176616335,0.0751221055200344,-0.118176131703937,-0.175823078461844,1.37049246853672,-3.99619605437793,-0.249806110511218,-0.0985499327773876,-1.19068049234434
-1.50653167125756,0.160844426757716,1.15020633359317,0.0372477675906953,0.641531309748312,-0.457474387468394,0.365282921775856,0.779311764131399,-0.771316163667554,0.477291427592409,-0.380199427704629,-0.871525982226737
-0.87903149024611,-0.879160026618265,-1.59765756204729,0.262520900954771,0.201715274576217,1.93018089521006,-0.195813696673759,0.09521603507194,0.741661558005755,-0.839129403464296,-0.503814131111373,1.71099229744968
1.57094331194398,-2.32212161615438,7.6576083868065,0.0862794416080511,0.892840327897273,-2.77655578743282,0.238442164378078,0.701730580989192,-1.27264131495745,-0.361893176375254,-0.196192130911211,-3.80830820909598
3.85892350018289,4.08220220632001,4.78920376394816,-0.137760746135878,-0.0332004419863711,0.134043912033828,0.117328549465328,-0.309292857486929,-0.819022184518708,-1.88838951232593,0.0245692967239574,-1.52790250967322
-4.11280574381681,-0.513186589903982,0.128078203303388,1.54712868137009,-0.283786836831606,0.379175520324292,0.47989878404051,0.205955221932839,-0.170111934424611,0.756676053360965,-0.1355740291,-1.60365200947568
2.5958810428777,-2.40393073951876,-2.17504722366591,-0.486336331425415,0.184046268672079,-1.7595392223129,-0.653686863666292,0.0375589373287942,0.523609109296726,-0.226591240582036,0.108637621617649,2.04626801876335
-0.819287267649864,0.666010845943652,-4.82121675083895,1.34831286124316,-1.12783050536561,0.984561136442053,-0.385525063463248,-0.252153842802621,2.29895891994956,0.427110739512917,0.935849523497333,2.21335948252019
0.561938866893988,-0.440209136519379,-0.34585781179125,0.169105720510521,-0.0591559285910529,-1.09581610077591,0.422308191367619,0.367975949871812,2.42582333038372,0.78893074311762,-0.520148471043851,-0.970844543463118
-3.67581758093653,1.6329270714301,5.97152806624348,0.520483041487093,-1.20751064593627,-2.94914697229998,-0.159822680850351,-0.23685722578181,0.807665207703302,0.415472906887666,0.194251912394665,-4.11892347098771
1.35586307970847,1.90683799754378,-2.17782440198304,-0.493436303758472,0.289817115002823,2.79326778326937,-0.344210277232748,-0.593084796483265,2.22891954664472,0.354958581629236,-0.136614693888195,-0.294785865996509
2.36659379873478,1.85236999930648,4.39057887166211,0.21668192652945,-0.872845241262023,-1.82229836317828,0.117223644342149,0.357599953359244,-2.84737796914159,0.66713938596224,-1.38711768295693,-0.332923352506475
-1.44597605459722,3.0201613717454,1.28808307938415,0.301734213084927,0.197156555899304,-2.30088203761984,-0.204587693206321,0.0741656154804516,0.499995611005503,0.268047676739479,-0.828065630037119,0.0483849450826938
-0.969884677553395,-4.45814955977132,9.64520360682679,0.400778504911734,-0.91864770797755,-0.991434221187788,0.767062924663938,-0.198931138439653,-3.23604920503714,-0.952841762191643,2.00730964142662,-5.096649409954
-2.25999352121527,3.75407423903357,-9.46305613943126,0.342012122638692,-1.07847129837556,4.31922727917372,0.208792507206785,0.285161767403484,2.96054425767066,-0.546541277054575,-1.70035330109796,1.65485934643156
0.645941029934521,-2.8705091522767,-6.49057088341499,1.22166550553679,0.463178517745894,2.26373243602122,0.355333160408827,-0.131692545601291,0.799354693579846,0.683031949142575,-0.683651836901225,4.08403960878593
1.13399904163931,1.76817513583132,-6.516387222315,-0.130768475799236,-0.414663699711729,0.552548241295179,-0.104188140230539,-0.518039715070084,2.43888321739275,0.214137017402952,1.45854780210579,1.58515217280112
-1.40540627972549,-0.317424508189668,4.52593579158342,0.596704673018465,0.53842335339979,-0.763275626162902,0.0762808691122244,-1.06413787548097,-2.65094889048692,-0.0677388022477492,0.180801075465919,0.709996541828626
-0.861633144312178,-1.37458824100538,11.1174733034929,1.15941019064951,0.646881850376602,-3.95084533305692,0.125341960518757,-0.442785619361786,-4.0548739653659,0.06926395653355,-0.0127534654501434,-2.81181199008303
-0.286838368537706,-0.482078453171487,6.4518961286105,-0.501540136313099,0.698637152022985,-2.87004917947966,0.138473216285965,0.0799099801618753,-3.64883306872997,0.0779029714455963,-0.0940709603154087,-0.395181298415508
0.499630440581491,-3.26900198820411,-5.06876615755672,0.0524340928262654,0.32072044527673,3.11463885409652,0.01253552345733,-0.165509062264023,0.485468206191441,0.228041462421981,-0.880418361155335,3.18052980216417
-0.843582822411095,-2.25528362975472,4.74785532881216,-0.170055129494171,-0.982747894940632,-1.02375697665596,0.326781091375314,0.24843719865311,-1.15223257545082,-2.18171719560392,1.24214657196919,-2.22183914000316
-2.08927973212024,0.350527666187979,-3.97985443734208,1.35729097283042,-1.0064699732596,1.69581017495434,0.404198397748652,-0.276046721850191,2.60540826608364,-0.876085215611096,1.31001698888346,0.137564229151724
0.855766927917049,1.22149460279583,4.79583400457704,-0.800521811237568,0.283622110229374,-1.94103527795741,-0.424098180179266,-0.214768497577854,-0.626486783751855,-0.488367458724914,-1.40587803328839,-2.96441599097166
2.501168197334,2.55810996044681,11.9991419479117,-2.39544609376916,-1.11819033234932,-5.67350223298847,0.00478262641663263,-0.144843667173906,-3.31337061850142,-0.250375737138205,-0.315065850828894,-1.92376128242147
-0.386644901382108,0.194856271316052,-5.08076086906699,0.716648072227659,0.715380701857544,2.83695645920775,-1.01202381759579,0.489090932867161,1.3592081585604,-0.254236773385875,-1.07366308431262,0.168473372256059
-1.86063047311332,0.686388753693943,6.76218136576926,0.142515519574827,-0.0905629815750884,0.0294428921971749,0.372769085717711,0.29180873740593,-2.31380123953904,-0.0977234305079473,1.49906750825501,-4.83613361595977
2.60285007765247,-0.365494235847172,6.32568174822876,0.0912490061901009,0.815229382348948,-3.64573728942727,-1.20876253105976,-0.360995061122169,-2.00417203898319,0.0709195121492859,0.220296142280902,-3.42003225527049
0.81526476612951,-0.538846073806731,7.36224434784555,0.0041012641556911,0.0157005198486132,-3.75591277017589,0.171571752239429,-0.463164363927253,-0.811369642578593,0.017810711436552,0.337393687324448,-2.00148341832383
-2.6019341327238,-0.760652063163356,9.17219887669182,0.212687699142548,1.2141102268522,-4.20453724528919,-0.283052763297203,0.130693283320489,-0.323741186609635,2.11584611449578,-0.838704715576273,-3.84019652698449
-0.679740865947174,1.96615823959811,-4.8107836210552,-0.265245691573345,-0.143786167553656,3.38932001994914,0.128438828238307,0.343162817107498,0.459149827465373,0.422230635083048,-1.32979463207752,1.41792428562673
2.85297080365524,0.869624572348873,-4.35550497079314,-1.12715155813418,0.0861276437483031,1.80091047614335,-0.0113196696067494,0.0157224724220787,3.46022151911448,-0.0607587973218605,-0.0374594367656932,-1.07264385156023
-3.21747597074096,-1.07303965503468,3.69641744632439,0.258670394200633,0.459900489636727,-3.08339118793862,-0.636100799004045,-0.581363454903377,-2.04722235998693,2.01385153001302,0.815683994597609,-1.63919707791774
-0.829364716162644,2.21129560275453,-0.188481555170525,-0.319297316046474,-0.116169679167102,1.82380168610976,-0.128939198206702,0.520572253123743,-0.554210456910203,-0.0414732556903631,0.0399255366660483,2.5449359685752
-0.049079495080933,0.133606641473213,3.54340931182683,-0.321209656093673,-0.689362310621177,-2.02171435472328,-0.890082583124641,0.376456110319187,0.952595689383949,0.461581145039755,0.320363890120509,-2.59320717004996
-0.54674275877833,-0.601104562328312,4.9077151386295,0.374011084870165,0.242752016435179,-2.38455183920794,-0.156919650487096,-0.269822136958234,-2.69419334833033,0.367897422686864,0.663388187798449,-0.896168455651641
1.14431891597872,1.20199793612938,-7.93186485510657,-0.623610806861306,-1.04699698030063,2.41898350140779,0.132759039840496,0.287070373059913,2.41017452651252,-0.103974498358911,0.17149304225814,2.95556218796175
-1.19493331057564,0.915184640981411,6.98343530745642,-0.198366396175514,0.39184649664061,-3.64050493536025,0.380290701076559,-0.494902948139074,-1.54728223216775,0.20716271283246,0.0946660955343616,-2.0135041912313
3.08734901411055,2.71486530518062,-1.1885773636981,-0.0694009485795723,-0.172664455767947,0.302374414845616,-0.57065901145994,0.279391214278969,1.66705151896954,0.282618358720639,0.0620559202839504,-1.25065860540392
-1.0128488136995,-5.55446457289893,-7.09841831067892,-0.469274267405706,-0.113874157969532,-0.344907091079803,0.563196595491716,-0.204651047619553,-0.381734699704336,-1.39524049905896,-0.107034186517723,6.58325531064551
1.54864250813578,-0.637510657187711,6.86725254939434,-1.03314328241476,-0.092539638168763,-4.00280855525465,-0.353950579642462,0.459568099362624,-3.42836886437115,-0.342122534560791,0.190833974849688,-1.13583384913936
-0.105373604320355,1.17259438321473,4.76604860130475,0.209862542724186,-0.123260551045352,-1.25040330325191,-0.161641134499469,0.095905622585401,-3.63922886432079,0.0848091855850637,-0.216683451691713,-0.708353412845507
3.56866894640449,-2.09536281177179,-10.6163651505377,-0.00710579988961846,0.67227539516546,3.27145801114337,0.0962708253023448,-0.433948566933151,2.12398080503833,-1.99496927436196,-0.540737613244154,3.29409348518209
-1.08917694913552,1.6534666441246,-0.775104547931535,-0.360036181052335,0.261042508773751,-1.77756426625577,0.36968710181856,-0.502999997220362,-1.97157091197462,2.01081079497265,0.791100167616263,5.19574069335946
1.54441112044318,1.51398803000338,5.44957529446252,-0.692704692075482,-0.202145618314351,-0.939810309070516,0.255653918518816,-1.14237084687277,-0.645939057661005,-0.0670192950887915,-0.311311321942933,-2.70125415367659
0.678872677344269,-0.289550728014024,4.85405417483837,-0.810174622889492,-0.633983318935417,-1.71063174499857,0.177843115532806,-0.0502735419668603,-0.0970374597990652,-0.199672565598808,0.188214185460703,-3.09640915318903
0.578414395291153,1.10205052255466,10.9280050189511,0.67479534273372,-1.10866164448273,-3.76391644336202,-0.0740032152629282,0.508330644178604,-0.227676218965067,0.276299327707329,1.08630214141411,-1.63512864012863
0.376053614841092,-1.20013733454966,5.77002451619181,0.120090981258327,0.202530588578779,-2.85200623300844,-0.570711568752892,0.0292470761875908,-1.00563350457381,0.224408611401518,-0.0590818755349323,-1.14428516631114
-1.88094579541856,0.604670131446252,2.79485534873864,0.0432170981603723,-0.294985555070173,1.05578814486131,1.02035199605754,0.206125799588409,-0.918175686100195,0.366480346165151,0.185534042245789,-2.69057038300759
-2.02199054171194,-0.299418355455368,0.0502025692925079,-0.807543070494346,0.256342811637189,0.112440358234733,0.582631100098747,0.189996432748806,-2.31412107871535,0.516221748796417,-0.377329165925158,-2.43313195525493
2.30842882286346,-0.889554784266811,7.41206791200449,-0.115761577250276,0.337605618581995,-0.599873299731627,0.305178436132627,-0.544682720022561,-1.66785161629315,-0.133959136284644,0.00866460070098523,-3.07421604472424
-0.87608687898036,1.59328433867075,-3.56777914670037,0.0243509234606396,-0.0171600505763005,-1.1152668516512,0.828793696998325,0.245606852049625,3.99601277803867,-0.0644252156818572,-0.297338809401651,2.91208989629448
2.76489387061696,-1.82876386307757,-4.28773212851556,0.0359827321264318,-0.0183461650827852,1.21069111492447,-0.944954952398124,-0.370673460390104,3.34327113826221,0.236694277559919,2.60953895087128,0.116796986997567
-1.78634196008809,-2.75708338374707,3.93643451909161,-0.1977021493925,0.618974878717284,-3.06213143244414,0.0556378632975811,0.202050620760472,1.22853120646956,0.314828468223368,2.24040875020334,-0.864004869783902
-0.906912553327686,2.84759797080356,-2.90609152641447,0.0153645267326699,-0.135328147824594,2.51092345630723,-0.810166593376597,-0.341866349060759,1.79274159942242,0.0448037375590357,0.622853601395911,-0.625016590643995
-0.637028249325279,-1.13070604870257,6.09595791837299,-0.063571779051683,0.11143231229308,1.46895635252348,1.16483770465848,0.415392539992246,-3.61182789874069,0.00180808459147037,-0.263191499112893,-2.4602834557622
0.808017382436452,1.05188901309218,3.93897407778928,-0.250044968115015,0.0993464434019,-2.32078611991161,0.109655459065428,-0.104637115978216,-0.046065889903485,-0.248903929447328,-1.32738480128501,-1.58623185864856
0.472735114388307,0.462897395108038,6.52211806240059,0.319482199141919,0.403820537573191,-2.9530613510513,-0.227728161070602,0.286323418724572,-1.99618986965097,0.180095692425982,-0.288732929153353,-2.3755166818798
0.718100505980647,2.95504656589366,-4.2302096690768,-0.0140514079929485,0.259151783480376,3.0962832463876,0.13056854640427,-0.34980327566717,3.44431108171941,0.0628340845548269,-0.0485071341482407,1.40156641133881
1.33071055798535,-1.06039501962814,-4.01742171298449,-0.184076246227291,0.371736077517486,4.15616094336375,-0.0272109616590706,0.375128909425114,0.299610178159669,0.1582733879233,-0.485128665736336,1.14595924189236
0.21742335631986,0.248462772517273,-5.3031072662256,-0.770586158207671,0.55681669067717,1.0859481882893,0.000106342943649975,-0.204893160212963,2.61456455669531,-0.0797368078381014,-0.0820545072628243,1.50711790892113
0.359208777626394,1.11393916840825,8.86407738020772,-0.456539602720631,0.552914936961172,-1.99813438878295,-0.0744842133428555,0.0750601032657153,-0.83482558223633,-0.0453270888941047,-0.941123264965404,-5.27586416475431
-1.31328354207882,-1.19603897494432,-5.09527277068945,-0.172276391163326,0.679188984394238,-0.0306350796970848,-0.00371007937762416,-0.223867740343993,1.52343237143108,-0.329997593882129,0.58138249515425,3.21391287294918
-1.36583647797874,0.547371599933164,-8.62575730791013,-0.0417492875565906,-0.0309991922324184,2.52909497550916,0.429380626390233,0.5186720822685,2.29181343240658,-0.279117479499747,0.0945389671035384,3.06687003222641
1.89127204521009,0.821679114824885,5.94441305473488,-0.0171549412265311,0.42152029634796,1.43496078641328,-0.151888008549075,-0.0186490072805704,-2.36317705025034,-0.0626312317289243,-0.209922968614972,-3.11492608496708
-0.176803498168198,-0.86814603131986,5.69450019048459,0.0217378695484163,0.530444479877522,-1.0676614676836,0.0585280602767825,0.0352813664156914,-1.1631325877028,-0.0466995635254045,0.0342325970316303,-2.8256897793505
-1.57337255411719,-0.84531247095385,8.18238770076208,0.707676005517573,0.210669123422341,-2.24679568742832,-0.154068936446147,-0.364694100782864,-2.42344236966602,0.211632298876108,0.499970081986635,-3.94481563473347
2.06866005277148,-1.01662153566304,9.48445109632728,0.0184827209091426,-0.583773150229011,-1.67631128146147,-0.039284528051499,-0.266478481254632,-2.57666438012715,-1.39079135831783,-0.94751132821335,-4.19169255675675
-1.53313699755971,-1.10409714017315,1.83468648904828,0.0228531217740202,-0.0812148537285991,-0.625387412520983,0.224805856170325,0.496615560110263,-1.86918862852196,-0.0870418955906322,-0.0887653104078332,-1.51282578618535
0.696429627440491,-1.54999944499727,-11.0722840056877,-0.063767739882755,0.312008030978786,3.18338906505783,0.189780912150455,-0.0158533659794956,4.02672328117391,0.206669212639625,-0.233952911817099,1.48262260705231
1.51908959917682,-0.0011891280198509,5.00354693830419,-0.686726873176903,0.0782442769116811,-1.25311820202057,-0.00291599259135473,0.146924184068632,-0.513440903240203,0.037501492160741,-0.133050803292222,-3.48377058103205
1.33541428543382,-1.95837671317048,1.85691972287149,0.136414377940211,-0.224605108598072,1.34180120850965,0.212793576402793,0.581541890998017,-1.06101470905884,-0.77581525079115,1.81739775644441,-0.263392494503457
0.790061920132009,-0.088367052944184,7.01374835785818,0.129690618470155,-0.386411069810923,-2.80599007736712,-0.125252396734505,0.728048254966047,-2.09065596639318,-0.0404414197163873,-0.170482869305109,-1.50740793483212
0.00187636008432164,2.9149269530848,-2.08166472355135,-0.476165035367997,-0.297071335393157,1.34087375619659,0.00409523022101006,-0.595137269207573,-0.515201594336763,0.585770140737904,-0.25270896914791,1.14470056598175
-0.408960624840927,0.108708034636311,0.235611893288833,-0.147882279506916,-0.371166934267605,-0.67330490971243,0.142688270270397,0.153959362735566,-0.347512898159461,-1.44652701131682,-0.49891787475712,-0.198513823144906
-2.72575366107873,1.76143069992813,6.32660360405608,-0.360885039091925,-0.462173257125467,0.289617062622825,0.0340127392854346,0.613000778445651,-1.87392959629095,0.142134100103807,-0.248180363626648,-3.22827231536346
1.63661151768717,0.133391016113784,-3.06705172019981,-0.295771363514258,-1.48542375333681,-0.757813129388747,-0.216950313560474,0.327645274119828,-0.0484344422016794,-0.277151429745038,0.10133379849148,2.10679055532752
0.0513203246063716,0.671592199558194,9.21723707326321,-0.207557285399291,0.00426680194959926,-1.19657152552683,1.92123176605455,0.000901857505751323,-2.79777213380208,-0.0716865694138977,-0.262118841234849,-2.43813982063983
2.5078068243804,-0.712342226457978,7.86554465018924,-0.290797684112833,-0.0859803564910056,-3.65092414537056,0.258127502026679,0.127082213955812,-2.21114872417187,-0.351611738128843,0.46275054724347,-2.336178166553
-0.957337902581541,-0.76712147030912,-6.27686277525318,0.783044204692424,-0.0251175317480705,3.02401228508583,-0.425946365058156,-0.0868309724704531,1.97365668940709,-0.665032862192165,0.93491912962073,2.06284923560947
-1.64822729128833,2.9939628697669,-6.84647041911284,0.634242539210721,-0.486142890468647,1.17469303243954,-0.797991049839784,0.478778644843526,2.4483817440439,0.706559162304811,-0.148844747835042,3.48905850687067
1.64774363030397,2.4099621445517,10.9502160353394,-0.536004811497419,-0.0734251917525511,-2.50167635617243,1.35808412882568,1.17396017535437,-3.40987542772489,0.144876840501749,0.312504926448636,-2.2734698901422
1.56757518203139,-0.429493375580492,5.27060200052545,0.340167211860726,0.882437773075241,-1.25874566674023,-0.250605464094301,-0.18030726157546,-1.72249347005957,0.105844799731073,-0.81884450734653,-1.47019367564377
-0.233923885946604,2.28029373937593,9.70647534266399,1.48596133153121,0.699027155752081,-2.39943208886183,-0.130143252622761,-0.589096434718539,-2.04055809362062,-0.0298703529302619,-0.0291636152692891,-3.39545563753217
-0.168515609697131,0.863296693804514,3.58920660205631,0.418202632393737,0.20690235347801,2.71581862958212,0.136744121294448,0.144205350061516,-2.84064040281687,0.0692700591627914,-0.691218048992005,-1.69165073717676
1.80871151593356,0.538549793721126,-3.11796554763433,-0.277367385929461,-0.769967790318003,0.121359121906532,0.235789117864647,-0.584552834346123,1.34036004732739,-0.296594803618111,-0.105913055263876,1.27926958015438
-2.32172855441321,0.705675962125201,6.00833424073137,0.663781808466085,0.196591160861787,-1.89031604339089,-0.308857362758954,0.641588814537997,-2.31891566268835,0.253768290162879,-1.4243797620104,-1.56984401650868
-0.400967685713348,2.62242381939717,-4.64665009639018,-0.106039492369655,-0.0994936736889338,-0.228701652729915,0.146552032075138,0.436826922498708,3.13253703997972,-0.912565301224829,-1.37800410880884,2.2280684146484
1.09193161732169,2.32017471088786,-10.2028324836133,-0.508950011015531,0.102284920811185,2.44203096769839,0.594151846683719,-0.384878287800796,2.11457499866017,0.0677155249078061,0.177469968412033,3.40469946441537
3.89906176986558,-0.00818848134470984,-1.28953607255539,0.401783852963524,0.24598353122404,2.70644571100278,0.00726025513277545,0.286280279627776,-2.09517197638062,-0.831255579264476,0.0071196493287145,-0.428557706613402
0.908149919769749,1.08031370650592,-0.538019819464733,-0.0846627485763225,0.220470753476905,-1.3874221620089,-0.320657586180091,-0.588198772582682,0.727894230290045,0.0531848865496998,-0.14234381392605,-0.33203003426723
3.38402814673413,-1.69077196540482,5.27673850447249,-0.344593145962034,-0.140474750521765,0.518561726933479,0.522448118683851,-0.559985839159882,0.395776854031477,-0.17582239614483,-0.612572309527648,-4.2843434306012
0.0926353494278173,-2.34314042190327,-11.0659842651023,0.755621628280657,-0.385553850745919,4.59289640055547,-0.176986324822297,0.477992127145948,1.64104904404197,-0.768910508714709,0.387410472966628,3.56053266807453
0.0189305401163709,1.14007628764837,-3.2465961822103,0.23148179757237,-0.163781445582685,3.42572391935656,-0.263472982856654,0.600533634470403,-0.421522695469793,-0.992423776136756,-1.81053252754314,2.57231030147804
-1.23946772476235,2.23521453672923,5.03639188820704,-0.250565138813969,0.0628222519403651,-0.199560703922042,-0.558997563371702,0.341254432652051,-1.59898190984711,0.321849536632091,-0.283980236315878,-1.44064102485006
1.01491180468616,-3.80657339917682,-9.02795644109858,0.695631943341416,-0.908732641238064,4.16959381285855,-0.0388769966035742,0.224491485131146,1.8020624537019,-0.00578163651386409,-0.284207126697284,2.09075145633245
0.620741081247587,1.85435168440712,4.66288082662661,0.0704993614121494,-0.0763931595759638,-2.40241654444706,0.108196988994802,-0.142632248105606,1.63969195109489,-0.103181638082735,0.111445575094534,-3.6146172758918
-0.0185676578723293,0.510819378649179,-2.59229349254428,-0.0159347487004881,-0.171107835671921,0.992326270595306,-0.0751035619495091,-0.25377469864597,-1.59924631232222,-1.73734656980423,0.789142782545465,1.76857823364934
-0.195042145624754,1.5455064919128,-3.13941337276377,0.039235612188638,-0.327050200674757,-0.265227595713791,-0.0280253291438698,-0.0392413170513172,2.20600195532593,-0.461659650707385,-0.219190610306215,2.42192909755191
-2.59621378141873,3.45469498519057,6.98896657482905,0.116718580769653,-0.467708020970603,-1.19882346738977,0.332153960667473,-0.893503536252505,-3.61876409211283,-0.171151753489841,0.489974702222317,-2.18853855293234
1.22589744662033,1.180344002858,-8.02799918274694,-0.277915726700365,0.754338646608738,2.53574906033258,0.250987646637631,0.0875058332394696,1.70492594655846,0.72616475521335,-1.06119056785967,4.20126382588633
-3.23563242142815,1.93359746429867,8.42058761265619,-0.137045109502333,0.0452649230872451,-1.59635880916915,0.687992381115727,-0.254467666701245,-3.51156429766992,0.0739919110053731,0.10492700864929,-2.81002512543881
4.76710139965136,-1.17587040473568,-4.710344364226,-0.727772400228974,0.430036993535325,1.05003057882217,-0.719400153973062,-0.153132629414959,1.91931248596934,0.212228019934115,-0.588613104365854,1.61503437548538
-2.44300152213375,-3.91907376282761,-2.21992041881936,0.130342971504224,-0.481796178537622,-1.14724800824927,-0.00559129343617687,0.600486011459389,3.00485235097519,0.109823201261374,0.918756717141952,-0.568494895052568
-2.3172095939506,0.41355318891717,4.06203923271117,0.961700884097878,-0.136429754630977,-0.540388228622178,-0.316294983286601,0.278199893311758,-2.04600904824783,1.28473808296396,0.347413928303856,-3.3812986079332
-1.11594865714461,-0.352505851621864,11.6756386900544,-0.678314576338876,0.415721210292802,-4.21897895316508,-0.0216593432590822,0.516476046867247,-2.65133919796199,0.0310905888699845,-0.235061094895256,-2.49523016102986
4.1910612688725,-1.87924260757821,-9.17978678428546,-0.659073271696913,1.12781210240776,2.52204181983691,0.0582114907318519,0.0263151549931242,1.92350457797886,-0.948781804164531,-0.506857967920803,5.03423698871477
-2.67343152330911,-0.166487588727717,9.13259897061439,0.121742329682899,-0.312254532922777,-3.51494194250362,0.2339096844194,0.566713272676782,-4.58909491817872,0.560278160441379,0.283628468679035,-1.17750375986237
0.46870607709832,-0.0281671251802777,-3.05779468156881,-0.230016603812643,-0.00528183134613237,0.539727549037239,1.60244241984789,0.2962744441804,2.08997747815651,-0.550898033950001,-0.308536202150767,-0.698412678139543
-1.23041936592969,-1.28452803312418,-8.49824608023039,-0.333903427766334,-0.0351555085719086,0.994166511913637,0.835649425018623,0.853555853652099,2.63472853252074,0.13583877186548,0.0373088262510655,3.12669206571587
-0.422016760982525,0.274383059057608,-4.70597759029589,0.0130010474299492,-0.0523024537392207,0.460878882053522,0.215890839242647,-0.117769211438447,2.075051700818,0.159459297825634,-0.0712528226291268,2.56488923854214
2.51010159514061,-2.47363512879801,-5.64852349018713,-0.0886277301509966,0.0297371902566947,2.71248905985802,0.0147355838676002,0.0866671537940703,3.88365897921396,-2.15903403944232,0.555750751220403,0.422574363269942
-3.00306033060637,-2.22490392788805,-3.06882743720945,-0.296220261437704,0.245070950481975,-1.4693288701673,-0.153535656876928,0.0084300660787469,0.860599502577972,0.430475378935649,2.05658810186131,-1.11105114641236
1.68603853697509,-4.55510587256935,-8.08425902817394,1.20464223521929,-0.326535075608207,2.00959598298166,-1.67892197771903,2.50391158693214,1.29033960035309,0.00631178298509338,0.00495659698323662,2.70359545102688
1.25620253636653,-0.691436512881397,0.000248125842474023,-0.19105887964082,0.252637679476116,-0.968295449655166,-0.208039545635333,-0.0647463566319028,0.357853029099099,-0.718377949650619,0.48677160634859,-0.723707486214901
0.614584797627378,-1.53028883632429,-4.15763860458071,-0.529582221307732,-0.730223008506961,-0.196069773871272,-0.289240647967709,0.0503701828115024,1.93624285257371,0.265194523254581,0.352422912850964,0.556943029470555
2.1427827331181,2.14073859992013,-7.68444737632526,0.803404314261553,-1.85011223157921,1.59402123712098,0.0528521737523842,0.0442566192051234,2.37841982340082,-0.0866084586586944,0.14151985215198,3.58032796533792
-1.67893577500288,-2.39516551623448,7.87544444197317,-0.388967934699114,-0.278264550909109,-2.34311639925772,0.108344435238934,0.71332113602921,-3.96863865585115,1.76169231667132,1.28902513325546,-2.41625102457395
-0.914272370424257,0.0903209231337119,6.1859022737421,1.36179943866745,-0.0331326683707903,-2.45184275225039,-1.04800326233414,1.73926668788985,-1.91007614688905,1.37905514593198,1.39450638858005,-2.82029010069822
0.226581972543761,-1.19156205408765,10.1670465326782,1.07022727396405,1.07192126535328,-3.7295384616117,0.419444599611416,-0.150309198798789,-2.63287892834782,0.342803623704549,-0.156857561553853,-3.49048447631322
-3.26908675092543,3.39433044976494,9.30818231132388,0.333587211062094,-0.0897804770106482,-0.0478781435557591,0.375607923135914,-0.576142256883389,-1.80680440008453,-0.709499698609687,0.439240904362565,-2.7874466682407
-0.831292099292939,3.59905467720675,5.40661198764536,-0.186335160827429,0.0140700820267522,-2.37031248188048,0.0654619249317797,0.131325167212853,0.992759059998508,-0.390786537268716,-1.6516226076537,-1.4405055485374
-0.00948879045234308,-0.0673020201879539,3.06893993545968,-0.797031836461856,0.977780573888122,-0.739825950692793,-0.0670405420816523,0.0558423626256616,-0.507555442799687,0.531173595370476,-1.34412858464207,-2.11455201145171
-1.80242124385788,-0.628686244527916,-7.71211119644141,-0.0925488975904234,-0.139308821581403,1.21536967005326,1.0602315259136,-0.075247240081646,0.846712722347542,-0.0357441671832342,0.0567277007486033,3.16020308349252
-3.36163640947136,-1.54367609453701,-6.00681571359629,0.141154811659181,0.454998599091058,3.2716227022711,0.0977534713912543,0.237652796174323,-1.51155299414573,2.28210578166583,-0.518491882672174,4.02963688400713
-1.97708913167777,-2.70688777098919,-10.2435092174561,-0.217925122888657,0.359590551060699,3.6136398702437,-0.0499098122813514,0.79599470961796,5.37026036856637,1.24219561800716,-0.882809023337522,0.986792562230118
2.3297021735099,-0.210901314232101,8.25919206715456,0.0964285741207925,0.854871611047858,-2.79126447156532,-0.117528089433027,0.180243876408989,-2.29488309343141,-0.423928926153201,-0.115782266420473,-2.58572126679443
1.34130483538897,-1.09902329449391,10.6015643485583,-0.410765558609018,-0.0312884469257105,-2.89847612823262,1.11862013757477,1.04659998255964,-3.02308029040325,-0.185559124689845,-0.900300177766361,-4.1923370861089
-1.05669902028089,-3.14148302257015,1.54853764731039,-0.133378098056292,1.3302113594568,-2.95009595128486,0.0564418198164186,1.1719410458789,-0.746442800471406,-0.0201259165494219,-0.599084735319575,0.103760501415756
-3.77665190369991,1.16807283225392,-0.222331398720317,1.44011997492839,-0.397788516523318,-1.53852546356059,-0.19027679601059,0.0426215421296527,-2.35564417363852,-0.451469155952937,-0.105116008318552,4.43246618965785
-0.526783055114622,-0.929646969044584,-0.341560022142738,-0.643691397741892,-0.183151782684095,0.0856192617968065,0.408045923590165,-0.104038215451403,0.493231461548818,-0.863909800081906,0.207732283115935,1.68353229923041
0.203920115656979,-0.267257431163523,3.48748273019147,-0.710717715884221,0.19888910714748,-1.28564579787218,-0.0106706614019719,0.499304888221715,-2.15872087703841,0.314663676952512,-0.361536959297106,-0.72113403789927
-2.31963399140033,-0.666204476985068,-4.23918713701876,-0.135878990840466,0.195248030635961,-0.483264973716248,-0.0893163349597958,-0.0408290043466805,1.49149791694542,0.0967828465709173,0.0981134899654211,2.9578357372976
0.6832374987765,-0.462354862184421,-4.76515390808926,-0.116648410547537,0.6985524284861,2.49498043663845,0.175258449150207,0.323382259252912,1.70671710712036,-0.069646463758091,-0.521960130584405,1.91392377678082
1.84811548067985,0.263050408598718,-3.08268387780803,0.395291832691925,0.0498693765704699,1.90664060007295,-0.245998150401897,-0.00802877395642443,1.09278325908327,-1.15969433374662,-1.05027995933196,-0.423216165806839
-0.378510289984395,-2.69932831126216,-8.85885386408271,-0.23692091850673,0.791284691985533,3.29879080467501,-0.00562328452507172,0.678413647153658,4.4465320839991,0.561637922274289,0.509291496092389,2.54124454797407
1.33626739307368,-1.08608688403282,-0.33963675043523,-0.338477907349848,0.396044384078724,-0.789476667176019,0.0783463486812519,-0.524658351405514,2.97586236909092,1.11843508969466,-0.0284008045796124,-0.632649767286464
-2.30376536678625,0.155395840406835,-4.36500825220981,0.31172554162906,0.235587821953907,-0.57509607025602,-0.0421870945729442,-0.189027805977037,2.18492709661258,-1.87780231028321,2.03336136402183,4.50107501486616
1.92079942744465,1.25943078029649,3.24939299090957,-0.027816874808486,0.4401096390798,-3.6041400751527,-0.329119877420553,-0.361106626198166,1.86105875640582,-1.36393653473639,0.240964163915106,-2.01478449737248
-0.625927496458009,0.80921348687457,2.11009298669361,0.272599391290545,0.0576627662446858,-1.39910464894243,-0.259988134891628,0.270924713374033,0.631805999329152,1.20055701221809,-0.493078971107741,0.931997663030542
0.642275768048326,-1.29591541077945,-7.54261992745787,-1.24396543565696,0.0381187394959693,1.12523353654814,1.0580430861303,1.13860463417237,1.10878977935995,-0.0829321342678575,0.260968357677555,2.38154629258909
-0.407720992965879,0.664168047172485,-7.28980033636408,1.30581563187305,-0.069403792429957,3.83467981203119,-0.157683269937986,-0.165976031860381,-1.32344600331336,-0.0615717972151939,0.13190410990859,3.2425936256015
2.48806145870868,3.54278971205926,-0.0495489762748982,-0.0250088836756802,-0.504526234975396,-0.447885268792453,-1.05602742368941,-1.11823940959941,0.711897072727206,-0.0185396005754085,-0.444275803328195,2.1118506004733
-0.251891331208426,-3.74463905843569,-3.9591136928384,0.227916298101285,0.215396269123398,0.367482628460959,-0.124232876244319,-0.00489961456456491,-1.86752521529859,-0.0992157702485197,0.222154771551184,2.98295797271657
1.26146974868746,0.805346933208805,-8.80288951357858,-0.828530188740799,-0.842069258729565,2.67412283944111,0.0409962977103899,-0.0396979974166555,3.29084735409376,-0.429485943673692,0.132135730922776,4.49252222971286
-1.81416960012764,1.44034499248404,6.46946118973357,0.311053554367125,1.42102583226489,-5.08722026598489,0.00401775254426775,-0.135952818128447,1.434809913577,-0.918846306678011,-0.238240203034111,-2.3573377460997
-0.185873465118031,-0.892047849118771,3.70176080714256,0.377961737615846,0.932166932092275,-1.00512468998906,-0.427922345688687,0.0265671398626148,-0.587322917209817,-0.011730660774697,-1.61564159244215,-0.745301850749638
-1.40326770388042,-1.73065986970031,-8.4024185343608,-0.100912562433899,0.136432385772463,4.64949985023557,0.566916591626474,-0.990122519038652,3.66739997512631,-0.280574928376336,-0.0287672021466944,3.29231333623535
-1.83761558371691,0.956991271517887,12.3403859376676,-0.0216301188259033,0.039206951892425,-1.78548074506332,0.256876349771204,-0.10774571281982,-2.43864774883714,-0.041517986270323,-0.0541222235737394,-3.59300223220224
-1.34287347329023,0.484279412021196,4.09547935829116,-0.299317938298806,0.0834994497881274,1.68261153145015,0.590056781153638,-0.977790952307218,-2.16178357986158,-0.493314352100749,0.150926207116597,-2.69287603283201
1.86554652086307,-1.04808207588454,-3.96745791287027,-0.248273461571698,-0.0631075080733655,0.457563777466411,-0.0477303711931085,-0.0628629526372047,2.72036384151043,-0.00454147474904293,0.244325611038669,-1.19094588470688
0.0216124262377342,2.24854372545062,4.95393880259491,-0.104908445388552,0.196306130844722,0.101262268760669,0.415277249646278,0.14252348896478,-1.95817411203908,-0.66670775697402,-0.610503550444465,-3.33247207006743
-2.31814604151329,-0.547867101422445,-10.1266122215275,0.157549513138773,1.51734012743406,3.19543481416128,0.231434292550173,0.144325514594295,4.05515324918989,0.975479222496669,-0.923469089976375,1.20109262560337
4.12435481842331,-2.60610901404509,1.74459011849955,-0.0893125526367668,0.285224644131904,1.17864156697077,0.769338849886219,-0.0483074964868056,-0.777699199566269,0.390015939250946,1.59963560435245,-3.98910737826705
-4.84963983905609,-3.90420295079011,5.90101847884291,0.78206596506866,-0.305933444552206,-2.58935058194609,-0.290268171532136,0.0785045467721568,-4.56269491680614,3.04738425418763,1.42331206162013,-2.06703139586355
-1.30663149867592,-0.982038033176793,7.87768406192665,-0.183270860325246,-0.0826281865118286,-2.40991702462536,0.466201952982726,0.746458498633321,-2.17614511403061,1.00735721129388,-0.919023326707332,-4.36871003217211
-3.13134460223753,2.53456093560687,-0.368788849828184,0.252939868994374,-0.0274357978732867,-0.22018059753559,0.19323605427394,0.0687193147577612,2.47754424770865,0.460010159113849,-0.991056650859733,0.849498732134471
3.98347058444264,1.33075965588821,3.7913239986622,0.161706273734322,-0.142748790415497,-1.34051509729598,0.0901280835439063,0.269417306291194,-2.95391788762724,1.57981779636596,-2.02137826479484,3.15647572855733
0.313142661163363,2.56642282285702,1.46156411751769,-0.429658876779064,-0.0787132229688768,-2.46664969927853,-0.0290429195114114,-0.600861437778186,0.843306023731048,0.0700164572097044,-0.962676643401156,-1.40694581469107
0.725229516076613,1.35215451284092,-7.69348966610215,-0.0520156919339466,-0.958111504226053,2.04199638765834,-0.153005088756118,0.16464650957994,0.751870827613691,-1.23025802727967,-1.01994256468883,4.37373927952799
2.11348602490196,-0.291814208094284,-10.847035771016,-0.0175940059321509,0.0739543926414592,1.96039363741302,-0.215897804570493,1.19525708226007,2.10089097758167,-0.819974019188573,-0.222317520604697,4.21886393557179
0.548040466420598,0.871838006748607,-6.82590993427091,0.294307158699646,0.877941728943524,2.62350487169161,0.104959050394974,-0.239994138471851,-0.840947723707742,-0.788128527977095,-1.56538014411212,5.34843977333082
0.733165126959662,-0.0101868645342994,-5.96801834429724,0.119113879375677,-0.133369673971832,-0.940929241605294,0.0550855683485203,0.172748758092898,3.13158082305577,-0.704944775111198,-0.562788578257916,2.92090828910024
-1.04102900866985,-1.99336547595114,-6.02052067647218,-0.0762148182170209,0.170532623188324,0.171768649508284,0.208080106767698,0.407505564956196,3.8100225412388,1.49979390774393,0.781536238564395,0.299647211823388
-2.18314185140886,0.702363954534944,-6.87079923634752,0.563238148022899,-0.104663452784951,3.41127830285237,0.139865898253814,-0.269226098066559,2.51620854288787,0.309362952823173,0.510969119127587,0.866065007781208
-4.74985382187879,2.40890360044601,5.6802781620339,0.254240693427174,-0.571135689617834,-2.66373485781619,0.0799354398584758,0.170390366695285,-1.73984145516883,-0.146253317416469,0.153784184815469,1.69891110043874
-2.70781783013798,-6.89955250138873,-10.3881803723048,0.845965592778632,0.974385644815472,2.34379710950237,-1.07421619220869,0.118523154648215,2.77499862134697,-0.864237052011499,1.2643083716942,2.57682045760744
-1.52018772423464,-0.733014016133339,0.789161445233164,1.26998174159225,0.192702420952504,-0.377004044087551,0.446064161608986,0.0384489295983114,-1.32195314671023,0.0420805937178052,1.10778607976593,0.483015114129261
-2.70013537973702,1.07636118530748,2.52482002467844,-0.0807633482440942,0.628169895750065,-2.58152399527209,-0.490165247865736,0.360684805024063,0.578229147503642,1.16895068805044,-0.404689809723604,-2.19477380916202
2.64320809844998,-2.12192895560633,7.83849865747459,-0.280480321368507,-0.0365778152271863,-0.641334371259566,-0.630307935889876,-0.313319117569844,-3.88440244062556,0.00698839290689749,1.04883674174059,-1.66698439786036
1.02300228099228,-0.417922746031429,4.31602828809224,0.0135180678266215,0.0411354364349143,-2.89669056600817,-0.468102384047607,0.164194773757538,-2.55664842289944,-0.964179684970218,0.760478186377399,0.485720573379005
-2.25627451602374,3.50320215853385,3.54223271673498,0.23931549630147,-1.6707242510853,-0.074306494809081,1.21317033596536,-1.92452119475217,-1.52928546233358,-0.208352223962712,-0.0625798285728465,-2.60176572801318
-2.57767417920758,0.0522478151332302,-7.60574253731227,-0.377551723705173,-0.220322069887206,3.26685382817262,0.0268371576501848,0.457157533998342,0.52675231078493,0.913548460254773,-0.361764555432218,0.974202835216149
-3.57087416532626,-0.212913839440663,6.39874231905021,0.344830313144601,0.483876942536169,0.638202465125811,0.612102833864033,1.41626320155732,-2.53594684170709,-0.308202205551159,0.0351135367373607,-2.86397503841197
-0.40803559036114,-4.06040313502043,8.05571482148934,0.124869321988029,-0.159009121889953,-2.66473547068281,-0.321147408650951,-0.147572717535613,-2.25555139028402,0.689703988102167,2.12519473322025,-2.40809355257581
1.22393792491586,0.108392343980189,-3.40706881416855,-1.37340867670056,0.924374230199989,4.28662865721842,-0.229707087464319,0.266959835743069,-0.77721480592569,1.73359217072868,0.804627402415446,3.11112856265663
0.663210813209561,0.38909498884156,4.50418762833108,-1.07565294219867,-2.02378795132784,-2.95914573338294,-0.300033464243188,0.663756065428516,-2.05301303579675,-0.181878359290049,0.172472512857058,-0.900763076897256
-1.55756391469602,-1.14636140085837,-7.56936174419162,-0.00618398750129326,0.0177175019314501,3.47462223208974,1.50109456457877,0.985092196172851,1.80203592369635,0.259162714444853,-0.055969094073993,1.34483596920361
-0.48922406241188,-0.527205832649338,-3.94105813047101,0.0303221444822307,-0.126897455451392,2.454398811276,1.13138300991515,-0.427976632981407,1.9784425300136,0.100897022277661,0.984671696395947,-0.655654332526604
-0.639545716267074,-2.15828876590135,2.35643544630305,-0.34017891650821,-0.136015819706183,-0.149040318000664,1.21562849074576,2.82575419957837,-1.43776214542017,0.286414610579144,-0.477500495981097,-1.04001409362679
0.385494748581215,-0.306429652965224,-5.11066198129667,0.222288817551302,-0.665534394678913,2.31315533065762,0.0858720376678833,-0.299502251640936,0.00951394815692016,0.0947264448238064,0.0814470393454895,1.14048932369947
-1.1754111750127,-0.527282902179151,-5.84755071232982,0.667821733198821,-0.144036383084878,2.95997434006694,0.434824280802424,-0.354230811405528,1.93335764346221,-0.78825826935349,-0.529972007580535,1.78002857014091
0.958732209702981,-6.76431748647339,-0.788978153533379,-0.254416514026277,0.337954338273071,-1.39109598084966,2.02316183115213,1.66124620992118,-2.65075288878031,-2.19638257802479,1.62502793843261,-2.24065198415251
1.21385941857017,-1.28466128421574,10.5281611025007,-0.0672106556738145,0.107491734378863,-2.7217920686768,-1.1340262613279,0.199638187850759,-2.90799698768071,0.237049969760117,0.506580284803563,-4.33237482278601
-0.785172516525151,0.920436594169043,1.72242823863008,-0.333175748351685,-0.253361284935327,-0.442831319723458,0.220162131223394,0.150127879098968,-0.889989910391633,1.04141679231871,-1.26126889534273,-1.17837610254952
-3.6383749765645,-0.178952419775712,8.0430981558991,-0.102557876733072,-0.096032307190997,-3.713810228287,0.112387834941041,-0.0532044528281444,-2.44325209984224,2.04700375468535,1.65898018898724,-0.133609932410408
0.432934372862853,-0.445903015462057,-2.31528598625034,-0.139589454375931,0.195292152919809,-0.29341964982168,0.932072212030473,-0.0696783277551362,3.2937871297742,0.74951646922009,0.497843211497348,-0.887162202736649
0.181356505166692,0.957298146943997,-11.2365377084592,-0.0187204586862648,-1.09405777414467,3.8271702282677,0.298932441674597,-0.267341396056306,3.97456067216171,-0.62673281015127,0.350470237761118,2.46105247363882
0.842415425779007,-0.380229535526898,-3.15434428344321,0.0892831718813576,-0.563649331506804,1.91507897291005,-0.0374728722577349,-0.243427455608712,-1.42498505561813,0.000333401218525072,-0.032160264742954,3.86645446685715
-2.72606412405888,2.59761224364066,-14.0670813767054,0.445451444545671,-0.234190958890972,2.9733043461879,0.528651049425186,-0.844856776368133,3.73030736348266,0.333317819255995,0.605859787829588,1.48731853000162
-2.55918588301667,-2.91955241651538,9.94296322607889,0.497271377612592,1.62890194040142,-3.04440887887518,-0.0125932808618402,-0.16338521763319,-0.179812901822933,0.484722532178039,-0.807256276205347,-3.77339464252674
-1.73082266658567,-0.196926137508485,-6.54801063714769,-0.0650386335362159,-0.963687083636352,1.52393229121411,0.0246498841003374,0.0661546565709406,2.18660536461288,0.995259083186738,0.557178034106873,0.350063571894212
-0.935858221649253,-2.4523195985109,6.94249554106555,0.0297267378531231,-0.0219846409631994,-1.32653710882991,-0.789702356463143,-0.372645843054408,-0.559980737523965,1.47478743373341,0.830029614751055,-1.34350886437894
0.403501827722157,1.32964915914461,-1.2514859776505,0.0870268802713284,0.208189908894,3.43061715371008,-1.10130110665966,-0.370279270234249,-0.71173517311585,-0.492184716944386,-0.440324043842052,0.908022522921127
1.28752637341839,0.370703476078166,-9.92371231035587,-0.479850296961322,-1.10970306683266,1.76097004304988,1.15926928106545,0.382632250559685,2.71150180220275,-0.9520895367671,0.735631407622584,4.55052033830358
-3.12114449854102,6.88140097646816,-4.78104882380897,-0.17943046349008,0.901753466000928,1.50677032777154,-0.282231825271071,-0.136480875408338,2.91083204554215,0.282229443619522,-2.6812964570277,3.21608673960041
0.568710865462189,2.59921203087594,-7.97270329482711,-0.156982193758829,-0.103439012023113,2.31809673118484,0.0696379872436667,0.130005759557599,2.86319564531778,-1.29972300203508,0.222638632460232,4.34878575727153
-1.35189639668567,-0.43589633437903,-10.8337545393052,-0.769233599529384,-0.170692704550503,3.73989043753615,-0.121162336595273,0.332354146356176,3.23824441433416,0.971641507369659,-0.436891444395388,2.96189420742584
1.01014369957312,-2.41897957209069,10.5443066255299,0.0116578644805512,1.06522107413763,-3.59763537620147,-0.415013826325606,0.151278112035072,-3.88026477527926,-0.112843343385499,-0.0536818794004464,-0.931539353238308
-2.74335211760912,1.23949300404506,-6.13033172879109,0.196640858677081,-0.113835321450293,1.79188162349821,-1.00624320607764,1.3625799822026,3.14911193977777,2.11137424302604,0.393888782215361,2.0439977868346
-1.70273030786757,-1.2360590766697,-5.15708723459957,-0.0191412499512012,0.231337114061532,1.75292702774287,0.356050410083292,-0.38182422969164,2.22684845529611,0.92390033595267,-0.212650580275766,2.73382848218649
-0.279747629244779,-0.458231926936565,-3.25766780381309,0.50926213410153,0.192525610929019,0.759807899216128,-0.262692025716506,0.212417693922533,1.23033261710949,-0.625684379769787,-0.330478238930522,1.14545389062157
-0.208688763534004,1.16803925280554,-7.87666252855533,1.01803363685683,-0.757243824057432,1.44940317864702,-0.0306224023585001,0.748655936077523,1.39624865973531,-0.0729830560481991,-0.409782201353954,3.28840324804258
0.993574486542939,-1.51732671521371,-8.52355606219757,0.283758905173594,0.682608603381999,2.97354323172451,-0.651322086440102,0.284824904819204,1.73885702840078,-0.918417992687834,-0.324566645859992,4.58772335696501
0.5849499727522,1.83698796617111,-3.39452948617434,0.777535688601757,-0.0498035934845177,1.12894528268224,0.676322219796002,1.10923053829945,1.98623733366438,-0.333742885405346,0.0487239439191674,1.92595245791928
-0.642729256094468,-0.0586414854478361,-5.31134170653232,-0.294561820767814,-0.139419880563764,3.1416988774401,0.0564866614854098,0.0756942327660624,1.35905205439257,-0.524850336162883,-1.1949924037505,1.05827848752595
0.0812765380288614,2.44984416704782,4.04675103722972,-0.149092490347959,0.0704203524389366,-0.689672146387253,0.517825107056429,0.0335738548281867,-2.07479936527933,-1.21745873175683,-2.39213552670664,-1.00776206300539
-5.06985223652874,-0.859991028977026,-9.39345943769951,0.805434361864183,0.173218379448291,-0.675688796632151,0.388544900120017,0.241257362034237,2.94879251881095,0.973107131902649,-1.36904839272496,3.77251839390138
1.19322235043404,-1.76555584453653,7.61512729876881,0.399343342501369,0.429155764069859,-1.11967585908436,0.326291230384069,0.845888318518433,-2.59907005487897,0.27857977178046,-1.26748815937589,-3.98041632081999
4.15046992810967,7.02475650975599,5.38178810865141,-0.312721494106007,-0.112209170877661,-2.97538998390366,-0.520922338150801,0.00645992244962278,-1.5362929912669,-0.0848290184884558,0.256586642275968,-1.6287588577669
-2.07666645381535,0.659334080334987,4.06797155065473,0.507548558707094,-0.611478364718353,-0.226983850254017,0.194613077564218,0.421371845651786,-1.42445820622328,0.0863639386137498,2.04068616362653,-2.09104070990471
2.35110957869413,-0.897325110095087,2.09727191177776,-0.022017087231289,-0.0748372169518431,-2.41015330205348,-0.482563914441352,0.634322433849911,-1.98771416718757,0.0141028232048676,-0.100600121416445,1.43640079968222
1.43247950561148,0.941287603160805,-6.55523161509936,0.218892303838758,0.29840886563456,2.44797884534735,-0.428984452280334,-0.103708214430712,2.75916110348971,0.45229070650295,0.0093074572320124,0.998760954923586
4.01609056809451,1.22665613274377,6.39164536883765,0.240846485077264,-0.246512072288882,-3.1992339871975,0.0396349162047412,0.475480744049672,-1.99818169984489,-2.14451946599798,0.10776651262037,-1.75164060535331
-1.5601825463183,-0.0546996278815146,-10.1805234680205,-0.438110622566131,0.944722150553542,2.89422237673223,0.88748702254933,0.227239825792118,1.38303301156608,-0.869418643814473,0.282287868964481,4.40226480343013
1.56947536683437,-3.0938902912961,-3.47983737090143,-0.193910124037859,0.522064021088405,3.17604410024508,0.0443445707961274,0.499933798648763,1.42038540150364,-0.0464265073949187,0.0500539417735648,-2.4218415247493
1.59261076826281,-0.0232654682774661,6.91966609694949,-0.27054585766498,-0.337862261520899,0.542100627026426,0.0112518724655246,-0.673533626450612,0.213690164630408,-0.693529207890346,1.42208532974641,-5.50604150607431
1.31200834234662,-0.872507807519259,1.74849649320699,-1.35534966723752,-1.08889310133802,-0.48814682182868,-0.0683437966140381,0.139985562724678,-1.97648010221603,0.0527889293579526,0.00334566655084784,1.86304585679572
0.457124036727802,-1.58416977960575,-9.73703328895523,-0.204383883256375,0.0666856539157846,2.60523822568763,0.228454319928217,-0.190743605767799,4.06336183507702,1.30598028310943,-0.366811695665134,1.63594139043291
0.522283057879751,-0.481394857288888,9.33777102202037,0.127940028101863,-0.108787433345808,-1.93641150839994,0.504314221257161,0.00827121153793702,-3.15548368515436,-1.45963111576661,-1.23571425847768,-2.5256542632346
0.915387028833827,-3.64426906439729,7.37242859659433,0.064608829057765,-0.232585544221163,-1.55461690273277,-0.191930320331955,0.308315754688044,-2.2995995994753,-0.0671619492533716,0.00282308650806944,-1.49183987779508
-0.236750592268382,1.92806647206527,-11.6488514253336,-0.0547403671857887,-0.192371140023095,3.6491779983429,-0.0468226184217605,-2.15175796973482,3.32465446278052,0.266230336376552,0.0417509271581224,3.14159633998946
-0.522069681210202,-1.43756512894413,0.680179813482054,0.349537032363288,0.550204602670102,-0.295329977249039,-0.598875440627722,-0.340181780775588,-0.844858928682106,-0.237825278639412,0.0764514322987353,0.751321719828606
-0.760990313051011,-5.07724700988943,-11.4335638922678,0.061499340472453,0.795489765979211,2.39951394115017,-0.857631042201705,-0.0469181047272286,4.45754182945877,0.907335273244658,0.572027666080514,4.16627862425516
0.555932179142957,0.720806683036871,5.96470318494923,0.163789347649921,-0.0995695541918573,-2.05073488110462,-1.09032999125579,0.569419637841597,-1.84998104551733,0.92070681933803,-2.20521218825715,-1.7669522798525
1.87748337050389,-2.053986804056,-8.4862205335502,-0.569859954016166,-0.155697040367278,1.88264591407316,-0.968250489374143,0.638717439244753,3.19699125617801,-0.0420107313831905,-0.031298208366433,2.91770622315392
-1.56793657892659,0.99865391123966,1.95764672377513,0.16893164806032,-0.0318900417109712,-1.48608464371202,0.674724401236406,0.168870693675697,-2.24088302420688,-0.143678925844877,-0.42927690871445,1.09530461902174
1.79755278093488,-1.12875896036594,8.82943035286493,0.615733378141405,1.69214495380753,-3.54546201202684,-0.390410514834794,-0.165672679105881,-1.8798829105393,-1.54671405807881,0.370501615689902,-1.80134475469508
1.57782291593134,0.31167391785048,5.36700964055157,-0.0956039533096575,0.170381850684882,1.08083329508573,-0.774205343048114,0.872538924719348,-2.51093925606735,-0.435320297184266,-0.791686457858946,-4.37913710364113
0.726900555921295,3.24638815117248,-0.11145397661226,-0.337733593271944,-0.212749342161804,-1.61748982930147,0.596497812199917,-0.321466019074886,0.352217800262846,0.0631163701300671,-0.0957974458234952,0.485460454706842
1.47000636161399,-0.714689760805035,-1.53152537033903,-0.142383278984536,-0.11437011768446,1.82388301241005,-0.305622822654189,0.72673825513421,0.63144716307843,-0.420171146287525,-0.139585520519504,0.149012388912391
-3.76143324489637,-1.76453064542221,1.55063042402947,0.378539380353391,0.22117093272023,-0.958506714876675,-0.416066198200144,-0.319782536525356,0.392876555859069,1.18669267909227,0.550319553167441,0.920070581458865
-3.57117372421552,-0.316421703989694,-6.16578314098007,2.01609922223673,-0.100591855238556,2.24584978308548,0.269780169324684,0.376177041307486,2.36129007511971,0.506660638292486,-0.643922511804354,1.14274163106638
-5.02892594755397,0.275875490883919,0.62529597183602,0.216701064806145,1.15511507755809,-2.29611669150964,-0.0614374931047067,-0.28985636302871,1.31343853144173,0.0774854143663472,-0.30244197111,-3.55683628393672
1.75205471059039,-0.670118917286931,7.78180689979199,-0.679076090761733,0.772472256847952,-3.49506323491185,0.352191027679295,0.928263280684019,-2.71385599060854,0.35903745674017,0.433507440394882,-1.67431726650652
-0.833825178081753,0.666914105375567,9.16474268645895,0.00543060413041348,0.541726152139051,-3.50959929704967,-0.488466746595112,-0.639212102503518,-3.47827942051162,1.53495974472543,-0.458508166035503,-2.45659281423486
-0.36553833262844,-0.762153565273537,1.4238943171914,-0.192614762723208,-0.0107267180556216,-0.36943377777504,0.913180808551507,0.442457848946342,-0.602103775979244,0.155342533411231,-0.0570621872253287,-0.293601804854814
0.671836103463206,-1.03386439592605,7.0623928029604,0.615467397129705,-0.4009923812751,-2.24866561992442,-0.11229330214112,-0.3593603590713,-1.28281066949998,-0.273026787599373,0.74962533865014,-2.25185112025243
-3.18064025238408,-1.35417977496772,-2.61822058595488,0.223817058508403,-0.00565729423042664,1.5527244841151,-0.440758822706692,-0.58800350531566,1.36426352312711,-0.390448788992149,-0.236511682358902,0.780846992456058
1.29441952118399,2.2869488097355,8.01449178084768,-0.93046376593743,0.293379152311829,-1.77247367783427,-0.0643581527455328,-0.304139918396,-1.95986338177375,0.0814808457874896,-0.42150474325146,-2.5231493876386
-0.134837692796892,-1.18816216463994,-6.87738768493858,0.0689568767613618,0.70347237012487,1.65530387583733,-0.206236999144939,-0.756606807756647,2.35575425553775,-0.279497172617768,0.237312365931441,2.33837937597363
-0.12853566853422,1.68867421738131,5.79994030313021,0.179102190706819,-0.293764875370617,0.692258640720658,0.399008747669342,-1.49068711505048,-3.46670221760188,-0.797339547841061,1.29696013859041,-2.31287879144889
1.46748010787923,-0.213775511524531,-6.21952757521555,0.204713959443118,-0.694670209440767,1.18166125309323,0.0961018205862124,0.650011761202043,2.85257308542665,-1.40361432964565,-0.611528672092053,3.25056124108992
0.775958799445666,-0.703282839434283,3.2117738240939,0.150806907788191,-0.05264062615139,-4.41586834249009,-0.0456866015691171,0.160144855785892,0.845824615344259,2.12894965355728,-0.712602636483758,-2.56973396875772
1.55279316991746,-1.45005821392443,-3.54111176150932,-0.0117450175013774,0.553071106742813,2.71114881989533,0.268513580495152,0.177694921269375,-1.86489454954851,-0.42176584475758,-0.125100811671075,4.62348493607873
-2.60473912337346,2.57768512734198,0.677871207555938,-0.0127783982401838,0.0680556934441069,-0.981541858418434,0.144632928820222,-0.246102610197633,1.82064661480527,0.419347795922863,-0.291589464267556,-0.419226094602181
-3.30610625652888,-0.861758693838536,-0.879245369533361,0.0803607246734639,-0.257322721130989,-1.93438758141517,0.351228780679211,0.831960429162263,3.79108326978592,-0.147429038376905,0.182779013215547,1.34531322819958
-1.12025910066674,-1.04162058145015,7.82578722963711,0.199466654976562,-0.701114398326704,-2.25024813874947,-0.579978504313713,0.223861815607074,-2.14475403267842,1.02062488633983,0.426730443032884,-2.87762980500275
0.0477124135235405,0.455173940142011,6.45780133022946,0.605971654093594,0.592440079816552,-3.1683176275947,-0.0943817124075792,-0.19386695798614,-3.37622670056369,0.771308055523438,-0.369031484276228,-1.98560289998277
-3.54984584497698,0.621468385300335,10.9069977174698,1.03250409451862,-0.875067940333147,-3.28294761798743,0.354546591009007,-0.246525566043661,-3.26091002646777,2.01035408795299,2.55522364352606,-3.43126135122743
-0.82622105102885,2.65181871016917,-7.51888690904215,-0.967480101177946,0.225937316126169,2.30704510693318,0.0919589520869873,0.453283117972028,2.14670997427613,0.984344551003084,-0.795870327301657,3.00707785596686
-2.69817738930407,0.850084419999202,-5.53523647347542,-0.284481418454631,-0.37998042527732,1.21665357403703,0.125434235112517,0.669909238754727,0.603202678809473,-0.248329800853187,0.0811525952634211,2.07446320612148
-3.21387561895794,-1.24171232321537,-9.05922736646798,-0.117241130265576,0.375135990222841,2.62202632420099,-0.371134620975674,-0.641579343310077,3.30171352821337,-0.0291671161631363,0.0548071778546372,2.86646554672249
6.7015484332635,0.448847641763231,-1.76357917699954,-0.0528019070945953,-0.0744266037844697,0.196018134653258,0.141966424649777,0.0085648127845302,0.0918901250485166,0.0351573341110616,0.0511284121484399,1.30949627767709
0.374257419888439,-0.121502747597276,1.24796572806726,0.00554449465941349,-0.0170883187576413,-0.0563866803435919,-0.258673281939619,0.388929013270194,-2.02112260488414,-0.292000256622145,1.1137490114492,1.02302258435011
0.804621828150382,2.64648775623485,5.72293926515394,0.243682374150707,-1.03186941154613,-2.83710672432033,0.111042763583317,-0.107212599881437,0.737983045846702,0.743945346632985,0.458229508421853,-2.29196227933045
-0.50644410462731,-0.238543500505915,2.78356764940976,0.973007247023314,0.655584405360137,0.125028377683477,-0.0801179202852572,-0.760234164745777,0.0282656553846507,0.214665936944708,0.0013670768598364,-2.53411329424805
-1.05603636413552,1.31006663521079,-4.34340492094238,-0.206994569946645,0.106924303653992,1.50841439198846,-0.334889669138653,0.0337906172108556,0.750052028801709,1.14424281507808,-1.28097773698863,1.20254729442028
0.726513523405753,-0.287355149727869,4.14276294981203,0.466101115556837,0.110213619311536,-1.79464307619606,-0.0367858672118022,-0.760957379795879,-1.48881124178034,-0.459829176910178,0.139976696042389,-1.20581347799148
1.33200674118539,0.108944149924586,3.14345159341884,0.202311659494157,-0.00344999407426776,1.54627066313235,0.574279257942713,-0.314915112367153,-2.1606366813637,-1.1083812531865,-0.420037825042682,-1.49079542656613
-0.836221534550225,0.868393514193893,5.54732882251444,0.188224116612973,0.363577933899872,-0.744456009996106,-0.145977121956818,0.325773548267469,-2.48762154057394,0.51688100356792,-0.697901185471565,-1.68877622563294
-2.19067900718751,0.849826952809222,-5.68569566371482,-0.174301297374105,0.291000601590001,2.74129502272347,1.09013726536143,-1.03380875571193,1.13469968938091,1.23364977657114,-0.499466538849801,4.29740421672512
0.122915713992229,-4.12215416342652,5.0459614312789,0.325850078756198,0.328190403989221,-3.11093712097004,-0.18313685864525,0.840170779127918,0.247652462184999,-0.482239550830774,0.349913960282859,-2.70013585347105
1.04682533699277,0.886000802119643,8.08339863728525,-1.65170338797006,0.955750662587494,-1.68598428982805,0.0359170150350214,0.2342682173093,-3.13577011918603,-0.726340649798477,-1.73511761809682,-2.29104104063391
-1.78249855482796,1.81470834424994,6.99323961489888,1.3099947505746,1.29465786408343,-2.6908350869844,0.383734739528088,-0.0609023534247989,-0.759321438862383,0.798735295834437,-0.127519348045441,-2.01878475113121
1.92389547900997,-2.21230495271346,5.05826764569437,0.428489997983302,-0.0976874164623737,-2.41600680398426,-0.339368851365409,0.1299702757052,-2.06682385291999,-1.18635731360649,0.886623189280582,-1.61171337630836
3.36889510787409,-1.01633314304482,-8.75510327460929,-0.442489638091977,0.193933773240845,0.81657262933533,0.512274769292463,0.453121314787384,2.78183196044243,-1.50076461055567,0.718924834614177,4.51003128582372
1.90382801991368,0.553697835544347,10.3984665036883,0.380932470002784,-0.0651245879038327,-2.28573849434319,0.747395265769495,0.342155456181787,-3.39041406720729,-0.565834332078042,-0.706114881745878,-3.42698671861132
0.761516738235217,-1.38916227922653,5.51538486750472,-0.115613640064885,-1.17434018881493,-1.67827530150347,-0.540753158351335,-0.539976552447104,-1.47245071072999,-0.824517960290193,0.924714995219839,-3.76522126210498
2.73388010109337,0.710915096345612,3.34593406918537,0.140354484393583,0.452307485464425,-2.92261776906823,0.194126229852468,0.00349851248663266,1.11871604352353,-1.56115088291572,-0.568992503279358,-1.84567592516346
0.104589760557439,0.819283875564726,9.2583111612019,-0.553964026254504,-1.92748812569835,-3.09720194652032,0.0822583810199474,0.534629773246653,-2.5938580890271,0.311207200317462,1.182263055396,-4.11291872134419
0.527231838926559,2.17266101374095,6.04084420887726,-0.250783963376206,-0.303661741008964,-1.50987653016235,0.275913660911018,-0.432754249445274,-2.84595453758146,-1.49508886289392,-1.77238355899471,-3.14101739557852
-0.187955089244211,2.44928988099663,-3.65335071590757,0.758547179299477,0.785410051024301,0.126910259013838,0.160183001713435,0.0140796609118622,-1.46849609112608,-0.0536967942826408,-0.721481979146088,2.20779368609058
-0.0561717551632837,-1.95409823693693,-3.62244791919715,-0.582556999505692,-0.782010865537775,-2.78237578130024,-0.100656287102466,-0.599497471919648,3.47596653514647,2.49362251082515,1.61990324930712,2.71900200476949
-0.762848699471591,-2.42422052063031,-7.52559986629661,1.29710995177541,-0.321918548700833,2.2787997573419,0.00169158057653632,0.156673083994889,2.68809586443969,-0.33922813803314,0.0625685655100954,1.64289405967342
-0.745437630657194,-0.867514375488042,-8.19430225081291,-0.0883808898117515,0.287509358973979,2.82852585706511,-0.0920909849883366,-0.832186918235984,2.59890251293416,0.646082702434622,-0.371129430282242,1.98941964366218
-0.791674976398655,-1.41207596721413,-1.2395950182611,-0.00759310332695643,0.950419856625032,-3.16127298715915,-0.314885514257678,0.232421248961859,1.49599488259473,0.727165689371623,0.633208833573442,1.53684967334253
0.50100687689233,-1.35032147044307,9.32651285023738,0.248445506228417,0.278471554224662,-3.27806805802816,-0.601640890418688,0.473607551214842,-3.32397436189394,0.121729721698859,-0.309111801809729,-2.08406145252711
-0.533129497533151,-2.06516411856839,-3.33010563351727,-0.330965639292021,0.0649904598741313,0.22049092828941,-0.305582759155439,0.238454422102972,1.69670459295881,0.199842539708613,0.426188272313904,3.25438003913197
2.58666224999255,1.61210707229087,7.80966337703962,0.754493578098231,-0.305763884846439,-2.43113734634524,-0.060398848907726,0.207074876500982,-1.72505479036658,-1.52930318170981,-0.82131053050568,-1.95986753918178
3.40999139447172,3.59083314639322,0.0976292006325414,0.129436492228206,-0.0795240161396568,-3.46387917726568,-0.23339039605192,-0.352259984908294,3.40067206912487,0.427205903307949,-1.0666922646937,0.227584617302054
2.36926839703851,-0.261153023725456,-4.74749631052515,-0.56597725655268,-0.700957116491965,1.23803260544641,-0.696190248723298,0.653223210947093,2.82554033005158,-0.276624545415273,-0.469302404692682,2.64250293007837
1.73961852376497,0.173313872514491,-2.28354544927567,-1.2397527228556,0.113968121151171,-0.0962202277775328,0.38775590898227,-0.0212168997092463,-0.295246222071269,0.0141369257820376,-0.0583234647294293,3.42631641596326
-1.40616340827105,-0.21194248256458,-5.7943121503581,0.165092967395754,-1.88140493711,1.14053946102953,0.494022386372444,0.113293465547932,0.635933301060985,0.530283463326828,-0.0615403817021552,2.03589048662221
0.433285278310486,-0.129703726541737,-8.3528492921224,-0.281019091453828,-0.515914594678949,2.16179456384079,-0.282129573537849,0.378712809986799,2.82024051008519,0.33268730109808,-0.19279977828864,4.34922668591695
-0.882704839763126,-3.10742364955346,10.4444813495845,-0.180995793725669,1.20586200605072,-4.78950629884242,0.164019327832249,0.209690822100896,-3.9948376406076,1.33947377610395,1.23086802210693,-2.65516822091651
-1.56630152554344,0.300190682218897,4.89151717820917,0.166025657477751,-0.210222490633466,-3.16971736930226,-0.0169286661017235,-0.0882823003539225,-0.334640396619684,-0.14362917041617,-0.0666147631516645,0.659338804974112
0.00354438216717679,3.05644359384049,0.170599399192495,-0.133720500100096,-0.0390543108255292,-1.24146121730703,-0.862639040598244,-0.260977105449805,-2.16540181237888,0.691509443836655,0.425271808499959,0.856658013947935
1.21201820172563,-2.3317549808852,-5.2603860040419,0.0695173663844279,-0.224866458184684,1.41195681432851,-0.0570657953765217,0.3590227432312,3.41948793368555,-0.286223371739745,-0.0455847955404562,1.12061058690952
0.427336346981806,-0.993072150360167,-0.555946498576744,-0.357346622491919,-0.0996807672733427,0.591740713851633,-0.557259440474894,0.36702238924969,1.08149772216839,0.090089219130819,-0.327724634014183,0.703941949755072
-0.277223199569143,4.76095067780366,-10.587014157881,0.134725093927417,-0.403589236035974,2.71113333985301,-1.8875069620727,-2.58780791325193,4.15091527384888,-0.157196870576636,0.0543875447918595,0.84388389646687
1.83129490914027,0.929798090341583,-7.24049545407099,0.386681987966485,0.136852198938855,3.36619727003314,-1.1027903473316,-1.35223471400238,2.58012737707806,-0.253949735020827,-0.021005356500742,1.34574228497679
-0.727559718300318,0.299965273424323,1.46663692476172,0.231907565697735,0.0055768087160803,-1.47423061065639,0.20062235904244,-0.54426200817092,-0.208867573019059,1.05475743565797,-1.55592397403901,0.805633302689085
0.616709166306423,-1.60389117151088,10.0567116342503,-0.806714299474015,0.916795646857924,-3.55113484209244,0.749585115664473,-0.360610156159376,-3.61869481742241,1.10417106583522,1.9586771988152,-3.3157981102249
-1.54792494313179,-2.92488768020955,-5.59063886091299,0.14791420524986,0.159640591418654,0.183003462881467,0.0804785500374097,0.234967142699136,3.93676267670495,-0.111745445873392,0.970883322921837,1.10225000892277
2.09027734531471,3.03944145359253,5.43625353166756,-0.0686193799460446,0.168838385845519,-1.43632795463806,-0.319227266593021,-0.460775307493737,-0.620770663608391,-0.529946310136005,-2.27483437191719,-3.75101018458227
0.0805402006772163,1.93082805165172,0.984686233872858,0.335434648607939,0.432198612637917,-0.625626249440678,-0.152969665543869,-0.258347662172929,-0.625954219744135,-1.04155396469482,-0.617650954300097,0.438483775991976
-0.262762031977191,1.80780865075501,-5.54156200267371,0.511421799032498,-1.16380605303489,4.88389600792657,-0.355504090843276,0.0316074984056543,-2.60898226593257,-0.120332480108509,0.121940794213903,1.50776042591246
4.54738265892149,1.1498328270786,-6.73829756714781,-0.27102160617355,0.130025809867643,2.01736540413865,-0.645159597625413,-0.9104857026334,-0.809440751526639,-0.361294306337323,0.123981278392041,2.92920049308899
0.111481731201988,2.44534026896714,-5.44986499749044,-0.169700273789414,-0.844924243739567,-1.19435179083697,0.504468390748758,-0.397089472993429,3.46629941401742,0.130808957363887,0.245187416731301,0.722815011747852
-0.146395485488074,1.59403688987336,3.90900759812715,0.470177162802008,-0.168498901938809,-1.68269406268218,0.729857047150836,-0.779849385784071,-1.80331800552341,-0.102317991612661,-0.0943961727990974,0.963997169091466
0.522215819026274,-1.10625838511142,4.83746008881999,-0.558290440951528,-0.0104715860642926,-2.00778652069739,0.155123235255907,-0.184643917742856,1.28121806928763,-0.686297871993779,-0.0685157714719384,-4.42772444865663
-1.67180412440782,0.368875944940737,1.32467499257698,-0.302127731092459,-0.315742734461938,1.88622293328149,-0.553830985225368,-0.906483371184605,-3.82499719798926,2.06418296771028,-0.0916884614949743,-1.28729408769193
-3.12199688468129,-0.484041249486619,9.86536593437215,1.55683556947279,0.309997765751637,-2.67045047475246,0.0151532141526471,0.381273396217505,-2.12342994472913,1.55089160033868,0.815764537824777,-4.34210661738703
2.6137302355755,-2.40749746777048,-9.75438924563455,-0.661815417539525,0.281907006979441,4.2889261403283,0.0367044260664758,-0.0475198764426409,3.11647752560557,0.0933290250038157,0.27539985058973,2.0221009398232
0.700300292166522,1.24834315359226,5.50041415260281,0.235821659561044,-0.545229158167583,-2.44442385833468,0.135756343649421,-1.15027500569537,-3.40864823296284,-0.594259884754893,0.282519323966601,-2.39394137962628
-0.854857540662618,-0.870582709220553,4.1898046494202,0.84069791538187,-0.8595721806326,-0.879915832623285,-0.468607538335025,-0.127457925340752,-2.74604369587276,0.149673393846432,2.10642486100676,-1.11786592199955
-0.770028562514789,-1.4890040866805,-1.85151393383958,0.123779919422953,0.0197454569845388,-0.24867070476135,0.397725394833246,0.0601552656599764,1.79533138506714,1.04883484986017,1.29315977695747,1.5776972748691
-1.78479797258823,0.0947744186168316,-4.64908451730487,0.385585907527147,1.17919353739957,1.31786189172575,0.0793201645785724,-0.85274126414469,1.42146823167097,1.49395422675101,0.60174705312872,1.06173967881181
-2.37355817646954,-1.89331451756534,6.20039907255321,-0.297000991256244,0.0466389608400353,-3.5226222207574,-0.170443436923301,-0.260587844964702,1.10685493653766,1.86972745631062,0.865802573403782,-4.18187226202091
0.305807876915053,2.76510856095008,5.90543111893839,0.0872920926796379,0.0538591846259298,-0.503124811066633,0.326615084146929,-1.32493922266314,-0.256311923323423,-0.235691310431611,0.314248156201521,-3.05515327022691
-1.29648540302208,-1.25956176208229,-8.67415662928399,1.28453924189411,-0.418309950550706,2.42612542965808,-0.363598758334604,-0.071484106121876,3.00847132979437,-0.0122534051224738,0.197386233950439,1.88515106650091
0.544366626054252,-0.370208546973716,4.79189056242824,-0.0758892019662691,0.0414159160699281,-2.57526126451236,-0.210732915872648,1.06281294981191,-1.02950051791102,0.68849163041549,-0.0910825493895792,-1.91425706176471
1.94602096157068,1.99599173537222,6.93038874154664,0.28444789479373,-0.431787264357897,-2.04685009954645,0.216070366030993,0.265962145572911,-3.60992310614341,-0.995645632382451,-0.212688571057592,-1.36582695720206
2.57161638021562,-0.210987396283342,-5.20251156637925,-0.176758802037563,-0.694724895705551,1.24350187293647,3.02582693246244e-05,-0.0504297246691003,1.76291866864473,-1.12430100162207,1.40184786487555,3.13999105214898
1.38878831366821,-0.233527155577294,2.77078929314411,0.00198818166106617,0.240279491421106,-2.57582123239424,0.143321786956253,-1.71650968563896,-0.232041513048745,-1.11096341402494,0.982916389669905,-0.959450607773128
-1.94093412548178,-1.64338784713162,7.78311929337535,0.0880445840831777,0.141973762111859,-2.27343283584318,-0.287639380323324,-0.176692193874494,-2.93871001261793,2.10404235487788,0.831254462346654,-2.43133018329741
0.790431171810065,3.06930782277818,3.57063013760957,0.987337071968111,0.180037756309532,-1.78349804868113,0.22405634126137,0.0980042031614098,-1.49183990974817,-0.701653974601802,-1.32114176342499,-0.114040431532623
-1.69784786986335,1.61410701684969,-8.98551405949388,0.416869528836112,0.140189854596314,3.00638656160771,0.532467944462903,-1.66470685311081,3.80650478946503,-0.136678156847942,-0.0497848866765065,1.53572265769398
-2.58448913379154,-0.420575152753242,-3.63509335613982,-0.0526080231942442,-0.15419884602521,2.06627963106443,-0.0294661193417603,0.142766324024896,-1.37958818658328,0.0737269680252626,-0.131865736350549,4.68128744034305
-2.90506763085082,0.697359586638705,-3.28257160599917,0.321560467431104,-0.16664736936501,-0.85660641333489,0.81668259784211,1.08647917901561,2.43096704782903,-0.0876521323069345,0.128878640577532,0.850748907347782
-2.56057988358898,1.55077291828524,3.9270043530998,-0.135257763627912,-0.0165610053014956,-0.0228294757012902,-0.132795920931226,0.0200989748700394,-2.02055625746215,0.480379514584551,0.167987243722706,-2.67941947399709
-0.268866341584462,-0.493485794262668,-6.20045387133235,-0.0122507376113532,0.144332126337646,-0.232304562690871,0.0206676163328645,0.70150435229391,2.60063759475749,1.00274119238699,0.476819542383368,0.797438686462894
1.88596425425116,-0.965472684580638,0.765893479185953,-0.12911863674136,0.51064485565619,0.0648564758411484,-0.297980156984139,-0.125588894993389,-0.231665746157243,-1.0826324084566,0.64436114742338,2.75075111068669
-4.10505381808112,0.752693796475586,7.28818964344451,-0.335359638157991,-0.658564213795538,-0.885904574080594,-0.206086353218569,-0.201462500846375,-2.08289484375702,-0.193340652357242,-0.360263467501238,-4.61583788349084
-0.34022544191623,-2.08507191039956,8.63772792470675,0.216515441193934,0.13278356879943,-2.76261139614781,0.40701100977804,0.418201381675306,-0.662281949923973,0.172866882495854,2.61015596791025,-3.10968349812641
-1.43818769220057,-1.29902071570259,2.19424296886203,-0.333051750162143,0.313010738423654,-3.5267155242493,-0.0150830144619105,0.382233781943365,0.0571555082595785,-0.435927614683369,0.140560633127407,-0.669897456701331
-1.74342870537291,-1.499967180819,10.8838243849547,0.186787336596354,1.23169880744613,-2.31585886321337,0.086525506149352,0.361652341536657,-3.7346927451759,0.36304669718738,-0.855448935955486,-3.9011274759841
-1.02364744039495,0.445598218593595,-1.44708696893817,0.187777902312285,0.222672484841185,1.82101252827825,1.08750684685477,1.50966038535018,-0.0023301735767193,0.246792206875443,-0.60967253290444,1.41446984510929
0.917241901010703,1.27616498360813,-3.80812374138008,-0.0261512737820754,0.178925961683496,0.500442380109301,2.02438608782943,0.819123515607962,0.903458059825232,-0.420041161158065,-1.24296485475299,0.386631188418744
4.18839505525088,1.04491965599113,7.40615360170322,0.183105035746278,-0.220743587955726,-2.5598411883753,0.729723665199935,-0.675169925893923,-3.6677912171087,-1.20181994695998,-0.106920823679081,-1.4771523379008
-1.87978396172129,-2.50766503003551,-5.41401436065973,-0.0484471251730092,0.231735882536563,3.92170450149383,2.08064278285528,-0.117542180886726,3.51460189478036,0.360945368160193,1.17183457192658,0.958884636690101
0.387618028198672,2.70324901691658,-6.72095342553147,-0.471195754057101,0.0647813410605913,2.19476011300181,-0.712529431317271,-0.779370798150674,2.55776099000083,-0.218574353224086,-0.189610630646008,1.1389507771851
-2.02948238250637,1.96557223288306,5.56927142805767,1.34712180951831,-0.726736467170081,-1.74605068254357,0.643141921622972,-0.351637553778862,0.199305851751419,0.469722933262024,0.0783898795846412,-2.74950881973023
0.599410671152963,0.983757081540226,-2.88783238343266,-0.903126486317189,0.229780066034671,3.09206195384297,-2.13623636191772,0.803442004645561,0.948642659771814,0.0831677084879216,0.380504793669756,0.492948688070433
-0.92781400634822,1.46063545310133,-7.79653980430761,-0.135013572615883,-0.249951296736329,1.84657296373663,-0.549333892972999,0.409984966946954,4.18933441182471,-0.0137928736913549,-0.369725805382949,2.46118094293697
-1.03067117237421,-2.17800837349166,-8.30203137006765,0.0917469909718035,0.50741869412176,0.493242381285612,2.00897375532255,-1.3257661277561,3.70291829919209,0.14004704947958,0.375097371774843,2.4856435060376
-0.125320106514266,-1.11825598839315,-7.3217145423105,0.287028910406233,-0.305699861508043,-0.429487736860499,1.18868474656361,-0.0881978512380698,3.72384208557897,0.0106600749067047,0.402015781458799,2.94143432609842
2.01682593026708,-0.575859637281709,2.49626156016638,0.690598603445691,0.0589489313204821,-0.264534949835725,-0.565855250985088,0.0684505815974854,0.194401169818922,-0.697319787607299,0.12681975242838,-2.85241622896049
1.7859164556125,-2.82708519391199,-12.8039791280659,0.214344554515839,-0.412209797631164,2.7798350091801,-0.104614670898045,0.368713781734724,3.30206049970592,-0.188990799470976,-0.190043161970123,4.16244565334172
-0.214610338827807,-2.50789539347149,5.96943897612059,0.510547070190467,0.115982809940795,-1.91620606224694,-0.0524619437720632,-0.242331610134389,0.989995876929636,0.0632497565161225,-0.0482604500441727,-1.48882851468755
2.55491358095623,-6.70750095194078,8.13057922590874,0.162776904811754,0.225308356061522,-3.03574344997454,0.540711836182599,-0.203864782232306,-2.74923085146731,-0.0338449578014541,0.0482907817714641,-1.79602045476522
0.581111684728595,3.36738476745047,2.56443632945421,0.0333266088115189,-0.695924465476114,0.633442644386237,0.22842720301681,0.210383252087634,-1.11178318506438,0.0759280723434335,-0.0110508504313947,-1.952688933912
-1.47137634046975,0.579883223070081,-6.63781930947385,-0.0183031672425947,0.317088846270925,3.3219427766831,1.27319324977955,-1.13701991458816,1.77108973109448,0.0227556596981568,-0.0602112323292552,3.96677659086395
1.16344975226492,1.01431504126247,7.14720998785636,0.368304820371537,0.58868776211206,-1.8879433744224,0.202022474201757,-0.267382983012569,-2.44583344724347,-0.283847848179757,0.879159015911022,-2.47926601273916
-2.0864803314005,-1.90840521896191,-3.20802808978667,0.580762791772959,0.137092420614834,-0.0623999144903018,-0.21519106550445,0.626238430152311,0.518978894815724,-0.0643609163051719,-0.107164664414454,2.36350819479427
-1.64600937976395,0.492938119266112,4.38288972682485,0.337813020713274,-0.734644040763788,-2.01779606306478,0.308594024587808,0.255143365573452,-3.48142371364995,0.662031917067907,0.0154876754141753,3.0472873740576
-0.487229469577023,2.94394562812959,3.54156253123693,-0.322104469663238,-0.0923312254985701,-2.47496008571218,0.329014120990306,-0.20771731174915,-0.905499192099163,1.60263652397311,-1.59796554270021,-0.674549888829204
-1.85653545483781,1.6011798060309,7.95276414104261,0.281694725970695,-0.170027649417333,-3.96769229196683,-0.441244668765244,0.0580487787464448,-2.43493710185993,0.794743824586012,-0.9720845920264,-2.05501517454113
-0.0721434994294092,-1.05306849033676,4.32921791035232,0.274891351947184,0.174883231193906,-0.541123799558062,-0.847691855138979,0.201300896772502,-0.196506321450192,-0.499261366684715,0.00333619453505161,-0.186271715652848
-1.70098903848494,-1.04036827244285,4.45712254024432,-0.211961711428859,0.163663317757527,-2.36646231898833,-0.811430960125278,-0.137835931577258,-2.8686955786064,-1.71054361890552,-1.41186240051808,0.064761275184897
2.47390742219278,-0.0771145112085933,-6.86908613821131,0.923012783666334,-0.236490108213927,4.28255615421524,-0.388441511394926,0.101024405262296,-2.08946944130783,0.849649103831809,-0.599229198077106,2.03381757347455
1.69418314236279,-1.07394773361524,0.211950036615033,-0.281929720073615,0.113293513404263,-1.21422082490342,-0.0454516728509452,-0.155397191187123,-1.90275500090683,-0.0415603609427041,2.03365351619455,3.88346274764072
-0.724601685962888,1.27360968824392,-8.45979751584327,0.217415718409699,0.553743437382195,3.64955044445825,-0.750077565088419,0.359382019450768,3.99743755237212,-0.661375156116044,-0.942842171361594,0.96402670087946
-1.20327715512624,3.91970712275582,8.69709222620693,0.253823016155058,0.199002140669191,-3.67266999267263,0.212148949208124,0.125313703826747,-3.48567402616868,1.12168972626639,-0.0814639253584713,-0.0518627969188588
0.620878862304213,-0.468088196971614,7.05411195956484,-0.306925952668802,-0.310090196480293,0.253543256558616,-0.30710695371393,0.262826649022841,-4.15561308387028,0.155201894338649,-0.248969984552975,-1.96533663893154
-4.55647226389752,-2.13131049052672,6.69509511037244,1.38833499702292,0.386411425156966,-2.98223605410407,0.213466345377143,-0.79181373044951,0.161699115399613,-1.03732776686617,0.45230000230564,-4.93708551455591
1.17387327429445,0.668151434262282,9.20803796910999,-0.155215595845914,0.572140892215723,-4.28110867837086,0.0440254746682784,-0.150162683299669,-1.77826302285216,-0.880771077161225,-0.347078130137576,-1.74483483538728
1.72708494759785,1.83876608932578,4.76772824838045,0.536193202785852,-0.858924356071697,-0.227415405545523,0.01851845884747,0.00850118027480179,-2.92315285256261,-2.06270334352091,-0.364682520453008,-0.0905187950867238
5.16782243670446,-0.816374707896778,-5.74344873353933,-0.419012642604545,-0.137474401506259,1.0465834853266,0.431738467986722,-0.234002256843409,1.57177000522271,-0.164579699349234,-0.162726411291122,0.918320356789351
2.33689356507789,0.218880750829871,1.9720058601731,-0.0763745185766833,0.406682459183903,0.174163276977859,-1.62818609925564,-0.41733170344327,-2.10442205718274,0.0662068821459753,0.0365612019407945,-2.59501376993017
2.86482533456238,0.372620439810865,-1.52355354808933,0.12401078572489,0.292633155929974,-3.33987888450419,-0.665181024544048,-0.690593021046213,4.55683240429035,-0.960566030464836,0.803069044284499,1.7416909951006
-1.13314199312577,-0.778887207176524,-4.21539371959921,0.079924420942678,0.3056549707239,1.63552007342833,-0.167825208684861,0.370990271371446,0.630714198336018,0.450497703847224,-0.45705990855834,2.58562594210219
-1.75291023532816,2.59254609175909,-5.99302110347633,-0.186791408106508,-0.366408401932388,2.83518020131831,0.183535113598204,-0.181742774195839,3.41456709424196,0.66687593303371,0.405697181110797,2.07646832940666
1.46186070175043,1.77719451327126,1.87132959812684,0.00558138426956302,-1.03624540350668,0.420220744496302,0.821913491321646,0.248114524118851,-0.883684468247269,0.155066090460058,-0.491038973421831,0.15315313491209
-3.06128100583816,-1.32625063327984,-3.11908292125909,0.783488650076803,-0.809337549870505,-0.301753944790595,-0.491411606080023,-0.0135937333874415,0.797925955727518,0.144745789743639,0.463162707329118,1.47489927284932
-2.00849049919522,-1.04266204497277,7.06425135395382,1.10895466537938,0.429552134036551,-2.51014050088076,0.651439453059946,0.658672309148,-1.43100480336995,0.0411327778559351,-0.00207858897448365,-3.86544595961188
-0.752875996087799,-0.426334357638817,4.45234737515941,0.366114286303034,0.431839969936148,-3.12484005702152,-0.514179537152667,-0.116205580976688,-3.90564522866899,0.0189758839122051,-0.0223155488834958,-0.295357811414068
-2.76275759419539,-0.185386446908707,-0.216288427570613,0.937012999293157,0.381146085859049,0.267743022939798,0.00339037604161837,-0.147208982931615,-0.0677178650117159,-0.312338761490232,-0.45967192414465,-0.72652815865739
1.23156787044828,-2.01129784399997,-9.77046019756975,-1.43594539298713,0.423107676826517,3.22542369441491,-0.248464869848471,0.0691801020148332,3.61841585841485,0.127118813387729,1.3606961141799,3.78478629278111
-0.871153787960586,-0.771453163733909,6.88804986154704,0.162805374557391,0.272437320590757,-2.45638792957841,-0.646587124108289,0.333397940929542,-2.52311375043176,0.0472348666331715,-0.127957363018392,-1.31399995493367
-1.05075618173868,-2.95370105574022,2.46679466098984,0.0785704626754674,0.0915190970652119,-2.7169587366318,0.347128874907899,-0.298925913252762,0.0700967947010861,2.37514723896383,1.08002149995312,-1.03698522571229
1.99072708693869,0.188535745210402,10.020682031199,0.540839134587438,-1.91500753601403,-3.32388134662376,-0.281375172321319,-0.0245761453789714,-1.53033152326288,-0.202446413143396,0.72951292843804,-3.56074020901706
2.43608966872462,0.339458780518093,-8.04952605616885,-0.475623604186392,-0.408944900724926,1.84314200093585,-0.0330769002587124,-0.0520348463025883,3.35978189258777,-2.35995725737743,-0.252583303949839,2.77744168913654
-0.859949238997385,-0.381647685148529,9.5438971964408,-0.749962527486642,-0.0156303941604317,-2.42580988369051,0.12530081411889,0.0441421199506814,-2.68567870722963,-0.0524732339806226,1.04510909802211,-4.11440496097116
1.67926280606528,1.80391965402771,8.32178074950991,-0.0316083940902814,-1.10608038142025,-2.97205467747009,-0.468207204320518,0.0754728114132938,-3.81791054782469,0.0530460814068174,0.404319913744441,-3.29298170448243
0.0730330810993932,0.534452119128463,-3.89155283430742,-0.582737630612758,-0.183452822801317,-1.25583763791165,-0.0703127767642624,-0.16475749074212,2.59167277544906,0.228129874111131,0.288027736195839,3.57830356204837
3.26113874462671,-0.410682669027201,-10.8542638793693,-0.123220302929932,-0.110645521334028,1.05706670843026,0.150009835847561,0.422473474943586,2.61567448672431,-1.65355451269752,1.40886882432493,3.22045746470409
-0.758873891541246,2.27689253015744,7.44850147834999,0.186193976920023,0.146161346284416,-3.53420928981642,-0.352384680644588,0.0744791914500338,-3.22979326800743,-0.367997333086301,0.0686712754164494,-1.04824239168088
0.877732824017714,-3.42211381593159,1.32488935216635,0.145341340016221,0.557742846853103,-3.61827135060176,-0.32192477978767,0.811543988625387,1.33010923585048,-0.491537624911001,0.846620066942272,-0.435291572034475
-1.43675667822238,-0.232717361326453,-8.95698411099416,0.0678943904006699,-0.0331947840190567,2.22584844736684,0.00954850581266948,-0.0417261539339953,3.12117359872172,-0.253481253129352,-0.10860717767014,4.73832463036135
3.53602614321997,-2.35315271110544,7.1486546121382,-0.462594074189422,-0.134589789808224,-3.26131645501463,0.0514354690045882,0.220252803439592,-3.05522301795619,-0.420537905555503,-0.0776286799354189,-0.427984030086588
1.18766886708928,-2.06448213056463,8.40025360543362,0.0942309774878928,-0.103680446599784,-2.89885260897444,0.503610773424231,0.853238666598574,-3.21181213071729,-0.710682241708774,1.4714225890691,-2.42126965511321
4.25646840904058,0.259507610844227,8.56074330902695,-0.256874052030397,0.0134920132405559,-2.77621700618892,-0.0382777933452786,0.467043466243623,-3.54304854333596,-1.72510194257346,0.426617186985526,-1.71429284239371
0.746451812343206,-0.0499909253049591,7.54863862401802,-0.0904167099870597,-0.315167325277997,0.938599856518556,-0.00386784119343283,-0.00645128298746392,-2.62716328971167,-0.250288406299135,-0.378917128072406,-3.51219976903737
1.97743882035323,3.88497623519083,6.43492569575162,0.675591347049637,0.587251847282081,-2.88934432848405,-0.434856513971328,0.292228195637546,-2.38335382693525,-0.0016420592834822,-0.381990817563209,-2.98063864236879
4.2002419640104,-2.47297813221436,-6.32229241864079,0.358344875249503,0.135064390002861,1.11466554385724,-0.780568590074096,-0.171737198163245,0.793247215024242,-0.825013215371632,-0.0947850459744687,4.72169479065818
-0.237139793789468,-0.748020890527617,7.7820042247462,-0.272088284174566,-0.054000687079604,-2.23218278856172,0.253271732676622,0.27631782747185,-1.92239324842196,-0.194062670401396,0.0282831032056386,-3.21256124490581
1.00220866553641,0.0861728406084464,-9.04761350347434,-1.72021198074129,-0.250879382855807,2.93526355502263,-0.311318134878354,0.228703372097452,2.63696532696122,-0.275585578255124,0.749096492216341,4.4803499022758
-3.55578911570392,2.41102875421546,6.03441441613657,0.502369540050474,0.743766858809718,-4.11216011091869,1.35615813493349,-0.234335707068165,-3.55705824157881,0.594568165546258,-0.204667514880833,2.68180018860796
-0.169376580922505,0.41195063475826,-3.33362187917936,1.22388446997767,-0.597651114025727,-0.965181438738683,0.397565500579029,-0.339178312092282,1.8110105189488,-0.616595986623854,0.854626999474129,1.8082033707479
1.21129369179642,-1.93954370452668,-8.86897366976943,0.20486325119147,-0.387173063443385,-0.885090705776235,-1.91116658207558,-0.316474243130086,4.89092479969952,0.119981049106274,0.133720112076317,3.09505599285788
0.812836037474077,-1.17954240625469,6.86447148705269,-0.0199900700204488,0.531807771653198,0.156603559547754,0.0145849355867793,-0.155378351016709,-2.97714483705363,-0.292797697768965,0.252336003955692,-1.46750897435911
-2.91490291361692,1.28028056177699,-2.36211252374569,-0.559019274738973,0.366622272300379,1.10596247033237,0.328942773926593,-0.268079117176816,0.899257315480114,0.573055054969937,-0.713039896744401,0.695371241491077
0.0714815805849484,1.26537788351465,4.12452717802933,0.459831586387479,-0.0169615788518117,0.935867161060318,-0.2764983249757,-1.14626485533164,0.13700670107813,-0.00668336022665128,-0.504550015227471,-0.616291728892859
-0.992086505252066,0.676027568687608,-3.73097282050044,-0.248143775195227,-0.736790401102126,1.39712402932635,0.214106180142637,-0.0802566402690702,1.83309731331306,-0.0352463933176298,-0.0683838100211516,0.0475639273744024
-0.294443158938075,0.673021395151399,-4.37981597707025,-0.19092136762276,-0.15811416577333,1.42727278385908,0.369850424158798,-0.299859472964973,2.83565970143164,0.24265377082019,1.12164926726087,0.0957593958681305
4.4435772644659,1.28069070775764,6.0314997767561,-1.90589819010341,-0.834930533513222,-1.0997665591631,0.188070911258161,0.0426440607986138,-3.58498002473226,-0.290474160435408,-0.0453334809012033,-1.46379479371295
0.791419196287528,2.09546131771693,-4.47188324879543,-0.35505151573186,0.294140210563423,-1.86816114892322,0.0344383973277004,-0.465506875100524,1.095491073024,0.716907491230181,-0.998970360064288,4.09056102598057
-1.32036476261373,-1.29479164081547,7.98576131637988,0.219793593467979,0.347847735593344,-3.97680693494441,0.237623413650818,1.3777001845808,-3.70252677335768,0.585281676102376,-0.254128181700422,-0.708192975145448
-2.31373650266133,-2.23106717879744,6.91622883594313,-0.0434126916088935,-0.338339948345122,2.52638244619976,-0.505092629262217,0.53755235293645,-3.85054160776298,-0.304788746798821,0.186500123723512,-1.82548485794295
1.8214960483226,-0.0109407247676002,5.35219335934736,0.234654569618645,0.339262074787474,-0.226143769310394,-0.225385911200019,-1.09141771167514,-1.39891084003645,-0.275723239699862,1.27520378111797,-2.97849174664646
-1.91584559314299,-3.06915744521348,-5.94049317522181,0.861718878160848,1.02746742345928,3.47583496645998,0.0703395195500863,-0.217904519784297,-0.0548616756810818,-1.90327173294219,0.00147884941091103,3.39219075782193
3.56559810778721,-1.76533215809023,-11.7823146060121,-0.0246504205702066,-0.947756687221134,3.7609787439508,-1.78107211991352,1.42479141622947,3.22443019762768,-0.343134410277846,-0.367574160568279,2.85177879442402
-0.563087720833787,2.10043424467739,-8.0523736611179,0.692905619596777,-1.19912153656831,3.76308397352974,-0.272020775512995,0.117707917047225,1.42072728959011,-0.123302996718866,0.0965999222152467,-1.16104133758059
0.663979733530112,-0.44072698716857,-6.95896013417717,0.43998639288266,0.245937806659618,1.71268215807373,1.14952536002773,0.624906304566723,3.35480467846912,-0.757873168014352,-1.56667818067916,0.620259070674205
2.05322984848946,-1.41774940590117,8.92793877234755,-1.03480479131644,0.599215846339935,-3.82253853158967,-0.00671795903720003,0.390309638380102,-0.173795286605089,-0.62795421336,-0.63082878168906,-2.2699459836918
2.102319872338,-0.497215247907638,-2.36964397765274,-0.0930398227267639,0.0730349816447517,-0.343012035693009,0.48401561743003,0.331041886135664,-0.119923053844752,0.317401649549347,-0.245992452492491,2.86696028789843
3.67117558158831,-2.51007054784189,8.65892457901363,-0.360904759983166,0.392992053282943,-2.14763949684373,-0.338623724625633,-0.122185553180062,-1.79079538566878,-0.0609979754036369,0.117852709070178,-3.10653644778271
-0.921817198521824,-3.45842932694947,-3.75104939346885,1.1352879129246,-0.183547724540914,1.46918079146615,0.0949970078207209,0.0988013445958346,2.81247262929573,-1.96893887206794,-1.00465828227514,1.76873559725685
-1.61670014742238,-0.833918043693763,-5.32053048502215,-0.24237756190835,0.168847208994213,2.34899021508464,-0.0889472666223556,-0.548870886968141,2.10502410478795,3.01088953163871,-1.28247783079766,1.10023421451957
-2.30654234329264,0.227523373525981,-8.45263321237083,-0.512695169041718,-0.260773134133057,2.82836998030585,0.579584950257815,0.11680851694981,3.85340802422717,-0.862277066202163,-0.956245005037992,1.02644152886086
0.0674378164372427,0.120707725088732,-0.136364915286315,-0.0583420321951813,0.234830173439967,-1.36202456792624,0.0036602389820989,0.168329892456445,2.36977783523074,1.67078773121368,2.00549252706118,-1.79034460095852
3.02603108091459,-0.394740894752724,-3.46735626037148,-0.602192963747755,-0.57620863535272,-0.343729574758548,-0.502546488490616,0.272372551244514,2.59191949373584,0.370507274761854,-0.19165372681718,2.80058542422158
0.346314319777141,-0.823102510902581,-7.59216537155733,0.190645035535637,-0.284207946045295,3.7055223627603,0.62920923172417,0.0364128042734267,2.96146041736936,-0.0295559745208759,-0.0222372100799743,1.22204020938362
1.41041071577165,1.51943850553744,2.8089956960317,0.123023932900941,-0.074296466831598,-2.98336936359147,0.494916301835898,-0.0411209316047142,-3.98191902124528,-2.56425193570572,0.875476178184673,-1.15512997056202
-1.76744475589317,1.37835964559755,9.12847447303096,-0.0630584539428446,-0.500458787325453,-2.03532142988103,0.231141427675646,0.289092899243534,-4.41790153592207,0.705209772290505,-0.886311829012154,-1.79320494959081
1.46881350083535,2.43607424466464,7.18035494461453,0.0851975348438719,-0.0327474491268087,-3.44092891961148,-0.485147479768646,0.159970655446879,-0.984694961299121,-0.875632263126796,-2.10933463500365,-3.16538818806213
4.26602406641994,4.85922180974977,1.43215463895495,-0.730801060757008,-0.00270386678449958,-1.85610799432637,-0.342772212551915,0.0194626734844008,-2.9368641148209,-0.312003611242877,0.0429105872199107,-0.668542127695601
-2.01179034458258,2.23144160018882,3.00010720308058,-0.0694360780976038,0.133645403160119,-0.362024038000119,0.676601783957027,-0.510173927025253,-1.46169791776474,1.76697767318286,0.487951695926567,-2.80458039501667
1.34045221631653,2.3657746708452,-7.01876546188255,-0.403519923441973,0.051684341828609,1.17560350015917,-0.917846582540866,-0.314156237167013,3.8889854594717,0.587930285940497,1.15829936527892,1.45354056925213
-4.5032919854557,0.16787054489959,8.81465987705446,0.821404634106023,0.907765001102638,-4.14643403290566,0.69687968114034,0.939120606183784,-2.58632320901758,0.349798503571575,-0.309278923963587,-0.908938114140318
1.4805528070033,0.403238754644567,3.86650395081848,0.325925868871786,-0.653687836198079,0.97051689393666,-0.324631329904328,-0.0946798640256999,-3.43816857843957,0.159987284364608,1.28165255761081,-1.46090946750643
1.00611212197879,-0.195249343331983,-0.937648284060406,0.0194437537954203,-0.0337326550852159,-0.336073055053113,0.473354148123277,0.454951892377072,2.09849101534229,0.109306013561824,0.162367949179617,1.31405727772776
1.65633876340267,2.84164427154218,-6.24897640390561,0.0907638368773533,-0.203692937436861,0.904613866906643,-1.04371373338499,-1.64049778460271,1.71839828848073,-0.759611553469515,0.31284570673873,2.59474240683213
0.0660815023498437,0.172328539056396,1.61789595826641,-0.146822755795986,0.270063952309518,-0.00743610250434542,-0.9196994167498,-0.00278347691137752,-2.05564485691416,0.321439155510592,-0.41089795318065,-0.0107612438348197
-0.368810186765653,3.64217031134492,-4.04109134875364,-0.173081715969647,0.563302699989561,-2.57021557368535,0.155961370929172,-0.165168068818803,-1.45718831925863,1.61406137898166,-1.52521940916312,4.27475281442458
-2.44578680692617,2.88621762603784,5.84967779922779,-0.317199531652018,-0.689969694163735,-1.56569453994653,0.22329641956559,0.0232437249996143,-2.2750976329878,0.40312039052541,-0.0696844630084842,-0.425656275194424
2.7136073727051,-2.41073153772102,7.44216468113011,-0.350265138354789,0.503733841536893,-3.04465126766532,-0.00705770914382647,0.645858733933244,-1.69845246721356,0.194766853335755,0.138504363314489,-2.91391673349229
-0.0395645864180589,0.347686242148205,-2.52886285448581,-0.807061589723466,-0.41174375982586,1.46839060738707,-0.138974596309798,0.232433039408981,-0.0919164096427038,-0.0410605192786197,0.384354746149504,2.79361057618538
-1.00446685319986,-0.405881766957617,-3.22314039708357,-0.0674716766359977,-0.0464522366844426,0.0561001946644697,0.664735218205427,-0.528873436801386,0.903055912715846,-0.313981234165563,1.97620598922194,0.0764821845771056
-4.00637008486907,4.1902498268391,8.3264377365101,0.3544407785694,-0.455965711675189,-0.759120957193599,1.49637643089756,-0.81484337880951,-2.67311851859006,1.42531404515062,-2.4994182019179,-3.02865202937403
0.150078701027231,-1.10306535272594,-0.0443319301718599,-0.342515718770263,-0.330665378041289,0.0888445316834136,0.372219570141836,-0.164423831056618,0.515665407927233,0.498921756012903,0.48635993541187,-1.23062807741957
1.81522728002308,-1.46425726087626,6.98436729786315,-0.347774774307717,0.0524375676497282,1.8732345528898,-0.239712699939782,0.501803465582163,-3.69155728504158,-0.0602915450270001,0.158416847401325,-1.8332085451253
0.0415089572140376,0.820716107069077,8.95961522227346,0.144213507571493,0.339634532254997,-3.51456798708612,0.146770832519156,-0.703524916018602,-2.01754109527349,-0.779974319663825,-0.398105321508976,-2.67598252425583
3.40612922759343,1.08748517828496,6.40907541700977,-0.0562246028189135,0.645803261029208,-2.00780979343531,-0.458963948749285,-0.149435349858941,-0.52238868366216,-0.052702320414282,-0.138785830569269,-2.89101879244671
-0.542257875946869,0.173152582924479,0.348116283995673,-0.440121845209629,0.823164101489642,-0.710646938948542,-0.391543880897598,0.0419528506035217,0.0511164166911831,0.936400324489758,0.398710601371025,-0.78631558620855
-1.38001944680959,2.28460175875582,-4.66595215759832,0.366935730611087,-0.296595372927861,2.63064684441968,0.331672948260609,-0.171140522648239,0.737252012188355,3.23575990037213,-0.236933313303665,1.66508191730477
-1.09888455079798,1.58698825536167,3.88777370747191,0.375580225572339,-0.311611904874309,-0.992789357716614,-0.212779747528918,0.180102564665827,-1.2431237153782,0.669397713864397,-1.36010439908316,-1.10016489182648
0.233360045331372,0.588129303776261,-0.70621356746536,-0.678474976336429,0.173832225896808,-0.0644797014239935,-0.309108475159543,-0.566079445889883,1.08239721635729,0.372359786768185,-0.41289867545237,-0.140229277247747
-2.46458254908447,-6.1155152114571,-4.36714870912884,0.0328831487049174,0.32975263886704,3.62523670364401,0.279475925151979,-0.130757683841273,1.19433726656762,1.97518006811694,2.36068604144707,-0.897703933071105
-1.08739783227979,-2.81146240235325,1.39781674841431,0.0689772349667711,0.584929526481544,0.770061459064731,-0.255795014082287,-0.150492529587524,1.1363784452618,-1.402874692485,1.81970064821953,-2.98612031545691
-0.206618316275787,0.413056743784077,3.01917040305708,0.269291354033505,-0.71723244423927,-1.49702986893801,-0.406902567267521,-0.486624300328655,-2.74588530026987,-0.603358757051926,-0.14377008192718,-0.0833931629583018
1.032553414465,-4.29339787423476,9.82859414197245,-0.400673301926079,0.159798135308447,-2.14609147422117,-0.717140244713687,1.44973870514671,-3.53287011686679,0.200138810404194,0.0945229615580304,-1.88385165262494
2.07775890681419,-0.347531969904641,5.20269381348073,-1.03495166239016,-0.383251414612683,-2.56922159747305,0.0787769295264489,0.211369864707452,-2.11522947630381,0.0496713825907113,0.0360315157761833,0.303017871711571
0.783402073574729,0.247183999462619,-11.1029057351707,0.274067804600901,-0.03952206465402,4.90673501628217,0.398797203299233,0.0647743132186755,3.58214793419599,-0.337848104733566,-0.101676999969676,2.48939421712587
-4.91983100932984,-1.0032610066734,-0.18629349769471,2.43177633957206,0.809216148990789,-0.286482072533,-0.518242341255545,0.124314114164404,-0.97862261002434,0.469877782585321,0.37994931464326,0.11354754137563
-1.44678693946289,1.7205231848016,-3.4782659577125,-0.204200289672238,-0.291529158285403,1.48749985598394,-0.228945440796639,0.768004546008363,0.415877031717983,0.54655901920099,-0.0268668393693813,2.23469191192055
1.08924381526109,-0.808739106190788,7.87929715199547,0.0569657756923886,0.320741453253429,-2.20290962578112,-0.133109535777496,-0.2609912794615,-2.55799733526775,-0.23207623381191,0.470222492346485,-2.98113842020819
-2.46687482526899,-0.414964972563245,5.05606049524191,0.14561710794221,0.359612922634434,-3.14393989777075,0.234097804086874,0.0687272390367573,0.247181171243182,1.44591953562506,2.14550889305439,-2.85987401318558
0.819248258885773,0.204093964237311,-8.74808133550466,0.05866323596241,0.106345197314973,2.13018532979751,-0.371146031956779,-0.376685053080965,1.96738155451663,0.113790121785502,-0.216406290500985,3.01650031556839
2.97413620081872,0.502953596007309,-4.63451715162228,0.296034362504011,-0.702773875981958,2.94778667797875,-0.537179358484147,0.0491863463557791,-1.0856674093703,-2.24273679135354,0.302182188495301,2.05110856497372
-3.66716543300358,2.19909344769047,1.23937244315503,-0.175217031842871,-0.344631407805853,0.48494219646053,0.135169676180903,-0.102378402480923,-2.5987526895467,1.26418115229194,0.264256139402903,-1.54258822651941
-0.344643633001702,-1.60341880333393,-4.03684493367988,-0.14398681437423,0.326285602472021,3.24546712027682,0.309712783376177,-0.178227310189785,0.845045749922292,-0.982556066514316,-1.94226102435696,1.9605227237985
1.44912178558098,0.241506747796871,-3.95522974388574,-0.172221285158838,0.449857035643058,1.0944661149803,0.926443818450847,1.08863401459738,2.38614221822252,0.0182640026476132,-0.188270192718126,1.65814814005305
0.444898173395353,-0.746789727511879,-11.6822521348044,-0.118656454069462,1.21006443994023,3.87830871301337,-0.158072253741571,0.300947034561972,3.48275156052196,-0.0156094737575686,-0.119753757203607,4.80847002029493
-2.94602796057783,-0.379496755529993,-1.50437415471868,0.112208658891962,-0.384629510713947,-0.904067989316416,-0.156033828003257,1.84827684536697,3.84596542871828,0.655682000452211,0.049018014403568,0.840645575093654
-0.363296889712629,-3.15385302291715,-1.81934881525579,-0.0438070595379511,-0.00384084773775626,1.75530325189036,-0.168355587713619,-0.0595594806506762,-1.57805826666572,0.0506667777424372,1.00765404275987,1.42109673575854
1.63228837241981,-6.98151602159492,-6.05678889052586,0.376245861761676,0.207436337469928,-1.44646759916976,0.480804041255318,-0.0436223318574801,2.01478290888262,0.647498253949157,-0.15154813911645,4.64120346490052
1.8185444494887,0.0088972756357476,-6.76822167086032,-0.0165981654584297,-0.269074629600701,0.198895433323033,-1.41680469309465,-0.00771738485073353,1.72549266336033,0.105393628295422,0.121714171884901,4.18685040840562
-1.84809079862429,2.38512222733608,3.9640388860722,-0.01940848544464,-1.40017960868116,-1.85346104545436,0.040497529336207,0.462321081621007,-2.8755632397809,2.08726269610767,0.179803216275188,-0.604531125074269
-0.843402059815571,-1.13424937983521,-6.63357012787133,0.900344072781084,-0.249886760043775,2.31172136524337,0.0811042086830321,0.348184746086387,3.49334922636429,0.344159118772074,1.46896092545512,1.57028503257159
0.634318687994357,-0.628269936310112,4.78890325534302,0.704216143159221,-0.00203620716839992,-2.01107273761143,0.153085825911541,0.260660966241897,-1.87340916936329,0.029376508208537,0.00172973252754055,-1.40377290179342
2.83193046816063,-1.29962828597937,4.48992206996687,-0.415669484585846,-1.11050758675301,-0.273067315098996,0.214773902398382,0.12820891286675,-1.73067159599582,-0.0601181054066754,0.194375582694722,-2.72434676996419
-1.18303428892725,-0.881131611193169,-3.95060810602884,0.554760607990428,-0.198675234868384,1.5273080152603,0.187207688720551,0.0186057218076639,3.35710363954932,-0.0341623530545187,0.536903855186435,0.352327636155401
2.06350548709427,-0.498143064887199,8.93857628509692,-0.612071987816815,0.284519352866304,-3.20613170178209,-0.160515955116419,0.105743973648508,-2.31141258311597,0.755312751966655,0.815417876563746,-3.62759222767132
2.69626245252081,-0.460128311502195,-0.895825862990797,-1.93714747251172,1.26097923113379,-0.929451075045389,0.471126144043604,0.193577724561523,1.77822003098486,0.951430189626782,-0.951879419182286,-0.865858492571567
-3.4959977352724,-1.78365284128284,2.70964169318052,0.39624117740019,0.0433488329052083,-2.90794910354375,-0.159813628970944,-0.480614207279861,-0.107434731998106,1.67424991648793,1.73536528699309,3.14956031883748
-2.53214247548342,-1.66054437207109,7.01740014881895,0.412883625664054,0.244279014564516,-0.707237056387263,-0.0641356294138195,-1.42241475581853,-2.545822439989,0.602440115341733,2.31967527627919,-1.89244199209529
0.535811439807394,-0.444198649197847,9.20367005417231,0.158886860207489,-0.0885842331589849,-2.68271870281321,-0.246052970736207,0.448653379974272,-3.69809227583788,-0.120188778327908,1.20742629564997,-1.34050250227197
-2.34486992295047,-2.24630752149108,-3.28185046753001,-0.0500612895191879,-0.341836585319063,-0.396081756603988,-0.265287549847056,-0.0483507398100895,3.35141953472593,0.0311694312784329,1.99410213228339,1.54510456052954
0.643490391864082,-2.28181204104618,-3.70371272514792,-0.519429741704406,0.151831545116161,2.45068068732328,-0.326672522824485,0.111108040663476,-1.20525343518673,-0.0187378871203788,0.490754560519587,1.86083586291487
-1.12700154309712,0.66791912025171,7.9686462721202,0.0665029452417005,0.00101787778247008,-1.62668900555434,-0.331619486561404,-0.748890532057278,-3.21879919652812,0.789637718440545,0.561268659009206,-4.62007212225022
0.470968173415249,-0.446349790787699,-4.72565832006673,-0.0671147511822428,0.0898434020088102,-3.38588869626963,-0.711466865529188,-0.395027289627337,2.33771475289805,-0.127064351819337,-0.0237178191116939,4.108063618877
0.681337393010577,2.7387472655119,8.2884158107875,-0.654029560838065,-1.04023954786733,-1.09457968423272,0.177596284350327,-0.486941369679628,-2.62665386737093,0.350624546159191,0.235995304911467,-3.57419085753486
-1.54670692386946,-2.45586139890265,-7.7236973548869,1.05233997642251,-0.011140311983176,2.9543924554192,0.33246384734185,1.08179748510089,1.81475742715288,0.564794203228972,0.426401155050641,2.06920823668801
0.379530950449462,2.47701020888674,2.57551235390111,0.0787684289608444,-0.0913806435311398,-3.21626137109468,-0.656633674158698,-0.408072233122532,-0.845822892697142,0.670649330972467,-1.3518108441167,1.01559389383841
2.11550624129747,1.11629522206402,-6.22813873814053,0.208715719043055,-0.643289128497064,-1.35499464163905,-1.45853897247725,0.240220318750183,3.81466561629388,-0.0241578012698751,0.060137518901346,1.97990733945794
-2.34397887151702,2.1220798713635,7.05509689143927,0.181066600270556,0.154401310453126,-2.40518924900738,-0.141383527220841,0.446102897293873,-4.08843931980314,0.179104592577391,-1.22052097453141,-1.64209822072503
-1.07094532020916,-0.553777408472033,3.30133749139369,-0.124415703140525,0.421724064581228,-1.87929436177447,-0.391391455579284,0.119876811615068,0.902632712770485,1.1484559021717,0.947048554970862,-3.30998542429685
-1.83834243867069,0.496332379434501,1.33201123993949,0.308243637346222,0.123392549877244,-0.637868597357569,-0.0898490586625253,0.60862245640263,0.541398065414033,0.978506102941933,-1.00620081818516,-1.12168101902472
1.92333166783193,-0.923749446077969,7.51479984482854,0.00872944151209746,0.0919926485856739,-2.03701592415907,0.320575215242425,1.00355983327489,-2.77547227810259,-1.51680762852987,-0.508745477581424,-2.12492142193468
-2.61466214283057,3.10981616198015,-11.0930831187822,1.09069556636976,0.327194630052268,2.62754449527179,0.622764904518246,-1.8305452174757,3.57709391154243,-0.148620757298346,0.105504841001725,3.07924621978745
4.4644358403217,3.9665031050643,14.7879835634552,-1.28160197331596,-0.470788356425349,-4.69647360460546,0.0660043554531714,0.0524826594767021,-3.74345554808763,-1.0095970833933,0.65157530325267,-2.23304272614503
-0.158302502748937,2.91864407524948,-7.46393897335293,0.401955672361971,-0.13615804765093,2.85380340135624,0.233185609003291,-0.861318088170925,2.00073020300687,0.291116755022555,0.210680890562186,2.00870924257837
2.43946485261679,-3.46020299618221,7.00605200666711,-0.0685367492411539,0.322779988393084,-2.61552526803827,-0.863396832332719,0.625631920685631,-2.10438157754432,-0.250035318447015,0.379242839068607,-0.916151955865469
2.35848416096724,-4.33927060199799,-2.46331914544444,-0.728623859574259,0.867083473140503,-0.12457444111771,-0.0523223980520656,0.255710125945801,2.20804643753388,-0.0366016448680513,-0.00288040725070842,3.07027135467025
1.58852100343788,-0.242372208704587,-4.83851449711173,-0.121839115781715,0.787347756610548,1.75780129377159,0.0808296154513249,0.101284907354932,-0.884626544942447,0.511254265862274,-0.55944313972217,3.12840027782017
-1.95815554810494,-1.36954887682492,8.44635504062208,-0.187410108810301,-0.356233928149659,-2.70983611110435,-0.266511966030851,-0.13060199397462,-3.42051412718244,2.52591491140367,1.67048164361346,-0.663536341453096
1.52989036027085,2.09845250455575,-7.73382435220956,0.392398790876806,0.798903364887194,3.17089490617608,-0.95498508864506,-0.668075923920136,3.92945021941216,-0.319632517405443,-1.47527910084041,2.12410147751995
2.8382494111043,-2.07930221545526,8.81753468258467,0.472930589595754,-0.369883109365938,-2.02283916587978,-0.210578438002451,0.423438157514556,-3.50549559467712,-0.128106354742333,2.26401999533074,-0.385333834897112
-5.02634871865767,-0.25391562599715,-5.4460093476326,0.998911647502489,-0.975420856819102,3.31953584673621,0.851803913859863,0.931797818667496,2.38725669470445,0.862504310333678,-1.24178195727319,1.024412765302
-1.84671407852074,-0.0460731749781752,7.84012092289152,1.77911353928393,-0.733540153754499,-3.74903756624199,0.112782698649972,0.253643385530762,-2.54755328635182,-0.490351684515508,0.273682035413559,-3.5596454123709
2.14544835735446,0.973256602981115,-3.57348667295031,-0.44594741415288,-1.1490993292834,3.55296262110489,-0.554538142899134,-0.465701759900132,-2.6430207436753,0.573661779708916,-0.207683652740734,2.44963384489704
0.929786036624677,0.743600223814988,7.86706961629645,-0.144995536468587,0.232543853780539,-1.57302091959847,0.506451664120591,-0.178500053955015,-4.18408544836361,0.0453010640413365,-0.46153351544596,-0.965689315215098
1.78760524058383,0.622060314340783,-10.6445520765392,0.123088852075836,-0.783391553879308,4.54129706156503,0.463180252392875,0.372606160043847,3.31139800084058,-0.137695555678212,-0.342578394790105,2.67121717537567
-0.738339350242917,1.83156944825131,1.36153498760893,0.623587603160595,-0.74320861496994,-1.10088101156799,0.466109589856047,-0.0351032241406332,-3.31415774151144,-0.45747454400582,1.67027857670379,-1.75154253831136
0.218272232750976,0.9119232159499,1.69534668772769,-0.0536831601352134,0.0581750251618867,0.401767766907183,0.583007968726372,0.0104827133900681,-0.932887851017226,-0.272508066297752,0.264172413859886,-0.66750663273203
0.358301530366172,0.232709498901114,1.04979323867992,0.316325378345261,-0.134593015043545,-3.01384412602911,-0.134620404300223,0.43210497118466,-1.48866544635525,-0.0951893913706383,0.468195889525361,2.43175292719625
-1.96670791819344,-0.994076574236706,8.1747506554542,0.0615433406276644,0.029666304273911,-2.87408228192795,-0.211619937995456,-0.307220464146773,-2.52265904402131,1.5551611125177,1.08536741439814,0.172983328608644
0.476763962453376,2.47256678162197,-0.449339474351612,0.527967033539627,-0.608738836997481,1.69993546804079,-0.127671517498692,-1.710288393858,1.59087839889882,-0.339673206955399,-0.0150187215387523,-1.37360630870185
-1.71169876197926,-0.290323609105763,8.81215395212835,0.375005193545673,-0.526163421910086,-1.29555327357922,-0.402960820082634,-0.203105223383477,-3.31477939235387,0.762679073969524,0.421982207882688,-4.24368889523405
-1.48720774830066,2.73060834747302,10.7486335312494,-0.142118337917244,-2.79253621154171,-1.73520777504163,-0.293629026502301,0.455443889944917,-3.80608925879622,0.431498034411969,-0.717347605036605,-4.35240414309317
-0.755753206213283,0.056793399933171,0.413533764840571,-0.671780539076658,-0.566988225326328,-0.403774281585733,-0.0545837145602368,0.278278166090022,-2.07095437489344,-0.116336676901762,0.20640324311683,-0.202383426351105
-0.768214364205153,-2.43185404568574,-8.38417205134609,-0.433666415380989,-0.121968842012686,3.17454655425691,0.195120902374976,-0.0645342181081843,2.58488670085714,0.200786044543327,-0.0294120930868785,4.3359281397999
-1.50234663430201,-0.921663117031827,5.31301925992878,-1.13687149956207,-0.166557388020978,-3.55780973510521,0.0791156557572434,-0.0123468607852684,-3.37788026914485,0.00621715973896567,0.0557733115224095,-2.41669781150641
1.5766838486135,-1.22063167932393,-4.46900124731066,-0.826255193181599,-0.158096386301021,1.00026240689622,0.370917698258594,0.14774374380364,1.25180520710148,0.322056341355359,0.460300760431548,2.22862903811718
0.609793993517595,-3.11906672836049,-0.952948251988268,-0.25620382249814,0.936863457490843,-1.87110981023613,0.144762579985008,-0.109073037288405,-0.661428004732586,-0.140430013540409,0.61240261728344,2.11391027716771
-1.86247269224321,0.543053497855437,-7.43901664754692,1.75458406537759,-1.02214576448546,2.61232474962355,0.167508673074762,0.415746008663835,2.72763250418751,-0.0494077671359052,0.0753148403305686,0.866710840255885
1.22401439167173,2.74969086435842,-1.08370503893456,-0.177707843522253,0.0387320110896239,1.04583965752687,0.156263619746407,0.151880064565685,-2.038442088229,1.19175866103368,0.120825518933867,-0.789445592142989
3.33360758491248,0.164978625536819,4.66490856547788,-0.0275892449560934,-0.408436313802387,0.35110018296143,0.0192038681688817,0.126848834939992,-2.93824372517033,-1.68736270562628,2.34341869341208,1.03232621992871
2.12277011266987,0.735937456539437,9.83058993394459,0.122324066253629,-0.3623347411615,-3.06882729660426,-0.592991899989174,0.642417224389756,-4.54848226422813,-0.254524317630346,0.310818361847219,-2.63371512291727
-0.115042062702276,-0.0916566444234703,10.2206807878502,0.232561537619654,0.242791227367371,-2.90366267677805,0.055607093959289,0.475189951122525,-4.01241900834466,-1.1871978415289,-1.77363141515136,-2.84807610636134
1.75032414512286,1.49460803705398,8.47988746999347,-0.207038700318034,-0.49354120746549,-2.82102366495147,-0.148762408348246,0.109507993543839,-3.28071400108917,-0.502866019853568,-1.67924662300373,-4.59453890097447
-0.719895075522565,-2.64593273068673,5.08451185734228,-0.0709827360427429,0.0406721935708713,-0.0847260412026925,-1.27870539979176,0.0301618948844493,-1.96317764238548,1.47520484737084,0.688954135526517,-2.75921758554096
-1.68183159496526,3.76844985618883,-10.2875211983344,-1.32441274743078,-0.428266092128614,2.90761073219115,-0.783544810521378,0.447391360519867,0.943294391977853,-0.541147524590603,-0.423382315473215,4.35100129213169
-0.76185279459207,0.741390123536108,-6.79238605534066,-0.506975961116273,-0.167938949993246,2.65888379947847,0.186583342937657,-0.380025244772552,2.81339875095894,0.34873289879805,1.79308256572832,2.53443418381086
0.927985984189763,1.17458466576582,-6.42933524460275,0.065506362627796,0.167625322669194,-1.49249394819207,-0.967035958972982,0.438073714291835,2.917061638548,0.102242958242894,-0.127122078810061,3.84767406331325
-2.40804676544042,2.21830570924421,6.91797713624856,0.588804901003839,-0.324600359745732,-3.07191902373113,1.13416465655998,0.310916773802467,-2.15709620485595,-0.0202192324864751,0.087850606603644,-0.927193730671015
2.92220345038561,0.488576186461534,-6.75631460946118,-0.0245449492245608,-0.00559392973647888,3.63870734836387,-1.87613482889249,0.666770909849285,1.66769867467961,0.234477273045815,-0.879261269093085,2.18770776633161
2.67501681271655,-2.70704566080788,-7.7988482494398,0.159788913364233,-0.149043901056738,3.72369599384703,-0.626026231685642,1.24147021770504,3.79943339573712,-0.0177022021410207,-0.00369831675505341,3.07131285649867
-1.02973476357376,3.16693231928328,-5.01842200796563,1.36597001368042,-0.2869554710149,2.14969243097423,-0.0881472745016908,-0.0276925635408299,0.804305259234783,-0.730398029330681,-0.0603520539934334,3.20003686826321
-2.22278985252572,-2.42466324449463,-11.5932879047029,-0.532102824782172,0.882874238428907,4.07789223407726,0.0309628780615229,-0.082621452773154,4.55611231380416,0.974452203996027,-0.850262020339022,2.55304336603256
-2.12740351221451,1.55337212154166,-1.01939114776573,-0.0983373999841453,-0.0657633326980624,-0.764535814514199,1.78312448415532,-2.5046621253159,0.229613309465389,-0.9128156976794,0.0273663653926779,0.818781968247981
0.953568938894988,-0.379282571462738,-11.6599058623944,-0.331043968124533,0.116202727857738,3.17683094779192,-1.69177692239243,0.458659970312966,2.67381576689377,0.150895082014483,0.0810811702021171,1.56014516316167
1.39830916103694,0.724450752396381,2.58437694942831,-0.0788108581609593,0.149834692917854,-1.26193812682159,0.412211933597279,0.0468749365617929,0.410549448715025,-0.279474272713183,-0.695252347890446,-2.89568663788142
1.21520650665865,2.24760889305298,-6.73428541247029,-0.137762187270972,-0.0888398052154122,3.01968437520681,-0.101840021234271,0.450809102265363,-0.0569845670872322,-0.228703184078231,-1.75318444973645,4.26877478999465
-1.9995823173332,-0.0363256216707296,-3.94691147278953,-0.445432729787811,0.308063831778636,0.135500650212988,-0.0526297636363833,0.557378756730427,2.22165914330055,2.06306471073311,-0.633980413823415,2.67501480048008
-1.3275602537334,-2.01601319583928,-7.1697249231167,-0.449789824961807,-0.220525410365185,3.39119708510629,-0.243153576712647,0.62955544112428,3.78984956696624,0.178377684059765,-0.0180095105743123,2.26976880414138
-7.34709450164597,1.00938277811952,-5.38832320185232,-0.515511371006123,0.191837390661397,0.0300054379355157,0.306753654115019,0.000971022376852422,1.89275857243276,1.86446928185587,0.0251731285538337,1.86015479733806
3.20677663272795,-2.19223822180018,10.5836896593377,-0.829620664646562,-0.138121431270482,-1.99730202377056,0.543787048840382,-0.870614522374951,-3.16845090697307,-0.356560883766965,2.28891165872943,-3.24436416593634
-2.97576632161744,1.09601229891161,7.27229913056691,0.564798807519601,0.376538165251706,-2.16046012834072,-0.0727386563733752,-0.506283687067825,-2.36234490274697,0.932511577002029,0.892379096061163,-3.99607408045219
-1.2679107518363,-0.829659562533201,1.57260760527755,-0.299509684159731,0.0173422045717407,2.65836808718647,-0.0939718888796087,0.00384632115703621,-3.03069312747762,1.2906233921874,-0.554884061493817,-1.2294059997636
-2.30032430010498,-1.07937271256001,-8.29084538146253,0.164036464931436,-0.409787796695917,0.63541032118723,-0.149436961063288,1.29644662857509,3.74728358731439,1.2091719497972,-0.658899010403162,3.18033429363373
-5.43050856785193,-0.449642475283099,5.35824472592861,0.419589255139265,-0.214307048747375,-0.688941716660843,0.224036490680259,0.323440451549685,-2.00388605412971,1.42552452581743,0.774753541778779,-3.48383447425881
-3.89850887021185,-2.95716302936042,11.1424475120199,-0.398761222721729,0.681536472030216,-3.90835865993047,0.042223916004456,-0.0272713815848504,-2.87699032882291,-0.192571075393918,-0.963133707726612,-3.76137406841203
2.09688591244211,1.23416968023592,5.1208118235163,0.118129437077502,0.607703782299715,-2.82669111359669,-0.217825126271505,0.287758933889452,-0.652058355670873,-0.816108311409094,-0.572487111008192,-2.35339178624844
2.65255589939288,0.468655686213505,-2.79198234655345,0.10654602419878,-0.211434722388537,1.28407432028784,-0.433595123011659,0.633320067356257,1.64581842646157,-0.0369362255686254,-0.109199128568206,-2.41521878395402
-3.86804807059219,-0.373855407784479,0.894929343660326,-0.526696306894775,0.106834546770467,1.3770155612707,0.0991487299268757,-0.323755050495828,0.716349222552214,0.710930658996037,-0.0421670175944751,-0.795564574800607
1.7599326740396,-0.382516580403233,6.14347577576353,0.286791567643881,-0.0237824253632798,-1.88038452450558,-0.0705222965446949,-0.73648429244343,-0.965333919673867,-1.09808136192861,0.377684934847287,-1.06893415897095
1.85077680678576,0.477344675201777,6.04986793748009,-0.00440242109603234,-0.290743827293341,-3.30711331853075,0.0840077774060694,-0.223456605604542,-0.570836811445245,0.13288886122602,-0.647439034731543,-3.89527612028542
0.416923562068387,0.259989315666454,0.419408676287287,0.0891538395596636,-0.0508478998590239,-0.304511258439849,-0.135536975949346,-0.975160660775377,-1.23896421167473,-0.161800296108705,-0.643528206725992,1.09878142585912
2.49594378461358,-0.648637386376447,3.01867475164182,-0.404038846492908,-0.312275217440239,-1.42905492787422,0.197812533238864,-0.0725403483829573,-1.83501585951029,-1.06351555578827,1.30366779331302,0.359028691834341
-4.36658826889375,2.34551200275629,-1.79790058576479,1.85416102866001,0.310787408471027,1.55661667290573,0.206988714475839,0.100908440140227,2.46428192263367,0.252729498859397,0.308143257093536,1.18083338198745
-3.02088926633717,1.59991075629772,-1.05266165294808,-0.0924835354061207,0.0773696374590131,-0.876609671639097,0.227994870674813,-0.0861845802015264,0.627345662276919,1.86013392562369,0.906653030385919,2.20251116320161
3.1171982606537,-0.579853389255402,5.65120632026834,-1.55002298175077,-0.411623938879413,-1.71217905206557,0.025577237687767,0.765682347371553,-0.53850600435878,-0.713819257577323,0.298412281985671,-3.02885444977042
2.86622754804474,-3.08357153029719,-9.29900051292688,0.133714734047525,0.801336228768834,0.835951658896936,-0.209150356376892,0.215081375763127,3.22651766243749,-0.871707967623833,0.930972839944551,1.85408977283121
-1.97254076927224,2.39020923851979,7.32854091609011,1.08370265132162,-0.113874471740413,-1.80989961471512,-0.00802630025409929,-0.601930131002615,-1.80801301816037,0.0826771986868384,-0.487035694244615,-3.63443165616907
1.77429303220501,0.119650105478929,3.67514275895379,0.193600342600825,0.12201921875006,-1.38390005764544,-0.527566418846918,0.057654032926034,-2.3288650479293,0.0468045960580243,-0.558521282965465,0.8739367251971
-2.19787810195158,0.175170557770534,0.896858998077237,0.333588563418354,-0.554817180088462,0.896009641224431,-0.00514323495802967,0.490241966223016,1.73563678430015,1.70445509457652,0.646026221702379,-1.96070812275793
-0.436817820982023,0.612845875067491,-6.52135287236535,-0.30527259271503,0.417388832643676,2.96851633427028,-0.157464860848795,0.598666350045308,0.938984020585601,1.50830551609881,-0.64446685935976,1.72121240091272
1.47664335661691,1.54612190943498,5.47329513779856,-0.0303195533557489,0.564702809899379,-0.402149774663018,-0.374295226705403,-0.352618429656194,-0.316694058468187,0.134674030085989,-0.143536636083223,-1.3386660422299
3.06322862346572,-0.35604407709118,-0.0474694778338334,-0.155648183438902,0.162460496707437,-1.59161917129982,-0.600506501100657,-0.567367896366669,4.61137991924085,0.735690550396283,-1.09080188894054,1.59225270098797
-0.299586848780523,2.81179272026102,7.82730715061886,0.677651891192678,-0.0970505127363068,-2.4438353184251,-0.650119891879187,-0.474574978461689,-3.48898562075348,0.650764047181964,-0.48422248465389,-1.43050607910418
0.921039709427187,0.306399363140063,-2.5401950877431,0.144002324039847,-0.600541008690792,2.03300915578782,-1.89761781793146,0.378491039839399,2.67312308198734,2.26764744608287,-0.583252222668542,1.35647797707592
-0.731841311692918,1.21863975841261,-3.74081935854734,-0.172423005595545,0.446556354756691,1.39635133654622,-0.117611215706663,-0.250509022711356,-0.0794815504468801,0.177757668135511,-0.446769822790859,2.73721641063645
-1.77990008918831,-3.28894913879393,-6.57507543323079,0.252179776561458,-0.147309624407048,0.763010369085022,0.781373335973586,-2.0303212184836,1.36436104689569,-0.445681493641435,1.95980385143613,2.02346393872597
-0.683808143779786,-1.94663954127976,4.25039197280395,-0.516026847801197,-0.0144542453836702,-1.93964416267023,0.550834776108373,1.02016222223781,0.32953910356963,0.013614236684153,0.111504209998435,-3.56152667231438
-1.70526527465245,-1.87335702191839,4.74402650585314,-0.441359707244293,-0.537851925965226,-2.79649532809512,-0.0123437176982716,-0.227935142511977,-1.03564351462086,-0.292696145404851,1.41220370983872,-3.10077567798865
1.57527006387413,-0.861063135544944,-2.6578749725748,0.00167080616923358,0.324332695793745,2.05336198625467,-0.0140393213434279,0.171574887373545,0.59044905726477,-0.426491926455384,-0.63161786965981,2.91829091331467
0.829663066936629,-2.35813745241585,-2.61599719525568,-0.293762414907802,0.196209376768786,0.321871713218416,-0.509080512328225,-0.382100398849556,0.677758897819967,0.175485586452865,-0.0631349543326964,2.98172585967055
-2.92086902491143,-0.401741909946993,-9.0394358189748,0.10919585277737,0.316984401258331,2.6994738425355,1.02748801543759,-0.66873630237957,2.13721027698276,-0.636813448177504,0.217005683510464,2.7469293116051
0.332486396240013,-3.62303222403745,-1.79504615202279,-0.201032576008156,0.603526267129115,-1.20856691481066,0.308092906232153,0.635808902394296,0.260722301664813,-0.0987003480784843,0.34576099025115,4.1353767280683
-3.36713371380557,1.6999896808156,-6.11148927044485,-0.0727589055498191,-0.550638140720772,2.44200370967707,1.20004618250455,0.780232065686448,1.68911670030164,1.02381596774625,-1.15663678783495,0.200935583728136
5.02644539848829,-0.24400571379261,11.5481636582247,-1.68048922151047,-0.456699387112997,-4.68424006758863,0.352242694053689,-0.136102612987975,-3.17233820179436,-0.0641815057008222,-0.773965375468738,-3.33767359052115
-1.59875594152057,1.25770030522988,-6.16981514015934,0.0953239906967425,-0.057269975711327,2.0433858207227,-0.3676903154298,-0.0709258740183449,0.547270108350879,1.43951549915934,-0.739164811652659,3.49708152431645
-1.17087555966338,0.0250627088245405,-7.68428059335116,0.125080842489645,-0.0747248187343845,3.52637040344878,0.651187841853206,0.820149259781935,1.93815694840506,-0.392869316286242,0.213340799884132,3.95191690069589
0.214895547857777,0.922672465224264,-1.94073984940613,-0.458309777771525,0.446949463491812,2.41270822088747,-0.756524329235844,-1.43438004319866,0.817302993685652,1.08043011013419,0.497344230126045,-0.447500798662245
-1.2605919842436,0.0364620874824125,-7.37526832904681,-0.0518610646718489,0.0694746741272963,2.93864599358825,0.34489988245124,-0.344471411184532,0.5642326707755,1.34057455264892,-0.314278353116996,2.14874855788388
-1.85868910150577,2.45445406888035,-10.1769712219437,0.119615600010365,0.138067665000971,2.26200880850056,1.20040971059238,0.530645551269907,4.66424149883025,0.771350171610991,-0.516460927715469,2.64352484431221
-0.184048205572927,1.49917117731861,-5.10949518854912,-0.409386717540718,-1.46234451412847,2.70903230433583,0.734666290765657,0.217708278157473,2.68065913199164,-0.28070572422794,-0.182582830434266,0.652293175383699
0.952529285825092,1.99153463575978,-5.6222977486756,-1.09850965112581,-0.890591824275522,2.5482739697262,-0.648896452183742,1.72996111270109,3.42509881051623,-0.221385646700776,-0.0893540167772749,0.370128223179042
-0.560562594176905,-0.499015650580088,-6.65379093373491,-0.0309672983535462,-0.492880381001432,1.92406168612888,0.106680121774809,-0.0712454659815374,0.276385062799728,0.0501310662566441,-0.0470410348729282,3.68832273320675
-1.23932415850441,-1.32442267164542,-10.1159426329961,-0.358027067399863,0.540083137338388,3.66149603224911,0.25886917381585,-0.00243072334756755,0.789565131900446,2.21554341504209,0.833678762063755,3.87794548001354
1.29436328691871,-2.567632171026,11.4239956204432,-0.337066278005184,0.212877933954363,-4.13504425365763,1.45822089646651,-0.816207053110782,-4.3480476795851,0.149753320698875,-0.078973613199863,-2.53498819669646
-0.459862226380759,1.19045875238868,-8.1626961763633,-0.572449052196067,0.1319726839531,3.04819389787141,1.71716006655414,0.436025713201882,2.07943476581662,0.388022147952406,-1.14240522422806,2.92384559297349
0.119647054194206,-4.10972057014018,10.9801225788227,0.926984099011885,1.00409057072892,-3.51015481280858,-0.344469589335512,-0.201452543042931,-3.83060012076754,-0.0404938735046797,0.124960064120745,-3.11927608818639
0.629426386937174,2.54861835238102,8.14371300737477,1.00422284435796,-1.28581253926074,-3.52720250675459,-0.0359395648925603,0.256154513438372,-3.02721892337737,-0.736012011930545,-0.520711944290839,-2.30727311744091
1.82562411321896,0.323680312694151,-5.27477045608222,0.195633569979132,0.13164446248159,0.845584415642227,-0.384424418113563,-0.209413935145106,1.19577638531329,1.0404736368515,0.246381181409225,1.52285233215034
-0.142765497111611,-0.738834462278128,-7.63109816244779,-0.527136944050286,0.927709230201106,1.97496619831372,-0.241490291176665,0.656473422208264,3.25074506584921,0.0478409928443346,-0.489900266347718,4.57271503314976
1.45369518280395,0.445081037174817,-3.81990739690516,0.123962695745379,-0.133098436899254,1.47456075195558,0.389085481673672,-0.224603229379604,-0.393884145218149,0.700990652189424,-0.580979597405827,4.1507460166937
-1.12258015493759,2.24850460479076,0.317650727670479,0.463106319360259,-1.1020607446502,0.0374571628481545,0.347655948284095,0.0123563327012308,-0.681243708307607,-0.517884764082583,0.257393728824956,-0.820174963023662
0.0941538390533092,0.385864032141214,3.59058246858118,0.279592718340969,-0.24273475423624,-2.99436755720972,-0.0617057228949896,0.469660320214985,-2.27116093576797,-0.0696751245241354,0.0146433081175058,1.35699185969457
0.96748818441379,2.11853918937657,-6.76412459983928,-0.363816672869852,0.170378465437436,0.176292073624937,-0.338993170196021,-0.185833030236231,1.34126830329762,-1.80792344783319,-1.41042984434121,3.14407419226718
0.574818470976596,7.74883650168811,-4.57640522279127,0.135456619676688,-0.302333717714249,2.51185260291973,-0.00360715716079364,0.0289823897216303,-0.49873994899501,0.0455750627398049,0.742096642813118,1.08518733874718
0.61597848964363,-0.409136173389514,7.62687716476689,-0.493997187245219,-1.33265690212316,-2.04523066044122,0.0368462402029762,0.895580029520847,-2.65521182027462,0.146747994105963,-0.0861908784719599,-2.68746494616605
0.160919086128114,1.72844302178958,-6.95684667089326,-0.688331308290627,-0.0542319335296227,1.83772152345954,-0.20026097924327,0.0923146215095063,2.97746591868691,0.00219197890841446,0.0708482442215981,4.3759669152981
-1.84480959028375,-0.0979663277797,6.13073022251648,0.185714607506,-0.372326692117699,-1.52920075739224,0.301977105753789,0.00818193475310066,-3.20138728458123,0.236904716712013,1.29001067537501,-2.1940798089534
-0.373731402228424,-1.99423676976659,5.05317577261402,0.284697325289738,0.608270903605325,1.89996214802333,0.0573440934722171,-0.129073673637609,-2.68190652562091,0.147183429460332,0.741988398662214,-3.36822731947933
-1.42325802178854,-5.84503387004148,-2.58268886773927,0.0153807595004549,-0.550747129649746,2.89840861528511,-0.697542797843986,1.01009865982272,3.0416672074458,-0.570895854559148,-0.118106361832528,-0.779656008014627
-0.48413570963493,-2.69384135977314,6.9290929666874,0.272033419569322,-0.0804465124989469,-3.04195705271284,0.165951526790651,0.973461065082622,-3.89226889132082,-1.05385928175483,-0.317051532748465,-2.05617527338645
2.97276008318419,2.87778511385861,-11.25978609738,-0.537155419608154,-0.240267510293689,1.73864812382645,0.245543988874729,0.833029140063334,2.94297412889581,1.08050464688572,0.0286377254152872,6.23451635016131
2.10971852103325,-2.97789069188003,-1.10557269740078,-0.0301108126273847,-0.0306361935463154,-0.738446019913085,0.873786535486983,0.699501027619536,1.48353218066414,-1.63304843634507,-1.36325361686581,0.230871203333297
1.70509898340132,2.1117228016428,-4.26660538958947,0.131635866260444,0.231964321839485,0.265817780331006,0.150687386734044,-0.48722364741473,0.961249191876751,0.0178527306121183,0.0440807914680444,2.06631185168093
-2.59777447700429,2.57744528989657,-7.36721875928046,0.248513374088696,-0.101057711573875,2.97584327173221,-1.10436502110705,-0.186161002411769,2.36491613693807,1.27143669758466,-0.0169975878056719,1.78676289870724
-0.727523114855056,0.566079376346302,3.65052178401339,-0.535283832613029,-0.800120654645137,0.583066837237955,0.024986146219813,0.037364838938441,-1.6798663949191,0.0566275673119475,0.256403068966566,-1.10358155597075
-1.1871808798947,-2.41758152834786,12.3832348409261,0.750213940382225,0.485658272477155,-3.35188697145412,-0.178208765770795,1.24936686138146,-2.66102017359551,0.684504650063167,-1.75069579455098,-5.17253724562882
1.7858279379919,-0.0630585170774148,0.683515009940536,-0.0238548916660881,0.0563037219496703,0.353153483491811,-0.272990678840528,-0.054556577917892,-2.03012446748274,-0.524115515064186,-0.688866382681613,-0.160120828212349
-1.41792221097743,2.07531042177567,-6.34485581075815,1.70528078037142,-0.172240621599406,2.72485667506333,0.0893803934825289,0.153095325107037,1.8278312829424,-1.6410138043121,-0.787231931201513,2.39226476028113
-0.862129849012647,0.525716434127037,-1.88658604389989,-0.398847510049416,-0.00859155240591308,1.37737902473531,0.234993385001865,-0.132245558979916,1.05381464469537,0.770828722277676,0.634460153478711,-0.576743503627719
-0.801414864060185,2.12879667002128,-5.57660966667335,-0.639810285500302,-0.00290160902007665,2.58022413933129,0.438935901598815,0.168844060281539,1.07784279256142,1.52948176925277,-0.0723962172133579,2.15633904132111
-0.123204407910484,-0.407998535624249,-1.97643660017869,0.0717146563947491,0.347636622057822,1.18912079208534,-0.641885992687517,-0.214228521248023,1.18900202425767,-0.190666940537346,-0.00103650445869457,1.38063385195862
0.543267839414743,2.24121361750159,7.43740625112721,0.435770798695932,-0.111007633678803,-0.054873877650157,0.898508463557355,-0.156356456767499,-3.51205835191666,-0.872381646051089,-1.57736022625465,-3.61613805738546
-2.16672853486786,2.94744037787582,-6.95811668889583,-0.486068785413331,0.564750411568102,1.76178095634781,0.0870151834834135,-1.21394361028189,2.26245821346442,-0.136918895791247,0.257356541480545,5.01038823741986
-0.478933016992003,1.47788532941428,0.00211020122805516,0.291030084501355,-0.0212106985606445,2.1283666748603,-0.400566769826741,-0.131794611867978,-0.979007104996406,-1.55651387282247,-2.38282747317327,1.25029031397414
2.16622543902195,-3.57033837657183,-2.60455728008959,-0.293291109732264,-0.000243339485729431,-0.0795047918708165,0.0557848479878354,-0.372784568637587,1.59321534912458,-0.36521008309483,1.75930100215965,1.91063285198697
-0.609014788060568,1.14628180127092,-0.888160680884418,0.397646367621641,1.32392143069099,1.36416820151497,0.295500256082731,-0.59251445240072,-0.686885115195251,-0.120854750549287,-0.524122322384219,2.47052455938579
0.572277364375155,0.257077936950746,-7.7973181381864,0.439620647961183,-0.503075372754658,2.21994437964143,-0.483703429023222,0.0229843667233093,3.8975037387623,0.797915797989804,-0.0300792042225715,1.49194192207062
-2.28253229056846,2.03645274229582,7.16198122663897,0.518657772441256,0.248460258555985,-4.00754727042394,-0.366857284620851,0.0548122413895823,-1.16708113895453,1.91589122211433,-0.564119919845581,-2.33482448669781
-1.14118931131875,-4.46893585949823,4.72231047923762,-0.0783700338664255,0.482907348419016,-1.54656270436995,-0.171084936870093,-0.150780116870109,-3.21834978232501,1.34817496801446,0.359294177084071,-1.52814644310426
1.09072368354172,-1.83959281738599,7.1899034951032,-1.29450054379452,-0.162706327495882,-2.39227670114426,-0.214475158197815,-0.353444030441391,-3.52326951357398,-0.388356002186949,1.12374529218234,-1.22993604501423
0.0449515308974643,0.492720143995095,-10.3307734053868,0.0409120009725079,-0.0651356985775673,2.57001785808377,-0.751592529630191,0.267278969168207,3.31742472885857,0.210821247443509,0.635781714436639,3.44217522002012
0.359522725837025,-1.49058741070722,-7.67739938756884,-0.155369205768597,0.456273886582012,2.57569208010743,0.0444775172770521,-0.0455479134035332,3.27957019209552,-0.287578419138252,-0.181421952877611,2.45232835039075
-0.140561244022465,-0.445448471729399,-6.03339514182616,-0.107627942237564,0.246983114134378,1.79235789098999,-0.137404018690528,0.178721402533497,1.00200069625024,0.0793207717793653,-0.367197725518016,2.20719607466658
4.48369989188212,3.41939029233257,-12.4871442476041,0.427148326071287,0.474142706682151,2.93629595272634,-0.0787199141596031,-0.507589912164764,3.14454326288144,-2.05857137792489,-0.205710326016761,4.51373709412757
2.06360579473261,0.986255604034554,-2.86284700935544,-0.740487325194621,0.346586836765691,-0.983591648918616,-0.782656165170978,0.315189391030089,3.11522090097413,-0.0904082956146727,-0.267853761225062,0.47290752113523
0.57810065175533,1.74174634479609,5.69066836716238,-0.14139450563263,-0.105221380587846,0.677748465492593,-0.251402560742956,-0.855756307713185,-1.91487511718689,-0.00362154234613107,0.019260830254207,-3.68890050333113
0.32518972736699,-2.68710032462005,5.99363679814505,-0.129333739571539,0.508224709820191,0.706961188902922,0.0773671023421105,0.455566874997153,-3.38003949692402,-0.121520913435856,-0.516529074827777,-2.26836280592369
0.787495753375753,2.31248770699709,-4.13468381014715,-0.485801042700996,0.523034992900196,0.885117717877677,0.38081922191123,-0.242381091923602,1.12949892633596,-0.336129569384995,-0.130571537161771,1.85747648102134
0.609846944952261,0.494435495086234,-3.74295910602122,-0.161386191547544,-0.08872385260154,1.60254234766835,0.888069477298752,-0.583080347012719,2.21728483955286,-0.30031058459057,0.209169739820475,2.5482186452938
0.767426873360666,-4.63129078591592,-2.12718089669238,0.221544102504652,-0.120752369625339,1.7459013062502,-0.119908165881958,0.462634876377383,-0.832681066495683,-1.90177439141809,1.75932173897849,1.10377648248863
0.718712324081063,1.31101867099528,8.48420518513276,-1.28528219542004,0.702307681756298,-2.80248602534843,-0.675124518698923,0.375437357225597,-3.29519262173853,-0.0594008280054202,0.124368152708308,-2.63126657466248
-1.82541684397439,1.82267793056208,9.94348697348526,0.64439301070256,-0.64935853616409,-3.98195076112579,-0.154421539214687,-0.0236249748275305,-2.87720452018903,0.190008925079445,-0.15661521599888,-1.10014886719667
-2.56766927018383,0.0576432302575191,13.0782534561427,0.877220533016214,1.85804750497199,-4.08565354239951,0.133448949305073,-0.231837477476377,-4.24003821758844,-0.148204184035041,-0.793284672569706,-3.10157534420653
-3.11007747237542,-2.90301161816165,-4.26098479812345,0.133282012209945,0.108305153444849,3.36770076733138,0.553414157623086,0.341305155504171,2.28829147747385,1.49323962608332,0.900080806483987,-0.345296556656831
-1.24059636935696,0.902526451425163,1.283856643222,-0.0536205693430055,0.804335517379331,-0.89054839272086,0.0249886615359081,-0.0390118004641485,0.157674578986608,-0.032966293818917,-0.787461877410631,1.7541599092497
0.289522591734359,0.676843479265433,-4.40359703387439,-1.21486397148831,-1.10545011911336,1.52229254181312,0.0217742790196668,-0.0346125873122446,-0.140871668641747,-0.106281705339979,0.63223044842929,2.34581363616356
1.55077379435505,-1.90174297802962,-10.3399834462921,0.788116931319457,0.142619675449597,3.47452117729634,-0.949661065588424,0.522579396912777,3.20695279610381,-0.0418064188944414,0.102816418468876,3.56997500057456
-1.86894828166746,-0.405236796942067,-3.8424832560033,0.725686725406499,0.631403480160435,1.71090511424568,-0.567973938298626,-0.0456934539326924,-0.6527874957523,-0.0381593699161861,-0.321168553346077,2.72869826147901
1.16991073817736,-6.58315450709862,8.07127105650028,-0.0331417913253746,-0.286950480881564,-1.94234322846133,0.434580011104208,0.142735508076606,-3.21548000450267,-0.204655841639456,0.0158164692002569,-3.02301816367404
-3.3011150071012,-1.16503823762976,-4.93520500636096,-0.0629567160501224,0.434243240789997,1.78540608681681,-0.0286399539861686,-0.353976691322026,0.944526952840137,2.07802225499386,0.518527152082959,2.54238084508633
-0.100910400584516,1.8725781933309,-0.145243972081714,0.290284109330582,0.139228149944644,-0.867727909665884,0.127645390124314,-0.0520469369783529,-2.93546096485118,-0.89406647047828,-2.10235981648295,4.39705887733043
-3.13855159540222,-0.754706889682314,-6.88566808682705,0.28571619721986,-0.0570913904523987,3.64682473903984,1.28591623281723,-0.559980949581992,0.817074615017723,-0.00741076436604851,0.611879152026694,2.94632484150192
-0.570940755603721,0.938858682353827,1.62107366073097,0.0283091832550399,-0.145112494575052,1.04276321837827,0.286179957242008,-0.0550453405013755,-2.07634590844196,0.114877595775524,-0.0797130715457114,-0.451761996989601
0.322853346151766,-5.77843426739334,2.18331332789511,-0.107521931406775,-0.183492376308392,-2.84068412691741,0.0744537056585281,0.461340369255888,2.88831630066267,-1.06576424178596,0.621785866756555,-1.89180008736859
0.997988635120433,-3.17639004935919,3.01252059097363,0.470754594929527,0.237933978166566,-0.974821392204388,-0.339403605208856,1.98153779319091,-2.74987411924967,0.185208552316303,-0.263292102883233,2.31683298309581
0.729569745826899,-1.12470763932055,-5.96296628561508,-0.654151781585229,-0.0423614168774302,0.918628315717717,-0.0601386223735376,0.928822723845424,2.71017869545404,-0.808232033723059,-0.639364316047008,3.49293413452973
-0.286803606354866,-0.611208195575824,1.33074674805242,0.487483865655309,-0.19661337962644,0.199650246896482,-0.10981425612334,-1.02717394744916,-2.64703204640503,-0.0308923503026247,1.19235616373444,-2.07483198567249
0.0813759229257549,0.00257205338203509,-8.47510744749733,-0.184873104578197,0.334607236685664,0.907722732079721,0.00741657250241074,-0.619560561940918,2.7812481625271,-0.835140249887712,0.512548763626437,2.8212604943795
-0.84598019515274,0.778800176329809,-4.2244122872693,-0.259314943036756,-0.703214993193941,1.29386724382287,0.263899926252225,-0.196200026381416,1.10853492344713,0.215382521939874,0.351106813607905,1.76040038825464
1.16847442610497,-2.3412468648977,2.81405398094249,-0.583378526156553,0.124876720496054,-0.305898188469762,0.364192700727919,0.11502860272177,-0.455309687600979,2.24096316671145,-0.441112207265951,-2.59910283539489
-1.53092147808622,0.267862273973074,-1.65319924458217,0.0709077589783276,-0.0626988470836955,-0.18935784337656,-0.0109863854313106,-0.218381357868936,2.33641565358237,0.936070568617767,0.229162836135025,0.227003893515311
-0.157966245757145,-1.8872105092068,7.43706956729055,-0.0320344041589113,-1.00799756199816,-1.98671399283397,0.297393982695829,-0.121416843851604,-2.12698619427443,0.277071900796974,0.0493329130444797,-3.57096404521962
1.67492493428316,-0.495090692841274,-7.42886969404971,-0.3819788903743,-0.628152767973061,1.7328440348457,0.422498882704919,-0.0813627597342323,1.57661448652667,-0.915153315171924,0.600400443490559,1.82889517469382
-0.143988731529954,0.337008108203339,3.45582627605656,-0.105949332956525,-0.135026035874958,-0.48698437818029,0.122020063598034,-0.00618300629578355,-1.71062874974244,0.772018454826388,0.460953193857478,-1.80158948518671
-4.2391209927748,-2.40313075388929,5.62072003575502,0.634845761767128,-0.00830182605253252,-2.24194935109304,0.496333483865223,-0.156288646378222,-3.32075976391539,-0.385740344558691,1.89227595236982,0.0632702454359575
2.06092075146726,-0.683472865545079,5.10209458083038,0.954291403850174,0.403420977553597,-2.25586289057199,-0.160797013952444,0.581358689347858,0.325637101042701,0.00336924249977607,0.00921473473787955,-4.00617062698379
0.921766309723648,-0.590099726407418,-4.43205360112838,-0.21263932681001,0.288136808498681,-0.544629162364887,-0.00672440123249833,-0.444952397438578,2.73224740084405,-0.0903426679247613,0.592101041627439,3.08835324073023
-1.20976244209479,-1.71121088757681,3.36088390909243,0.392581086561695,0.935231723929667,-0.548987572120901,0.839350187042407,-0.000605108080464727,-2.55921142293261,-0.279348603472116,0.153538289381319,-2.2619769851397
-1.19611174683008,-0.656783768992576,-6.46853015777655,-0.000298245897535496,0.420494000291174,2.16586551298653,-0.382839935043204,-0.37749394786667,2.62217137387148,1.75369825882957,-0.499368372145811,3.40038730287123
-4.80970999626929,0.187568645615922,-6.37476035308752,-0.198268056395538,-0.137422818768563,2.13118118370858,0.177960121190882,0.0529602163187968,4.77285203707639,2.29676110016671,0.791043292771492,1.57172263196173
4.70279061254567,-3.27196177065567,1.64382582748867,-1.80835977349556,-0.2467764068683,1.12401749872218,0.108663513527445,0.0703976757739511,-2.76003739794253,-0.816150288163023,0.374480159625229,-0.323553310614463
-0.384978468090177,1.5833226484856,2.72602232301791,0.219666892450731,0.0444519528957213,1.20014448753524,0.0449970550974194,-0.430956685974106,-0.145494993011276,-0.402119725182022,-0.617887720646347,-1.63708118218127
-1.99197036168901,0.541485972991078,-4.75435224140125,-0.0145006141267247,-0.303508486364992,-0.555555953814975,0.937443846271664,-0.498759315447517,4.12998206757438,0.873218215511619,0.294699793537436,2.46815340765639
1.14677158386911,1.61587823273552,-6.76634469449339,-0.332214685644683,0.135790205142187,2.24100309406958,0.120298626502569,-0.26811119074042,1.01198915919898,0.0947391192812766,-0.280803668011941,2.16048107348054
1.60436764065509,-2.84993060532901,11.1665481732563,0.299292185237568,1.10708511775775,-1.91834929722862,0.138992832465021,-0.183454066782839,-2.17433556319269,-0.338283745567574,0.327207446205173,-3.68995284223907
1.70110141497648,0.536831011642494,-4.14615795967893,0.169643528640949,-0.0806546602237864,-0.931955030845378,-0.36160981765201,-0.422055498699733,2.66013178539405,0.66787888337945,-1.20052464133477,2.08223227430321
3.89754234357627,-5.10970885347488,-9.22265361227034,0.154807668656446,0.0979072734568962,3.05599803194492,-1.31063578515545,0.670487952657105,4.09267496298052,-0.27383320810689,-0.0426868822622662,0.502070550846769
0.412384780329742,3.63855062499764,5.30018113783696,0.391330216939262,-1.35157186908041,-2.16825052343288,0.658051795527054,0.662294917192986,-3.25771716486592,-0.0939753462216128,-0.177532471872598,-1.95538553713483
-2.58151670427021,-0.675526144513754,6.36234327597387,0.146404326980749,-0.0137286549196966,-2.70267255411884,1.94549997251079,0.820120162148765,-2.18621389722997,-0.105094244022323,-0.170750619259823,-3.6640050775195
-1.96553389572387,2.07384078757857,-8.77630218725623,-0.641872830298629,0.127195075456812,2.88897405800207,0.465956496933107,0.250812603219423,3.80613574877561,0.904164640370166,-0.702651009158398,2.2149623234238
-4.82300297022366,-1.49080032228789,3.88948058781394,0.849401850094817,-0.812082360512043,-3.26513081045445,-0.014538624972464,-0.00579489588350293,-0.354959757791532,1.39498214940037,0.541760571366658,-2.68071225142606
1.19059234977944,-3.1537753132245,1.06319117886131,-0.0453477774049942,0.357710641753512,3.24382816413457,-0.237563206286402,-0.283331888057062,-1.6548854145734,0.567781357125185,0.579794284789145,-2.77562798180304
-1.77534328233319,1.83633083254663,5.06062845378417,-0.496451007949079,0.276681284280179,-0.548968711308516,1.11913782283498,-1.55715492104056,-1.73382116375776,0.356116174998746,-0.0345024320263384,-3.71062042606464
-2.31882560679165,-0.484149601153404,-7.29815646593672,-0.738173285317741,0.865852276910819,3.14874901830009,-0.00498397697975534,-0.07334296643353,1.01410152693897,1.86394954339339,-0.461779799745347,2.30461594426622
-1.74483770364226,-0.170159485923727,7.90543637143948,0.280403950947094,-0.351866954933748,-1.45406965213804,0.110827498016983,-0.00837510217973065,-2.72212347499868,1.24440804854599,1.12547822039574,-2.31842782973951
0.949191523817412,-1.66127414305167,-3.87902560525077,0.444488489010508,-0.773473464655007,-0.106793052319773,-1.14685400771766,0.00337335617122207,1.93680590037674,-0.251408941433954,1.95899592152422,0.440745065775303
2.36251232845967,0.28786348812363,-3.08435321406993,-0.278518925566263,-0.0903846420263452,-0.0173771470689855,0.244371500593201,-0.136419556816979,3.27515281074253,-0.0595566108290417,-0.10090888797752,0.15791762245844
2.83718990642051,3.625939611522,-10.7984544715821,-0.59312130772715,0.132516374172843,2.35451122144652,-0.281185814811871,-1.13695224063801,1.84144879640275,-0.413243871899421,-0.440280747331838,4.17546096912402
0.753619109883442,1.16805373803946,-3.60826563990276,0.115543262241122,-0.425996563689838,0.189099111615729,-0.342900256496301,-0.222676917726318,3.58740781394495,0.0744902161139551,0.23320385039957,-1.3538115747778
1.69639365064753,-0.701467456848258,-7.18768365751261,-0.0703807309478895,0.105229070867885,1.89679856284102,-0.424602185093575,-0.0707852487837526,2.12182720762142,-0.0196087093005608,-0.016231505384787,2.88074291694772
-2.45487327789383,-0.48479918556533,4.74151420166369,1.68836031464794,0.457584197793028,-4.94953076145945,-0.143849857914037,0.434259974540915,-3.31855907528406,-0.607963363301245,-0.3168711555651,0.165069989123045
7.97161777426374,2.27681403059501,1.5946649270871,-0.0345488699768999,-0.57367065492362,-0.142470296882324,-0.151070340989327,1.37611378981394,-2.73099026501304,0.16714800743588,-1.30412829324432,-2.54639652915037
-2.23510500229614,-2.576252126209,4.3468849813468,-0.0489789456550887,-0.203323977776489,-1.57563341485539,0.0453912028519699,0.486722458120631,-1.2921467753715,1.63041119784119,1.86940272218762,-1.68662024574394
-1.80919930257682,0.710053000008813,7.64511128485139,0.0455611328554438,-0.0976063390507566,-1.961740529452,-0.0151328911932235,0.291841756338296,-0.716444383525337,1.42988066419937,-0.310912925759499,-3.50945668636565
3.07372293085795,-2.81214567372881,-4.74827060906742,0.349304621018866,-0.525972304266865,3.41395001807515,-0.0120904862932406,-0.207207905490992,-1.42637014044748,-0.960513804644604,1.57348963503277,1.08419826129787
0.0603125606420458,-0.361006033145558,-11.8035494545076,-0.226240205803101,-0.766297698240066,3.53327017929458,-0.299086156665504,-0.85600847174268,4.28939212227149,-0.185359499294083,0.793161698857426,2.73430655624416
-1.09970289793945,1.92035061013453,5.59097211902148,0.0302694389020385,-0.127124613910296,-3.03858906141742,-0.308329455835149,0.0892370259994233,-3.72704962888636,0.195021569665312,-0.06428613756151,-4.91212587488198
3.90735871584688,1.01684621642706,9.5624847361656,-0.472664451718802,-0.994889836372864,-2.79395477429373,0.0133892340747215,0.145118608528089,-3.71140593610297,-1.05230441541956,0.54572995763377,-2.95749937387902
-2.55115748322321,-7.76261677577125,1.04552893203412,0.420055591758091,0.0352063609968898,-0.166958917853148,-0.694210489138137,1.26800364905035,-3.32151074844095,0.627605863997052,0.792284199088686,-1.62398306334179
-1.39242946514552,-0.446597417434705,-10.5286284924949,0.208254593189057,-0.333897136692659,2.33892901786613,-0.0694357632070225,0.913453914761596,3.19987224356071,-0.547700900649607,-0.880678018607104,4.14028843272968
0.112566937599721,-0.523683852718508,-2.11653645824923,0.487652076238549,-0.659675982863154,2.05109983188792,1.51839459646236,1.32316847795141,1.86115726875314,-1.24459073914311,0.961451408771202,0.932256838916692
1.03603939834313,-1.61906366739787,3.0746384101732,-1.15177685252638,-0.263097578977583,-0.935956112100926,0.128851337682271,0.0405555509070701,-1.50530451452098,0.433033331946623,1.41871971713652,-1.20286017753072
-1.64344547949186,0.044290151941685,4.85688285723594,0.26968913148237,-0.0999811560792249,-2.79009226349932,-0.344996136385254,0.84580646312177,-3.74111608266303,-0.0492711528920403,-0.17344998292654,1.15084012504697
-3.98349069034345,2.91440522990451,1.29585244676621,-0.141002906695228,0.693804101258127,0.61144967287082,1.21147584089154,0.191700755611441,-2.65812809849667,-0.113741783230171,-0.0634454943239992,0.599135746834911
-0.204999052752744,0.0611629858790326,6.88084375794684,-0.675569369271348,0.0430764272106953,-0.503784222264948,0.0282003225302515,-0.0998597730720989,-3.43752227543643,0.745944477634264,1.24647049312008,-2.67747152032445
-2.7909494683044,-0.675525982764237,-6.4666984958597,0.554275797424206,-0.0511639807148625,1.46061969688203,-0.174527159360914,0.300990783696625,1.46521097366295,0.437514453201572,0.702061287472047,3.48305721657897
-0.744387460579074,1.87823460667886,-0.753213210297823,0.265810342735422,-0.476387663022644,-1.71973727293712,-0.193008057634673,0.0193801979600982,1.893670701516,0.658274664247098,0.223661150963923,2.67947905723845
4.78621370179308,-4.00107453126032,10.3135667409905,0.0266307548246218,0.656805412983595,0.374393169549991,1.42644092611213,-0.691694077044077,-2.17574857128713,-1.8310124960583,1.78595384839146,-2.25047712565423
2.25394445913412,1.47128032420505,7.28833270725922,-1.5252707049094,0.686652324457605,-3.45544701659797,-0.0963654460681747,-0.127059382522706,-3.42402161730277,-0.0674085460589621,-0.84840921402994,-1.48101764788562
2.54368591281414,-0.10736037930269,-5.50647503440154,0.755339425177446,-0.683557317465503,2.31722744887352,-0.593159444771153,-0.30625776241496,1.77896874819579,-1.57586952391378,1.12557868555903,1.35735957392475
-0.0895610673250217,0.152719272575635,2.81255475154631,-0.440704914963183,0.089396061982589,-2.74910728238659,0.573795987178288,0.0988699534031296,-4.09920954744071,0.627787330540664,0.317862915050328,-0.589689879948923
1.31819118662231,-0.555466168551059,7.49777651345272,-0.680306278209464,0.333705076192271,-3.06082809270954,0.1714615202422,-0.240055924028702,-2.6976787814796,0.786989623266638,0.974143183200353,-2.3104107889593
2.0654373281045,-2.09124137710855,3.31783093014428,-0.0850607134569793,-0.0391488419440804,-1.99198280618214,-0.0690248225431319,-0.543462843852826,-3.57161032520635,-0.598468723518507,0.153649174799614,-1.85061194825515
-4.09654858703359,4.42308156514167,3.20903931394716,0.989836851918305,-1.37248930101159,-2.92604562429763,-0.00154283397284006,-0.943051226476358,-2.66336309927811,-0.152261798493354,-0.238880919235866,-2.61316199999613
2.10453891407249,-2.10419462480492,-2.72697374955765,-0.376070864708733,-0.21230663314155,-1.36713560611737,-1.93165469233833,-1.64614157413011,3.11996460880389,-0.532175609064179,0.301774467592148,1.51064610477957
-1.35089238938457,-0.0477043683303129,6.43303114937138,0.698848828148779,0.810260705410287,-2.54001472536683,0.454909919716308,-0.114946740062436,-2.29226860841115,-0.672486875626966,-0.57467338884524,0.729667060644012
-0.14931011485649,0.545942025910509,-7.70298904718829,0.509270474427021,0.118109319833087,3.02254554752905,-0.441342774725993,0.0407694238444281,3.60731352868253,0.279584243837423,-2.42611744122506,1.67249134401561
-0.177025766349157,0.035492581091093,-3.871545707689,-0.144041207589823,-0.00677441550001839,2.71432784374019,-0.159887051067335,0.225336837691703,-1.52023344886858,0.0404596901168624,0.0626588573825167,3.22182250398434
-1.25481266768939,-1.19943449538333,7.21581893963352,0.366320719687858,-0.591574202269192,-1.40230086936063,-0.0585218028267693,0.191419131007337,-4.16507459277744,-0.507150297096146,-0.0277451007542926,-0.159494848163863
1.06336774229652,-3.68856941224884,-8.36159435115708,-0.335523889222839,0.31456462234718,2.33590805621412,0.20738888485765,0.344614038841625,1.10937086887616,0.924866109771399,-0.559898412539441,2.06026277703027
-2.83165936707715,2.93752011365791,-3.70994093093827,-0.777882509932465,-0.88057039052268,1.74840371750084,1.23911089617737,-0.804435536485615,2.81517024586812,-0.273279639704111,0.352418964717794,-0.917265195447526
0.0465210487424468,1.60573655834313,3.44387885505601,-0.17755323204783,0.0988069572868426,-3.50857093371527,0.0919468850830588,0.21844448314437,-0.00631009580714208,1.85655023878841,-1.85929813842358,-0.313409970261903
-0.621562049051503,0.661543742598951,-4.72010454537984,-1.1627724597731,-0.564900194378893,3.31682307092991,0.0571737855990178,0.058202781463853,-2.21501824548107,0.0941260254590458,0.415129051704613,2.91809538801914
2.7329652106064,1.69565348476988,6.57416124646606,0.394633460817176,0.0944859747135849,-0.735906457206142,1.16478375620258,0.0926503269558864,-2.88206509422489,-2.89465889615553,-1.81670409370446,-2.65911385391417
0.135572607915691,-0.0822225122559145,-8.97288186870194,0.140060328848611,0.257684865089362,3.32448639391654,-0.68075359790777,0.442269150836738,3.65670367400682,-0.128018002382418,-0.791673325822894,1.73356577037457
1.16133311693652,-0.319734976740245,-4.51978361459241,-0.139133595481011,-0.151122517479496,2.69793032036245,0.179867947373534,0.439042337223218,1.66128905584671,-0.476102653573714,0.456314001988563,-1.39406325208201
1.64919156885614,0.910386322999901,-7.17596342930558,-0.709336237922896,-0.946906781663634,2.0021140861288,0.112013706284104,-0.424160831723575,0.290026611245094,0.0135121983085119,0.0370086796034883,4.36051106186696
0.963931618458524,2.08680342879155,10.0554766622929,0.462960591118513,0.300698868925497,-3.28389932212647,0.129634821910095,-0.433568690927253,-3.71641383352406,-0.109709551864707,-0.269396662910884,-1.73487579446186
3.48896402246507,-0.770760377463715,-8.60020958707494,0.528457116257459,0.799973799171722,3.94199070686588,-1.36147924716094,-0.656542304861249,3.51024103421332,0.00980415838878747,-0.0541836669074124,3.36246176815613
0.473615675625169,-0.193978676710252,2.4360378693963,-0.244834038604295,-0.29609237952034,-1.21016566762799,0.898444864703671,0.415801417958371,0.0494736095882338,-1.45403455584918,-0.846379769283358,0.20716124177029
-2.00046167725259,-1.63541375860954,-7.41956231420741,1.09083592248359,-0.463338873267263,3.65371474280108,0.416147374139521,1.47563311170788,2.96007852027155,-1.6830669586229,0.573355471813716,1.72284862248169
0.123909538662683,2.64151780415518,7.92667146062047,-0.282489553349196,-0.367063761122677,-1.7292457776508,-0.258400766847165,-0.378655749942406,-2.8133045354153,-0.10608207103074,-0.336182168845476,-4.23224172614051
1.07962256973874,0.18078413223389,-6.70438905665366,0.217494667363393,0.0677367846890055,2.99207673676549,-0.0922152779489232,-1.47655574450785,2.50683259999453,-0.450853530438232,-0.057049354597658,1.0498901160059
1.80066008800623,-1.17497177226246,5.88426710672986,-1.30062399798581,0.698499001166271,-1.99560776064109,-0.0337015373975042,0.0791926924228886,-0.896633697189803,0.683638917961204,0.306376688842798,-3.26611206404493
-0.00999769961709596,-1.37196185056702,7.01849986190332,-0.239975757145145,0.0198291573860372,-2.01211360596557,-1.20354465181202,-0.430010227587149,-3.10937323527041,1.83517248171954,-1.11232941879662,-2.39343275200515
-1.18272238831599,-0.368515264918138,4.71600191195215,-0.5255846048462,-1.92440360312376,-1.42982934680561,0.254106617696734,0.361399051800806,-1.0609993010044,1.05130223699321,1.68701099401753,-3.31694813764301
2.1709170148206,0.626147404686151,7.34034469773326,-0.314263397810291,-0.440196446715434,-1.63588420574352,0.335241812832354,0.0839940047253532,-3.61616184169867,-0.310534815129024,-2.22584968455897,-2.69120643596885
-4.83132678827688,1.64378700965851,1.53112012883862,0.950291555587169,-0.525578862516187,-3.02037911895048,-1.45365482425494,-0.181381205917273,-2.20223291827324,1.61466290486235,-0.242179587314765,-1.9117668298245
-0.045789956208696,-1.61424375059702,0.600331488705574,-0.12702060769384,0.466647450801803,-0.666016411488965,0.678846953599896,0.231071271896094,0.260864172221536,-0.67286599177974,1.27897731985677,1.19262803785235
0.557796557367053,0.965658586374942,-4.09872497201252,-0.412083668440141,0.00822818684754255,-2.30483890236913,0.831931264938553,0.0678938568253381,1.93577609231131,-0.58976413398369,0.214516575208125,4.2172945884324
3.07067029861344,1.38524118366132,-4.84094161950622,-0.0664397112744729,0.502131692143635,1.0952491762355,0.586084609716619,0.456906082792435,3.6959308908714,-3.27439611375389,-0.683441134214007,2.31414648485211
1.76312557741166,2.72961610763017,-6.90260029403373,-0.241097648320496,-0.372495753740371,3.09837310291432,-0.179712510086482,0.0234063180083164,1.08116465636866,-1.28819224507908,-0.613901259031844,1.69009282322558
-1.47623488265932,1.01566024596296,2.65280065335754,-0.942352474938454,0.148901745761833,-2.06227900904237,0.860453066575404,-0.399801031360725,-1.10865007191905,0.0367321665015135,-0.506702962790157,0.473834709003667
1.03155172467949,-0.523531795633615,-7.21740244076838,-0.627231736350064,1.41844173846359,2.47020237409171,0.413085991001843,-0.184175001721411,2.51874321716732,-0.555909501125231,0.0189021004380458,2.12191438922282
1.23765097590886,2.33105279438617,2.0838964778595,0.410791222264484,-0.5627856136701,-0.766079847323313,-0.135738868078983,0.430528008550881,-2.28330717951563,0.0168137312449339,-0.255095962275576,-0.500642685553207
1.34836828123166,1.80116140468445,-7.72667876674879,-1.0619483108656,-0.0338356839056384,2.10155250035608,0.0337449046235521,0.246374794740913,2.80450245623861,-0.30386763781871,-2.15939592962869,3.72256504744285
1.41535943164962,-0.958919481083832,-8.02402554122175,0.244790174664222,-0.0657057930988514,2.67967289252631,-0.809566228848141,0.918654383098375,2.54061600262403,-0.110783484193943,-0.188586869292568,3.17190416151002
1.60426214219181,-3.59677971886449,-0.367508838745624,-0.167189979020806,0.547288804413403,-0.988714095806062,0.676151850913765,-0.0333943374245194,1.58799015947937,-0.429654071039887,0.0897278988392828,0.715497813828556
1.46011048651024,-0.619588474730735,-4.50389670383584,-0.382145757385736,-0.158592357623441,2.40571974029616,0.0614809193022781,0.420599419511165,3.19234805398585,0.752202569690788,0.19854701165142,0.715350318798595
1.6441689111942,-0.0295541589626102,-4.62619451005872,-0.407749649772964,0.389126451166811,2.4111286794959,-1.69367161981333,-0.403504285069443,2.45657558676561,0.0304162983282267,-0.0273425191051715,3.27739404866269
-1.06699231385964,0.76874627168258,6.40350298986008,-0.318054554593003,0.247727071282533,-3.6119665064175,-0.0441013853630786,0.955315377713549,-4.20535355462278,-0.257170807675978,-0.530270163735618,0.587234548028239
1.43679017820259,1.34278770612428,-10.1551318804396,-0.103446492761418,-0.324292364176447,3.12658753478664,-1.18781796766628,0.0565669331369415,2.45637936334731,0.468319668643567,-0.325950343579736,4.91275942375201
0.950110821156451,-0.717521213357415,-7.93977821330014,0.147112617989876,-0.354809503186854,2.14878782089656,0.331066106957543,0.0328370242778088,0.618310267437947,-2.26288157121552,1.65430390309285,3.74309567195973
3.46120552545262,-2.69487145336607,5.96483825949471,-0.052144177672342,0.229074079157577,-3.8441953570446,-0.576157426958193,0.275940749670641,0.0677771682672635,-0.0788430825553948,0.653569744468818,-1.34172811403146
-0.964983854883287,-1.2792795498357,7.60172628752071,0.203859787549208,0.806481027899798,-0.616953311128949,-0.611675300468636,0.320994018707308,-2.88368189618433,-0.203621642686921,-0.108280231551979,-0.466931646898236
-0.0825407347901488,-0.958841033119857,6.80751153994563,-0.00646244834271246,0.574132603651787,-0.271337991591318,0.173816612640637,0.233952884213242,-2.08213021360278,0.367313986524027,1.27622142760842,-3.6008369866033
6.98443871066039,3.30503124018218,0.833074995223959,-0.134070282223357,0.426755436711782,-0.474751634141807,-0.986815005357914,-0.178456981563688,-0.842670880534935,-0.473976492680488,-0.495989035996796,1.01191455764797
0.251584679630527,1.08754048339424,1.52529416197299,-0.485352798838249,0.174631590866728,-0.0784351008986295,0.973866543128339,-0.293662789531242,-1.58070637833874,0.671894718266051,-0.448685459741108,0.288552095445624
2.07107567231813,-2.77015876751307,9.26478854277306,-0.219775255436842,0.788205252926827,-2.20726854536897,-0.411354059165316,-0.13608757360069,-2.12566863569367,0.521530551944057,0.464342804202182,-4.53140974920449
0.771630814277434,1.73766394584209,5.29528170445997,0.272415016507996,-0.0330322070443791,-3.15121482385516,1.18379386054184,-0.594624925429009,-2.15243613553837,-0.232095614065114,0.0548376538805957,-0.399784290655354
2.99738535608969,3.58846777230301,-4.5750107453263,-0.316486471501102,-0.176300834752777,1.49917004105566,-1.15057661730109,-1.40891450746231,2.30796562307074,-0.114661732670156,-0.365667689633126,2.69119117425113
4.26787000096935,2.1165845398633,7.42113550698454,-0.482365483795814,0.684916442427981,-2.24761550174147,0.18937304419178,-0.616673111483951,-3.24363392082418,-1.40518842468789,0.00226185060399782,-1.82239389767538
0.100330075728146,-0.642177303816213,2.87544011189263,-0.318677847393818,0.180889865490269,-2.80640557555428,0.046916974552923,0.27321443918907,-0.0234412780165932,-0.246222657776212,-1.28989977474007,-0.654469695048678
-0.942670865272697,-0.76182210034783,-5.96383688089176,0.899494420760728,0.181950525462901,2.55422695893487,-0.0401961432084504,0.15218413763665,-0.543841724155578,-0.263363224244041,-0.293748357310808,3.45221574087849
-0.955373381634812,-1.53841094413574,6.21451252365953,0.346686646026779,-0.237292681708265,-1.28822018374206,0.495626563632967,-0.364332693721799,-3.82690656194531,0.445977193134814,0.47571342216155,-0.959791692063651
-0.436844446356593,0.23251371799097,-3.94802432177205,0.133358707407794,-0.0660299689326671,1.20985091604526,-0.603975050142724,-0.101367046952399,-0.116985923870535,-0.0832715784138968,-0.311665328858693,3.14095974736549
2.29814136648867,-0.980225729290658,-5.1258290615258,-0.282907042576738,-0.365070912984678,-0.682119174327082,-0.932081950986511,0.0973974120520035,3.46792894691232,0.973977759210177,0.640090031958984,2.3109044453892
1.65228044664799,-2.04578275437825,-0.44403352353303,-0.17661357691667,0.0517413345664585,-1.16596362625648,0.179300815747578,-0.722094044505381,-0.502950015483369,-0.395126639823651,1.44613138642301,3.20337414483471
-0.694696012407435,1.69048662497408,7.4440105215989,0.603079072324583,0.181594255942195,-1.31587807295308,0.524078220461549,-0.787690289966512,-1.76326499403931,-0.268176202890243,0.0569126103041419,-1.59143852676713
-0.11879080797127,0.414901800253914,-3.14601157648682,-0.047920964593136,0.0803488537915593,3.05626746545239,-0.0341212994971196,-0.284679305663166,0.143597650474898,-0.0952466420444239,-0.0718192463988033,2.20641060335413
-0.915462495367522,3.05157306399445,-11.3785817260474,0.35599108395793,-1.78295506612738,2.23983477749455,0.120557748217605,-0.337699569697264,3.09075786651277,-1.18232137502616,-0.465650788644119,4.17822490120863
0.658437456592784,1.10055807402782,-3.0273155338009,0.285249696174922,0.363212559582791,1.86256014107025,0.379395606952751,0.410087472093407,-1.0888084907855,-0.648956358233051,0.963644809219684,3.71787883618121
0.393080698633016,-1.88002473051144,-6.04042241899354,0.30892809158755,0.168003107308844,1.80895037478924,-0.184523332332642,0.313270500063629,1.39684081008371,0.66435801468813,0.291865949853486,2.82772328906822
-0.637048538258503,-0.655113911840574,-4.82882054962294,0.0863285579443753,0.475232592798355,3.77241308556937,-0.0190692387757883,-0.0598077038338376,-0.49250458510131,0.701541534829656,-0.950262229406395,1.7168759226547
0.354250116639014,-0.775397183102442,1.64679129266093,0.0680092610280081,-0.0208717785579895,1.09785551542338,-1.83578002542739,-0.520912289626085,-1.07990807307967,-0.641688354504597,0.272235815726309,0.468236277276422
-2.80474784326483,0.514261201933558,-13.4378609546777,-0.694286456368854,-1.01479378618727,2.81363905709758,0.529929556863822,-0.470094893331672,3.98466437688649,0.682170426483783,1.21850032500031,4.68054684533053
-1.36249425937314,-2.05487823100491,0.501801516055973,0.241365582613996,0.120340242409785,-0.854613028252736,-0.853769456640426,-0.676907090506397,-0.171924751669765,0.890431104317387,0.736318531764938,0.393613225256632
-1.6242851618167,0.631498829947992,-4.36653848018746,-0.113122064741031,0.219714591736311,0.638904342620326,-0.13151016806254,0.0201428098545636,3.16370297005539,2.85913276432432,0.140357260610439,0.57701299508859
1.99555730115592,0.86331842779527,-6.9123279193998,-0.515556532651765,0.641406609617027,1.9197190645946,-0.0453290291963734,-0.117719251006919,1.8008015259169,-0.0545649322581948,0.283755574096598,2.91935866273787
-0.754795297992294,-5.65427931490463,-4.36286239170514,-0.912023890776856,3.25506810119164,2.06233479859435,-0.129112137799497,0.376390682462414,0.702279052135782,0.105009230364762,-0.624174288751607,1.47854292722985
1.84294963864918,6.0795965730773,2.10368854333651,0.0270785788760343,-0.768840393069763,-2.63743353246957,-0.361989620247964,-0.461933160199805,-0.100828676840135,-1.85076707513808,-1.7406726826338,-0.914453181813318
-0.79191085643538,0.239146439604226,4.91530617268194,-0.308660156433334,0.472998565332089,-3.40476539499712,0.322080577151928,0.211096622507162,2.01736003799787,-0.0625130242788153,-1.34936455677588,-2.86498952864491
2.4792785585748,0.144511845289513,-7.0405359636221,-0.604475919829401,-0.0685230056966848,1.3944251328734,0.387769788362913,0.369869898868731,3.95641396621618,-1.07710216725952,0.166304050701423,1.52279169945402
-0.686529164682693,-1.22100454266853,3.60344179897502,0.775791283687252,0.536353597160218,-2.49665317325127,0.344048094615982,0.407627990477711,-1.74135129773501,-0.110490556011146,-0.241400043102453,-0.545009460515895
0.454143286053802,-0.126589248568338,8.72053510563387,0.136448642893587,-1.51824802417036,-2.56764800002855,0.568747815867693,0.00696757818990415,-2.44460000681875,-0.488149264624151,0.106835579696494,-2.83941280536934
-0.492490305191561,-1.63141435246899,0.810525274566994,0.273381291579434,-0.60461243671382,-1.73613653552092,0.0877119985786042,0.206527260739947,-2.62653477332167,-0.0140879148598658,0.000282776854806415,2.82107149369678
-0.050586252263128,-0.503276296076741,-8.00443117031771,0.15531020819602,0.17952047886732,0.995298835754345,0.221551847562024,0.670087470685057,3.57679042420533,-2.02336968843395,-0.847516506958308,4.28634796997403
0.253584185281566,-3.62460352629495,-6.61639997003207,0.126706445910423,-0.352096555633699,0.255907081034491,-0.240038831466439,0.308324763714836,1.84852779743998,1.46126889066761,1.1060293942991,1.9170516037537
-0.122481813919202,-1.18034126442412,-8.11671929077471,-0.0415962515606252,0.0297165555111978,3.41229283936265,0.0797891878019631,1.10392444526283,3.26351191115849,-0.17285792862722,0.00514922326055888,1.2702162883592
2.55532886648778,-2.57338196949079,-0.178258375804139,0.289106107395879,-0.230502508310907,-0.725221932163544,-0.111713386155631,0.17830337089459,-0.318141897978665,-0.273481756696875,0.775368790120888,2.26294539855693
-0.892179094234297,2.0081763836303,3.68358972791142,0.254035537461623,-0.998240662223203,-1.31200539103392,0.0282558675273519,-0.0152326691114236,-1.37754295740319,-0.0445436846603978,0.0240047279038905,-3.37642687997583
0.937831727394106,-0.417828621570339,-0.429345838902542,0.35698859742867,0.387462467663466,-0.637751089874794,-0.574139067868412,-0.450132165066722,-0.587225693805711,-0.312117857520643,-0.55697233793767,2.36924323819255
-3.73843020445787,0.684999325797112,-9.18300738327182,-0.0207257241889108,-0.167069955685009,3.22555432572028,0.0342725741272895,-0.355496572707097,2.05648487461514,2.46555902718598,0.668834346474418,4.30135450352743
1.22547639475332,0.78206569494619,7.44844057687532,-0.186710127969136,0.561859496489793,-1.94066814255021,-0.70041408732015,0.0223253483269127,-3.50671067532027,0.712753963345555,-0.0456734359368407,-2.35214613429339
-1.17347249995467,1.0899574106154,7.48472337405512,-0.133604550708943,-1.14970353418793,-2.08892208458106,0.273748745710297,0.521823982368338,-3.42459836242793,0.542991409595051,-0.313753658331074,-1.13185319554269
2.26584586978529,-4.52795672740435,-8.67798823640585,0.0886560501544206,-0.225989123553847,0.967844318049038,-0.598546578525255,-0.0606008802160107,2.11272859700061,1.69866572437678,-1.0332171224517,4.3537735141246
1.23340375552265,-0.146689500045811,-3.15267621552104,-0.270104448873316,0.109180164159124,1.61081284597255,-0.557154087578387,0.2773179251188,0.547130307904698,-0.984929940791632,-0.0980577773805629,-0.499830218087807
-1.92914331109201,-2.60508669500757,-8.39221682175014,0.297318615156903,-0.117041066337251,3.41034959746064,0.581455859506446,0.134337334592167,-1.98276042559662,-1.28796596272517,1.48070013874262,5.80170081425462
-1.19052293715025,1.25877619732504,9.94797933956308,0.110954140108912,-0.0423553428852984,-2.1939128319424,-0.278986582228929,0.251733018798825,-2.85078330706277,0.580117276712486,-0.393099209799248,-1.29688556602598
-4.5175068662407,-3.5372128745339,3.68920491331305,0.748503309008175,0.382825899872764,-3.20582426228451,-0.0913769384257026,0.204151431437704,-2.06127683973882,1.04832339127161,0.106560597730564,-0.690536826915946
-1.91307152653206,-2.13007402395629,-5.49562373031056,-0.0295920271235179,-0.0814871814645663,2.71654507781964,0.719545269012011,-0.405756767529799,1.54086674508656,0.135644852088765,2.49633633262655,0.440286962856499
1.93298621802127,1.34350781172095,-1.84821415963523,0.682475707204621,0.151022504647022,2.41464224379343,-0.133435378902654,-0.113040182133273,-0.286802049237097,-2.04311481877144,-1.01916461930518,1.42155748674152
-2.64999434211275,2.66461937178959,6.6254145282109,-0.486279744489755,-0.963249584454546,-1.49255501243112,-0.146201135121958,-0.49048750492821,-0.187957985588738,0.139680469741253,0.0959736959283215,-3.59713052583633
-2.76158433413378,2.32233515601198,-7.20960737003569,-0.283086239263804,-0.240354503193769,-0.514683830742175,1.34492713388174,-1.99380212638587,4.60420230884815,1.40821866073708,-0.146170527348636,1.69008029970387
0.605808101597324,1.14350045357799,1.54352563856926,-0.632814761531482,-0.777207350046394,-3.12834116565166,0.110634566829476,-0.695875770175659,-2.00667773311331,-0.101102514770181,-0.239463812491649,3.61357624350731
1.51547532221865,2.99244489421614,-10.8668443137482,0.315616170977885,-1.27720878213602,3.3698906239951,0.0116522171939672,-0.0183199239948632,2.81139111200487,-1.13312470595903,0.381577648262655,2.70440822425845
-2.66960287847847,1.35388329396363,8.5742391175929,0.375266738121362,-0.192860764411265,-3.19838271858613,0.215055040600358,0.639686196266003,-3.72273433858186,-0.195091521164181,0.108753008991676,-2.53100149428786
0.10341442791566,0.121682952589622,-7.58733219421645,0.04151461946054,0.01347033074561,3.10767842353646,-0.941606596525171,-0.363794993896285,3.16503989035612,1.10024794842805,-0.0450037235941849,2.11645970957186
-1.18329282544051,1.15765264680562,2.24808424879895,0.120044224755203,0.212856971999528,-2.56947824502101,0.0929510877266298,0.021467932188976,-0.987320371109947,-0.821989866423053,-1.55958038209458,0.356479057055415
1.01452070574148,4.17159475444042,-5.65176295308214,-0.155085527507731,-0.104977134389284,1.83848912544401,0.565670414423967,-0.681921281324302,0.511571889966787,-0.424930705275093,-0.335534888317278,2.63115825061469
0.0243463313595298,-0.874908782337452,-4.01146370978449,-0.224988843543001,-0.152517234440775,2.75500390454177,-0.673014214974187,-0.257640280371067,3.66043186137741,0.0770430291430156,-0.0489677352495069,-1.02933410354284
-1.0480097433034,-0.648195676629856,6.33030801803732,1.57432708685107,-0.0962376297572493,-4.31773254133523,0.229926714138459,0.0638030543556153,2.08519679849604,0.578847628651603,-0.832021130524864,-2.14038053808968
3.57138646462374,-2.10893568103439,-6.22006106498699,-0.181447856976282,-0.468485708385244,3.24578387991268,0.336145904098599,2.74377097832771,1.98607029123772,-1.86965850309176,0.311454472171781,2.02338252651717
0.0802022444066112,-1.10461263312646,-2.4924735752132,0.533964802948363,-0.47124204044621,0.302988757978655,0.86826936862579,0.107272828257767,3.34902615313603,-0.872193942388835,0.433618875726386,2.05567408702375
-0.675292803773805,-0.159661670747377,-9.03510175841494,1.589297810667,-1.64504142314627,2.88497224338187,0.104342693520192,0.281371819119347,3.19475201679901,-0.0571541798944908,0.273269020490852,2.22276456342113
-3.83743480612793,0.74123152696434,-2.7113600545915,0.556996083945181,0.0979895341988217,0.619846159725775,0.00349450753630111,-0.0614121144297935,-0.138053618625484,0.0723584892219682,0.277793097528868,-0.991323223557329
-0.77908387771215,2.20683217067118,-2.22094309953061,-0.0824445465467865,0.0763905988496247,2.44910086723808,0.978367975280367,-0.820001787002378,-0.422888422573665,-0.114000369813139,-0.134478361157861,0.637044186316423
-0.47555866499577,2.31682820898443,-6.20632253743263,-0.225868080002554,-0.0769859166434479,1.33347872762336,-0.151927228859468,-0.430416783328097,2.80505291616123,1.38860413401944,-0.883135961896996,1.2215786257522
-2.56590996873213,0.568767342029469,7.34217584794568,0.367534524334963,-0.643459750723636,-2.14092809677551,1.21007567463279,0.232180464885896,-1.42535587966574,2.04094123161851,-1.27864733241016,-2.47542471971974
0.195854328574159,-1.37700869339,4.20434746434273,-0.420946863617601,0.0852209494093387,-3.14483811494604,-0.362043315605891,-0.123093560920173,0.686746525237572,-0.421459560314875,2.1650300350259,-3.12606105657396
1.74309468844901,1.91674129554875,-7.07343214281061,-0.21975140219175,0.0167707543100441,1.62150049444421,-0.0877108364473962,-0.528428519656678,1.70830898038848,-0.221417014109455,0.200124841332677,3.01814715505284
-1.87713362437718,3.98086213069891,-3.3497628409857,0.905949766311041,0.518223929289271,1.94162639466434,-0.209260284846782,-0.229979123435515,1.3443734109521,1.14040857556064,-0.993918741959546,4.04312280540967
1.84785168204327,-2.03756190443605,-3.45140151539009,0.312075941300403,-0.377409469529909,1.19000827664946,-0.416413781474948,0.879398153411143,0.997489006714484,-1.09662734763932,-0.256411968792667,1.08021959579449
-0.268610999908814,1.75136549321637,-6.74493068080445,0.929651557977102,1.94309595686699,2.82636416176985,-0.197196186062704,-0.173258305606445,0.180725256514837,-0.110538833009642,-0.0640001660925983,3.33161381723036
-1.37262712041482,0.293961544452091,-8.48954868159618,0.367455684739226,-0.00574839813766067,3.18968922943261,0.772330266696943,0.898745875657814,2.88811728631,1.944021407001,-0.526751878130246,3.05323343372712
2.7998827353176,-0.415115787017789,1.08015650538444,-0.245174304141753,0.119241826182483,1.11864181150622,-0.600185109562654,-0.0172492762748745,-2.80627073344405,-0.460286326884163,-0.553043127998614,-1.11668425076248
1.62754875753613,-0.0819003901609054,-12.4082164302882,-0.0847019558801219,0.413800659593444,2.1445672598284,-0.0628919040683096,0.217827309613278,3.56598024704388,-0.0154639956969553,-0.45289019706409,2.22674423966334
-0.504895736340479,3.05983401497231,5.32899772183085,-0.325274585212797,-0.369632623246768,-2.8265329802625,-1.31100874749684,-0.611596891174363,-3.20834726102481,-0.225556315143108,1.89887733816446,-1.89707408411575
-0.316274541134865,-0.548376795465807,5.38421218309246,-0.233020480766709,0.1622917356577,-1.41326229187742,-0.179430845095691,0.373800040544234,-2.42856392508558,0.462296304849044,0.799982011098564,-1.83728106424716
0.855346844309689,2.15400792906104,-10.6908927516323,-0.151440536793221,0.0535625362084124,3.67011216345441,0.354641618889502,-0.155249800792646,3.20126809016641,-0.0792238837171214,-0.788505450445229,1.75266751194477
-0.21656253532826,0.554871243397697,-8.14308539747776,0.0220905423394817,-0.632196962563778,-1.44977987484154,-0.371205856247496,-0.436592557809176,2.24562905573516,0.618865183913613,-0.131422597726158,4.32802578400069
-0.153448365592507,-2.45167765768975,8.24925648844078,-0.468909141292058,0.378755786830063,-2.84005941679548,-0.0254626671943375,-0.331240145900364,-2.88722496338964,-0.0218472361065281,0.488787367874083,-2.3457080964125
2.22179555243811,-0.194231973231165,-1.34871598776682,-0.183551059718108,0.174572818332908,-1.64370154185921,0.113006285067761,0.195220970524852,0.734637312352451,0.323047771195503,1.22232621417658,-0.807321869095947
-0.855179755581064,0.774722182712664,-7.01407924513422,-0.104658398265465,0.269480292110477,1.00488023516181,-0.52497189195615,0.251612915537099,3.2095058837111,0.433099060331856,0.120122992349685,2.4382302468599
0.549952507189654,-5.12224302986517,-7.05638548745649,0.0136852566527976,0.0237375955623064,2.75574776645394,-0.498086724277394,0.0791016731432042,1.32416194734941,-0.370779381656772,3.16198138122355,2.21388969341179
-2.58195994243186,1.52166351605702,3.09793777960787,0.0903631366323118,0.524023749918227,-0.740281057180372,1.13407674207315,0.718406661716623,-1.89525879030094,-0.0628216045441689,-0.0612853645237637,-1.21554302912768
0.803408044912202,1.16366181733194,4.22751163428236,-0.351438482149089,0.589389742413534,-1.70193224091018,0.0746463589413581,-0.0292678279706678,-1.80794506056062,-1.53115130004132,-1.75802576213091,-1.0641866768038
1.36554875120027,2.02165717834182,-8.17282832365621,-0.13837833778754,-0.0913311289240224,3.67967921437164,-0.102668019168345,0.141283169622286,3.07316769015194,-1.10610099889977,0.913372158591225,-0.109115693100004
-3.8253719169056,1.94722228425712,8.98380981116889,0.287518173761216,0.437265077359223,-1.20726552048698,0.405272901730693,0.436019384308931,-3.41915924468386,3.15354027290498,-0.0430963033106611,-1.12131189556519
-0.350627471068751,-0.870658470516806,6.0035688132226,-0.146211914934789,-1.27409817796424,-3.92328092412108,-0.163695663692062,-0.391392130071948,0.360865474744798,0.65668378722699,0.563230799795174,-0.370414582032763
0.306874759203265,0.567141750192897,12.3851901121364,0.117352360485259,0.0557546076949321,-2.83063869152072,-0.362323729668468,0.173798457212253,-2.65711545717727,0.102358554824615,0.169628091466601,-3.38244610443263
1.3553905632485,-0.749747174027666,-5.28775514250598,-0.0868189658641815,1.27858813593113,3.0478637796337,1.23875869138775,-0.387140983631712,2.54733436782239,0.994417562249337,-0.194946040794403,0.995668817532664
-0.29633678288928,-0.37433489889502,-5.17134206942466,0.083536456717297,-0.04302427516854,-0.566520622053529,0.508329913478959,0.0447771210536162,1.18453364218895,-0.799699654094602,0.846029708658294,2.00540592706042
0.0661320393370231,-2.60096565267733,-1.44084841372617,0.442268086509509,1.83631005756318,0.25823442780368,0.0991189785370271,1.68758218516771,-1.22027832522821,0.180831181848236,0.309852129745404,3.72061924601361
-0.938091577824593,-0.403211009451029,-8.47462277213349,1.30886557457974,-0.539308919935204,3.02140105325457,0.205495000598115,0.380907934705106,2.08782014623444,-0.44892349579929,-0.244096795136752,2.88092549011742
1.11486987888007,-3.34247287897568,-2.70970412241765,-0.281883459136539,0.146047191191032,-1.3410633128286,-0.643184665083656,0.140546655648931,1.37760230168644,-0.802582441383381,2.03715855773908,3.00177972806952
0.622696686362129,-2.31908966132256,-6.15533223384646,0.618002557365313,0.163495041313507,3.31610222437432,-0.0887864532023779,0.0741657144626015,1.15743953247179,0.401586999509929,-0.509973618801211,1.87297154456724
-1.68564605947581,-1.16280487353457,-6.57685645406122,-0.371910565812673,0.948739258617038,3.38361300841075,0.941054775019122,-0.736647457185589,3.21810430666288,-0.139575971047254,-0.0274444269917918,-0.672005375087413
1.32756925793123,0.708541587816017,11.4545203594487,-0.121935920469278,-0.77356114834773,-2.39972469333065,-0.143688929499783,0.0202690792978944,-1.25978835176478,0.219572187981277,0.444480354150162,-3.36112230512551
1.12194878691674,0.640010801017779,0.578940737410697,0.13154576231333,-0.0255846836179225,-0.420957367497275,0.0708312891302194,0.241415378650841,1.55114553935279,-0.447155101857773,0.048031541510391,-3.22332728208187
-2.17081342200144,-4.4997940446078,7.7065167478734,0.559789920927094,-0.302509618290102,0.505882736395508,0.989279336108187,1.51408346652228,-1.51559747898929,-0.406077578922527,0.4462104223229,-4.60016861865806
-0.949906253172338,1.6185298499627,-4.79007212227684,1.93760936808838,-0.810114420948336,1.90268653065788,1.44808068843449,0.948632896834981,1.57463540619316,-0.562324132161063,-0.891290384202458,1.49890582373164
-0.465240188510442,1.86634422378295,5.0586684488969,0.233883401206168,0.026965047351327,-2.64421508178467,0.187784297373553,-0.110271682267669,1.58999397092486,1.53918121895937,-1.03986134428234,0.0261174066423466
0.361217022682658,0.845774776035365,7.95559555933086,0.546631144218837,-0.114254796497256,-2.38075375507462,-0.0629464859612127,0.567552892647901,-1.64431143003733,-1.42387422405316,-0.297022165342331,-2.77239436080624
2.50664916918852,-2.25549599175363,2.52377876292386,0.212258570082455,-0.0496151207764568,-2.35181126486302,0.00555781212876736,0.206010985128854,-1.2501404432816,-0.52779863458793,0.811421460078559,-1.205525235953
-7.79507904813439,3.04232300184341,-11.2854174923767,1.08267514553151,-0.397228264594622,2.58877324219298,-0.597329827647919,-0.241161466405125,2.64199161989539,0.251242945832829,-0.485064478283423,4.79543305361821
-0.443070422983528,-0.651563671167659,1.35907662439275,0.750534439963775,-0.0618023531181934,-1.27914812537694,-0.0509281214695529,0.270905927577356,-4.13221346975359,-0.069339568894276,0.264592118640502,0.337273185393713
-1.15553838534034,0.734067292574098,-6.56939594783876,0.571317198054017,0.0957073917376771,1.62893493100279,-0.0740698659755544,0.692635081012057,2.31065733026537,0.693777570124744,-0.0343573803840621,3.03446572746221
0.277893273275855,-1.33033305544376,5.23671276786355,0.37685981696784,-1.65411605781047,-3.19748166441594,0.0128582027337323,0.167883834768461,0.447288416111156,0.428300697545681,1.32834690848433,-1.670634934428
-1.27362910908963,2.01176831076821,1.34737617098776,-0.0674288632183057,-0.307285627882179,2.12172716238294,-0.00642507164469267,-0.126907529158321,-1.91598479074165,-1.06165866833015,0.528720057492036,-0.125477930392374
0.250692764872331,-2.17502036803067,5.69517165183894,0.110623303612288,0.185170517024867,-3.84731242962111,-0.776364856483334,1.1372130340031,-2.68234030557687,0.623868225195282,0.495794026285977,-1.79911640161486
2.61376295567742,-2.50983906841769,9.49772310750618,0.311970036309141,0.162947237667918,-2.94661944945614,-0.555931302043634,0.137608027787315,-3.46443823249814,-1.30265670985444,-0.93600928566663,-2.48125505269624
-1.01083769309136,2.6240046810635,5.46072628409718,0.0739377431037813,0.454235695758452,-2.1806571327008,-0.278347118163383,-0.636885844922092,-1.17997590197933,0.758412780752113,-1.38808870420426,-1.46099583960639
2.70920636061651,1.34624763166659,-8.00277997831643,-0.873513349570156,1.49796702321858,2.79904095512,0.313291983950607,-0.530772970842734,3.93769444907949,0.188773753369963,0.25061171232962,2.71003039650499
3.57857596885499,2.60920475205688,5.11863387371047,0.0741618309567642,-0.0319557648973461,-1.47989100176886,-0.64988639262973,-0.622131845930506,-1.36573296348138,-2.49526827719317,-1.56196733674142,-0.588441922209952
0.235344146293631,1.44997528473846,-4.65628575060841,-0.252932597995666,-0.1252216857851,2.37246082165635,0.235589540122152,-0.383862515049643,0.976114919761264,-0.0924257838312615,0.476143624731693,1.14675770318388
0.601748806465876,-0.665152009403672,8.68490924024058,-0.239516847296785,0.386305640147733,-4.01131398238634,-0.0300001345906112,0.160056222949861,-2.75982768595351,-0.135614253666289,-0.118673238578846,-2.01971489011268
-3.22576828131295,-2.13144387936465,11.372498642274,0.200041250348769,-0.172985874867913,-1.99916463167237,-0.339813074831798,1.11177971982054,-4.56301356035229,0.576010053341818,0.453483517789283,-2.6951957903554
2.46602493231856,-1.7137203111871,-8.83368133306059,-0.336845371406941,0.58504155666644,0.18239690996714,-1.40497954605124,-0.515645886718669,3.91925046911138,-0.66500061450997,0.985905333134969,4.18788330206639
-2.74786993903977,-1.7623887659557,2.10426893752855,-0.0747892727670888,0.00670290552995686,0.72029477988041,-0.0816318428629422,0.436331183940773,-2.77986694678447,-0.0875901713936317,1.73828142379023,-3.24083382004292
-1.33372101149103,-1.88268158776535,2.04021903163636,0.341685386775634,0.258970341300311,0.850985100079517,0.468871647407221,0.71368585654817,-4.14808629116754,1.1690745632616,0.973555377938464,-0.449899077615528
-0.132914823690622,0.00821908481857603,-5.25410418957487,-0.687889171725957,-0.115936116701101,2.30556466025662,-0.0775325398100971,-0.164650651510421,1.30692351568356,0.176065824014816,0.92432177568401,0.744768376055574
-3.60906816361932,0.0878518825206914,-5.95229705806388,-0.350453876149063,0.0368462220631796,1.691948929147,-0.112900085260982,1.11067468890103,4.03702979870577,0.226593285204859,-0.270936126282745,3.23775424805071
2.20857609330496,0.173492553695424,-9.75890531600035,0.118303853550923,-0.287311316123938,3.38411253873611,-1.91802902294128,-1.49339517397356,3.18361710307446,0.43047903008972,0.170913771529687,0.551370701649633
1.98476289157376,0.271396580832443,6.24397307572527,-1.78225928009871,-0.861113815354887,-1.91141284633553,-0.2172967687301,0.161915971429599,0.0924333324808036,-0.572572256926615,0.821273334671614,-4.45980887497227
-0.144290684625957,-4.32826349529357,-6.41304918664958,0.245250480754982,-0.267504075704147,2.42329197691329,-0.00940891123002848,0.0470403688958199,1.98475744197383,1.23023971175349,0.642507149848402,3.21966509143679
-2.30403817723766,2.70307011681663,3.27840721854192,0.223261596994669,-0.241983474003097,-0.474446190074546,1.2135163051575,-0.97033408055654,-0.863580896505494,-2.37921885941681,0.638418106003757,-2.34091711013774
-0.684947537252324,4.96563940750824,0.985881645653369,-0.522233291615014,-0.478686645018851,0.0756646359425849,0.185983518159861,0.189689609002332,0.539641850431083,0.107815419285584,-0.274849933932598,0.919778044130401
1.40543310853144,-2.76544426836821,-0.263466495100892,-0.547734907887735,0.961812420861679,-3.27145175566203,-0.00569431743338815,-0.0644879131611507,3.21129983530953,-0.224965485438348,-0.258850222313315,-2.78568870955572
3.01128761255541,0.477641501358125,-8.95736297421686,-0.476994700860308,1.72522207415405,1.51401739035192,-0.0852837881462566,0.131700040577375,3.21133462263824,-1.69005085805797,-0.550212636144999,3.94314541213668
-0.778945245653583,-0.266413156226538,-4.79320241233094,0.469205044124911,0.280318471597541,1.80444288561875,0.442690996269772,0.0380296121330341,1.48287265516033,0.396699631006628,0.25465749987359,3.11483293023324
-0.0270636960424707,-0.608156746707899,-4.15910308879669,-0.131815177991,1.30839190245246,3.6456056163194,0.0142163185232375,-0.109493256836231,-1.4330878253186,-0.153882678317946,-0.501201158528606,3.54918620943306
1.14450283697374,-0.796083576765905,2.16387169673717,0.158196132540148,0.226681579084233,2.82654760577147,0.329211158615833,0.177429934629014,-2.14480083561816,-1.91262729682933,0.132240620619058,-0.502366217448931
-2.23347661116713,0.32112293606017,-5.18111009361178,0.0256208117583244,0.907354897172878,2.39905318737014,-0.112855214190865,0.168665391408905,0.780954375667427,-0.0569793769457867,-0.12570758337615,2.7961387110137
0.530427125071521,-0.166879910980769,5.287183786359,-0.234683853603421,0.0974549635003497,-2.01655585748071,-0.481464943973163,0.498631409008946,-3.00971239206172,0.0777289001557572,-0.499113843544291,-2.03904678615056
2.11015111274411,-1.29927361721939,6.52016146227704,-0.178984598944361,0.270072441123727,-3.14657845675219,0.105999238177448,0.0552286344803488,-2.04423275169865,-0.628298091934568,-0.347945825170518,-3.09685086483634
-2.30144117994931,-1.9821272742567,-2.47771173348971,-0.0799299339743836,0.173978208189515,0.967091700610497,0.295567978785522,1.33632372680563,2.06300565389731,1.23098254559784,-0.409410211632625,-0.0253871861117526
-0.80972318412356,1.7339650050456,-11.1357250924059,-0.39283875553754,-0.0439815350859364,2.17192956747148,1.18435049084155,-0.864528496030699,4.54071599084948,1.02409711064295,0.759229219153003,2.89243227499525
-2.71142419391943,2.59314847865382,-6.58965443595886,-0.0893212024159232,-0.202459976991472,1.97583048173303,0.735134563286656,0.0598020000871717,2.54866605160196,-0.0759984723725019,0.591940325586378,2.63682804206118
2.02279105044012,-0.836743872063902,-5.9874398862992,0.17226003016671,-0.00396787029591546,3.89368164076038,-0.0851574738526932,0.344150443207997,0.152919347726047,-0.487524152591529,-0.384299568495155,1.88623617497526
-0.981672570022492,-1.44463385772686,-6.54505951779133,-0.10726509533988,0.723449493681807,4.02024487109037,0.0049574473776601,-0.0786740878617256,-0.703468662364818,1.15468886784209,0.0564713571226499,1.69908802788793
0.360011142131762,-0.860455587311423,-10.3714631581599,-0.136586617331311,-0.480007970033152,2.74276324050327,0.808835980207961,0.336304669838513,2.38745076261176,0.0593539166906027,0.299206340496264,4.64658015880626
1.4167987587383,-0.255622609104778,-3.11865598306448,-0.478383959208167,0.772135940509417,0.352562852708122,0.0704302479376111,-0.0384412269499396,2.27766526014749,0.26536740215916,0.00543636674850005,2.72046570488958
2.7199377332997,-1.03906573469015,-1.45501401532283,0.0744778327752732,0.200211201932145,2.18552672469414,-0.580043650746138,-0.00935504351373764,-1.04079669462201,-1.15829650254872,-0.250427231955148,-0.721574803730554
-2.4821568503782,2.49075325355972,2.24728617341149,1.04296655117856,-0.233400524361142,-2.66427956516801,0.200459997852806,-0.60223767022526,0.891222085966223,-0.0438952810837664,-0.175793742272393,-0.53057511263649
0.381514382782985,-1.01450251397863,9.65832295017969,-1.05611941447311,0.388553805340362,-3.71351548926652,0.0502053319092407,-0.0243290569634372,-3.58214963807791,1.53353015286122,-0.16111223713504,-3.37970992151944
-0.19261987049629,-0.0601813865354458,-2.70483146373744,0.35500830047333,0.232917632271798,-1.20017449368684,-0.862257925266433,-0.565342556691809,2.22979425978078,1.07001018224972,1.16811705042184,-0.268198799014277
2.04033724558635,-0.651122100731604,-8.34582586615516,0.715398326642073,0.272632060114832,4.15611168785469,-0.131664799577335,0.144399027607669,3.83289223848395,1.22172176860265,-0.943560818969664,2.40507477024086
0.349781198420102,0.0269029723518721,-5.53816322254104,-0.323822445687415,0.196539057737222,2.74923654842791,-0.254784146544375,0.15943116203315,1.42949096021568,1.48068230382821,0.816608428337412,1.12870095381388
-6.14539504638931,2.89919518184987,-2.94175841248963,0.189996116045475,-0.838178821994573,3.38351199879376,-0.158819870705487,-0.0847104965230049,-0.949982892108426,0.730733625119155,-0.183001825288546,2.24587565971454
-2.27486045013279,-1.16140480329866,-6.9501237768712,2.04167258019402,-0.0270413239613612,2.46937656152187,0.0968166287549036,0.0110368984292457,0.397155402206104,0.13935344114253,-0.231144392534977,3.30252748586581
-3.28215632057823,-2.77204228576931,-6.81624830852898,0.453600613494328,0.261036736604441,2.86178154521096,-0.294651805578284,-0.545665922752843,3.5384509988754,-0.0283243990570273,0.0938617120218334,1.90679537722966
-0.425391915106796,-0.831891456016045,-1.90874921659702,-0.0743148136893546,0.0533778549062042,-0.632780806905764,0.355371394180284,0.366822968452748,-0.092429071956759,-0.00248228525584785,0.15832719746956,2.59522000397844
3.03166150425328,0.468760751968295,3.00046117937028,-0.285403110923059,-0.93371144682183,-1.0322317864363,0.219715917022437,-0.521674812308079,-3.42802074143359,-1.74583047218392,-2.51789314654607,-0.709122372171365
-2.11177616096662,1.16359585466784,9.78997282324674,-0.0173938529627279,0.246622143285493,-3.42295061039876,0.526164488944418,0.130411742657849,-4.50225392542645,1.77333976145208,-0.732016963825932,-3.24135976100552
-1.85077418291017,1.53701503028282,1.24104029053472,0.0906569370229369,9.94015745025391e-07,-2.26252081731914,0.0183258718519566,-0.496039616766903,-0.746684741274827,1.63281019452072,-2.6395576927493,2.22340496219378
3.40630012684671,1.906916891246,-0.187725441738548,0.769920450809197,0.149555170854719,1.32217941297409,-0.140601661525216,-0.551562784454306,1.95765180689329,-0.7379486798051,0.0792175743745205,3.60105819794606
-0.937319011410811,-1.60160327682189,-9.24262199988417,0.029433372904821,1.93052116658454,3.63295279086934,-0.0109710373897923,-0.472175174237605,3.18529232850862,1.12756278122103,0.163284371355699,3.05485421709661
0.602355715091967,4.27062009597822,-7.69015885764625,-0.227214112702679,-0.216123723727963,3.04253793925613,0.26435267671813,0.191249964819312,3.72369653238657,-0.572590442572682,-1.91467900498474,-0.207299115144685
1.96930953190298,0.621439094365296,5.48068082424911,-0.0874957841126171,-0.020731252039052,-1.97982644670183,0.289528321565643,-0.37159457209913,-2.87718961633862,0.215400674431539,0.0900933097588096,-0.455489585574279
3.16820747903975,-0.386669321125287,-8.38009143278731,0.0116179306173773,0.323414175062213,3.27302056826341,-0.159591607210547,-0.106662824300498,2.97869106452469,-0.712220745464784,0.270363766177617,1.56130808530044
1.67752150998024,-3.40694076566367,-6.80534601346143,0.177806207234753,-0.205752706879752,1.63971213515754,-0.22492864180359,-0.107262595199687,0.943781528893504,-0.163752580459693,0.71247005992138,2.90937542756749
0.0861379547734848,-2.54396821393529,-9.35946935940895,0.319499598474171,-0.214791482081385,0.356151032209101,0.107202235999657,-0.00189996516207597,3.685728556469,-2.15133555224852,2.23072296993864,4.71530944499209
1.90124206118441,-1.18193469573142,0.38073130504001,0.206328449596007,-0.322643922792637,-1.58590287450292,0.169841069393199,-0.127060431543694,-3.40270754956357,-0.870245764344376,-1.23323484146995,0.374118243023101
-0.875530859278029,1.65251397391563,6.53559795820957,0.201227338452154,0.106827867526046,-3.22286084043202,0.319368786253216,-0.296807834056278,-2.16336110382753,-0.75743413496663,-0.323696975901952,-2.74090208806954
-1.24986208040389,0.0567875241961866,-7.50230340082748,2.01993920898887,-0.852668910538657,2.3393229865955,-0.293961090032557,0.189513520477472,1.07428800849513,0.597683028531166,1.91925327320901,1.82460849345266
0.406013433727067,1.0493241464841,-6.01046311760027,1.59820442180813,2.08687085420843,2.76091309532739,-0.1409170301212,-0.315448819128883,2.78109291424946,-1.08094509963824,-1.73202344592479,1.37819053970996
-0.192490020890094,-0.798550896615868,2.76808190686786,1.16548682261331,0.309142247639938,-3.20907130133166,0.083613163058491,0.157824615831263,0.0916855116858548,0.852526862747894,-0.177339732535639,-0.354334544490511
-0.449369900943775,-0.21144686350964,2.68365280434551,-0.23528220870695,-0.148498708048966,0.621752028720687,-0.172121548116086,0.915075570431116,-1.14249479378959,1.7200767710909,-0.525307045660165,-0.787470091679407
0.516196257177836,-1.75714232072714,6.42347313447918,0.213059344409777,-0.322766255394785,-1.55091984939294,-0.144652025179161,2.50559883040234,-4.62798261974799,-0.0520669914556944,0.179954829534416,-1.82839329262467
-2.23523786841715,-1.25166721742148,-7.18480520945655,-0.285374073123683,0.520352893057947,2.77391003293338,1.24996592441894,0.140794801051572,0.231324016806141,1.31377755443797,0.513448676113259,1.7398640871855
-1.52884887833016,1.81712231744648,6.93607128967557,1.08117172264647,0.0699188311256718,-3.60467010590934,0.347012834014749,0.0100627200197711,-0.686594020609801,-0.875459105346545,-1.80917968637369,-1.54421447674434
2.77420804245974,1.63243040955465,-10.9057168077693,-0.192744770249313,-0.12863466478752,2.8771670209819,-1.89190829597321,-1.73971359249294,2.79814664199133,0.123427074704678,-0.602449026868608,3.75565617483475
-1.3464806184789,-1.1526161859933,0.89918366182553,-1.12567122841997,0.496551925503219,0.0620259288017409,0.896820976085488,0.233201008157944,-3.24162854296846,0.472514883811705,-0.161492191407003,-0.939348013743184
2.92558420580692,-0.659764282518276,1.89756022149912,-0.668851956248559,0.394166548566573,-1.98446554673284,0.375432629607351,-0.301121985467479,-2.91987146147621,-0.347233410978208,0.011100077043761,-1.24127655532536
2.91614627149779,0.0256750327876094,5.13115199766115,-0.531321693402844,0.221033111861889,-1.32566124826147,-0.210294420673563,-0.365061778607848,-2.65589574519736,-1.37463402471292,-1.55031856101161,-0.479790990534506
0.0818253512634741,-2.92191629642506,-5.02960841453146,-0.321769592066405,0.408524087399178,1.16283778932049,0.809366709960386,-0.0889172811091696,0.201459084446008,-0.193333152839878,0.727402117970982,2.75701782409319
0.505036338029876,-0.0513979185300454,1.76635957573847,-0.363662529697286,0.791655443888806,-2.85382461172035,0.577750302889312,-0.434246718015863,2.14146749534027,-0.10275376656262,-0.519325783882898,-4.0814895249454
0.148571351277229,1.65523850323641,-7.84523428261381,0.209915639631341,-0.225881983093789,0.58132125410785,-0.674074347196167,0.0885236192284639,3.10754982271648,0.442962776189427,-0.431491902191623,3.10407282151325
-1.46648395318795,1.0354330610664,8.48755384593144,-0.195350562386454,-0.585198182119086,-5.10467567804014,0.0585153790919203,-0.130694192278553,-3.49091011230312,0.0375871062182642,-0.0293853638935282,-1.44183511349889
1.74111868222911,2.77499224889635,-11.9065451732955,-0.452141538151705,-0.295150197836693,0.436254682425587,0.172468767222359,-0.692469175254047,3.472358304388,0.290682108150458,-0.329135028232369,2.69719659108148
1.01701339986299,3.39022489524322,-4.27480555873591,-0.146731851203395,-1.72462186121844,1.23494481161901,0.118696391926055,-0.202881160813269,-0.977093738148207,0.0568133398064233,0.274317343350313,3.05767620222969
-0.460230807251647,0.453169299571744,-6.76404334184184,0.568119232197227,-1.24204501065237,3.53849741059888,0.377327716193948,0.540257396028196,0.983099914519908,-1.33528879641844,0.187115589758761,2.2862150362926
-2.75013808760148,0.126551950520164,-8.7662636456775,-0.0163822844574353,0.0429209235580037,0.497242541711924,0.125540944936571,-0.416774402313991,2.89599910062195,1.89274785134643,-0.601214826297075,4.13574367870778
1.36788703388046,4.73289693952783,3.71952977621726,-0.0871725359999723,-1.12394166155258,0.800910401277473,0.253690849414392,-0.363920232232355,-2.56350857468269,-0.0287117220171338,-0.730661937399446,-1.77278812017826
0.436824491570567,1.08763359510622,4.25566106399194,-0.149561786898995,-0.250023171570834,-0.882912897846609,0.13785769751742,-0.0391937956185819,-1.9598234237005,-0.776909838889737,-0.725191733676188,-1.71146012177724
-1.82702812005435,1.53495273174263,-10.5222898959503,0.0309816426240532,-0.34285788189576,3.2421267408994,0.589080540514722,0.618902718953077,4.28281756719541,1.05042681759788,-1.08214090757339,3.45318634158559
1.26058252257751,0.578363226205359,0.402079799836402,-0.170336375487493,-1.44569944670804,0.696665894014597,-0.475175426822979,0.582945300453753,2.50408402229548,0.00730181389181453,0.369249711101499,-0.826701421076719
-1.91841536693753,-2.15414378150843,-5.76961432166471,0.495183279970314,0.244590004792797,4.21848635943808,0.20940947495111,-0.117001752157939,0.214196056297906,-0.203810327646651,-0.224092418177081,1.006559255112
-1.84597635085307,-0.209583089947821,-11.4627375686738,0.00382919528638008,-0.320854642779684,-0.060928697794807,0.634683741879677,-0.359953179805953,6.24161138375078,-0.0271757430131379,0.401286324867088,3.01304734071839
3.24034729294303,1.91289422287903,14.1116269482714,-0.226046136712833,0.223803759665949,-4.16082770655108,0.701728126853344,-0.164230936562738,-3.93118756658566,-0.283270356485732,-1.49507364955169,-2.87041474626732
1.55509980272036,-0.657013657206453,4.31620953767991,0.014638019855826,-0.0269696669879533,-3.0736333993559,0.0694238714052695,-0.714119070690894,-2.0566945949668,-1.0653269155302,2.07173263155143,-0.497303217002462
-2.76950854387516,0.157787806598743,9.110581333948,-0.0839174656066163,0.219196858572024,-3.72237134589578,0.478613662514999,-0.151106655862452,-2.84422710625512,0.338075652016726,-1.26126451488737,-1.80967463013502
-2.79900841959488,-1.95671203119915,8.45363784669486,0.389876009166917,0.23806972553965,-3.02203888379013,0.664859153287688,-0.757814297337516,-3.64937051263175,0.620973839053934,0.236129843743595,-1.52608757369014
2.39573808149116,-0.883480711286999,-7.59229152669868,0.269474298812247,0.282811123385325,3.53634450036145,0.130423664637661,0.336895667205386,2.19958697006022,-0.884990217333618,0.078205561940144,3.70029102668062
-1.43260677854423,-1.57754486977761,-7.51177813120396,0.751774507664318,0.145594237694053,2.28520731007904,0.618200998789464,0.703163915644238,-0.448501567946447,-0.23187551328142,0.103724900637377,4.82563116725442
-0.893315741131833,2.51089075598552,4.36492122250463,-0.456214255666557,0.0383400692678162,-1.70264689690414,0.71819293415981,-0.149069013774096,-0.739346078313319,-0.0667840185334522,-1.93642271295991,-3.04933034011224
-0.740515843172176,1.68276549667798,-5.93617806336722,0.268771986194796,-0.0321375442664148,1.70085496459385,-0.19162174957615,0.140104831793622,2.68539069538509,-0.229107430790385,-0.208977162663001,3.68025861607216
1.29178187191082,-2.75978652707161,5.4211533731801,0.0207557747856695,-0.339859384331017,1.32530305992751,-0.189066388177247,0.124023144729049,-4.29787443807388,0.368863479370671,1.03136780709181,-2.37458675053832
-2.29615718087868,2.61485681893831,10.7133299804582,0.15768472547654,0.00579784709905952,-1.83515339459497,-0.285443428032874,0.270072101625463,-3.92446114625425,-1.22906002817659,-1.83786566803098,-2.33766670773327
-1.56917858967682,2.08316373198727,-3.68848640205965,-0.189875702038186,-1.17205534690618,-0.339327135083285,0.824308635394071,-0.687795864330322,0.878998126929902,0.119173351878283,0.303877789376938,1.82226080593968
1.10410630062199,1.015585483882,-4.2370701077926,-0.0908748293597803,-0.683722860635555,-1.7219977906102,-0.911889448998214,0.390795902573271,3.4438746121892,0.0225305206393639,0.0836875343778956,1.26505217757897
-0.18196660909857,-1.20882206639805,-4.97108756305885,-0.170280690843621,-0.210021958032119,0.124500147532137,-0.313465700578394,0.365172044380786,2.74403213144276,-0.440870292926687,1.25413317035978,2.85450728865757
2.3881172031598,1.88050709365571,-2.66869427009019,-0.150525096672724,-0.272250203722362,-2.68046461887342,-0.106605843656192,-0.74215707271554,3.27447353960003,-2.06154827215747,0.410858037461949,2.18944398040285
0.384749219784385,-0.22511798401659,7.22813419085196,0.732882424857313,-0.89750252326212,-2.31541013519451,0.234074771934445,0.93621201514687,-2.81588724439467,-0.117419649943104,0.348626857818467,-2.47811026473956
0.467264182030272,-5.26034090208054,-11.3762886483482,0.176772623627087,0.300319072718164,4.80602453909444,-0.416082023757252,0.562717905790687,2.09765272773,0.0395145405770675,1.81689825330284,3.67017046018939
0.0246680045021821,0.543810649624191,-1.80474045611868,0.54255667355612,-1.10351747343869,4.38653390358469,0.135340888152822,0.447370697571312,-3.96183015533051,1.19551694845561,0.122752874411769,-1.69560057207455
0.0567137018357013,2.91801577069034,2.65122349693669,-0.216620198056639,-0.0641733170629276,-2.84805530431033,0.201742771953425,0.276115903071118,1.70088763290694,-0.793004521210345,-1.84708534096584,-0.112521119367732
0.647003345939303,1.80806850225514,-3.59095654516935,-0.0977809695530295,-0.596202487916798,1.86618792555437,0.542393134247686,-0.0305897680406998,0.799015493844194,-0.00977206499482307,-0.0482067402758124,-1.0238403596924
0.838845700318233,-3.67145814030699,-4.95574346872246,1.29287807815893,2.14853028091629,2.66774044698575,0.098915841288911,0.297073566942837,-0.420253292898224,-0.639141843926398,0.817233712947064,3.08031253191835
0.43881112450886,1.24233836004913,-15.3562844674559,-0.275676529888395,0.668410285752648,3.544480320137,0.465229237174514,0.249330659892281,3.00275139789131,0.421433072699257,-0.849734422887863,5.08324417170051
-3.86993560057667,0.441710155892673,9.40189025172271,0.249067593815297,0.529513878229756,-2.71160448348762,0.370354900926684,-0.436912777343543,-3.33236945408662,0.629533851262289,-0.11103683812852,-1.22338291225969
1.96587745256499,-2.45879199824011,-5.83120724683315,0.391338303476007,-0.192493286427208,1.94586071024527,0.0631590349885716,0.521796177767115,3.30782000141203,-0.709468915542888,-0.715154020136364,0.184784243840811
-0.905781184257305,0.0307791534368421,5.19032069939212,0.393373227048436,0.559034100647437,-1.70767987649755,-0.180219119078283,-0.153285820358013,-1.88049569292637,0.793281427784019,-0.123733847460815,-4.0157878149459
-3.40566445583304,0.629685434203328,-0.379399717991291,0.139308234853155,-0.503353532596083,-2.29914906104814,0.313569507438884,-0.287543728248716,3.95469775689488,-0.167478812017807,0.536363666257651,-1.67787559597867
1.54913446665615,-0.19758871207068,9.17560475661477,0.0341937027149437,0.402348497168326,-3.39076010314993,0.208208012300307,-0.445117473595542,-3.34730957703201,-0.141787689414181,1.8242477247975,-3.71022093201919
0.0804843293247133,2.25990699114382,-7.13039849586666,0.177521185204953,-0.0166677294038691,3.15619437108099,-0.218048145245663,-0.195863996084909,1.57995987338705,-1.06629302136459,-2.62984505058368,1.39822462185804
-1.27513323554866,-2.70608581432962,11.2311357203414,0.752279979951727,0.445621466843856,-3.60766150642681,-0.152356762105081,-0.14332637871432,-3.02692348002418,-0.395898434922777,1.97528461869687,-3.05951392593835
0.277277747862708,0.7066830722658,-5.58894393050139,0.276189637056426,0.10600807273988,0.301153326763556,0.757503155146108,0.611696353906779,2.8626195721295,-0.674177709088411,-0.474761918827184,2.91717944825813
2.27508699541375,-0.497370939069329,10.9773177475314,-0.585032728689059,-0.0829132451988204,-2.50918576981467,-2.05730941358158,-0.4300659305182,-2.78267373513556,-0.614264741737803,-1.6106485549478,-3.30246818073316
-2.01157660671816,2.18530161237487,-9.26472208413564,0.697892574079188,0.0520535490499674,1.90824139010261,-0.871850938834512,-0.266217394161231,2.83766674399234,0.642614238407574,-0.644886339504049,4.23900040626713
-1.08000587270085,-1.36264439426343,-0.0741384659119384,-0.758140737187895,-0.520094495793924,-0.767711461616933,0.0200448793053153,-0.0504866333380937,0.925200017069478,2.33133772391334,-0.322304779607836,-1.2191756626895
0.596189738259989,0.393896801877669,-6.72394494940842,-0.223844923841,-0.0184225654974026,2.3310554837126,0.0872238249033828,0.0383232177645412,1.91759146027883,-0.00977974743808052,0.0789373261193999,2.71218640279631
-1.83267568138356,0.373256251973864,1.00429877142179,0.947703870961043,-0.435929871931675,-2.22506604247775,-0.107998605371487,0.104433198075582,2.07593447179804,0.09098413749996,0.0514786938635508,-0.675335664251082
-3.39103573555994,3.36091938151763,-5.09239659471486,0.600140358055462,-0.436215026190183,1.83930775307643,-0.21849315523064,-0.204344479426884,1.70749173886613,2.42264200902499,-1.60071346043606,0.931648007011241
1.01302899614527,-0.455698656635771,4.00301038031049,0.135896447563843,-0.0750524148261168,-2.94430165350867,-0.151083898020111,0.0980170482797529,-0.0617256073638445,-0.586681214501964,0.164673946889129,1.14986723404051
-0.840220387514767,-0.568128452896765,6.72125826689373,0.56350326531203,0.102952431594315,-1.2888874688301,-0.320902099632882,-0.0845851557176244,-2.6076904986565,1.27278684638541,1.27649207068997,-3.98393199096888
-1.81892161299437,3.76876391655072,1.91389787011505,-0.588876602445159,-0.0875270296081351,-2.0131207304398,1.05191970689989,-0.29927344798714,-2.01920482880107,-0.840608956928965,-2.91795060974332,2.17528184333407
4.68435368114351,-2.39019444257694,-6.25476436833931,0.0174411090547804,-0.253955010701827,2.10647995884943,-1.00831483444383,0.385585311854724,4.22468564184665,-0.2684518180721,0.662945338576009,1.40293903320277
0.547211307161089,-0.635346913172321,-2.67191184636533,-0.290552741940636,-0.246487195107951,-0.404866116690354,0.592477634366218,-0.641656976538135,2.39984981846694,-0.688337718473716,0.149385305087843,2.97979750193478
-0.0602034505763429,0.275365739224877,1.43208893719036,0.9321700349441,0.205307256983264,-1.16838743562812,-0.0389249828788052,-0.349667575372949,-2.13907963545888,-0.228918830652858,-0.0715416646026299,0.273953422979547
-3.7760485264322,0.904078037966153,8.28254343533512,1.19653044114303,0.0362073048863356,-3.5885020424713,-0.193447751134182,-0.337062461476708,-1.26615444115859,-0.0965675468336704,0.0226335421328928,-3.43928034451349
-0.621093820537692,-2.71273902014121,-2.38057710869973,0.488858830616016,1.11786305596542,0.204613986385534,0.34445646967606,0.16838089944706,2.83489737761669,-0.355262326028396,0.0391268473597071,-1.15737164716787
2.45172656446652,0.380467279770982,5.37232436883153,-0.962046158604634,0.400560878488258,-1.95895464688722,0.276347781867591,0.0518221291467925,0.676219304557771,-0.548667084228551,-0.853169022880915,-4.66934638061335
-1.6673494802937,-1.58634677506378,-5.03622055384987,0.13170879522754,0.561921409314506,4.05084061976773,-0.0890867423592731,0.987789427921218,0.820446407858414,1.99825558250845,1.26730085099676,0.363644773620144
0.0819353095684849,1.81340284707087,6.1163500951423,-0.609646468873929,0.188662278785263,-2.83382243757932,0.211409365127042,1.49305683136336,-2.13171887646673,-0.0326820334803679,-2.06835507994555,-1.64083418266365
-1.82098191901532,1.93089095553289,-1.68080769080275,0.0909075967114067,-0.0449425615882224,-1.46723070096412,-0.0543307416118437,-0.371215784903418,1.90262177598404,-0.19301917941177,0.408827306122357,0.581104240050534
0.431734862559191,-2.74660515400088,-5.56922813630744,-0.210673670944458,0.187260653260044,1.88847559646734,0.844066512046816,0.654781218360804,0.894022274103721,0.169677736357589,0.598110466291358,1.94639089802353
3.27400049151141,-0.963491484605715,0.698898635400913,-0.513310156690338,0.220374513266576,1.26417416542279,0.580229305049751,-0.250114185062182,0.263611954371886,-2.44702141665005,-0.333311260768487,-3.26172811023198
-2.07379758770584,1.75251512216188,-8.33758984208102,1.13446145018932,-0.3498022410306,2.14719427300378,0.0448063336998228,-0.0565751540949999,2.66729869893223,-0.0408313144300318,-0.0959150403957424,1.28669613460184
0.525051258014825,-1.04803780979093,3.89241794965015,-1.31662706204026,1.70636880391604,-0.136950052136888,-0.703492998061628,0.444186962721327,-1.57400449046149,0.305174739230666,0.0592535343637174,-1.02706340048878
0.349264514781616,1.59397865623079,1.44726393026918,-0.00951035232811172,-0.316649068359969,-0.442625414607539,0.360033381827045,0.386600494647729,2.12633673900603,0.422935598936182,0.194080140823091,-3.95111796044802
-1.71708609996649,0.438114412439815,2.51900696741438,-0.187968650378824,-0.134371587071042,-1.74863400024241,1.17666145321341,1.10618970588022,-0.103674527309503,-0.00904252207016179,-1.65562570313038,-0.16294308614975
0.562939948073687,-1.48847348382991,-5.98983503458092,-0.0763825469585805,0.11443736473994,2.62912635592008,-0.0579172678388892,0.0344382201302605,0.196595316167636,-0.712989003988778,-0.202361219520095,4.20163084572713
0.31982231020708,1.20993734817961,-1.30731972139643,-0.293703569124314,0.216173934948252,-0.824317424511816,-0.0842082700833126,0.0700557742772653,2.91454370764992,0.801320836689598,0.147744059841179,-0.851771375085828
0.475220877940849,0.360706217933569,-5.64007366674704,0.5032105543689,-0.0472587790145911,0.55169218710945,-1.27394723143228,-0.00593116227491307,0.712280515705828,-0.226592737705567,0.439814423225434,2.09431370438632
1.86463820773772,-2.48975584944487,-9.98476449647127,0.285349911391896,0.244132665992695,3.18401804893449,-0.44117985857867,0.38590370576928,3.55714226818789,0.448560731573874,0.803665269143672,2.17059115503153
-1.14200641551458,-1.76984738025512,-4.13613882269241,0.0816603014031073,-0.0134439035363919,1.44505689481233,0.0956672751944788,-0.357324537785417,2.72022402075091,-0.25732615925416,0.396354930266747,0.533097858989737
2.47991425132548,3.1056396158119,5.33950468132939,0.176384889573813,0.0655337044802602,-2.02689233159415,0.244132927311706,0.155853552915478,-4.14017626875748,-0.310796201836633,-0.604790191022082,0.162039461265348
4.82399284214683,-2.64497218738195,-0.724009116077844,0.794518816206879,0.221979906355211,2.51009903211692,-0.0920788820469832,0.0851697119846951,1.37516168304826,0.848289481420482,0.0435326688623498,-0.967846148556374
1.68770379866444,2.09921787203092,-7.01990983018729,-0.282834396375661,-0.209950491710208,1.02424620049599,0.476182104666919,-0.542895280405715,4.69777243631464,-0.114472430513357,0.183239688370656,2.68281207664404
-0.919436123025852,2.02990989382963,-4.97913345073968,0.182945810199343,0.418169398026062,2.14268870596881,-0.0745592994469156,0.0657105340376441,2.57895628137711,-0.547133732750133,-1.6681116271461,0.142070396936729
-1.74751926549211,0.0318983090901486,3.51250990725882,0.48636382675196,-1.19801115177237,-1.59627197742703,-0.00408042021780463,0.0891499484549897,-1.98854606684297,-1.42874131386328,0.267392530339999,-0.406203457862693
-1.39457255074823,-0.31156340284115,6.28520769864211,0.173920290187237,-0.377060790074019,-0.520642811772166,-0.313600688697563,-0.181313086052722,-2.81352982569967,0.840937724462094,0.329766368418264,-1.55914901845123
-1.82302251623159,-0.0485634387917823,4.54954867965885,-0.174065213126234,0.413126801781542,-1.71481542781617,-1.12958411337057,-0.290325415672281,-1.30681272096785,0.62232258219932,0.446299582996219,-1.35303015894947
1.84526520471868,5.05164283108672,5.42129768595924,-0.0936343379175228,-0.0347415314779223,-1.97951254770356,-0.377832481321449,-0.187001235142112,-0.699272314639318,-1.02648646485127,0.486710203903025,-0.498358643383576
-2.12507812273024,2.37718387390037,-1.39659330700233,-0.137213923778511,-2.32127788465199,1.76183410994309,0.199917820422719,0.0657096365939489,0.470934356956999,-0.859235488390252,-1.20037589502064,0.80651420834986
-1.48783822908923,1.06535428281865,2.38491372065381,0.101363756374799,0.0667040386513857,1.91815237373954,0.980854133155528,0.301304302272799,-2.63023005745257,-0.145978129581296,-0.23738286464552,-1.66623963367555
1.37638413772932,-1.29709193406494,3.04601858809715,0.0712314409261598,0.148362536918461,-2.98519218888774,-0.144519361825142,-0.131677889965637,-1.87822304604695,-0.994014161058839,2.45760726235225,-0.382754085893059
-4.51485831836867,0.338723024142458,-2.05917145960821,0.506601730445862,-0.966168199775045,1.27340698742714,0.420071573397891,-0.666839581208047,-1.68414956820598,0.204412908780427,0.677196884396335,2.82070205402532
1.19264564834428,-0.404356164422865,3.81437635893622,-0.304114775772737,-0.0985639647763189,-3.53626043922917,-0.0162932848987211,-0.127276979625411,1.00499288751037,-0.179600285681972,-0.417638611636251,-1.80415659045445
0.191091813575689,2.35794216907522,5.8983760385758,0.228762554746712,-0.811871275956961,-4.69384024507108,-0.102197620682389,0.3109525248922,1.22308540848404,1.06368042125381,0.0347192324242666,-1.50584175885763
0.337811729144796,-0.474395295598711,-4.31907425802636,-0.346597454384538,0.200937351882809,2.49510119684706,0.520257314762954,-0.314405987911908,2.34422064514742,-0.423228072675331,0.259015168993646,1.09244265716558
-3.1428045320926,-0.027951580693703,4.11497003457524,-0.024666204128256,-0.103855463458515,-0.845680124415367,-0.237130278717277,0.0498039819594989,-1.96256642801488,0.908114874512843,1.66555495103179,-1.42353617950189
1.4897831075373,2.80718188387191,-7.64858571871725,-1.25960359042552,-0.983807656020242,3.9740227930582,-0.210495510554807,0.192649057078613,2.97594229895414,1.26835929104539,-0.377002923697113,1.67180381799768
-1.91816091934322,0.492934440075833,3.76858922144234,-0.485364449725143,0.723297249338668,-1.72283334270782,-0.17620035960629,-0.528326595434345,-2.23322318023177,0.503233693377755,-0.80399754030364,-1.15605272059198
2.1920594354724,0.910805136201114,-5.76329222901743,-0.500045610695588,-1.09765223351035,1.9780689049973,0.188767744907814,-0.437800300373789,2.05999238276618,-0.373158555238128,1.87187426748479,2.44158034879677
3.64888487574118,0.479267482376323,-9.2360857831844,-2.18375030371656,0.574546930671589,1.09877519415368,-0.0776215082194006,-0.410382425423199,2.73158675410726,0.284315832333061,0.428682028155272,4.78690130946608
-0.476598465402173,1.84831560431862,-2.61470870773665,-0.0178498017750242,-0.183678242065486,-1.98128240581141,-0.152218644710098,0.182166726704193,2.88190808704458,1.4043329391001,-0.328655504071843,1.37862203058275
0.987735328046855,-1.09809794526245,-7.46159293483186,0.138018762595828,-0.840500223659093,2.57851638829474,-0.212272885373608,-0.555283327203602,2.7051652393853,0.903394761955735,0.896446201898986,2.08684832361058
1.64377490302071,1.39271133043981,-4.11751927676858,-0.106952966866412,0.248356904776246,2.71086487449325,-0.209668026507838,0.277424867695322,-2.10784318710132,0.13297789282529,-0.0285185652756197,3.1065119987758
-1.73636905398569,-3.4751781908882,-7.39753466478231,1.45680842514817,0.480483131318316,3.49709335836082,-0.38860012782576,0.0727973762030153,1.16839672837584,-0.183281090393494,1.93347966375861,2.8646398128383
-0.0219317050593727,-3.52233980881791,3.75630800218073,0.080594587588195,1.56616627381148,-4.15180173520973,-0.062550036783994,0.457966612768752,2.18635247606873,-0.704679399658188,0.054404386519539,-2.39663996350262
0.109697894817648,-0.382960598395985,2.64086051953764,0.0131456029644036,0.193804355304485,0.976930583866278,0.051180243683547,-0.023627743128238,-0.110763177277856,0.392740921869711,0.00992255345343938,-1.29955598226659
0.912052655298894,0.602951362709039,-4.43892741688223,-0.18108220875161,0.106886317038013,1.97958605119918,-0.459576315836558,0.562628102007765,2.12975316159665,0.353305620769017,-0.428408127242566,2.74573084446703
-0.315841747829406,-2.23567820497077,2.66229988477123,0.474298880176829,-0.10840545591018,1.20277136610905,0.0391458306094926,0.632671290205368,-2.04443161965195,-0.236226322545497,-1.2787615203491,-4.08101445471239
0.687535196594723,1.35985501931216,0.281306244573401,0.714401345641894,-0.127030538999685,-1.76391956833235,-1.38850471162407,-0.25571875164786,0.187314358337435,0.299001380575083,-0.804736335475142,2.6488802654253
-1.72719492846543,-1.84033419565704,1.63809905434185,0.288149639112798,0.218774391705586,-2.10010191460466,-0.229991206026304,0.11778834628615,-0.858291817229906,0.490443779108431,0.898213660249404,1.61619513547149
-1.01997551054944,1.68127338168808,-0.310206773969013,-0.0858087602211515,-0.340827881576151,0.521392879884645,-1.37225549004602,1.13729557239631,1.67907740379659,-0.0307768720324222,0.136203249768023,0.393738298283157
-2.48266798973501,2.85300200571984,13.2907693788705,-1.02147708884455,-0.626913980877332,-3.20000250796346,-0.555459890890778,-0.667219754617923,-5.46500684567065,2.41600285261583,0.0783198619968892,-3.76617906887051
-3.28295418423538,2.62955116822648,7.39703972599379,0.371376592763139,0.0786715065052653,-3.41502148725128,-1.02685429165023,-0.219393327040758,-4.71180891490217,0.585929821669526,0.590663053421286,-1.16131973549519
3.90371781139925,2.02797703652176,0.487328628293374,-0.151628331435988,-0.088828710041989,-3.17330206622023,0.0692512727340294,0.150057751226596,-0.799575548932838,0.409804656244682,-0.220246442703347,1.22909419392996
-0.189896907811026,-1.34659285669052,-1.05337061534362,-0.19760540233067,-0.206141227310592,-0.145614604810868,0.255564625099842,0.0617811466433998,0.276221289747874,-0.247881351630102,-0.396473349666275,1.25263080883039
1.97634993075512,0.644011765675492,9.06888140134841,0.1092196193051,0.0114036424511322,-3.24608931004408,-1.44510133133573,-0.630874665317656,-3.93462840018041,-0.441979065131747,-0.644860416122735,-1.92576315308048
0.225351713387882,-1.35568129221003,-6.25025353645024,-0.0442242119334708,0.651181473797892,3.36686927597918,-0.34657863121575,0.021383812185682,-3.04059081994144,0.482020618044815,-0.74586200916229,4.86355314643082
1.44228576938037,-0.511115048905678,-1.48124970509146,0.0509680911138194,-0.697218402943178,-0.931076753022369,-0.127885149519414,-0.0017018291901971,-0.109569837971585,-0.229435947492117,-0.0644278374102488,1.23643023996942
2.51868230650272,-2.73585436513829,1.96592992245198,-0.0335961163707895,0.129315340900106,1.21978355059512,-0.105645547878644,-0.182839355517923,-0.722162370875562,-1.99306483591045,2.08051955811137,-3.97037092098681
-2.32089341946985,3.88100249710811,7.07246665091195,-0.276127394220255,0.250952091305334,-2.50369911722475,0.389170283435173,-1.19051252771133,-3.34690434307295,0.115864432886551,0.399412545035771,-2.02897205293962
-0.158513378039932,0.864904247919166,11.7616501688738,-0.403575165097278,0.750709257129123,-4.51187471671355,0.506642367891572,0.0600436937825845,-3.23055297225644,-0.117283799634755,-0.0954469344320879,-2.38222925821067
1.5738952391587,1.04030378000105,10.8469053417674,-0.0349662294892066,-0.900650990925446,-3.81151782391539,-0.786523249177588,0.571197816473035,-1.17171334224009,0.0704155308964361,0.542848658597712,-4.59483057232271
0.88576818401039,0.399906652665858,8.13887145770568,-1.30798714171468,0.188311443200882,-3.83397705891309,-0.172494415611592,-0.807757749418463,-2.38866530313678,-0.00443545317652185,0.0661927085761818,-3.6280381161458
3.5630058649727,2.42375183516948,-9.55836858338445,-1.18461512752726,0.155907705960497,3.45773461594543,0.398338123726997,-0.429452854462136,2.03845377860149,0.337359909218622,-0.136047388228751,1.38825729963423
2.52208846352985,7.20364216123367,2.07120507741092,0.042160855127501,-0.242338502504084,-0.146823124849532,-0.943346246343108,1.31674070847092,0.255586462266102,0.9833010523473,-0.689661108086417,-0.0834932437865848
0.647474592310825,-0.662201342669733,-6.60611248778502,-0.464479753635904,0.827039103454771,1.51136219560048,0.107324345491777,0.435424017428674,-0.818489009161799,-0.0950020563875081,-0.385080845970945,1.91601138661285
-1.61598331166812,-1.96664048426099,11.3999875715522,0.0714084768179445,0.243149474882579,-3.07906244768899,0.463002460251737,0.184842237200705,-1.97451960322077,-0.663658458149662,0.881927898042024,-4.04500326103206
-1.03560938557232,1.3610291671832,7.97501170655877,0.272253858141688,0.150757258259394,-3.10855066117174,0.902531642843411,-0.0465357621617798,-0.97774745084642,-0.250614993631726,-1.02085116337017,-3.16819378647472
-0.874858303779799,-3.62430611584576,-6.03493448214233,-0.261871966238826,0.800789892289161,2.40771511310986,0.228378426157867,-0.00845811151458963,1.51531211999144,-0.249300993197637,-1.98761762940165,0.0975724813974794
0.202926532881012,0.872008946163067,8.50139613217537,0.750801136675087,-0.165972756725884,-2.6608514428113,-0.861881686157831,-0.0798832282322138,-2.91592641805606,0.212251092389649,-0.264185787652312,-4.69016768441286
-3.0814987943997,3.4138260246278,0.762936117163242,-0.0225723292596518,0.309457793950121,2.47299517343257,0.0171700576032541,-0.222205638725347,0.696054952520928,0.773420135749064,-1.08663677055892,-0.588614517201269
-0.369483479718652,1.17869891761652,8.66853164414069,-0.151465713141038,0.113315471172217,-3.77030790977456,-0.0385558389396691,-1.29260247310602,-3.10535593879054,0.377071609433216,0.248156435270335,-3.22928433090671
-0.164022327759005,-1.55500281490174,-1.35587911939631,0.101396935147082,0.248534175393866,-2.62367396562298,-0.286423389730463,0.411715311305067,2.33491736800175,-1.63076130702021,0.0853695019915595,4.22435876664382
1.03466170271503,-0.587652163241728,-5.62687311869947,0.210462198536989,0.0721681184757095,3.22941393654767,-0.0339014250032722,0.0257928292318622,2.03509651176002,-0.242076287894312,0.0981579953688681,1.28324739401321
0.948241359295825,0.508589316280172,5.50950925289884,-1.0973858104289,0.165608882440946,-3.19559775959898,0.0928695248732136,-0.0213114376058748,-2.38900805467292,-0.196442467352337,-0.00468087882028371,-0.416031641892767
2.50115028096159,-1.13204699360274,5.21918080329857,0.6797582403868,-0.548943235669034,-0.235092275696679,0.0658945917206242,0.0171959902847787,-3.14139371909596,-0.441782200623598,1.30741421890446,0.379934782632762
1.10589221988317,0.304358205364728,8.556604794049,-0.20790068386499,0.397226903983893,-3.35346541684151,0.649854111891332,-1.16170553203678,-3.35271590458658,-0.433032796253407,0.00676190493048395,-2.06588065541157
0.196267834401837,0.471367993990949,-1.02173922472151,0.899070813838319,0.00070347851593753,-0.642559875389984,-0.147130683405783,-0.424139612504758,-1.85399996405931,-0.145386454828196,0.365309966057711,1.06248317279321
2.77287611304872,-1.82614813803489,3.12563401580607,-0.363474390377187,0.391305315026373,0.753837681470507,0.824295615355525,0.268808392659074,-1.11330975249253,1.0691612237834,0.344526135730045,-4.24920996616056
0.551678102210216,-0.818422541767344,1.12458299932558,-0.686532170561849,0.272728152196757,1.63797803018894,0.500360921961891,0.446367835455909,-0.971673635088604,-0.430121814003114,-0.144483032562174,-1.28233593621504
-0.048597919427845,1.78312161314981,-13.2329652106206,0.135226930174355,-0.331345392566908,2.78818150203174,-0.325140331544792,-0.12382563669109,2.68004850736776,1.26156563003343,0.471743036047573,3.2836396258593
-1.34471397697125,-2.33885872712414,7.36696076081792,0.200120149676304,-0.22907030322176,-1.88636642886361,-0.351540300019119,-0.538469029279021,-2.88740749754178,2.02442626192594,0.863545667485345,-2.61464466421766
1.75452802943576,-1.35959714662768,-8.55284271741988,0.604025227869996,0.460850736865456,1.43002476121208,0.347036143489955,-0.884329591963648,2.35716323156248,-0.419139512208583,0.762593387993661,4.27468584380524
1.09516480760983,-1.18350511448866,1.9593314970836,-0.0424075884172464,-0.0930948424554675,-1.67398500808629,-0.169930069406774,-0.104694386196706,0.392463582178276,0.291431204002443,0.0731287566152641,0.22352424896388
1.24929240077881,1.6096908575299,2.91405092378075,0.688586996586613,0.236909433743398,0.553814806466788,0.360514151525761,-0.125008715546793,-0.931210181392203,0.148160488593759,-2.26193881340785,-2.33090574868834
0.306912412903721,-0.827930403086612,-4.65617776795704,-0.0206588679979339,-0.390843556713683,4.16539082290398,-0.144320044747989,-0.21688682201336,-1.26487306827131,0.0711818838644708,0.170845690897528,2.15486043066799
0.56043177760514,2.34320240232682,9.37738389540719,0.532256062013217,0.0624327930127548,-3.32975937008796,0.011114103659598,0.396117057441759,-3.11028065894859,0.055544906758009,-1.90276132764019,-3.27750025509697
-0.930603708238634,3.42043464967339,-3.52610427738325,0.0368078466734373,-0.52349342221859,0.0555802376470627,0.173051767817204,-0.00686445092628104,2.84703266358416,0.6687421997251,-0.364294944104134,1.2114461674851
-3.7748635734871,-3.09413155480596,-7.62394991823673,0.256363737001655,-0.433239859780153,1.42094606561809,0.515280420086474,1.95489683478579,1.949279463039,1.00564670871882,1.18922225033673,4.30365943922538
0.197712221714321,-0.749036782066709,-0.635326355042083,-1.24155205690262,0.958961288716023,-1.11934848871774,0.513001883581791,-0.359821442028773,-0.195323486891931,-0.0149545977856162,0.362628952355507,0.770585397239525
-2.14816382764292,0.35895938508554,7.83881666670595,2.08745479122421,0.532091899547559,-2.58535971803754,0.220413130366462,-1.97203551599533,-1.44252585278867,-0.0447719871184631,0.231906508549154,-3.78122346772297
2.12320279675729,-0.513781781395787,5.40970696235781,0.0203506915073934,0.201695144952568,-3.31527837739647,0.0136910160222943,0.0423192206316861,-1.38344681795408,-1.92479711956974,-0.521094172665597,-0.532044921538522
-1.7135277726877,3.31735128884146,-5.78749247401333,-0.267907674469909,0.292929171841875,1.27907262434599,-0.246400991011729,-0.513398623807116,1.88218563616108,-0.118632447417739,-1.46492235115146,3.86503900495974
0.00481959151753975,0.115158133934238,-12.039720447574,-0.590761367169706,-0.0794369243528394,3.18980317060698,-0.383351708567715,0.390423881531921,2.35925040760684,0.483120693351433,0.326838036888159,4.84612023744349
0.716062991521522,-1.41242071130612,6.89380975924367,-0.123005813091616,-0.223735289545366,-3.71185825206648,0.436147954330856,0.159478845302159,-0.521496887262793,0.436727550415171,-1.40240343854041,-1.07989828674333
-2.05031046552915,-0.857748599926865,4.03080084883904,0.377609915141036,0.0274659845826848,-0.440821844555363,0.100249981672553,0.201140263574118,2.41510377229636,0.3433146389659,0.342541986256262,-5.92711275496052
-1.88160601186293,-2.32540502054619,-1.25821242878564,-0.17570550876799,0.588808029084862,0.0709430404141017,0.454360893596948,-0.430254090342155,1.71830810722313,-0.280295159368533,-0.0760329849403257,-0.813959229280054
0.738457444887944,0.425630851519094,-2.78661285843122,-0.0981276832198437,0.0106499947469858,-1.64195881098451,-0.10938698835065,-0.000679696099802379,3.52584271266084,-0.085247669795564,-0.54651361764631,1.3424685880712
-4.74239590285343,0.575384420635313,3.37316116715918,0.559330233216122,-0.331469498674386,-4.41071348776904,0.277606065143308,0.316265076281518,2.83979719374322,2.40272520986584,-0.425621800345861,-0.709194195819291
1.02963771318706,0.443317788150869,8.84170339017293,-0.137086730736051,-0.332653846305443,-3.50953102049341,-1.29132187631849,0.809089781789883,-2.64985683006062,0.147037093315388,-0.159872846421051,-2.75347964238862
0.140679832676402,-0.945854074721962,-6.56118655109836,-0.0699897561186916,0.448871133274598,1.70785186974798,0.713104335249129,-0.296403526430153,1.23907010627207,1.02468941450639,0.403406931745719,3.16429993050821
-0.543183118910732,-3.32173929264958,-1.97463260027976,0.0840768126044034,0.391259820474203,1.77257865254216,0.256107454702156,-0.275317820057395,1.42960055067949,0.332532241485082,1.65573477334914,-0.391814212145524
-1.85845483499272,-5.66884639015576,-4.91358540101343,-0.047111892659961,0.319861676377125,2.9102956294758,0.412177568544771,0.037901718468176,0.448309879531205,-1.78028195034928,0.853026862013304,-0.604511731057822
0.582378905157689,-2.35709880343451,2.48940810247572,0.0117505905473949,0.441447814565217,-0.220910282850537,1.11075822154436,-0.15569702817547,-1.54325566742507,-1.27630956620062,1.46202083921259,-1.06447323264377
-2.42390543403362,0.251112730750339,-1.69715365411533,0.227463656497414,-0.188832794642531,0.717121355963135,-0.0744905530073336,0.240948601608519,1.34680899115042,1.62543405746877,-0.639600434434098,0.137942973865729
0.148196742435712,3.56217339889826,10.3266513235421,0.180311307011063,-0.124892759352525,-3.50263246791551,2.01589305001557,-0.602851038698768,-2.83514679275847,-0.735251621632294,-0.73504544398777,-2.03486835383091
1.6623012686877,3.27544197546158,1.17607141694524,-0.967092011436888,0.667316619210976,-1.69657542647,0.473310599228959,-1.99010127474403,-1.33086121675581,-0.475760659219019,-0.2422390539148,0.309790671740184
2.05521384593473,0.751946141177531,1.64068503979683,-0.200873993769874,-0.217403771699978,-2.06886068181642,-0.752503856566942,1.24915947817337,2.46247284161567,0.0680110909905038,-0.491217971791854,-0.517386346099999
-1.32435050526151,1.61629714710051,-3.55395655632385,-0.38761083327025,0.488414471304047,2.56205111876687,0.2781801241059,0.267945014020166,2.07033064139175,2.16048522281105,-1.97065895601567,0.622486965444262
0.93573671165724,-1.01034378059751,-0.296348630529128,-0.160576186621944,0.0602459230526713,1.20461051631323,0.292081578997143,-0.0361136826050833,-0.61281739079312,-1.51754342487561,-0.2401592995597,0.262691680226026
3.1428587013531,2.88724737415169,-2.4822856713722,-0.132234290915738,0.109095563928758,2.58507238861105,-1.73450625539306,-2.73912192023709,0.868062272250181,0.132828589328338,0.0281422666550003,-3.18850035251799
-2.39324870149991,2.21474218637182,7.31007137826824,0.0914417379833918,-0.915103356825856,-3.68929449481116,0.890228184749525,0.345215959734059,-2.38205247982905,0.0561080941546929,0.635286785791594,-4.2826125466205
0.396473733532618,-3.51165327457696,10.1106470284787,-0.493305086450642,0.586342851583503,-2.72641583237499,0.327883334778832,1.12411622807493,-3.82542494076197,-2.01273182902414,1.33400002610502,-2.97172628745624
-0.172323280625154,-0.537360034711442,-7.4212518390039,0.180354619927268,-0.0279344044900371,2.51614713419269,-0.655495752957844,0.156363634900659,2.50792275161112,0.672954525437296,-1.01592261497624,1.50666527974653
0.686780407336515,0.97945209289778,0.0137418629928221,0.213851416183541,-0.26950647831,2.37072839154395,-0.444454418732817,-0.134465489597896,-1.60180147531532,0.398792369630714,0.710626323483866,-0.483063597595653
2.96421458388007,2.63019091407627,-0.102971423822362,-0.283821182048593,-0.0297793577331207,1.48740685561178,0.35477559085153,-0.142715411654971,-2.36238777431488,-0.802309808920019,-1.03665802827128,0.859660810975328
-0.889038278974814,2.88159098110454,-1.30086390877749,0.0281443912829257,-0.0831283142507101,0.120463970545865,-0.184279066599031,0.21353983686385,2.94933823508336,-0.322525457277922,-1.18915744972472,2.01904906867774
-0.545460321185752,-2.69972560534222,1.61966525971195,0.0406440543001563,0.356784575922066,-0.702790571307126,-0.232259160362513,0.627120223233297,-1.74780413993958,-0.0111732585037775,-0.0173776079710005,1.50044576620172
3.60249328587704,-1.10558880499466,5.668283543412,0.0669493764353701,0.248469691723981,0.0560639399463338,-0.0880785035018816,0.0953251519094964,-3.14056282867832,-2.27652935950221,-1.06747254307936,-2.62346415228213
-1.38347983686703,-4.54333994932562,-6.25750272434214,-0.153133564245328,-0.237743085843874,3.02582351495682,-0.405034227295915,0.371431779148038,1.68639800717444,1.40948775444605,2.19570984735367,1.18492581446805
-0.219087607274547,-2.10099144560927,-6.55897027462013,-0.485497124110188,0.7762806859087,1.75372864560647,-0.267980983665834,0.029914921873753,3.33616187146265,0.41361364049278,-0.401704154934492,3.31415039690045
-1.42738621487343,-0.178392236215518,5.31748274262057,-0.0602551760464747,-0.156204970709243,-1.33754300510865,-0.115022689434511,-0.256122867311642,-3.19228003567073,2.56263717704098,0.683135506219201,-0.595172841873936
1.00267983001684,3.22007361161376,7.47282990372953,-0.544309713268722,-0.0919203674005941,-2.34077837659984,0.445949635951297,-0.0365865033679838,-0.446755267969726,-1.3416880285767,-1.11234877446297,-3.94749176831887
-1.17179082840401,-0.304908682748535,-7.53794193305409,-0.0728784185706361,0.0578889017937537,3.19085523830555,0.258899951396433,-0.234829424363278,0.736220055407366,-1.78662607215819,-0.418697707573874,2.57148674841491
-3.80092947166408,-2.17065700755073,1.34634282201743,0.173190058753115,-0.198024234141836,0.318913583553316,0.345687498207493,0.574057472774082,-2.00160414994908,0.0185824233126548,0.156694992518702,-3.55825875163152
1.60111076163532,2.53409013817593,5.43277861615247,-0.0884565798409994,0.337608853868126,-1.37790809137046,0.175188763908544,-0.155026577242983,-3.55591151375189,-0.585921901167335,0.562733561641271,-1.30789094650031
2.08613603758194,2.62866665354053,-12.8072326490018,-2.5456706022775,-0.355799517979302,3.06589262659156,0.123183498989721,-0.398100308079302,3.71930727056036,0.00269255772308299,-0.0601545842105637,2.44490680297655
-5.77521689443382,2.27700856474553,3.39090000300712,0.243287460899676,0.570193400009234,-1.692237641118,0.0574036140318773,-0.109750455624214,2.79858672749437,1.87045956847532,0.0227971799654717,-4.29215039295819
4.15915433869584,2.28061371373784,-5.56031674648935,-1.78457621876978,-1.52188114271637,2.47336789969432,-0.945300797440615,0.181923682616212,2.96969537494555,0.0407383258686075,-0.692536667666364,0.277927892170348
1.75032513476259,-0.945047895655102,2.60928134939362,-0.597350373571419,-0.210298638053209,-1.11906508118352,0.497373358800284,1.04225456162233,-1.82064602924543,-1.22370041409327,-1.16697520819317,0.304454310915034
1.9688883292871,-0.651544344681262,5.07216056666712,-0.638102261326409,0.538606709538731,-1.18210609784956,-0.193786586804783,0.340745558298563,-2.79238738897103,-0.242967347737017,-2.15013394108162,-0.945738897204484
0.761388611416622,1.34014104383095,4.96370435551265,-0.437138782399621,-0.0368403152526792,-1.76745237531289,-0.427395962806525,-0.134675913091522,-2.42563694812541,0.399175504013237,-0.56003600167874,-2.63068660669306
-2.59858355040412,0.257102109632379,-7.6711059114781,0.567152195075752,0.949890535948147,2.64677155680389,0.127875731464755,-0.228093809563831,2.17845247477298,-0.467112159803357,-0.436263363306685,4.43189181687145
-1.37560922545559,2.51391296729305,-5.22583479164425,0.696319323142652,-0.428739822437426,1.76307458826108,-0.961993671804342,0.120313315942537,1.08826378030348,0.0353046639114412,-0.359853614104674,2.83302517329233
-1.32986250784023,1.75705233025554,-9.03066157933821,-0.0251967026353555,-1.39137670064466,4.51842876007979,-0.458992891658459,0.392333276946864,1.83622344208835,-0.111009852207968,-0.355854431212752,1.63957158001915
1.0275502308542,-3.98611077041886,8.79347475648324,-0.152367890726886,-0.838228044169534,-2.77726778722868,-0.000376240110794122,0.167612591194211,-2.02170004989136,0.717937979989694,-0.0723033399222084,-3.49731679607681
-3.83465949386157,-0.57399116953385,-5.80429566254675,-0.370841936622562,0.0253213699390075,2.15203772420039,0.074424620176681,-0.0638046874029983,0.616010795270791,2.37447028343772,-0.120427518923071,1.4012137194694
-0.58084086806879,1.55142132652992,-3.49086263025628,-0.367352814624307,-0.4128601026249,3.59959282591284,0.480311814718528,-0.651913600366054,1.67112626849299,0.632984623898168,2.11569036224574,-0.401239517834049
-0.392539414563202,-1.72892537441326,3.39963626382148,-0.223505134467634,0.381599500814319,0.710358777280691,0.137902136234344,-0.152167430624616,-0.0278654048908222,0.943749102855212,1.58870703414697,-3.95398997480626
-0.603848601189784,-1.59497294314,-3.7240507158743,0.708071678230991,0.55407092520039,2.74941102584906,0.435562679645273,0.0457338522586559,-1.08362528544757,-0.154285949572533,0.0322489352686551,3.37126925722659
2.07776568377951,0.72636205582499,-5.82510910869764,-0.53235105825596,0.387837103370466,1.67552163482232,0.0354643703517371,-0.398974976459366,1.56995695353073,-0.332640378620712,0.0825338708822393,2.07067128307165
0.663687188020322,-0.507265880846816,-12.4294816924108,0.413246194362908,-0.146583994284195,3.27384178387208,-0.5316358378841,0.426165731235725,2.3776250755686,-0.509584441157871,0.509418342062638,4.18595841099039
-0.275380035967673,-0.255118565387085,-6.92793107124426,2.28954369085169,0.364416375187907,2.65937862123163,0.416373860228626,-1.04401739801701,2.19301399767201,-0.136863485216913,0.156745104325688,3.64464337078696
3.47650559640832,0.321514146323526,-4.85619438707911,-0.0660934727426965,0.101350974339953,1.3190192241906,-0.308988721368446,-0.293699497096934,-0.788152499972804,-0.408999007692658,-0.413056751370237,1.21329399912945
-2.51144133223386,1.30005125870591,-5.34822949014244,0.320885486357883,-0.0404062563944669,2.03117504611903,0.432257160240492,-0.139779904011572,3.44323398809968,1.36439779550198,1.68055769644978,2.97669749448179
0.282174646532745,-0.485675081648481,-8.28848099538191,0.184050219996907,0.0961867920141031,3.06559023051769,-1.07254268392269,-0.43682437293334,3.22805624605521,-0.00289111117764778,-0.157944406132919,1.90895901167231
0.724928366682287,-0.953808487291053,-4.84061348433478,-0.0176620349312942,-0.830687886503829,0.982979587764947,-0.158166591508032,-0.422736216511703,1.63165152487171,-0.807191508367099,1.50985960323187,1.3169127482719
1.24684225963766,-0.89820664388348,3.85305675847836,0.186589044328747,0.257550025978226,-0.388542915582356,0.383452529777983,0.0844250511998135,-2.89849075620717,2.21824428627143,0.673220788247506,-1.53454347820308
-2.04752219841292,-0.181762087478813,10.6461122094061,0.468266344020017,-0.414009390856466,-3.29675374822743,0.547689416047685,0.259958330208945,-3.71325152668056,-0.00602586908863447,0.756859662776649,-2.59334364596429
0.409239336833518,-0.581215948408561,-4.739532455646,0.366628769588959,-0.0336835650301398,3.30109495111533,0.238198635783156,0.0340741240547212,1.84860982358061,-0.487410858513885,0.600429671570276,1.02643707806383
-1.78032878167561,-1.26841140833071,-3.69720992841058,0.157097208614578,-0.304285705575009,-1.71463489311939,0.632361986113437,-0.416567818345533,2.6864667515441,-1.71857328789631,1.46006682172952,1.61564024626288
-4.11883301776869,-0.81695383021734,-4.24230696663232,0.407006586992729,0.116048882530359,2.41581492320707,1.34988242146889,0.341554910579725,4.734129723542,0.026587398057315,0.417085968434301,-1.65382161258133
-0.580679077796222,-6.01993100463316,3.30292991074168,-0.124852311842121,-0.547829302669833,-2.68251265326224,0.411883569496459,0.544416320823852,-1.19607928872779,0.421989836105513,-0.159255229986048,-1.16295105144059
1.82045065579636,-1.26024490049893,-4.81330501824543,0.235038019254656,0.374328170476086,1.37295087872834,0.507240651409873,0.226934963449186,1.10708308347259,-0.716465499459219,-0.191227052370906,0.529888502964826
1.57739345473945,-0.298932036892596,-3.70392943904807,-0.136439798814973,-0.592348938908709,3.43608835459245,-1.94101452714215,0.494279618082528,2.24643687214292,-1.06244072748971,-0.08967851076485,0.868761791938874
0.707122181578483,-0.984926917077021,6.22204131006619,0.108183040775793,0.330595679167302,-1.15615097568351,-0.563514834675726,0.536662079206907,-1.78702467465292,0.280563830878043,-0.656190317995887,-1.7985344247139
-1.55307405834574,-1.87049178896149,2.57554879306171,0.386784463581839,1.64436284616303,0.833758683466463,0.838037522669832,0.0129266243166693,-2.29445469808742,-0.0715706955974807,-0.316665949312696,-1.69031617974217
-1.42291466484759,1.46503606265346,12.1596269851097,0.452352430842671,-0.28610942687824,-4.7183573396924,0.0777366012439295,-0.702361150488438,-3.41193113617925,0.967596051366,0.253362685032026,-2.05582199580418
1.20496412034607,-1.33744690016558,2.97534108796767,-1.52170474835963,0.205830615724596,-0.490542427477917,-0.727045019716447,1.00215909270565,-0.467063811061158,-0.238701574781059,0.43343374884386,-1.0995842766971
-0.654760733010111,4.04798229587333,7.13696094796208,0.179851947327039,-0.592035561057984,-2.30359417528264,-0.0988468216493091,-0.00647855472460615,-3.27822166929411,0.309779771753935,-0.610002932559767,-1.0801561137574
0.204559273035792,-1.72171410769402,-5.83405250021505,-0.203985567726063,0.0191160811370253,1.32542165981524,-0.030120869748868,-0.416050140192201,2.8741566454034,-0.832534883359123,0.233879779881366,0.905612443734812
2.52443672199388,4.98881167115814,5.69978333461033,-0.00403898050060102,0.760895444605995,-2.47773867002889,0.273807346749503,0.0170827987518969,-2.95524021921989,1.55410296388045,-1.02983518279578,-2.26878276338642
-0.739806562127396,-0.325577169929363,7.62836639110003,0.395947878638713,0.61171803784691,-3.10068171996153,0.4182770133092,-0.0958761551301835,-2.03129162774398,0.189416991353611,0.154359725190251,-1.41508476809214
0.5265835522575,0.400855814096487,-7.47071496486822,0.183039878087641,-1.39058395783751,3.27575472695375,-0.330950099401498,-0.140168076804702,2.18779836536259,-0.359229120119168,0.35177524997545,1.1370663990179
2.75904366249172,0.548659391013623,5.98124887922742,-1.40665069436779,-0.652259193313017,-1.00371696594969,0.247714543136676,-0.0271038965539043,-1.51132676915644,0.411511277118616,-0.260615828378682,-0.174578313631304
1.36005431903558,0.607088070134767,-2.91821889457708,-0.424069117564361,0.15756606379634,0.487059443376161,-0.305715171534814,-0.0539463757665063,-0.605181615520154,0.121997085624766,-0.219654987529095,1.7081933232821
-0.629271727894669,-2.85810873307639,7.51970374181448,-0.243905457469958,0.735856447231721,-1.6527995037442,0.00956568598561613,0.309350487083158,-2.66297503165326,1.01422634662468,2.48426952883328,-0.54574399094869
1.31758559433536,-0.380650706456812,-4.55161301614311,-0.138169344126554,0.50743651446608,-0.963213391722695,-0.887644367021099,0.00932532871387562,1.93251942912457,-0.462570414517981,-0.60927824540695,3.99863605712297
2.00675649253402,-1.49402256437918,-8.85571794555064,-0.979822877746001,0.342411226251486,3.1019378086695,0.103991030947497,0.072050805434295,3.07146352605809,0.75441143058147,0.476838920687347,3.3380204258294
0.141721816037175,1.66261013287532,7.41889786079397,0.362346889007908,0.510951103849003,-1.99051675165631,-0.482650339428531,0.364207406671808,-1.70033911138354,0.0875811391203646,0.66669267583897,-3.94725546640514
-1.1614035087982,-0.663896882532109,7.06437002035639,1.65869828754771,0.989199931086263,-1.05179166437016,0.044340135960112,-0.372806418620679,-0.865808628129772,-0.296904862963327,-0.118381411155236,-1.40853027958133
0.434741105620549,0.980705193099881,-4.84303731555198,-0.691384785184116,-0.931902130817004,1.93203675393228,-0.23431314000677,-0.457583994217636,2.26377291868832,0.297042291084877,0.487102272393819,1.28645695284286
-0.894528381785214,-0.018161989764183,-8.91068824000366,0.21234645851854,-0.55963755175902,0.253221454726658,-0.0460076602384,-0.0324242336478847,3.1171273112469,0.412287274230976,0.502139399202061,0.808787277159287
2.20124134142991,-1.73074678798019,-8.77577430427595,-0.125875276046727,0.294549890657272,2.04799296399828,-0.505536060627975,0.659893774075576,2.31953424617542,-0.696161123888015,0.467967486235597,4.72271149323272
0.114546278988717,-2.07458169394393,-2.59212054132179,-0.18282296014526,0.96126740872677,-0.357974491992334,-0.866942983059377,0.373828088242914,2.01778083683206,0.456290464473623,-0.168608039153357,-0.0591883592909342
-1.54461314917522,2.18067806926509,6.28641069592241,-0.0484696171857035,-0.027118875083214,-3.00476256198986,-0.0625611845525766,-0.602538932450384,-0.561079195469456,1.87266303338918,-0.391068252851733,-3.66632839363426
-0.819200269698404,-0.731012416279163,-3.66900697112733,0.0282219809051007,0.0331627235871444,-0.141794152051501,-0.182758756112815,0.547246340184639,-1.20572667320455,0.205909254206824,-0.104393791291119,2.50296987355412
4.50113472477629,0.176262901788347,6.30694806724508,0.0319765661430998,-0.176454543875216,2.32886204822174,-1.21808575295637,1.35912076964697,-3.5288241685522,-0.0486194362209475,0.0865581912841126,-3.88604972299027
-0.0443160689159678,-2.2428120632189,1.28982015528876,0.159379926557681,-0.0518349685814891,-1.12986245972307,-0.0497895834737704,-0.0275423373908154,-0.490873134293338,-0.847361981686682,1.46267884065996,-0.00437103811656209
-2.3562753162229,2.64890087047659,0.83123535930568,0.25903439593316,0.354174554074527,-0.924103272254132,-0.485705099626569,0.176650293227391,-2.98075606773437,0.937275139639087,0.239961842911591,-3.0688546976882
2.7111096923203,-0.63173211636434,-7.58726973937873,-0.558460634187519,0.436251210458745,2.42326827189366,-0.12694632181004,0.436878015679522,1.40483452360906,0.0742633755773777,0.0899924924398411,3.82546092470288
-0.883870845992533,1.71627156235595,5.25156480385533,-0.68800958552115,0.853197465929935,-2.12197209790734,1.16625935277074,-0.612598142471217,-1.0307976769077,-0.741639907650322,-1.02871507646576,-2.86094803172589
-1.76121821446824,0.254093634777966,12.9447336757811,-0.117940128026174,0.450206448143995,-4.22678142270192,0.149360651778995,-0.264402616919068,-3.50323647120451,0.061341896685109,0.0879507571976401,-2.28401386582967
-2.158588792114,-1.95140279814865,-9.47822164458901,1.24357787368265,1.22318821783412,1.59567133392252,-0.228273701222712,-0.298436542008804,3.09005823146181,0.553655554322531,-0.166793185763901,4.07520082075117
-0.9270255278419,1.57000758411661,-3.80565292854217,1.08747369426956,0.227324488926428,2.77602160323853,-0.237422882850727,-0.332620509745178,-0.0654690511547759,0.278488868684486,-0.132335803835906,0.872243532663637
-0.244234087642299,-1.01926723952952,2.5728308403006,-0.0570087353729017,0.407543208659998,-0.817391126972696,-0.652358788498562,0.433204841375214,-2.20875586772286,0.33015967356153,-0.231118551548846,-1.62849788741689
2.47237653343205,-0.232410983742239,8.41868328902798,0.253909630877369,0.121043665994923,-2.46098901419458,-0.0332390668463956,-1.088379533096,-3.07695125411239,-0.531821408454176,1.91987743811638,-2.79809036054224
1.06454460054959,-1.5050382934114,8.414767750749,0.239314475727165,-0.0167663058118222,-2.37802249336711,-0.294467757702352,0.924177255712533,-3.4436667966986,-0.148893914272851,-0.115471363073026,-1.6351862802647
1.40376815666805,-3.30098930605023,-2.42013132197207,-0.0411416048075935,-0.0883007885653742,-0.620990926699563,0.400512622001845,0.901991191440746,2.02343836612097,0.272245945688773,0.409103864236086,1.32592238611276
-0.81056749072641,0.640708628539806,1.07488305197435,0.251828965021351,-0.231946295820883,-0.409495781152763,0.0994010122258055,0.335268250498265,-1.68375952872605,0.0208661292874012,0.234341530807948,-1.17285006289825
2.01277489729358,3.01451789561862,2.84380325821498,0.481981783237693,-2.58930816018628,0.510225385709126,0.19129422901161,0.00977513084519498,-2.27682968032867,-1.63030321667401,-0.0902181865744024,-0.363782673616099
1.46754569261252,4.17558679643675,-7.56050441795079,0.249012687050185,0.0357318058945433,3.00299538204033,0.11375792913401,-0.135509307254586,2.17718014584317,0.488066317649732,-2.01348758318672,-0.219055135334401
-2.63841656438733,0.935903154362585,3.93343745910872,0.662007457385676,0.129909680799383,-3.46189391507032,-0.124508093351686,0.655949414282285,1.96297893829318,2.65901025328039,-1.86095783278918,-1.8039464226752
-0.205938248534654,1.6525543501764,-13.50116949891,0.288518802499799,-0.456256081008047,3.97619545849664,-1.00360505938521,-1.43758305604624,4.83736388276675,-0.380037405754969,1.16757257130114,4.00860514167011
0.417811992606615,-2.37197288735203,8.05117915889743,-0.517605341682651,-1.0481748039382,-3.89785797173939,0.514521502566338,0.150872316152923,-3.12278457244388,0.00960118729463996,-0.268467121915758,-2.20913377086519
3.83344224466707,-2.47035171701073,-13.6413120804922,0.0138180435141559,0.131095282588374,4.10462916476786,0.05157451505183,0.334654550226317,3.07298583136846,-2.70862252106746,0.604553609480161,3.1029347554159
-0.00842441825636042,-1.2708503260725,-6.14254131851766,0.0138811890418095,-0.0466028081514212,0.478546526238687,-1.27324013437969,0.663744551637928,3.20938454159907,0.429221649101432,0.0728154870907892,3.65803553754203
1.21435536710779,-1.41625090517462,-5.24198733944561,0.308959622147451,-0.0374928030480376,-0.454949929196623,-1.25551698239138,-0.084078009558364,2.25008801968613,0.148009370370539,0.0233580183575416,2.55957889115425
-0.972473564730924,-3.12682504000519,-3.03960250982248,-0.312768200091496,-0.147397513686064,-0.141367069473685,-0.0361971341917478,-0.185018524146484,2.81523497923457,0.714698065200652,1.79536754258449,-0.138696119025331
-0.615125887110836,-1.01372286950988,-5.42123640770103,-0.618819451000343,0.483101459404222,2.11756457420686,0.296144064440024,0.840856838502414,1.19240472453437,0.318805280601344,-0.132276804883259,3.36097532364101
1.72018918183475,-1.64191302428739,3.06523563012455,-0.441648040395007,-0.182107135661482,-2.35139965921144,-0.490687039188928,-0.235187624610034,1.33304591045177,-0.225517877461017,0.558384628250209,-1.92760862260322
1.62623818354843,0.214579887735731,6.16001741475441,0.0602584685526903,0.311473773089039,-3.23625803412964,-0.0668590333327254,-0.44383892608165,-2.51493832572401,-1.02394556787692,0.0742891455140303,-1.42391900183871
0.590301991008411,1.90061264662981,-1.54168107849324,-0.701442856828714,-0.67510808110718,1.82328397461203,0.511580828420471,0.753089154704413,0.541681604656392,-0.254943453161294,-0.343329092934564,1.77035453535088
2.22788106617959,-0.560810938575142,-3.22077272453278,-0.300991010435239,0.323281755719275,-1.53964367579404,-0.982800836858869,-0.22054296516,0.0181708950986196,-0.327414696084306,0.0256230489165568,3.6301773069325
3.28492789290276,-1.2445252398587,-9.68809382173533,-0.728211056249109,-1.30115639568623,3.69491370536566,-0.424055799236358,0.576916808225639,1.76923687013963,0.866926726190932,0.0188076736115373,3.206176624744
2.31021637234097,0.769624039299234,1.57268963034722,-0.780830125545387,-0.632721619333943,0.856437697345527,0.250244412548481,-0.212012717594352,0.204876027205591,-0.0670270617750634,0.299927866111098,-2.43274466562182
0.5268343523075,-0.664608982346674,9.54824540497038,-0.170041493248632,0.164608069388967,-2.51396696362155,-0.340969677531514,-0.471149262791076,-1.82742120027454,0.526510851013681,-0.233693316889133,-1.74936240956653
-0.715604296125241,0.687513266468154,7.4803960865072,-0.182066018167247,0.613430989858915,-2.17964216745111,0.275075545478757,0.483310872217924,-2.01131008839568,1.16641368925074,-1.40735578024733,-2.26489642591691
5.85830860715695,2.9904333424421,-9.17202629149655,-1.06170535089316,1.05938542427557,2.98663896512289,-1.74436688373888,-0.628489161898979,2.73280336199697,0.30848274198279,-0.224749892648723,3.44979129931109
-0.575686244284687,-0.671518677208483,-2.61557147407215,0.174747287308999,-0.339381468545128,1.14048885636283,0.623776824881242,0.157652433975315,-1.6398171179678,0.0417119510305154,0.1359971140697,2.49941262924536
0.0270107350514524,-1.56990323267038,-3.54764760340371,0.316948713864855,0.100811649350249,2.88446539767213,-0.866808572489326,0.917271166337018,0.349271876819667,-0.00185901772670291,-0.15044393268127,2.03346400144469
0.421006869764743,-1.71416652989386,5.22635741843595,0.538331103543777,-0.652177821883679,-5.0615915603595,-0.0635430155187225,0.530808806970646,2.19959323311858,0.494085558633338,1.20713741649689,-2.18571006868318
3.12102342167958,-0.620595838031253,7.57767940832168,0.130369474675933,0.295929852466379,-2.9015878993654,-1.64731081536663,-0.750845420974459,-3.25837228034535,-0.22300207490415,-0.298214252843107,-0.510756024648416
-2.78019016302697,1.14871166314833,-7.85550315746131,-0.66304267784626,-0.129105670329433,3.10465366761466,0.179138990610377,0.637097954127575,2.81493167312326,1.40991709144917,0.378522829153766,3.32262169598735
-0.892401695223478,2.01030175325071,3.82827470232956,-0.421081372100388,0.119673022075589,0.625180784644778,0.847487117440607,-0.862678957641096,-1.83805623795725,-0.0921373383873776,-0.03743229612373,-1.62371605267203
-3.88046316071517,2.94625435176038,-7.01666925681338,0.370785851386212,0.6130054856149,2.92576971448306,-0.115757146133808,0.205039144791622,1.93313737764741,1.56646316050961,0.193019575374026,1.4275453990469
1.92800690055207,-2.1344256194231,-1.77295362475903,-0.246043403767341,0.0943573089196644,2.58075466769757,-0.0396244229442246,-0.0100386542360891,0.900753895767178,0.749632407315139,-0.0267482957494448,-1.09223835574903
1.11511791283005,0.726249293592454,-10.4700542717525,0.0230251338970156,0.321625722654004,2.29570656993719,-0.264403144848454,-0.124154966244499,3.44833837832007,1.09835851884091,1.064318470587,3.38854322258858
-2.24468638186986,1.45575180410547,5.18672720121939,1.17543793053664,-0.884939633515798,-0.319247610339891,-0.593703155655472,0.531422190023504,-2.01891158199992,0.677588301221981,-0.238753131700028,-2.20649343217001
-0.0522226864942164,-1.84332262941678,8.74716874975813,-0.368582391971619,0.230146888657654,-4.33995743889696,-0.147958922087026,1.29204732771407,-3.76767103217133,1.13242294114537,-0.876258388699155,-3.53024297692319
-0.525305304687996,-0.202583375305634,-3.38965019818603,-0.857384074705189,0.336338370210565,-1.28552888580352,-0.214076196545276,0.266610429665661,0.600480679363547,0.07331791260786,-0.0596417928105015,2.52434387385505
-6.44324566382957,-12.2328467924531,-2.98927886731027,-0.219184125326909,0.0818682446505726,-1.85402233120537,-0.497268253744824,0.047068498072528,-0.500008688078132,0.181430581248746,-0.709897894954185,-1.13598095912833
2.73333260682941,-1.2477778683599,-4.65104896224292,-0.450995048445738,-0.467999772714282,1.83256383202896,-0.391021425314115,0.17241670568148,2.1919819958186,-1.5395625178048,0.0486172807475523,2.21592688391166
-0.181244628449298,-1.68833941480291,9.06103792458963,0.293935040341832,0.0145400647465107,-3.3590613233442,-0.637904199930162,0.147949835637174,-2.79262307354432,0.162402748001301,-0.566693961012293,-3.53679337649912
-0.945037109896329,-0.670901700913294,-8.52063971872386,-1.0402808534863,-0.722922618673816,1.98701631909311,-0.0651786220797723,0.20891699836847,2.67019856139024,1.46011149387466,0.323635367723087,2.06452092338379
1.59589408476181,-2.48113507514848,-2.4365343028985,-0.808711422728165,-0.223316143283021,-0.532789915496086,0.0320565713649911,0.419450015386557,1.40885179766121,-0.380425459746941,0.517834770384986,3.19764511477869
1.23668757610933,-2.19331707993651,0.917078589941093,0.118577172330642,-0.116762578256779,0.178917581638039,-1.56459570418087,0.998964227071227,0.358758658979229,0.218639941799779,-0.11000025110087,-0.717475584909728
-2.27104364028897,-0.852839514034201,-3.71736612769586,0.37480542471337,0.198667829944886,2.90554265280032,0.446304023644221,0.690111511690869,1.6671200796522,0.439920550921671,-0.221181177096573,0.0693852549766432
-4.78195404731312,0.60464963286425,7.07636441457357,-0.157139300140909,-0.387224357613083,-2.38015990549264,1.39305347837892,-0.278325412248144,-2.75248735114142,-0.166671040582741,0.482562857066831,-1.71547248925698
-0.958030678265505,-1.11656718933904,12.5453287745549,-0.744118686879121,-0.0526376936638322,-4.02783784406557,-0.107259699354207,-0.147569075001009,-3.2693697661849,2.74446130928666,-0.312454893498531,-3.08196040410586
-2.2431320334373,1.92899027624288,-3.36644902086872,0.184582371525498,-0.357594886189,2.01010216322909,0.831221576339737,-0.660222252927535,1.40351082129225,0.185193958988016,0.290632457635717,1.15306491792185
-3.74502879957179,-0.915754048754048,2.52714270625428,1.37693643768287,0.610174365334287,-0.996650609755823,0.0954879699931052,0.310414975552553,-3.12690705444305,0.727238402505025,-1.85777282364249,-0.0474417658971295
0.634189919859785,-0.430356423661412,-3.20583623456216,-0.239439538833184,0.470436957315324,-1.81073093099709,0.135395737594731,0.228441238955368,1.02765448120396,-0.402960208084479,1.02052902301816,2.22712195168923
-2.32270739967306,-0.56205260997401,3.61064548835998,0.507655442094894,0.546555398083385,-2.54566213978303,-0.0876627893185026,-0.179879963957216,1.33961133224307,0.548747885483555,-0.22771349928149,-3.36078016782984
0.425354672128615,1.45000506420207,-9.48593339272635,0.16848897644964,0.202777530068037,1.20944338222122,-0.130248573159669,-0.301460845428998,2.23286583611492,-0.0255100402767985,0.102779001799059,3.32826814982943
-4.58722183802433,-1.29623767931398,9.22713713718281,0.462118781826608,-0.125623400644238,-3.53589368474517,0.0523293211905422,-0.421815501599479,-2.63563759905306,1.40385468086077,1.87634449402905,-4.06296024612244
-1.26110549827519,-0.806053807948407,0.864967512784325,0.491193050519596,0.00718915092442286,0.497419765474754,-0.158195629115567,0.504404686595527,2.12155856235341,1.43621554274828,1.73262766283012,-3.29723770061923
2.3167500072021,1.21295691716774,7.7193448487765,0.36369233153714,-0.859714251852703,-2.20219442510219,0.230217592596598,-0.185364746629734,-2.34888211865939,-0.992516848709364,0.0689014554237428,-3.05273572196497
0.63837234805442,3.17089194208767,5.15234487470063,0.0873054487222172,0.00460461059933951,-1.23111564776005,0.0621174486077554,0.0352078547123363,-1.51442741113442,-0.0161927061882523,0.259626538517761,-2.67135069009348
-4.30161687951278,1.6254102674458,-8.20629075036577,0.347213883305395,-0.97820469001448,4.72002889467968,0.511768465139786,0.141644454776386,2.2653258972186,2.23925025098228,0.264974334281677,2.83772024239818
-0.694161989333581,1.20570025800087,-2.10584778222562,0.570174563528127,-0.455332323368261,2.57681886522439,0.503445634528434,-0.20369577249443,-1.50410889200539,-0.0565828469020556,-0.318772844259497,-0.037981960040342
-2.97354121481181,-0.455160303528068,-8.58307392467736,0.214135110302535,0.0333592066476781,2.8455378953564,-0.204681136436388,-0.0405093796363266,1.76418306180572,2.59162044427687,1.80835191403085,1.06446838002333
-1.62061446928047,1.97399730399849,-8.05904444511794,-0.006901859803868,0.170756350543148,3.17347348408483,0.300628087677979,0.0529685794392683,2.23745442094512,0.417643616867057,-0.680305241126819,3.49360929662133
1.90639777384471,3.16186342302776,-11.178000232088,-1.22846956175269,1.13625804491397,4.89327314141546,-0.642164129767292,0.277395659967355,1.86185357075463,0.266374008770688,-1.04161126528579,2.5115362767717
2.76023608576326,-0.259833912411983,0.570128893880473,0.149968560862075,0.0483822130589471,0.071768813623581,-0.323556164771368,-0.363596791160305,-1.14052125350927,0.815671972426269,0.361066889501973,1.64252118773358
0.490234632831318,0.868043652817156,2.80456243665272,0.084337342483266,-0.0377306131709945,1.80256048385883,-0.288627371834328,-0.521223448476943,-4.21865885726041,-0.325205671127072,-0.180752065714742,-1.21668917849617
-3.2455106351498,0.140263773967578,-2.89900536369252,-0.119573228987911,-0.361258023074124,3.38060057410456,-0.00648276629555759,-0.339554119964083,-0.665203325330489,0.596337665348085,-0.928362435221795,1.45300160590134
-2.04802176662381,-0.894595282141221,-9.0687154669243,0.735833204714527,0.875933507577134,5.11609078847846,-0.361561290170993,0.547458566971269,0.344180896110952,-0.35249594865903,-0.251381487958957,2.44292411182376
-1.8313315802845,0.0732296826256165,1.08929502444601,-0.507404551024584,-0.129331882130699,1.29677723359726,0.20708510383189,0.265238490307725,-2.17280606021659,-1.06116493014533,-0.951441784155732,-0.636937614346416
1.7867945104507,0.474107086801703,-6.42888757446176,0.079746522970103,-0.102360227094123,3.96968452829066,-0.176272966590624,0.357156812977957,1.38758037427925,-0.789967439104688,-0.213716082114368,2.90713208888515
-2.18001406935181,2.6759749638776,3.39198961276521,-0.0727586713211665,-0.31808641775308,-1.30545979387644,0.10629868420423,-0.0470604779377068,-0.141928030794303,0.292423579666561,-1.95065079798826,-1.05297810889053
0.794750896321355,-0.0921506131823404,6.48131599481463,0.641368347939914,1.64800914719563,-1.72821579717519,-1.00689236133399,-0.388736673361794,-3.63973746840842,-0.427653190291283,0.461789304592272,-2.41931248256935
0.800359643226904,2.47530984409148,-5.82970768284495,-0.368198854834355,-0.417903692981278,2.63572364216341,-0.646287854005116,-0.402973331666048,0.924353704621805,2.0875468166124,-0.738184087232143,3.83537312268992
-0.234470025950958,0.0756746614337235,10.0432822199949,1.17331685060507,-0.262621002943688,-3.22698135763041,-0.399084804131607,-0.224686918162789,-1.7755187316164,0.196453378560336,0.271969622484821,-4.56181658880558
4.71448683994434,-1.42209577532073,3.80707998578415,-0.581730856245906,-0.626798050256257,-2.24503508861038,0.120817689857757,-0.329202154940182,0.906845739206054,0.313289810964721,0.058009956407778,-0.974078714014776
0.567715887705277,-1.34291475803849,-5.37011364353495,0.0184830653602408,0.150398347229321,2.68492115507641,-0.270124072866811,0.0971704974173956,1.55164162991607,0.550009756934377,-0.219650149529698,0.582224081855703
0.599123927866604,0.66565187527509,3.2538337798622,0.0517509367992696,0.378132285922632,1.09319975960573,-0.279134800431228,-0.212431407796129,0.119412689428157,0.075055076603525,-0.0794173269761561,-0.667177640239019
2.92743867320193,-0.875394331119951,0.959859352725134,-1.07152620504711,-0.466191830293189,1.71999416262895,0.12137155842596,0.0320804490690818,0.0918765800844043,-0.0354514782000521,0.0836243795047277,-2.76222686930286
3.4922766157963,-1.09340133801176,6.50707185152116,-0.391067783956744,0.114574262500543,-1.78546071115061,-0.159924346270012,-0.103377938813392,-0.656147991989174,-1.73380905605657,0.0957253435166713,-2.85725306852774
-1.70525998847575,0.149668519664592,11.5299033962641,-0.38694638287774,0.525478035952527,-3.80746568554714,-0.956010603420081,-0.960613472935876,-2.62240138665967,1.78985509820284,-1.62676565152512,-2.9520837336255
3.19084652046576,3.91589215260848,3.58786884728991,0.092910670059588,-0.0871667730689236,-2.30534250257308,0.0190388715816425,0.148279802668412,-1.07187523825953,-0.608606341003095,-0.951848379922356,-0.978793571332311
0.410009590093069,-2.32603525683757,-5.21197368126822,-1.16564296751876,0.0750260436624963,-0.827433524926787,0.202669646030718,0.049221913678736,2.4032586435702,-0.416706933670333,1.19168987278096,2.54921589257932
1.06261052649285,2.02048513317625,2.24912252635791,-0.555877659827387,0.0186726223965885,0.589993261511756,-1.2408529718666,-0.870366189555813,-2.03296780996441,-0.477460394523528,0.681613054944077,-1.90544853607993
-3.64095658170504,-0.62688068734667,-3.19515967220958,0.0279901142622515,-1.20086051678772,2.56633385139106,-0.0634503523791482,0.134782388727444,2.80520315777741,-0.465567608580042,0.311350041745396,-0.76795710476537
1.11502987101182,2.64035288853232,-11.2257859843657,-0.730388827520428,-0.0622982242956759,1.27408578580062,0.286119252385664,0.0397733867271673,2.6635368696419,-0.880150041148428,-1.217101565442,2.96048733266557
-0.321494473939861,-1.55881542808322,-6.53958286440159,0.206904832887556,0.122863957562166,2.62821399763435,-0.550089673315431,0.563543526307066,3.26704375413428,-0.544426571948318,0.217775975490328,0.860837847173577
-1.13942092985661,-0.525951410514044,5.29617286516649,-0.0242820008623705,0.292210013728613,-1.87106673875014,-0.0859863748606697,0.0581853038876763,-2.88385644430742,0.248524514364165,-0.0172914753757334,0.0842422837028191
-0.4942783252843,0.997902116873728,-5.65787740315524,0.451475607906544,-0.842937601912906,3.34589866297299,0.569426319680812,-0.217353678369766,0.997076088330339,-1.08580137055599,-0.262745246528386,1.48641871869883
0.970937419375068,-1.78415985214916,-5.62463736172984,-0.110447399578152,-0.0351538224262715,3.14242259340724,0.256489206559864,-0.073827291002796,-0.360030789511768,-1.57715972155674,2.19019188766623,2.49436045364777
-0.886415582860465,-2.46308121824599,7.9147120694672,-0.131452700823671,-0.28059503869949,-2.81439928025408,-0.290134421492298,0.748731004019725,-3.39745903904851,0.586709495414485,0.377032656296696,-3.15867759709063
-0.65098310661047,-1.41417580916652,-7.89551316768745,-0.291296593727394,-0.320882712962999,3.24893296212712,0.581544236354606,-0.0567025561307039,3.01944478766887,0.0555282949603019,0.281475860136376,2.27755011202735
0.565299567261784,1.80441119834528,-7.22575332013431,0.0148529736052125,-0.28511547362068,-0.130994201225886,-0.0170549728716014,0.71395614401317,0.62867558543616,-1.11087847991314,-2.27350854583658,3.38069940713806
2.25186107732781,2.60677136558839,3.24975750357702,0.152846761960173,-0.295693952921882,-0.258160039889915,-0.0338930999363889,0.101466592937056,-2.71770239413362,-0.672412473482849,-2.14815966620514,-0.569628738742158
1.6307737714759,-2.12674815603806,-7.9180599555801,-0.167032532358098,0.504471715245894,3.11780931831709,-0.509524998279335,0.309557797009293,2.18695029220098,-0.189454959266695,0.215903300981829,1.39794294983404
0.0720433014286161,2.0470778535976,-7.24505515980106,0.251142687674866,-0.375686023394983,3.4609489597444,-0.326440965702169,-0.0462486371638491,1.31257670159712,1.63406503531926,-0.801040477461076,1.06958121471386
-1.42588123363125,-0.122604936820142,9.82515362039983,0.167944032090194,-0.374835028995016,-4.22279979054106,0.87572467675463,0.0345667165647592,-4.7215825211293,-0.0761089231274178,-0.595915663777096,-2.38666088498574
-1.47075234607183,-5.71523835498351,6.58183349993084,0.239819604914303,-0.143331572657882,-3.54988802392036,-0.976768113166952,0.610872156512664,-0.825077978604697,-0.242458914878939,0.417189025514689,-0.775305285498871
-0.587531788768606,-5.66124303150815,6.42262218412058,1.12870925769327,-0.0697168211670626,-3.06121232211016,0.133169316878896,-0.110075695916643,-1.1274221186148,-0.973074336182334,2.78989736026349,-2.01288941716355
-1.30623412307613,-0.391562021134116,-0.943007966495282,0.123137638444935,-0.506320096558896,-0.80914832656046,-0.303684703953605,0.777411443131283,-0.109710575081374,-0.275650809448172,0.227755594021382,0.0199510072847987
-0.287345883939144,-2.47917334596352,7.04270532432226,-0.108681783155348,-0.0533935927313811,0.54212619348781,-0.79920807739339,-0.0892081551223471,-3.47448105812826,0.428162570646838,0.182354567683807,-4.69523157970883
6.26986442076921,-6.61054475458639,5.73956214954485,-0.305345599335286,-0.446378597738686,-0.278711930100748,-0.22013620613022,1.36210617418285,-4.24769256935446,0.0122770993270856,0.369987985196479,-2.00181462277741
0.319653899241617,-1.37986244656442,-11.6971273440568,-0.380755477869764,0.384357382622639,3.67982071360425,-0.218211742721009,0.351536465047891,4.74553663022199,0.159641928634455,0.653242012696905,1.88684269011768
-2.18270837358205,0.841566763761738,7.47071585763007,1.08984572783939,-0.350719249519194,-3.12594719444247,0.437926637977117,-0.586710494790193,-1.45696323721367,0.208002417398626,0.717924655110753,-2.18409156983798
0.696358322598621,0.357090782156976,-7.91080011564192,-0.369763150083887,-0.201913813949706,2.96386992385145,0.0356335334040214,-0.504251619829025,3.40040986642629,-0.12238926860416,0.565351671682617,2.85229477631918
2.36725176845538,0.826731117201472,8.26680680064157,0.305467040263438,0.418918308436454,-1.57205848515468,0.351654063789315,0.410874419068688,-2.40625014574182,-0.083377302683234,0.121846944955679,-4.19517371013021
1.0810325029108,1.51666286950361,9.2328558711847,0.445884792043276,0.271871696988957,-2.29683064694644,-0.256465245269826,-0.31424980491011,-2.35812859047463,-1.34921071651215,0.625779434162688,-3.51587212516367
-2.58151877629919,-5.36071969652462,-6.59479713977713,0.00174755162620902,0.0716096068377898,2.77255703124388,0.331147513770276,0.141522415706748,-0.304482873031418,0.943331473205465,0.635127853918157,3.7404173855262
1.98119668236939,0.226403791950262,-8.3245716096389,-0.0981170701339232,-0.170353305409518,1.94786538134881,-0.224807410383886,0.261918691573249,3.47019627032226,-1.53970502015313,-0.270602089468617,2.85375605823499
0.656519186359965,-1.82095965621877,5.10049848708164,-0.849828516082728,-0.0378146385134858,-2.7384626974085,0.119482210017325,0.491850288580635,-3.45291931650284,0.338926411137114,0.308512260124819,0.932084226448156
1.01757131044943,1.75861609660094,-4.68831013429843,-0.239928775052908,-0.721941243421512,3.25231123024137,-0.612326407049043,0.48734564709253,2.47289189494831,0.413970798137131,0.515474279739929,-1.41984362583609
-0.789552304998331,-0.677215633804963,9.46205222284232,0.371689880993261,-0.674683625944423,-1.37823596875354,0.611619023029509,0.278879455695965,-4.13628277696573,-0.174015494514455,0.195283429226986,-2.90962637387855
-2.06198674563264,-0.309434512576736,-0.662149411879497,1.16499632127718,0.872257795464094,3.05517011624361,-0.608240650311434,0.156703998014526,-0.130885233292904,0.124537470258333,-0.0846479568416025,2.73804577852123
-4.24578342926535,1.54162233729998,-8.03456765457401,0.44116106031059,-0.122615647621139,2.29715447519209,0.378206678033818,0.751719673208872,2.03026588123269,-0.0423341307356425,0.0726302001536084,2.03366436967346
-0.308167193213268,-0.8082166385694,4.97202211156303,0.271988496807906,0.097466810928972,-3.27511068915175,-0.0050841147496259,0.147502025805454,1.30243069974551,-1.62396716047426,-0.0878930113062757,-3.7945119437458
1.14467309715804,0.466389861371987,-3.14005579326538,-0.0753624707121261,0.308690131254302,2.53102052513689,0.1628360883497,0.210101178345416,1.4913499995186,0.396126542086773,-0.192549092557236,-1.68830261452648
1.50692635939627,1.13346180572387,-7.70459303068587,-0.465222237966072,-1.01140898735373,0.455401281372625,0.0399824070804512,0.20956587004726,3.49505863755833,-0.428284052304124,-0.836181596309128,4.54689089491317
2.05328023670591,0.429273016572195,-8.11143205912653,0.128808186953867,-0.648105928429091,4.13067070689252,-0.450700370466894,1.06517739383451,2.72807608856249,-0.286475948150235,-1.18047987619579,1.24070666295465
-0.810385966226988,0.0137069889177419,-0.957222201463326,0.0790575160572275,0.288048637899551,-0.769770140920889,-0.453712801425802,-0.000948021578717196,-1.70902105470346,0.878206519016013,-0.229110348284945,2.06473060699106
-1.82382739548766,1.58386706614079,-5.46016786333649,-0.325214430575787,-0.640462701398148,0.896348504762401,-0.167058144281244,0.0644912959406454,3.53444745512974,0.132839560361864,-1.00591080829098,0.865302400299192
-0.674185024681934,-4.4083245699866,-5.84245162768016,0.137181504794009,0.0582414406667498,-2.50659820341493,0.289932347964734,0.623166343538026,-1.67866071821003,0.864371419534006,0.754389813860931,0.0381161938853933
0.265555228599922,0.688639941462031,-0.435108783434902,-0.965920191129111,-0.27280034052329,0.731289354834692,-0.22143326872808,0.293992857399387,-2.61484330126329,-0.469372982845861,1.38405410964639,4.52190673614602
-4.16207573658732,-0.889694978018148,5.97096438548266,0.271816419893804,0.0195889792824009,-2.93956818528744,-0.0985264902236693,0.206315249530385,0.434701614039732,1.17928413335902,-0.627167929252261,-4.44424766913037
-1.79915824347258,-0.164812511115131,5.21136969313908,1.10095487262345,-0.0415110593650416,-1.86449888104791,-0.570842773529968,-0.387991087377294,-2.63426834011048,0.23639407831682,0.189806551927005,-1.39979350838285
-3.8143583276299,0.343557398711445,-1.8670579326803,-0.146907350245864,-0.242995648704631,-1.46815592379153,-0.209354666586223,-0.332741762892574,2.54685230381684,2.81110396841519,-0.201602259060167,0.241537042921162
3.86178683566256,-1.56248372534533,-7.72086689060385,-0.430354551666727,0.589800400149687,2.82330659864193,0.287678358093753,0.270841497197808,-0.0728063237725527,-1.6576693924422,1.79316842021542,5.96799018535367
1.14682640220978,3.16541650920738,0.0954465898934185,-0.073062992987598,-0.0545592034410788,-0.461695270367303,-0.0551497023625648,0.147300723810318,2.6804679480372,-1.31517497231936,-1.0742611991297,0.689354960427422
-2.44947930246673,-0.15807772713285,6.66147921536695,-0.430854603230982,-1.23482229347759,-1.09674297996849,-0.316540054709887,0.666028664393953,-1.96958048529212,1.22051497864587,0.0640480880801926,-2.48645643110273
-1.1688213063714,-0.348528607890343,3.47342819516368,0.788820819840504,1.00827681809586,-3.72503698324237,0.140524189239785,-0.326711871966872,-2.77256903921591,0.200569102656939,0.0504467252880813,1.39772927214745
-0.580672963083686,2.61792504932685,-10.88050154297,0.464174141402773,-0.641272095123845,3.12317096690353,0.0428453286818076,0.318631246522376,2.76824805525445,-0.311555209481509,-2.53743220233389,3.73260916684919
1.72107254214276,2.64529588841587,0.847141016902957,0.160447655086918,0.42227654305378,-1.07078524232192,-0.122251911370575,-0.115003107178772,1.16702154668853,0.637243376886967,-0.615364818677201,-0.808853505572908
0.920829685915124,-1.23895849100383,2.87662275097002,-1.38208547994886,1.05079228207244,1.38979859682806,-0.342989806376351,0.29808322059526,-2.0652722791265,1.35941188274948,0.448627121134415,0.578668862595994
-0.794726139459602,-0.96427102227073,8.82507196254349,0.605721081089546,0.240686049037764,-2.2050387748444,-0.365533443373287,0.579736963375763,-3.38019735120426,0.22577898477137,0.0753241851784287,-3.32949980048728
-0.536830421723799,4.20660442468439,1.65918218914114,0.15015565333135,0.000999314182822595,-2.98078407006811,0.609693286540369,-0.614907774195726,-1.43234572643964,-0.561275897775524,0.0610817347425391,1.14099673323043
0.352513965335783,-2.57273575999848,7.38362456455818,-0.153181244854818,0.550872686334023,-3.11662038674011,0.952668316031958,-0.120473976320387,-2.35665464306894,-1.91919279862692,2.20728817226474,-1.01394458061985
0.910731106786539,0.274680991622829,-9.95023159964955,0.273924668080058,0.136009804749342,3.85699083065541,0.411411511602551,-0.542859265783022,1.87093506452028,-1.02974834383379,0.461985198551832,3.27848118234488
-1.58311283822616,1.38839104738928,1.26820792622649,0.092215553329471,-1.85263978027571,-2.88439806385059,0.132847047406162,0.107410393141619,2.77360130291336,-0.258597012445845,-0.405515150660921,-2.30383009164407
0.0212216016950396,-0.598999004341476,-3.64870805869361,-0.427212926126914,0.401752312355783,2.18481070575739,0.113139549012888,0.0222233842594225,3.23537345338258,0.269389355962337,-0.186860056013179,0.0740233144482767
-1.79376540948556,-2.13559583416503,-3.74059361658524,0.114021258018595,-0.131241785391739,2.87394957557667,1.63013578413736,0.494713540039961,-3.00565965652993,0.223247748883969,0.161681465632907,0.0620155542537496
2.06816472538619,1.3726089593491,8.54296671488382,0.60221888330203,-0.316938997452605,-3.25261058271356,-0.912437348064751,0.00890304372814255,-4.05217280349405,-0.444617745043272,0.141528218105935,-1.76226022799171
-1.18685534294978,-0.905308105362369,0.317109161747694,-0.145469738785207,-0.0490106046664055,-0.394142796733992,0.549979109561921,-0.397403144264643,-0.187114356747478,0.245524843675165,-0.145233682835902,2.01516932990701
-0.148766274273891,-1.24328147488019,0.183020987542966,0.910170434435591,1.56951863812099,0.0235383307073216,-0.0274884145484243,0.790336234089724,-0.985703006879684,-0.614543209086799,-1.00947431247838,0.75994893155594
-2.9663870840085,0.0975938031673302,6.91507870861267,0.116582625284628,0.147409293506671,-2.71040419773319,-0.0749306391828933,0.529745646896611,-1.14473354459957,0.149390040410524,-0.0876368102841751,-3.95997672974717
-2.83547010765434,1.73662470732894,5.51180958862087,0.240111426662474,0.767887787254569,-2.16784512102115,0.344581828675275,0.0971052674471749,-2.17464029393922,0.0574426455602278,-0.0118303336442002,-3.07598895063229
4.80110758859728,-0.800415992594021,-6.75010629228806,-1.05735469516178,0.341890481502405,2.44790654984644,0.337945620259519,-0.384795864631415,1.30313261534179,1.69069919702306,0.402914814325214,2.92445964059378
3.05925172709339,-0.138145682269763,-2.63513717866774,0.122147532327556,-0.317952232434448,-0.410027307732407,-0.0663000027105699,0.398952374866851,-1.27674609168865,-1.77093430515985,0.084736190956956,3.27197646347106
1.69817867028131,1.12794491851117,3.09081375930859,-0.336922456643141,0.153375564930495,2.11126542259615,-0.146922597257836,-0.350040754391808,-3.91900346306027,0.494135710977316,0.581258921833776,-3.38375503049381
1.10486146930263,0.809737668756504,2.28448418000239,-0.503765650540321,0.254975685712989,-3.47793948282349,-0.704871874682465,0.040445628555143,-1.08870562446564,-0.268437743973692,0.19342067577995,1.11860481040523
-2.11799006965689,1.36718775038862,-9.44728510036726,0.509418375496289,-0.396998460661892,2.43751243494283,-0.730519112339453,0.334652871567824,1.42367722902007,0.0742664753917744,-0.0217773568064937,3.66578365367698
2.46213372122365,1.57122557879426,-4.46334490591873,-2.17525226881414,0.340501273057043,2.09800270821033,-0.191229223247118,-0.0299983484209284,0.247634766955962,-0.2818601182672,-1.22818546552335,1.69372178822487
2.18505815763993,1.8294890598719,9.37457862138168,0.00578400285488022,-0.396942078798043,-3.46594013912387,-0.0486643307215691,0.390406441781904,-3.77175426111666,-1.02480755565387,-1.08268159406608,-1.58982483969741
-0.577401675300105,-0.360936264655277,5.28932390081479,-0.013487100271005,0.389898622811558,-3.76935402310534,-0.176746908607399,-0.107070006741787,-2.15046792034003,0.503277947820308,-0.770224979199162,-1.63017376886391
-1.35879794308512,-0.599546215415627,5.93289488032773,-0.107730007832147,0.196536395242986,-1.62636485842136,-0.104033497417588,-0.257111476943738,-0.826524219497145,-0.305408589150731,0.333592323642189,-1.40772398181284
-1.4376403567846,-0.606808486955528,-3.81355844433714,-0.269389983839822,-0.0581058258288464,3.53838732785554,0.158746514022183,-0.160532491263894,1.97404040983062,1.979737778555,0.879594682789901,-0.0372592701780023
-1.08717723799675,-2.25312821225055,-6.82486502559483,-0.973666360006245,-0.94285873096689,4.15310462031246,0.00825180051286476,0.0130067885546385,-3.70957270231061,1.27185230404986,0.304175060398344,2.90956761412639
0.852060334925424,-2.65321033191279,5.92293305797483,0.336386045678689,1.39672129633909,-1.93161828927675,-0.245130067299136,0.00804021441536006,-1.76090681838652,-0.482520678684039,0.682589320628035,-4.16005378375501
0.183693704917038,-0.699149195406342,-8.75115351917168,-0.140613200495049,-0.673699318079294,4.16523845821408,0.349048673539155,-0.173578058754198,-0.600275838128842,1.84918887160284,2.42772462352081,3.64069784143657
3.23186588660135,-2.25626676657967,-5.18822432581808,-0.0237415494437611,-0.0259314303393024,1.38923259434173,-0.0667097597362975,-0.481063227670118,2.57317121457431,0.65937823345019,0.0254930725940423,2.64077251390142
-1.35237965782094,0.0430556252010752,10.0084057136353,-1.14163530357802,0.280869468413382,-4.33975167864735,-0.115211426235215,0.228304435381264,-2.49354802466766,0.34427752989442,0.159974806068462,-4.21377298677868
-1.4193206701878,0.237161406609463,-6.04316218781336,-0.480586562469871,-0.474836789990685,2.64404509171191,-0.0415801864296099,0.541448428296704,2.38652381540464,-0.020659206184179,-0.11161908631364,2.34962854459961
-0.479720147941758,-0.98483612240314,-4.31800888684102,-0.261882916486778,0.12230743530659,1.09197732005291,0.548485087844801,0.182273375651317,1.46341646923804,0.000524459118196257,0.144759123442623,3.86621042654686
-1.01057512055289,3.17262097309434,-5.10897416036985,-0.0822780047716898,-0.302527969669922,-0.228895423547061,-0.194906405483694,0.13484467053683,2.92868368018311,1.02920632526709,0.0672867817648055,3.80901749334619
-2.1136546287643,2.11282436115687,10.1458248776809,-0.906964986939085,1.40771156530432,-2.9301135166703,0.780523710005693,-0.35275879943556,-2.4462585170391,-0.181467983144867,0.0213969719675741,-3.39908342194566
-2.8082865543253,-1.57200911677509,-8.32616344573269,0.160991522564323,0.242663203851792,3.15014076682787,-0.282236682806643,-0.599707194219632,0.402163465449772,0.418092693199618,-0.00588432766943491,3.55090919566149
3.22818886193837,-1.11517863604034,-5.26728609495146,-0.248548309288355,0.519796581518861,2.7497488145124,-0.194230566458645,0.0651551259820483,3.61772450875274,0.0454258115420391,-0.194745242373972,0.805016271362614
0.593411294275607,-0.135423345607439,-2.30133033156932,0.172823131483948,0.165049234660408,2.61242580884901,-0.309744763437933,0.080454969994878,-0.786645068411976,-0.556325864957479,0.115947775571986,0.880383983591618
-0.251713010210548,0.143320150120878,8.47999151777305,-0.0401465890961547,0.0877740643905314,-3.03712652830085,-0.195099742442058,-0.562909225890334,-1.96527418477926,-0.0798063782712149,0.108042132906985,-3.46976230879116
-3.16700572181554,2.43887175036702,-1.09289212097722,0.471463068045278,0.391272801969569,-1.81762665526581,-0.167453756063492,0.569800313993544,1.40337275434085,0.504030106923006,-3.34304396490978,1.76817053557292
-0.356196930784717,0.894217037760556,10.5010562506328,-0.928191826452401,-0.643939234110377,-3.84293812057257,-0.371194566089043,-0.268237666463178,-2.88584703371522,1.06013977916688,0.393774800386394,-3.75328325201967
-0.90350866864221,4.02984500653243,4.71775486063425,0.0922134906555863,0.10797445890545,2.90356071663723,0.39683417739105,-0.915543436542183,-3.79093728302458,1.27751326147073,0.10559528070219,-2.21919539939763
-1.65092857806664,-3.10198217000698,3.69143925111143,-0.613974410913302,0.770588299258286,0.217471741562257,0.0689491934089078,0.967196016263902,-0.327970399639214,0.0249730887344751,0.552571496210298,-2.55268976717358
-0.511182606346989,-0.415125352647375,14.5063525109798,0.381660343880054,0.623660050376243,-2.64395209218129,-0.635514996747999,-0.556356696980041,-3.74348116588485,1.42813244862376,0.632140012532157,-3.91221472244289
1.13120852592521,-0.393982142682641,-2.28750755699126,0.189037145356738,0.106689067331634,-0.744291696893322,-1.51276588870336,0.235717179474145,1.90433760655496,-0.0675506486482323,-0.0754587620369686,1.7902517557893
-0.453554025730435,-2.27282990094402,-10.6331993595601,0.662244031736042,0.268964241039375,2.79381804990538,0.143914375852977,-0.112922041727281,2.3210156189679,-0.00697340583351285,0.0523866322583652,3.01417462505684
1.33899148224627,-1.95733671734988,9.43801817320718,0.0509747436761019,-0.0964771221345852,-2.11225471648192,-0.984268672850071,0.184870372740827,-4.21332355806236,0.91049411058366,0.476920121581064,-2.82294113444041
-3.74507075520542,0.909103803004696,4.16583694228409,-0.139888406666833,0.00924452692582914,0.502997664649751,0.132293171357372,-1.32631600323392,-2.4297404435501,-0.171366918129257,0.306959369870434,-2.80762157547358
-2.83759168692981,0.385472498231872,7.23600816152735,0.117493620400998,-0.46731264818875,-1.20913495776072,0.389985519588461,0.313126642387919,-2.27668237298513,-2.51001879733828,-0.776108369493093,-1.87368509254641
-0.236494820650717,0.170289777894392,0.560946599123613,-0.0626497372379535,-0.156352862946356,0.292484009806491,0.103448732321506,0.00318848547283394,-0.722899410447587,-0.219932700737482,-0.398671733935339,0.875621135299144
0.793268062334108,2.06391926894587,-1.31628390062577,-0.651147871870168,-0.22121846122285,-0.448537919717114,-0.342861989695237,-0.406110177642012,0.726357419407568,-0.173358715736664,0.368358638989757,1.51025026318927
3.64131653694938,-1.29657735038562,4.57621898626388,0.110271319684669,2.22455622287601,-2.53308175495162,0.168325264633898,0.437362870410444,-2.03975129457046,-1.44900909791476,-0.5002484534702,-2.87247258692288
1.46639800802979,0.735986996232102,8.80341458747661,-0.217209492330092,0.591145269772694,-3.36276722277492,0.0951284332839769,1.42039395465424,-1.21710037513253,-0.758817844590801,-0.446425090612559,-3.82932511316665
-2.0563908098247,2.79293922943146,10.3927474557386,0.0528830064491015,-0.174428348903619,-3.87836445252854,-0.0547568928124618,0.149700359113712,-3.00820137356381,0.760204403569183,-0.553842604796518,-2.59236799296718
2.46384175366294,-1.76944410517014,-10.2493237748966,-0.38753214670921,0.179522639791007,2.42950433844988,0.455045162074844,0.18695688318669,2.95113605231118,-0.678524986228366,1.2074998513872,3.88017423254751
-0.767369528641114,-1.33583589905639,-1.01746979041322,0.2241547238217,-0.15562272920943,2.20775806555979,0.351171406588774,1.35967528696439,1.55463402689951,0.000594458359651511,-0.763242459883129,-1.14063713331526
1.95923772436821,3.49448708564933,9.60737984248924,0.865745386480312,-0.235614252289685,-4.86869212173095,0.283609904436113,0.0731745669730527,-3.37099891137597,-0.384822304822892,-1.57468075621505,-2.28043385408649
-0.0762177464486837,-0.582649494475971,-12.1491918582967,-1.32339186758487,-0.0956077484778666,3.90042788835931,0.0388907272486641,0.304841139269537,2.75229846020331,-0.638450257140539,0.62590906305517,3.83686238197051
-1.6314157368438,-0.822207564772733,8.44558525250091,0.13447104216839,-0.0615472386511341,-4.06089042824975,-0.185445498396118,0.100146081671811,-3.07508699417074,0.362777507942712,-0.314423199764838,-1.25991677104505
-0.354358399711196,-0.317588349363623,4.33295631862971,0.00471414857804637,0.0274209011653999,0.680701267521078,-0.636284903000706,-0.335891132159404,-2.43068585041553,1.30780537619575,0.452122777337193,-3.01913791756299
2.74875153176778,-0.52688031255755,-2.16461177278144,-0.0671857301772775,-0.581943521448251,2.67004615343348,-0.154173126004036,-0.291218446699742,-0.908113640352708,0.411108303131797,0.235686420808951,1.91735256042868
-0.175246661215902,-3.41682709481302,7.95441612569152,0.198711250475397,2.62503066112273,-3.43056276723446,-0.325180651132235,0.395479256179694,-2.30359778461314,-0.667212744166461,-0.486161453135595,-3.66991587826852
2.13131575379949,1.75495957338379,7.20172219114573,-0.206496638920387,-1.46534977608794,-3.87022710756234,-0.672244788397591,0.962997488516071,-0.219390724694223,1.00146536903685,-0.685290535910035,-3.48574717321586
-3.55729568662219,4.76902251536492,-3.07349907458159,-0.00743711345559991,0.0450147155012059,-2.13445110940655,1.32825086142709,-1.35274304417759,0.350562071890759,-0.108631180174636,-0.261187168991056,4.74441761920916
0.44982083356113,0.394989724154869,3.85940879104354,-0.3501887346731,0.130509098600598,-1.5350054100469,-0.0908313130805676,0.110768000474188,-2.61904290643837,-0.193328535264845,-0.422325637585229,-0.0298662891852479
-5.33064816949514,3.25078926778045,3.83720410770272,0.432515213809525,-0.363341319023344,-2.44971716815033,0.637235403311064,-0.438011379988386,-0.913518052990028,2.45903471590819,-0.783751272371073,-0.968491345990251
-1.70365203140967,1.46135928404995,1.82026343908731,-0.00813975746079656,-0.0182359914021249,-3.07599927975264,1.56694601532053,0.182537647257722,1.23442518591745,-0.398166600364639,-1.19901659736365,-0.207113189466252
-1.13316547604256,-0.0914801165938252,-4.69539920494148,-0.0548711380458065,0.43111047819982,3.15659591972343,-0.0895333852934522,-0.473363450258336,1.55738513009759,0.256243854740513,-0.0337890835639223,-0.642209084411945
-0.536676209866565,-0.769104923667461,7.23784729598388,-0.201500616695457,-0.502140041131398,-2.90754663014308,-0.0414659422538229,0.186664889030687,-3.41698017293563,0.587660649589308,0.889615754550882,-1.80807245124471
-0.556583900747169,0.66125007342282,-7.57850782712108,0.905977936605426,-0.545565461775352,2.82474740841238,-0.00393015101777728,0.0187718050226894,0.389883790702511,0.175057364255846,0.275308803250442,3.28494109225024
1.12028020015403,1.60848106288807,-7.48867471265841,0.0563804642217936,0.084311122211553,2.50450819277422,-0.517617950311283,-1.1699330625732,3.15826165281673,0.0503652572772694,-0.748881195861461,1.16493540615965
3.88134478883442,-1.01452368349259,5.42606447097543,-0.290532741691547,-0.19452161298786,-2.18225156755904,-0.375234562400664,0.246638152593716,-3.30287808368129,-0.0722310749060362,0.275825908084065,-1.68752725047084
5.00059017114557,0.886287944828493,-3.85418482283611,-0.26392854263882,0.101544684830835,1.523570324311,-1.08610751768264,-0.181861851081303,1.18941716882808,-3.22478581036747,-1.35656028516382,1.19016554950294
-1.02074109004739,-5.88782613372641,-0.476657557031212,0.333282983010376,0.394675954552629,0.148866729874236,0.0711535667084724,0.296070461631608,-2.5374081376668,0.709027039397472,2.66996248687673,-0.382034767320031
-1.48722944314446,2.2088368069598,-2.51479297875807,1.18420407842742,-0.870378875721944,2.11817125218763,0.0047516722047879,0.527313560465265,-0.462440045536087,0.0241674500266326,-0.33107172617106,-0.451385989130145
-1.47901826742916,3.44776017586637,-1.27236657457527,0.344512400896358,0.518099679452601,1.70631169546158,0.0411497014015798,-0.504229648283424,2.04832104609654,0.535785732110665,-0.563313811266733,-3.26230117251795
-1.18148313154798,-0.648250887435235,-7.37908307907012,0.0385229690676613,0.112946328271987,3.73094518638304,-0.168229507378242,0.833258046384945,4.58832945740436,-0.348370171094378,-0.231337954068502,0.16198465662227
-6.40728548596052,0.487145200575738,-7.54028374707241,1.46277764462097,-0.581713293881261,4.27599042132253,0.879766632348665,-0.300700714865635,2.2609077990811,0.520490959289501,0.0610292383719979,0.870773771388949
3.68195913319278,0.093653260090497,7.77804853646108,-0.649672096142855,0.0648169464429895,-3.15939200826561,-0.0284234891762713,0.23168851272601,-3.2810274749798,-0.747679251157324,-1.17332288322706,-2.47197888888381
-0.11395299715259,1.32121427686699,1.00641324596009,-0.184551961454847,-0.0324969141861971,1.51571623912036,0.0785189211996242,0.1500516037482,-1.56118572313145,-0.29445379582262,-0.247314314400403,1.79389333225285
1.30114445334196,2.25191023114985,-4.01114549709374,0.185365061990063,0.194221272542021,1.63381913041878,-0.152650006887276,0.458547057056302,2.46523843404054,-0.367404999201946,-0.744610699311927,3.11782930704236
0.8770069816744,-0.238855768656157,-4.16739720035259,-0.176047307643919,0.0750557994446711,-0.539819801874187,-0.437268821904622,0.0960646598809718,2.21351654027662,0.718814577463306,0.936499074868185,1.56706311738216
2.53936355504515,-3.51582016777177,-4.00739488414384,0.173929312072661,0.197093156030827,-0.0025561889207489,-0.145387576337449,-0.286482629645348,2.5653374146479,0.0740069613893987,0.89621708504694,0.847516475272748
-0.955181716905527,2.27628228652323,0.565480731958948,0.582294011125367,0.127942549056208,1.29650157024565,0.446293685885499,0.765567895879957,0.355209449245864,-1.73907602630451,0.486000255735703,0.780568191191723
-0.760473705976062,-1.92690415430283,-10.2669016391157,-0.660226173207188,0.69483713984162,2.37252663588093,0.616229793082233,0.438818606102547,3.05207078641617,0.276694193064832,0.077059229162987,4.64510825390871
1.54592518381628,1.48396258280473,-6.9352425651673,0.325876518713231,-0.592580605821844,3.07366908171454,0.310209799196246,-0.608171131551479,2.60211859232478,-1.14075164198599,-0.491378259177946,1.28771953351564
1.61780883341375,-0.481247103214748,-0.849668293494877,-0.646254351544354,1.33429013701326,1.93627226284332,-0.0967489087242171,0.0198151972614287,-2.09085524450882,-0.282758128986116,-0.066458217657642,-0.291855449583599
-0.746753826833801,-1.85129590402977,7.79717943786882,0.306951919088657,0.656989166476524,-3.76572438503767,0.112133172084555,-0.0764790617871396,-4.23714076445197,0.381998565834565,0.451308600633202,0.412838904775025
0.113471003725275,-1.29385990934356,-6.14470895334503,0.220850651634949,0.38507039564214,4.43270792782239,-0.184340884222669,0.274243863987351,3.20492054217498,0.830884255846945,-0.497629520850925,1.11340544055166
-1.73946698754442,0.602737751529072,10.7446808650524,1.18482754989726,0.566262754867273,-3.3074223440047,0.498071939934239,0.0983079989071919,0.42260730856029,-0.110949236473796,-0.661001953983409,-5.60211225977798
-0.184413007661601,1.2248584859889,-11.1363050877252,0.605938088385616,-0.290433005318196,4.26178334216598,-0.0390154806474355,0.364885113099544,1.78897374851424,-0.660505480160686,0.22751959050735,4.50475862955931
2.33078724404529,-0.89628713272829,0.385594554852876,-0.681056230111702,0.403638186209043,-0.131749960374438,-0.410668847403742,-0.405101262279299,-0.736941816738746,1.51786642675381,0.207383433542926,-1.38391685985702
-1.83186077441878,0.520392115812178,3.55517879437005,-0.344684953687495,-0.652486554532569,-1.92970978827601,-0.298834767496523,-1.15088850857725,-2.57500052426083,-0.0423639837089125,0.459433650577314,0.540673006085434
-0.121514407954169,-1.28348088709282,-7.63718699024113,0.264853248195943,0.176762478218846,4.30284498491396,0.0381504537969862,-0.277650067393978,3.75340260339495,0.451591843584111,0.223573657161144,2.88718908410943
1.19512984960255,-0.394551600089781,1.30619662156997,-0.366324599133894,0.461276173408227,-0.80830887797461,-0.297983687177077,0.354723556885737,-2.04282420202865,0.8473378344789,0.20336243405048,0.0274882368272213
0.56338764937982,-2.28307829288414,-11.1456663253286,-0.277068823561336,0.55753786699154,3.79519881780528,-0.0473143920233795,1.44466939446296,2.23798706768684,-0.0141862782518132,-0.655738725139582,1.57698949692779
4.42638743394986,-0.861153115216382,4.33522285524799,-1.69233056981366,-0.419323093973919,-3.21274999407256,-0.339693285804128,-0.062193363185875,0.578334706747819,-0.235834687199431,-0.174356951317615,-2.56401906604802
1.97241805850031,0.15257221931326,5.33377784626123,0.0582231023719789,-0.279334900153611,-1.12067615169537,0.00903773249216071,-0.0549079541294139,-2.70450458649626,0.104294591761175,-0.0613773699589616,-1.91161846337218
1.342759566266,0.31710596806674,5.48540046838524,-0.470177721713801,1.06531481013024,-3.14566932645319,0.525828355518541,-0.476438050174746,-1.74442528582475,-0.127923578429723,-0.640437386635666,-2.8027548865121
-1.95725815804344,0.423825985427251,-4.13501802022881,0.0617369180905803,-0.259278390451961,-0.906844534159798,-0.229338730058972,0.339248141727372,2.85311365007539,1.94456897104025,0.744549797579919,1.36316265843495
-4.17698352075192,0.0146755050582921,-11.5474293482592,0.282737343673879,-0.315284481885117,2.69668701085708,1.03670625845962,0.290224919207143,2.47712615282017,0.359579759017115,-0.0720717643380944,3.12047052875005
-0.189716845494131,-0.369089011701452,-4.83500670385923,-0.395453487745381,1.29197691441658,2.6707240714362,-0.094901173840174,0.447870191564468,-0.300771066791201,0.926589221497351,-0.0631110670930718,2.52828079850665
-3.11465720984522,1.63163258766795,-6.14321887176094,0.306287356083673,0.559808519201169,3.46526810743003,1.09977441086421,-0.974004224373717,1.49792365799253,0.780164447434563,0.882368217108241,2.48776863270395
-1.28393857070995,2.19696877494558,0.325818567538328,0.0437743840535874,-0.0391938918348932,-1.6385927205894,0.0351488641384928,0.123486743382057,1.99461573866203,-0.579893208382079,0.207801913271594,1.33729504138282
-1.00858550667476,2.19585813750977,3.71648826075335,-0.42434347290638,-0.588673264938448,-4.23795821069798,0.281346519979012,-0.324002291119314,0.557634627271497,-0.197421225654853,-0.367202538075651,0.431351084166318
-0.65451143929825,3.35078091217996,-2.69547176666391,-0.326926565913263,-0.914789516542437,3.55978419535142,0.39444808828571,0.289181033182024,-1.02872876914467,-1.63204845480728,-2.71991770028168,1.23510634076788
-2.48725321874931,0.81962636452401,11.362703744417,-0.00623921637600392,-0.215071702831943,-3.43864986299632,0.527820651648506,0.811121448670055,-4.21804937131544,0.290805397134998,-0.169525758709,-2.48719385431872
-3.25002640894269,1.02566607704984,7.93779954384584,-0.104097500443525,-0.208023425683508,-2.64743682972258,0.637363830961299,-0.113041940902866,-1.65749390684856,0.604918212986263,0.728427212899898,-2.57074281064828
2.31262912100389,2.66799402490275,-0.170002581566296,-1.80346272832229,-0.631986428342527,1.28491247694551,0.285217875670458,-0.00453314738034604,-0.0797841079041877,0.0543496791949818,0.893720260012568,-0.977641237907446
1.09955947761268,0.127927609815105,7.14894804963977,-0.0855084939267287,-0.0561964040907473,-3.21849154254313,-0.150291505725477,0.184997742613853,-1.56361802313349,-0.998568142594688,-0.409387367822971,-2.39424120089986
0.277791593433364,-2.8281617154786,3.63323012405634,-0.138665970134864,1.32430205937594,0.248030507414736,0.248278127060935,0.622165654235458,-1.37658691138829,-0.0195993612290447,-0.0829505411720645,-2.10662118138048
5.34023717802218,-2.16631008170195,6.62560818590859,0.143955613843815,-1.18405137086832,-2.44147639541049,-0.363307610069422,0.217085270395864,-1.50741508467943,-2.23527497866013,-2.04050090384329,-0.710917259543793
1.36706350955082,0.355406106452754,6.70990523991272,-0.18551264690262,0.652059107227765,-0.414891953910495,0.0667305050403157,-0.329818013525586,-2.69038887744833,0.222316346866813,1.09397584020055,-2.01718786969385
-0.956380939256218,3.01488894260773,7.84283953596603,-0.0919595240593212,0.0482426492245124,-2.03261579050711,0.490245148045066,-0.000103344244136881,-2.36008897393485,-1.64815996547961,-1.56052874950847,-2.89028384395565
3.50450670381165,1.71947825912824,-8.37120476049236,-0.1808922286691,-0.258297539461656,3.94151007811052,0.508393771814865,0.076897540347163,3.15151167101883,-2.16886603152645,-0.264418251666417,2.2989396885581
1.35589371432054,1.75609977595827,5.73962394271769,-0.882617174291902,0.196135908263665,-1.58948730930179,0.132294139849585,-0.71934474373228,-2.3176778213309,-1.04837661408108,0.786075380696439,-3.3082239178408
2.20621661684812,-1.77444439095241,-8.91287965437334,0.054097365497201,-0.406610261313827,2.94596527829308,0.266720405794895,-0.397856538880362,2.35007484957649,-1.09503350138784,1.28290191894603,3.96559700668058
-1.28264399458024,-3.48193998332196,9.09946672185346,-0.0784045480305222,-0.283999581931985,-3.55759085528174,0.479115666943579,0.760110121102243,-1.12708203203896,0.730947326853472,0.831641588431881,-3.61698384104313
0.871946747512124,-0.399084287085409,8.11998138600382,0.411829133657943,0.427863563833244,-3.46145584393124,0.464178935901675,-0.457401547042682,-2.60607901042041,0.237680189012047,0.881892469465442,-0.258690215281501
-0.937741823816008,-0.263172637739587,8.01126460103316,0.287640808657948,0.217351769331538,-1.87806261607229,-0.0340326404124123,-0.363500435429805,-2.10930443842917,-1.25694616816944,-0.457137337683069,-3.37366247907944
0.837003446246734,-0.59899436564872,-0.283587525566425,1.02077593170814,0.565196100033398,-3.48289162273587,0.0933911428221222,0.48436038805676,2.39677615883827,-0.549213234463444,-0.783992245314137,-2.22579079915895
0.36668509323332,1.6879898187008,0.381254114553423,-0.4502043933909,-0.0119185512076791,-3.12028697778679,0.158532160074049,-0.251049002293365,1.49930579059473,-0.0917543917249533,0.352530142716581,0.366638387413955
0.0818353396035387,4.22980777101439,-7.41466819360745,0.812313315183447,-0.211255461429055,3.73512944194838,-0.635511314211485,0.321838778722868,3.5432383903891,1.00114037901153,-2.84351649478046,2.63448698829523
-1.53600982136073,-0.557798729962678,3.86065170900296,0.00447222675399054,-0.0360945531603143,-0.106022742254498,0.434497923505879,0.654538784512912,-2.99373160323948,0.286956874255866,-1.53634403399695,-2.81738934018659
-0.997160452774266,-1.52824013363659,-2.62846627413738,-0.233738452528571,-0.0579856534542423,-0.86748037309726,0.922566814340883,-0.872626073954533,-0.899383768528834,-0.11980158324836,0.452182446194486,3.2569977162377
0.689165005979529,-3.5183987144626,-7.06826751643111,0.317345061673969,-0.273543042308811,2.15527534216021,0.363899148089542,-0.321577098204491,3.45556208263738,0.85244677128015,0.930057891796233,1.82065014861339
-0.188040886884699,0.136459793901019,7.88005291348803,0.728015299895222,0.296877071223357,-3.38325716654237,-0.65268629621089,-0.167156072115398,-2.50015745783719,0.0383706162934611,0.714495409675856,-4.11574880334239
-2.43321804371822,-3.09829489342383,-3.40095086756261,0.0842463422091901,-0.338895621249186,1.27346572352746,1.80494725521632,-0.538569191583644,0.658200613684468,0.253613491148486,-0.96871398467349,2.01205277309953
1.0327371891155,1.99218262686013,1.44663223124234,-0.0678482495212426,-1.20467473940424,-0.340568109641732,0.0828518423674273,-0.120206862256477,1.16588402198096,-0.621046534021892,-0.266217263773631,-1.65835465595374
1.04716137152605,-0.133772739746573,6.36436046865066,-0.212571638524217,0.28090576157644,-3.39486470071573,0.397977041580574,0.2233472839818,-3.05523032697584,0.0739160203231173,0.0668149464311803,-1.05251676273081
-0.646658477979437,0.607019118424057,-7.55425538087911,0.297454854162997,-0.285778382378167,0.15218645199481,0.71743606114274,1.42475085873142,4.563306489263,0.0071695807475632,0.51758617191466,2.90098147616135
-0.220099452153449,1.56969989989463,-9.54411310501021,0.564799012427744,0.0938853145461067,2.17034723400053,-0.437444119133374,-0.930240952386259,2.2405007302434,0.131971228746996,0.0550563376271698,3.89877769643739
-1.71227252238187,3.99571536264641,8.05411358043264,-0.25644550429605,-1.00006258800863,-0.134926782597321,-0.183399048860135,-0.0611306169780373,-3.32861174574386,1.64216977300261,0.185100959683426,-4.64772605210686
-0.468465183488035,-1.79829323140683,10.1847628752403,-0.588869970280415,0.803424274899388,-4.11291763676184,0.68921115983381,1.77025673469459,-3.35474413330608,0.647748017299566,0.132719392383851,-2.16444111517746
-1.12415507740161,-2.94354818412026,8.12849204024307,-0.0479821475615527,-0.252454019120767,-1.4161852555523,-0.775615541611624,-0.640616458852161,1.33917151842642,0.211225966029976,0.122525264470955,-2.54904625945598
-0.602519488114429,2.16996271303427,4.05958802179724,-0.272843372963128,0.256403556886524,-1.37750234564193,-0.0588672872985465,-0.311975197213519,-2.61918399153296,0.288373894764659,0.192831203392395,1.36882391098377
-3.24936110905327,0.718228489019462,-5.25483120961554,0.160983904294547,0.454085464803348,-0.180236840640711,-0.0323960484162287,-0.123473645232444,0.0668207391902805,1.96080130071954,0.422909882993891,2.5154103879711
1.49950105071299,1.3250462384949,-9.7136084376665,0.784837561559848,-0.0346349252387331,3.69770678004827,0.263122495520763,-0.253367853323439,2.85567030960942,0.481501486651465,-0.0741608890312494,1.32321845897991
1.53763291528218,2.91731642595642,-9.85951101974391,0.00577728659342115,0.0151980448027385,2.62194087853283,0.135940901863219,0.468052481218855,3.52792360212698,-1.75726364322019,-1.56989774976464,4.02822210612121
-1.83430800260456,-0.758727890369757,-5.68641607260434,-0.276329101809256,-0.323507332725361,1.70111801726304,0.547271460668094,0.810067773120902,3.53055644583552,0.17974175711772,-0.104904786689749,2.80943202471899
1.71437079028673,0.504312062940483,2.34699977706625,-0.177010703265309,-0.11775310764751,-0.389340160436502,-1.0539670938852,-0.492430172564124,-3.5548732285748,0.0280361707997018,-0.593475210042123,-0.921562404350634
2.93976197116411,-0.107002798879285,-1.40340449446095,-0.137417342056817,0.0786385108478303,0.701182942778232,0.0292614120813704,0.196672646639683,-1.70719436960431,-1.51404573562049,0.696541064978311,-1.32798677918295
-2.65766331163929,2.62583529808498,-7.5048068635231,0.705729896890477,-0.339637635701689,0.504308746173732,-0.00348576619853977,-0.120761555776227,2.7646822349599,1.38490457510517,0.0379904832011745,4.125054841676
1.00644590645777,-2.17778282332876,-3.84349363966383,-0.00604708600737337,-0.00866215804994498,2.1376635594525,-0.594185741877225,1.42084520514097,4.24071492090505,0.1180504907353,-0.145141369698608,-1.16838603764201
-0.101074258953625,-1.04102485852005,6.5993944636009,0.859664339725736,-0.446405939893265,-1.90757837418605,-0.529745419358567,-0.179333144041108,-2.55008442352658,0.0757004551085067,0.18778437118401,-1.65009016140875
1.18262026003417,-0.603463167814529,5.72481755493189,-0.0498961362572644,0.744642431959171,-0.430693758214828,0.333964050718706,1.42201477266386,-3.54062534809726,-1.11050296619345,0.237599787199966,-2.25420029188994
-1.08847993209922,-3.84044534318491,6.65960593738533,0.247330621970944,0.557343156995836,-0.0562122543104041,-0.588805967038774,-0.350387594567719,-3.14613793263085,0.908196976044892,1.71519031310296,-4.53919523792861
-2.97988482379229,-0.373068779260296,-6.16074597295698,0.494294046162367,-0.023706217535931,1.06938749557548,0.0248637851928491,-0.41403411870625,3.68521204928826,0.253512309068916,0.0983821192617908,1.55698179361144
-1.77669345933324,1.3119149314933,-4.50638750536621,-0.38115618692953,-0.582238044718548,1.5938802405468,-0.0754400557547647,-0.122015617722996,0.963856663132213,0.0447063285368069,-0.0392281898297408,2.022596067314
-3.33422643626031,4.26828229800824,-1.42932215171925,-0.202400534045568,-0.632596761419522,2.66141238450331,0.0527025754641197,-0.4391662676028,1.79887009370067,2.59155980276725,0.684549293700066,3.78842191468736
0.0564176468242481,-0.627323012246833,-2.85200201941078,0.0905294855734122,-0.109261658023356,0.504314188664178,-0.83564955623043,-0.670495785829091,3.54712980853887,-0.446779309028851,0.435020276866677,0.0614182496514312
-3.33037392973934,0.258219377862433,-8.94647504754764,-0.0896656213836732,0.347964763448961,4.50812782855035,0.321336273208863,-0.39218371633717,-0.442526458708435,1.45072987114287,1.12769180163551,4.49334525966665
2.3151196708226,-1.10699476466386,3.15558591121806,0.16036199697367,1.35087237989809,-1.60234495158218,0.165816954687969,-0.0876958660380991,0.369262403187771,-0.90523882572515,-0.234854331751879,-0.0102810241984514
-1.40160396572856,-1.80923352556832,-0.816353985163406,-0.101393016053321,0.15675898325115,0.395633856341744,-0.837223153130224,0.589937710586314,1.91231804061543,0.312159902011038,-0.240025726285512,1.11628479078139
0.569409941656971,4.36274646570194,-8.25883065418287,-0.215849904396041,0.353990808330709,3.14957238995287,0.401510845227955,-1.66081189901283,3.5257690611593,-0.364131884706059,0.4189539290308,2.33215786231225
1.46775452776231,-0.327669869030803,-7.82126805622611,-1.48754928171117,-0.661893167645751,3.03521490743914,0.0426980380111719,0.607144388170131,2.73261205001527,0.505977016447176,0.259425303216253,2.13487341271433
1.19119046878422,0.140295052294151,3.73334391731175,0.118217760393284,0.21853886702568,-3.54336139754257,-0.00934838440387096,-0.064509828122215,1.27400811675153,-0.884619594304921,-0.469695507695086,-0.104022849698656
0.909745073851969,2.61388897663942,-7.14649896972039,-0.43412947705171,0.483076530093007,2.34061890624375,-0.0569312918379449,0.235164935169447,3.57896453643377,0.253879484196791,-0.942951974538677,1.881943507393
-0.403015570955441,2.3848248430372,6.86947302577048,0.0976744579470977,-0.733647730260059,-3.20492151744667,-0.50588224517389,0.0705145774800153,-3.32241807240475,-0.598356257670488,-0.820477671948473,-1.7185554323419
0.61882833792314,1.1797068340095,-3.66944829736298,0.747787939864618,-0.242307579586745,1.77253176843571,-0.171816553490968,0.189728984046826,2.27091752172737,-0.183078634836578,-0.0128856610752174,-0.685218770181378
-1.2186097691674,-2.73914250643841,-2.39208378621175,-0.115664173315649,-0.468371044016504,0.903267531316076,0.229523812718209,0.177250617049752,0.872680490558188,-0.604987273428887,2.2202423125331,-1.2499624681705
2.56707035034552,0.984649142255793,-5.26794194666386,0.115850606028845,0.349345868889286,3.00345398507086,0.886022060943324,-1.611219294084,3.06946314568459,0.125066931946763,0.0580617648066269,-0.476259265762525
-0.450690117430716,-0.151185687568905,7.98542408444068,0.00268776102675534,0.558067363771327,-2.6860920342848,0.258648399110998,0.00545426787203177,-4.28980723751888,-0.596504605030154,0.96077212391709,-0.197494469584708
-1.8102679579707,0.0818027098213283,-7.07094028011277,-0.0268441121304236,-0.234438657996744,3.63735030854703,0.0971104226299659,0.913803850942254,3.48364329517104,0.548783003647831,-2.7574603283341,1.24902569649644
1.26372224724727,-1.08221519524247,6.70050261430176,0.352047879002394,-0.0212155024647443,-0.317965669543378,1.27630941874248,-1.068728165967,-3.64853341474684,-0.561393172332694,-0.24397434177372,-3.20661773495568
-1.21876636012009,1.19257728406378,-4.81210879636807,0.81564066720742,1.77706340865257,2.2258147442367,0.28414005973428,-0.331636995622527,1.86153390801674,0.655468617381614,-0.429222210651613,1.10714564157443
1.02231189895988,-3.96083173808412,-7.36044923200575,0.0770236584956062,0.0437906609889888,2.51633579696447,0.2123643013567,0.580614583411929,2.04602671267742,-0.299265975637177,0.372966893078514,2.85270834715529
1.6848808663862,-6.68477035107097,-7.04218963559261,0.49116713097874,-0.429411115602313,3.08425238628948,-0.0781406233938565,0.050028155243312,3.88097427375106,-0.888448662769111,2.10312420570299,1.92547645846429
1.68856226989446,-3.62797810099902,4.03410951884514,0.60703560595715,0.076685479666499,-2.030550141757,0.113847483623035,0.467229147322629,0.114811451320419,-0.946665592979009,0.35630522699147,-3.27182390131834
-0.291648022469577,0.815422758490694,-0.0959417441455859,0.176635356738699,-0.381195072640002,-2.04009064600187,-0.386418861870265,0.0621607140647153,3.06960157992308,-0.451969601518173,0.145830876332085,0.431194731359553
1.28079231255359,-0.389721290529919,0.812522662478448,-0.105234540624379,0.16849770889162,0.394556852664022,-0.288716589165051,-0.28904854508157,-4.59048926104881,-0.37386903445303,0.479788072095463,-0.713102901331681
0.123289199918686,-3.47563827581555,-6.74739351306239,-0.782468386269001,0.423896283955932,2.78907386285978,0.516110628865639,0.11173617283057,2.04635580186768,0.0112002409289361,0.0189435918536386,3.01565827582649
-2.00000218643229,-1.29318585128913,-0.0284664494863646,0.118099015212723,0.522590230092966,-3.3241902639625,-0.0178218974365021,0.179903968828269,3.81072114194996,2.56250347517516,0.492622248444177,-1.23255831873826
0.26452899886765,3.17820186418349,7.1849945023024,0.0731707175434357,-0.468596071122796,-1.99578750065356,-0.305452441158159,0.563051565460822,-3.21906452878723,0.433881669767865,-2.01765566177328,-2.78849644202121
1.91826208498487,-0.149484436866738,-2.78200643496995,0.236719856085242,0.411918634376523,2.43881062096043,-0.111594717334817,0.478393848353113,-1.48319506864008,0.828542694313738,0.0169011092379535,-1.39222838776752
-1.17727087206863,1.35648675285054,-4.43659737256314,0.997952198536919,-0.982769714551564,1.08341296818797,0.585971321444427,-0.402692174028231,2.99242510382073,-0.479031080036152,0.393723688906551,0.270791996040623
-0.372239400481324,-0.123952110158624,0.853877503515398,0.0563696736609905,0.584415411280384,1.08462627930959,0.161323691969784,0.0848424275865524,0.123963872335044,-0.220817447573869,0.0567389525056007,-1.8148360932964
-1.06193228907491,1.64431315742788,-5.181278133644,1.78834762796465,-0.0107861174079639,3.31905385417453,-0.00478124347391115,-0.0383184215705044,0.270648004520459,0.147273463279447,-0.626408918276739,1.8163968216837
-0.319295982371109,2.34566742190615,11.3264468222221,0.021851663344502,-0.49650948501095,-3.03438237757783,1.18375759793135,-0.64083707363845,-2.69019250960883,-0.876783347726188,0.0877685837088461,-3.16572983727701
1.91202307444134,-0.322502200504988,6.96103219569615,-0.62692917112007,-0.209490387023558,-2.140897120221,0.0269046683760458,-0.0893409059046967,-1.04520723006908,0.324939446870062,-0.987647487052763,-2.36343969474711
0.496299270911152,2.60760632730247,3.43652684325205,-0.0618501614713219,-0.240401646022006,0.481516250786783,0.351711742403933,-0.439009722204286,-2.65620973937268,-0.611441678925097,-0.0241200897552603,-1.76115903121037
-3.77320550906719,1.21461774457045,11.636182030668,-0.180424160716908,-0.176023949793434,-2.51874846448764,0.228716821117594,0.0474298720949491,-3.52326090887391,2.47385312083818,-1.10024913546789,-4.27587013214037
2.8498082399986,-0.516927759779145,-9.55058268318309,-0.0353585318704404,-0.98634527536486,3.52503850042458,-0.365252758450721,-0.295257719798378,3.21123363780334,-2.95674314600292,1.07729367941315,0.66403380485588
-1.49388862212508,1.429564000896,3.08643690135836,0.187508854032374,-0.486941716335076,-2.01248683900256,-0.255985919100743,-0.148098435301675,1.5493392327926,-0.0796643148571306,1.62936661160444,-0.939545265018821
-1.11420053064361,1.70446897383005,-5.97800243778868,-0.259718157351768,-0.0647364394691656,3.36611962312945,-0.230079220995272,0.796586494167442,0.136812926342637,0.0391301476060645,-1.27066476785275,4.66829024478786
-0.0183209487960672,-2.39173123293686,4.28085266007213,0.285875608774802,-0.231023745921788,-3.14774873871229,0.516190853056249,1.26700089788795,0.152743204405497,-1.144904269442,-0.249289616772988,-0.118582175806445
0.59051511019092,1.72712616612351,-2.72365730158391,0.218063813768559,0.0596075392675787,0.899132119406783,-0.567165261665849,0.205527260760336,1.75824326640455,-0.649081417184881,-0.780682430095749,0.519510834660054
1.72239224642399,1.27306517500408,1.73803122776246,0.127224096975996,-2.09196199826468,-0.82937055691086,0.34000260868145,-0.55042743250039,0.227884183224087,0.913407709063895,0.23899156463143,0.110613395584595
-0.338865349335022,-0.524472612458681,-10.0189347344964,-0.114674826285783,1.59285998540029,3.46923491411669,-0.554956457803804,0.177902295734379,2.68401603911806,1.79833907105801,-0.206666701298806,3.98132866348463
2.06162950762128,1.98545978818136,6.52951517245032,-0.651842539909504,0.582715638889284,-1.62312117210859,0.145407922910455,-0.320758704575305,-3.92075454505834,-2.1868232726174,1.77787675307751,-3.18358592197385
-2.95513752793437,-0.762852608112241,5.21704791850223,0.458163504166221,0.0906257877065857,-1.22276532846217,-0.151674519858296,-0.428086610853187,-1.55651544414904,0.700511002012815,-0.196692088413905,-2.26187758520906
2.04942153319663,-4.3028091907679,-2.22944176108268,0.275338448783389,-0.857869942505581,1.39218821152525,0.451977688009734,0.636999761613204,-0.0301138144785177,-0.203507087480768,0.0379165073529811,0.887469726583288
2.34831172826508,3.58609644235079,7.60194796451928,-0.110764077074884,0.235719963137366,-3.2434060411732,0.327039289542292,-0.120813680712928,-0.442622277383376,0.607093328605335,0.341352583562797,-2.85585320784488
0.12947124274275,0.00338091981906408,-12.0639390548369,0.335624094036475,0.489887742160599,5.35203402692528,0.346138318095915,-0.122726759921145,0.847913544481306,0.291635990972999,-1.06220998780164,3.91475462441065
1.75137472579245,-2.0786578497042,-7.89245720219011,0.231561020912043,0.107519495251382,2.08474598729815,-0.220156416907089,-0.820673414197114,3.26074873032229,-0.726841320857807,0.284252889929265,4.2207660361612
0.623850717272885,0.730057093305645,5.86685718921309,-0.435633196624314,0.543754368593576,-2.28610061406966,-0.154398904650968,0.135881691279259,0.755119947708957,-0.0779988283147448,-1.78833310559366,-3.13785271549466
3.13466787304791,0.142525977203437,-1.56104183297011,-0.653485403877225,-1.03777799677147,1.0528692603778,-0.0331582373401974,-0.0862030373523276,0.722703668777497,-0.37407263595374,0.748984136187141,-2.74106453530415
-1.61758370942998,-0.133471186890148,-2.50266856937454,1.32891523157068,-0.0192215279846125,-0.137723627376063,0.124149832420167,0.0761847717763363,0.999859475111479,-0.664848066428074,-0.13356163165744,1.67955053483122
3.05996269662652,-0.83533535885738,4.22437292337889,-0.312049169072331,0.180320538088105,-2.77385087027999,-0.462808068226435,-0.0695694501332701,-1.70310473395243,-1.73706312336706,0.163765034622283,0.594405466057489
0.942295683268166,1.02847323404205,-4.27474824315622,-0.275171096535797,-0.152465202138544,-0.874300538544426,-0.364049589798961,-0.176691504577045,1.89169806716654,-0.93796888294128,-0.7748450737774,3.73632930720382
1.95942134131661,1.58093721909706,6.42894559729499,0.0056200254923679,0.196238021325246,-3.33516366809854,-0.911397023486586,0.448103301038874,-2.43792874449507,0.0173915121871755,0.139323784400791,0.825679088287931
0.42115564553761,0.56925387058092,2.77144651129486,0.754625198229715,-0.128872158308268,1.06064307520626,-0.176135631286694,0.351434845443511,1.75969698354591,0.476280194577111,0.724829380867587,-5.39162402147197
0.305055997487631,-1.69773553051543,-8.09326486391626,0.524305634051261,1.1145406795611,3.37651638641553,0.614559395826601,0.267787577941818,3.71594110216466,-0.2154343001263,-1.2992634961477,1.19227907429766
-9.14189256120751,2.39909912634163,-11.7294880027037,-0.0437311848460292,0.222048271447966,3.84902356271542,-0.292145621300711,-0.127138052855504,2.35299081518823,2.30083063095354,-0.522244541537872,3.82544094550161
0.942121141274751,-0.613656501689052,8.68666605151754,-0.158421780454919,0.795047426556975,-4.23439047206894,-0.458226255101665,-0.272194967046216,-3.03946834948148,-1.25000495499116,2.47362748977597,-1.7044585257499
2.56851427993552,-3.7560332247797,7.27631466702528,-0.198264162083358,-0.57784758406617,-3.52684293408338,1.18911575643327,0.674049497233901,-3.04206137292554,0.807094372889426,0.0782759930480968,-1.54023389395907
5.77121602346685,1.406600253195,-3.5519515670457,-1.20357590505031,-0.770454588240655,2.60931536960873,-0.285854891106802,-0.555629270054148,0.958430900618407,-0.0379284745318387,-0.0748913692705942,-1.4134080524918
2.13141978857293,-1.06111502241257,3.4383708090488,0.136636117157263,-0.0183987612393309,3.34986964519363,-1.14295489734849,0.495924080948312,-2.25733204094318,0.0396679107078215,0.0494191833787171,-4.36581128494841
-4.3397661082925,2.40274454596891,5.18658375234115,-1.35036314977582,0.656092310443946,-2.77449284227968,1.9578507898343,0.758946957341857,-2.15151249901852,1.16092025011322,-2.67347682918172,-3.15129625804913
-0.415192432769493,-0.0284661190496349,-4.29575231988153,0.103177456188462,0.407318254366744,2.61284078757817,0.395885349626812,0.0661992104260368,-1.26416256107373,-0.331083173742451,-0.523934490420219,2.6706591652562
3.57497594276805,1.4578554267013,-11.1801032572606,0.51401039749414,-0.321953622778306,2.679733042088,-0.511701259686078,0.40672881380082,2.72742245634647,-0.452213511567695,-0.694766372485573,4.3304346380587
-0.304230460522621,-2.94584676109568,4.5186708159444,0.596640445748834,-0.127942255274657,-1.22733889823301,0.0863170278749384,0.610796133541917,-2.21400613084236,-1.78171244937843,0.515182139650698,-0.909374727420188
-0.999389879103783,-1.25280344065624,9.55941365152442,0.978256511437503,0.38283490204532,-3.19947645993677,-0.362378120989322,-0.096667266665699,-3.1846022363085,-1.21385162846778,0.852848659987637,-2.61372095715593
1.19089959990049,-1.27609466296555,-0.819431626113926,-0.508918794225046,0.433681944563906,-1.41507797288497,-0.413317960837307,-0.803818239218403,3.0909047299806,-1.192731529279,-0.210020072590589,-0.364633836175608
-2.33473652705192,-0.0692008239109081,0.0540812864652498,0.0817486422402114,0.316869361462936,-2.24672158746814,-0.0875501911490352,0.659729315853585,-1.76038328367056,0.0184527338140433,0.289117880702298,0.190373121702772
0.330475389817666,-3.81850183131217,6.79540035808786,0.196347411746039,-0.219997796043203,-3.06324393129904,-0.075890718629752,0.0776824363610559,-0.147502783395031,-0.114918473977217,0.314279842383781,-3.22773351167632
2.7157951486867,2.81040220264302,-1.16630873266652,0.220612569734008,0.109346815349577,0.925720632146802,0.0603643168137548,0.137683795830602,-0.651548074557678,-0.0582737822752276,-0.375402900634749,2.11130708552199
-1.76434359661789,0.688411976392474,7.84201802523451,0.765557593555463,-0.416304987603806,-2.05379338922389,0.0671808796955741,-0.0554356707296486,-2.2462695548302,0.692742821501788,2.05475499211725,-2.4900562196966
1.3705563106111,0.919225139586796,-7.86098971808897,-0.245170401975482,-0.257426278608204,1.4703175165223,-0.276367821567614,0.740408285344727,3.54376290426732,-0.0143918798789116,-1.59792756099949,3.09902919265883
-1.40904456727075,-1.30987554704158,-4.43495721129661,0.182799338148001,-0.200815494054349,1.62393342387887,-0.0104403822573402,0.441776498847111,2.50041141335988,0.0536044070428526,-0.311465477200062,2.45973299243916
1.25683712574277,1.41692836823224,0.781937448306386,0.422883523463943,-0.331198530123606,0.717733277407803,0.235670785359627,0.0744297442762945,-1.53889833744214,-0.0137765679766286,-0.0274929244842235,-0.395583884489367
-1.59697839468462,2.3392920536746,-4.41862932810042,0.714340384556993,-1.99698219530441,0.711848223585653,0.109405981902256,0.332410053896013,2.49211173988255,0.277290333923019,-0.558986620869891,1.00733126533863
-0.237281824415567,2.52185695517111,-5.29850759110581,0.620375813034189,0.31236084274491,1.37364439639713,-0.0913552262728583,0.340723356119911,2.08795152686456,0.111286013704838,-0.111007777556794,0.880756472810885
-1.0108591709491,-0.0758427282797332,-0.749371809554213,0.00212934141324446,0.899642819872248,1.94991315559716,-0.248257692499069,0.032608115762586,-0.638583863809474,1.41082300815741,-0.268161211789936,0.918014454676686
1.00139731993412,-1.24778071228825,5.52045800095685,0.441636129089434,-0.0779854610978035,-1.56474619834417,-0.134371418438317,0.0197279629587122,-0.0983090585370292,-0.382356867572407,-0.316505237362462,-2.57793088647496
3.45130392433958,1.40203792090232,9.03710774235849,-0.407233488052892,-0.310997509557019,-1.45201252083221,0.126817732817024,-0.697154670302832,-3.26175150067875,-0.710545003895258,-0.123669858856162,-2.7267462516615
-0.150640271575602,-0.67859044651143,-5.89227735432142,-0.478030138590018,-0.411758826579854,0.000407463886581337,0.205733047763272,-0.571653491628752,1.0438185925849,0.145696589478718,0.337647700285944,-2.12124461078298
0.269752701682688,1.72057365804119,6.74050290232196,0.544816402531672,1.48802597661188,-1.53566492840105,0.447947275556599,-0.853770718611407,-0.887478671725686,-0.198188638719068,-0.0419516932625634,-2.42735434856348
-2.40992517573964,-0.0501933600056792,12.2216478574723,0.206668282452664,-0.471359597055563,-0.926951887755301,-0.297918031170993,0.386789714480115,-3.25489923003642,0.389632886539997,-1.44515042472436,-4.25582078431413
0.628018040246528,-0.96598248905788,11.3277082264091,-0.0572076301483881,0.0186477554733997,0.580217113565837,0.424693889894109,-0.249070254881874,-3.79530375162079,-2.27254370221802,0.736908177451674,-4.8113196235217
0.776555751256414,-0.979459938047304,-4.42308110101334,-0.328714169511813,-0.179690296660817,-2.03487676487785,-0.575604661678574,-0.253976889457494,3.3660392669183,0.515656295148764,0.568572823689219,1.33844915739903
-0.595444702091135,-3.73148781523589,-2.19103513624814,0.145178258093556,0.407043473642573,0.771974816992002,0.1404543576391,0.290411106912872,2.7059966254846,1.0534139430954,0.873016389438696,-0.558401431448146
0.49410296300768,0.874944415863181,8.52937692685322,0.347137917564799,0.0387388093869172,-3.22785897339714,-1.20352576553801,1.12208640525921,-4.80087983718778,-1.75335867322583,0.559550312813682,-1.28594003310943
0.48454486584309,0.00313793170707988,7.65004467282555,-2.05363743556977,1.30751911883087,-2.10495781408953,-0.010825004921748,-0.261546240288602,-3.04160701757845,1.0445634186161,-0.119895819617217,-0.574368878385389
2.00811135267481,2.10648089328573,4.5555641627317,0.0162484199253011,0.0233470574841412,-1.18167755418952,-1.08572487826013,-0.155755540410793,-1.75054879987067,0.390293073728435,-2.64071836845439,-1.1688946912749
-0.290212673331604,2.40718600440563,-5.4159565485036,-0.287435589191234,-0.427239303045412,2.41359316179025,0.290888223380638,-0.479790423360327,0.0767338534408956,-0.00444655144309772,-0.152876213279508,1.76230802018804
2.80631795236469,-1.26855489892472,-4.78344348081486,0.0977855683129183,1.22952881834001,-2.4428187669512,-0.170484986788656,0.517679569330772,2.31467265040922,-1.84850646426823,-1.02612839788752,2.50052787286303
2.3132454334905,-4.72475367887546,-4.90788487133232,-0.0409168278217816,0.333227149267644,-1.48266702625485,0.759805126425489,3.00719716843079,4.1885078322495,-0.778927383650828,0.671823139718265,2.63662142708941
5.93024599255177,-0.642073273038223,-7.00299494826358,0.160172318225367,0.220815101320714,2.41888321938906,0.305025716414545,0.426908400453217,1.77686232397818,-1.54870150671337,-0.129574840096403,0.93907045859974
-0.0894301657372469,-2.2519912981318,-10.8822391042296,0.205699655817035,0.235315256409126,3.50465611394146,-0.442592314669367,0.05697091967271,5.27940846851142,1.33985448450506,-0.13390425914641,3.71847954316375
-1.54126013761722,-2.88709159634317,8.19021080354949,-0.0291007320092477,0.0531032509071248,-2.89685634236758,0.234789154334946,0.101367293574169,-0.672619360479896,-0.51176614518909,1.35372865768967,-4.68297057840687
-1.02320692119358,0.815546396352692,-7.00006403105631,0.0574134554338769,-0.136686825310812,2.91143381348882,0.0916448413255213,-0.248316847158217,1.17252249066179,0.906287282442889,-1.4821826137694,2.23704773301578
-1.44871804934915,-3.98736556417069,-3.75840272094479,-0.0302271218147902,-0.336533841288632,0.305827211402523,-0.0951560348076722,0.619163833841602,1.43619616689638,-1.29472787766774,0.967779871415022,-1.87834217912019
1.41300481653235,-0.163908541752536,2.08209710728683,0.0994157223410327,-0.318491534221445,-2.67956557999114,-0.62909154174246,0.0740302866194229,-0.693141359231014,-0.331861714627207,0.16924313042113,-1.92604235660007
-0.538544417224665,2.98625948621401,-8.13071413609162,1.10647937340941,-0.802091046797381,1.60538674257768,0.105963042421824,0.159576922426086,3.1504897308698,0.57380155922283,-0.432179470669178,3.7350739959533
1.85969109184295,-3.00604126064247,-8.74474117052723,0.158438004747323,-0.94416047381959,3.65796700762137,0.230238003917989,-0.00411819158537543,-0.275015001432263,-0.376566192265166,1.32675110139048,4.89528392768443
1.14573018946516,-2.4036105782866,7.98923690642216,-0.424943141966731,0.162445618930452,-1.55452226807634,0.301855782762395,0.721786816693589,-2.62669548967703,-1.64940904824089,1.00262158798377,-3.59913458958541
-1.99349719523474,-0.0500526606257692,-0.142266051030965,0.54555356158548,0.0280817334692802,-0.349240109182481,-0.880070320071341,0.147929560350814,1.33658435740799,-0.0362997184875951,0.174427291089326,-1.70319755808293
0.124927315636685,-1.900734691038,3.32414384537862,0.00737905565661217,0.535269995577077,-1.91903045204868,0.383890834145952,0.180065779792418,-0.0931400573112419,-1.44612872129271,1.13922471442957,0.214131893368687
0.069506873203871,-1.91718408052703,-0.464982749539027,-0.0237456344586027,-0.355350341875553,1.23380022013084,-0.166273042775748,0.130691015847933,-1.42442475362387,-0.0511626532342197,0.710476142681654,1.93033470463856
1.02761709287912,0.188590798757721,-5.15263610610108,0.737802698553722,0.0623370195120619,2.84349083492442,-0.132682475603303,0.000694453780893234,-0.0844434123010632,-0.517345230383914,0.471968264246017,2.52796620429415
-1.83250332665405,-1.1515539167743,0.0161303677649143,-0.923036623827056,1.07833323970867,-1.86558543742786,0.111027371052445,0.140714190666036,2.71554046613151,2.89547636361641,-0.819758375489382,-1.04205405224932
-0.506936197914994,0.369995931851712,2.14971443351791,0.160902222263628,0.223625318758508,-1.37722608687684,-0.00571545809518167,-0.985992390479878,-0.87029258964817,-0.588695194926384,0.114279172126366,0.255631960300159
-0.42666314626013,1.1318945180879,-0.183015847174323,-0.0320483375613947,-0.148202137156419,-2.15724213204183,-0.0147102388842377,-0.135571759022307,1.88667404243615,-0.300975210635074,0.179375403376914,-0.561210210414418
1.06416504003222,-1.88029673720981,-8.49696020930202,-0.192492484434928,0.397748275953488,2.62947514553614,0.0203353542825848,-0.252445481942434,4.44021350558388,0.587202634147282,0.190540373696389,1.04898633753427
1.81997955158898,-0.638914495128532,-3.84642286510221,-0.758085654411017,0.242138081533439,1.10474130357959,-0.093219347030244,-0.128361675159951,1.13364196854034,-0.534665896851677,0.00363834853965553,-0.248923540683189
0.888283875108619,-1.49108190788424,2.17652687069605,-0.580620227843817,-0.296976996444094,-1.38357087182312,0.134866224700706,0.0395146651359681,2.02541202968543,-0.609516219638351,0.368656219619502,-3.84163386174739
-1.23319234053926,5.31410292260056,3.93295933390806,0.449127558659781,-1.25901976394834,-2.95493376960186,0.517646297800805,-0.0832751898414302,-1.93559875720239,1.16493452644474,1.53006590021712,-1.68121172180331
-2.75952592079609,0.266734124953982,7.8861669632408,0.392169476182472,-1.120611897646,-3.0961780240386,0.4312906043914,0.457842243766107,-1.03950341698256,0.890346622385816,0.664203235693469,-3.78525582376088
-0.849107539587713,-0.420074284690634,-4.68978239772823,0.162735145189862,0.0475410720207291,0.122341038626083,0.000170386865975133,-0.349370826703165,2.2179591840534,-0.631609140339372,0.714912457585282,2.01369269278589
-1.4660546235366,-3.09946803512629,-8.43082068098425,0.886588541471559,1.85982269080032,3.57128655639322,-0.112098257342666,0.0620843901258292,3.657124360162,0.275050628675145,1.21921066376191,1.06749277417243
1.82827478220911,0.626465017507189,4.70455071008341,-0.892887552967046,-0.814357580977399,-2.28626530513306,0.0967672298727237,0.106336250052651,-3.1032538312824,-0.16160969873439,-0.0157082533163108,-0.343334278804665
-1.12719115546439,1.0999911008816,-12.8144597540374,-0.0583349224545254,0.305378761918185,3.12516882241568,0.758855441459318,-0.554884118585191,5.82272914908861,0.309238536040889,-0.106895129876197,3.58693828760597
1.79969354406207,-0.667167030274555,-6.89518822707554,-0.554376327578878,0.299845804597431,2.30106840366755,-0.157511592215631,-0.680273711758929,3.37736669140111,0.238378284050214,0.115943371362994,1.78874794863813
2.51003177601559,-1.78719126020175,2.78843992241605,0.408029570999454,-0.113285675739214,-4.06661023710586,0.233770335936085,0.0443649493538788,0.0996292065321561,-1.97385125192937,0.422560255987957,-1.02960467709019
2.41504682286209,3.04621359302343,3.79018995574654,0.675505205882248,-0.344590120594278,-2.35393101140723,-0.23394442943963,-0.337973175366323,1.49728379694243,0.0423464718554332,-2.1668107376434,-2.99794483537714
-2.7349170350723,-3.42607654434339,-8.10156335023097,0.243522085863494,0.041579896873453,1.60179325338272,-0.126791596066551,0.000105192480557439,3.09051552983199,1.77338246072322,1.90217688562242,3.53977596838281
0.126750627460474,0.297892569828888,-3.55531962763717,-1.46636315925896,-0.701120133468243,1.77933665942669,-0.187019789995626,0.0401652065102054,-0.783922842823033,1.14315884440115,0.589457625215951,2.81596292348655
2.91576854249762,3.7123065132187,8.94259956142827,-1.22280047171437,-1.40140152629191,-1.40334503423859,0.0251230250298996,0.290093227367746,-0.966794615403039,-0.239933082221645,0.0453142549968818,-4.04282249539095
4.94291460979051,-4.12356435450891,-13.4438375115212,-0.0912389229270531,-0.0470364312771443,3.43776191996742,0.284427103300266,0.82493999756134,4.2146510887957,-0.223698874065924,0.696935286403027,2.93809998355786
-0.717276588228827,-2.4711387265818,-7.34938064747535,0.217530999987268,0.14736737111081,2.19138057347122,-0.513607196509051,-0.180773126574418,2.14553008204224,0.409602630626381,-0.775734451502452,2.91247459970909
-0.131336185671331,1.05543623593737,0.0310076731494946,-0.333252694966635,0.00608930798231592,0.923831649959703,-0.0906237222717693,0.0192836774580354,-0.662369807114198,-0.823392242362396,-0.623813681708427,0.339021081973617
-0.309590092535854,0.357697945973756,7.65691529134684,0.0251078572868154,0.153498935337226,0.136211249206173,-0.142531560925798,0.265341343184842,-3.49497898724888,-0.734904654742618,-1.23551991881593,-2.48690051782982
1.57023861485824,0.598413790853355,2.45760779097698,-1.7726461176213,1.45738257083313,-1.56389772993873,-0.442963005809585,-0.142249476022769,-0.577290039817522,0.896810610890626,-1.07086716764589,-0.403158106204387
-0.944408739540789,1.82182597595705,-4.24100066432774,-0.157184347597718,0.0244334800270286,1.4113421144421,-0.564143434428205,-1.91711353474801,0.309777553112224,0.175716717740521,0.466395149961237,2.1426767573134
0.60557354261399,-2.240293736263,-1.97455017404547,-0.135449152774843,0.114260921053722,1.38721756493057,0.461924015073072,-0.364236326996487,0.349074523695033,-2.07193491754354,0.437602707081857,1.55350018112053
-0.322516930012446,-0.574716961536094,10.559450846717,0.90682084529498,1.3330764124945,-3.07117222955272,0.754819754337518,-0.209477142956027,-2.1752856724169,-0.165468166232504,-0.391190533718151,-3.89416174031996
-0.0407376493126168,-0.979006238247273,2.48196199802904,0.133285413660231,0.111728320446331,-1.21094691388742,-0.257344910247987,-0.100835505316728,0.463566382591461,0.219175613107937,1.09678141291307,-2.29868813726433
2.73332946195804,-2.90110750101674,9.19707288798001,-1.87152338792958,2.03398025224192,-2.97952689158727,0.0735327515880396,0.233332874797322,-3.15830100722163,0.629536844659183,-0.460423152642078,-2.77044452163857
1.07534795088817,2.60031697042497,-2.99162297738043,-0.0704314302562933,0.0951395306954697,1.11951932310025,-0.0650908700410387,-0.6979820796844,0.94552993149642,0.295193809407689,0.0234573590529264,2.01433214356988
-5.10694040969199,1.51281765761535,-1.64388439493583,-0.548298704480442,-0.522240518211301,1.61205841914122,-0.388986570937093,-0.151873557060099,-0.0157308376285432,0.109189460355012,0.268981240355409,1.86318947581807
1.00219148540796,2.48017471760561,9.81969757420008,-0.34636812590164,0.421287382243268,-3.44480561191717,-0.347086539989509,0.0449345971986981,-4.94811390593494,-0.062374791360169,-0.412766252114006,-0.858475686281757
1.69422914736749,-1.54981552842223,-0.347182857448851,0.164031569291939,0.0768568259205204,1.29438313774312,-0.161895021112438,0.94590982915894,-2.53933626610147,-0.0752608720311618,0.145557117074479,-1.75589037235944
-4.25472923731126,-0.00329322457620063,-7.97472197370453,2.24928679210803,-1.10974242854814,2.04605153491504,0.132212307114384,-0.138032326666971,2.4442184764064,0.230893296043481,0.362394064676021,2.22409600975724
2.88204822457146,2.4643215650462,-0.624437531925275,-0.0541608038735136,-0.0508123197215482,-0.503756502155172,-0.930486842669851,0.382004809247474,1.66519034181157,-0.638088786767811,-1.82772684258541,-0.00363585608836521
0.98887632495242,-0.782003789956198,0.999604595764956,-0.292722948016123,-0.352355247821221,-0.467326880335414,0.38043835434853,-0.494363101801706,-0.475140198735674,0.141197525304374,1.3518939053547,0.237244541226177
2.35545753870838,0.862187343947695,-7.21281515199383,1.20616175957068,-1.46005808744241,2.12280990921105,-0.429874066721331,0.459651147136272,2.89487062821206,0.496339273439244,0.998896280030674,1.47721012582565
-1.69195349141613,-0.505283384465582,-6.63331917096432,0.575275446603281,-0.476664903159558,1.29441087321408,0.0523924738777068,0.0408603591308709,2.73657487291978,-0.09082014044949,0.072154567346234,1.65758979344754
0.90924217772698,2.5819460580583,6.38949402981901,-0.366357983876011,0.467649954986023,-4.09612740775248,0.68720728712743,0.37642840608735,0.305097479710121,-0.95694997865016,-0.878527634981475,-0.725124615454016
0.0114615810149367,0.129172534917075,6.58102658955509,0.320538879101227,-0.176747997834556,-3.56120680628007,0.245954613433642,-0.486720889661506,-1.16290195593045,-0.0385711672569681,0.238788330043625,-2.8793730336856
-0.545659113193986,1.12073442285777,-8.2620136031958,0.259180667395745,-0.0281117942415622,3.03706890831248,0.204802089813803,0.642403128777048,1.95224857501455,0.00679613357111443,-0.313891223234524,3.9492103912607
-1.34947786973114,-0.732864397531842,5.41621928063574,0.607509829356633,-0.350644059953306,-1.27070953437172,-0.129994832551279,-0.0484762925228408,-1.33066476307263,0.419636963304226,-0.317832600879242,-2.24087293723461
0.43998894925197,0.952740403119591,-6.03585078857289,0.0977167825771182,0.347004415744585,2.09406825574101,-0.059196432808042,-0.403141691766608,2.74450142561691,-0.378674662795844,0.735308697204186,3.0729587121181
-0.392785132141061,-0.770986290096345,-5.71224975571958,-0.194296644340839,0.336593526944249,-0.462930704392452,-0.0217070410306354,0.0187098455790335,2.41317768372349,-0.0848276164728509,0.845050283385324,1.46475456947866
-1.2948915409461,-3.8091014996419,-7.71988097817292,-0.37961322787966,-0.246398597132377,3.37942397296433,2.09909242475743,0.851960737095976,2.54416360668296,-0.225122271968189,1.56128073149325,2.33862934860226
1.11904599830332,-1.07541342171616,-0.320539838937498,0.0108178905555521,0.332007427352205,0.21940043065443,0.114753859666072,-0.0338733919714379,-1.53264781179891,-1.2743899973569,-0.291638583083644,1.98622566145034
-0.960470937332253,-0.97898430386268,7.66997476146879,0.560131310172646,-0.0047299782373099,-1.52310119629965,-0.234246753351588,-0.757976361875071,-3.73037009128639,0.411634854973309,1.12650337567106,-1.84456382296542
1.0367661897632,1.30127976393007,4.80395648054475,-0.0331560671270109,0.314224071617214,-2.13470042930211,0.163123617832719,0.11477220694015,0.0174007391138738,-0.958881771120757,-0.987441168368377,-1.91693956784466
-1.19257925444592,0.443271766292826,-6.433184220513,-0.287019057667052,0.638815982580618,3.00390150352171,-0.121570368876869,0.0555237231652174,2.10216415697905,0.523768430538923,-0.410737687498877,1.35441987346426
1.1574566533785,-0.657933435653467,-5.88112203294246,0.196476799074583,0.0437074086066069,2.55579684211597,-0.458624937460278,0.433652971538779,2.26355728537082,-0.522713961045271,0.832510405096738,4.31335889625772
-1.64075473324152,0.89070891688615,3.79503885637933,-0.240956219139607,-0.262924335095574,-3.945688772936,0.328760301243086,-0.0970391717342424,1.40335189780757,0.858751387147793,1.13864541352945,-2.55603889217618
1.81217581849461,-1.16203549547081,-6.34758495620715,-1.07102255078728,1.99111976006613,1.58698370443233,0.593437355955554,0.56117826216656,1.16179108513828,-0.459443603685472,-0.524917266624167,2.72154812012289
2.38921095152881,1.29554442657027,4.12782940955718,-0.76470895074103,1.03175198528275,-2.61197358593325,-0.0351117866805261,0.0938561140897008,-0.958743994700436,-0.417128060259501,-2.48568972027768,-2.47403514079861
-0.455626155448457,-0.24520731195405,-2.8986941842125,-0.128311394090465,-0.0384267794700552,-0.814368430229677,-1.70568702405378,1.29490772235763,2.58344792793448,0.727387890087301,0.371829317888407,-0.0781594195683377
-1.37756991846234,2.49455076698572,2.30463374838217,-0.612984154355682,0.333327999203228,0.241533282860881,-0.0210417181061072,-0.140816221346965,-0.194659453608362,-0.263689027083472,-0.0265414912433517,-2.31750729414328
2.31830697651966,-0.286224041375283,-2.34831259635362,0.700677891163548,-0.086965765274108,-0.0486241526799209,0.204082600484967,-0.0298160545300412,-1.26838957409245,-2.41619158744821,1.28816639815286,3.11710217009546
-0.0464422976571361,-1.82979450262373,-3.57685864422538,-9.05069255289491e-05,-0.481960299132606,3.67231848000895,-0.0173038791915776,-1.01765743966625,-1.83574106809057,0.22629954704643,1.23097700763009,-4.36610127200781
-0.0918797701971026,2.80481497405238,-6.24563143718859,-0.707375274394448,-1.20271703864333,2.36973158551008,-0.131626308963185,-0.613145528506784,2.14246253176017,0.00808951115101697,0.151921403861587,1.47219599801137
-2.35548315919897,3.1985224429883,-2.44590006695748,-0.0167991761582223,0.271058271176325,0.0856145732135342,-0.398091148672156,-0.239475839307256,0.841347725637518,1.1379335015016,-0.588242146495659,1.37795086839523
1.80389998692829,-2.3445754926433,-9.69872790861436,-0.0582742103315885,0.381436130941226,2.49787580226395,0.306680770939617,0.737362082731271,1.80881413247561,-1.53615498105503,1.09166463670293,0.304491707012047
-0.296191179477309,-0.680232337252745,-9.75908090680657,-0.302857361756017,0.569920908426738,2.14360236875059,-0.263434501094851,-0.3670870667352,2.06101662909057,-1.12994123034052,0.248549347531014,4.20400136198863
-1.12996087663933,-2.32939784882687,8.2813042949595,0.593487137997646,0.273263173186809,-4.07960601679686,0.241500599353203,0.936799854583478,-2.29843420775716,-0.0941425568487666,0.0589725251773709,1.20874737498719
1.51801020840216,-1.5537186542288,-1.13739716980585,-1.33217608398309,0.353122447573911,0.205860778887141,-0.037610899325912,0.106534350409229,2.27636078836033,0.24520940547705,0.462969110848512,-2.31979926218455
-0.575879482158814,0.113962213638707,4.11846389055152,-0.194520554112018,0.30587526707687,-1.34535700259987,-0.211708358257509,-0.524410929457362,-3.2480762669709,-0.442203328326973,1.23741924226306,-1.2550483993208
0.57224357667574,0.932006976926957,-6.90113167441475,-0.031900998458146,-0.334257178149492,2.55261651526767,0.122224825861894,0.321399251038111,1.68470320112735,-1.19648622499491,0.60462492727628,2.72999640576102
-2.52234127978125,3.13665017427861,5.83324104397066,1.56617317090645,-0.566926038603096,-4.01484404753448,0.135455135231969,0.238602799783409,-0.119587027296687,-0.196758496007915,-0.890783218222958,-3.17856949864063
-0.871307176722657,3.54731843955836,1.40532969645723,0.0145540521272171,0.340396568976466,-0.431532626375726,-0.511141692707836,-0.475413530828132,1.61006087183593,-0.169553608087597,-0.0588327674281806,-3.25933896115411
-1.79418849501241,-3.69261291455972,2.68738354068888,0.195022395369666,0.275826356158432,-1.80225553166229,-0.389507876370757,1.591233961984,-3.01976128764403,-0.30347013247715,0.169441546789001,1.74249596742578
-0.769475133627322,-1.12834087052272,-5.62131354057241,-0.220023457903719,-0.445147806844075,2.85629868965422,-0.390405262743877,0.737154679711883,3.42887057011475,-0.0764134176445503,0.0768807654075292,2.01691214923747
-0.212152985790222,2.00964226956852,-5.54206705326842,-0.0381241547302771,0.363503187290052,2.77401618090352,0.259597174262743,-0.51776908711157,1.58324178654501,-0.547521770007513,0.0875933574424361,0.170904137968407
2.81419115102084,-0.322047746228675,4.89966473493797,-0.342460021822646,0.701727858522647,-3.00731190213106,0.0332394555526579,-0.564627160505581,-1.57904702905907,0.198626545229084,0.255969016697229,-2.02930432673778
1.96091026510827,0.225406969463942,-2.51099132103641,0.019279223846793,-0.120963504729867,2.28115845328479,-0.383793403811089,-0.183308380691411,0.977826744061543,-2.19109843724509,0.842513340635925,0.402921877191333
-0.922491985430633,0.165797720767466,-8.64888561626856,0.324007752266876,0.0537937423433784,2.58429774897273,-0.0419585684561505,0.188687100412484,1.86251849374304,0.0445984581999137,0.0330676866591316,3.35882170549723
1.30158794810393,1.10444460908938,-2.9940673229599,0.368275199123467,0.378874537060249,2.34258968886525,0.283920107736583,-0.0470774825451032,3.11640936638617,0.18704731874561,-0.750455531948862,-1.47403798123843
1.18894460098747,1.71231186372707,-7.32596923040296,0.206448681090121,-0.00615784397787316,1.90289453239635,-0.660045678906595,0.0618888252396248,2.14642188593893,-0.0561126093984257,-0.1429969538784,3.82557176744136
-1.97494399018007,-0.572973595991793,7.22626941563797,0.241013844237712,-0.131843668530169,-1.2564229669395,1.27300073607261,0.229289147339745,-1.0477506297547,0.162145699709925,0.282895991184234,-2.22778626715444
-0.0383730499975921,-1.51508045366561,-4.60009610795397,0.0299876704700874,0.00774039180911142,2.80251981272621,-0.377441117121294,0.269482832899645,0.616813668672154,0.210797944626599,0.0297700387611831,1.73610259415341
-0.153992336572235,-1.36540580466526,0.0716657937173019,-0.104957133919704,-0.0131682561435529,-1.21607499929303,0.280560834688106,-0.011488598396033,-1.22913670617546,-0.496231365713005,0.0948698239415749,2.67076889082524
-6.43451682171984,-0.0196188089514637,3.96391146591804,2.57934798542008,-0.823135663427052,-2.22016298149638,1.27653891015928,0.26380227292439,-2.17382069902344,-0.0232948619292523,-0.0873715156550589,-1.51415553610428
-0.771086392784877,-0.145848064568357,-5.517450000683,-0.143828305916122,0.288391953647587,1.85000674664214,-0.115461693599803,0.178378248527757,3.01815770235692,-0.487585352706471,-1.06906819401127,1.8276111883408
2.04756948248344,-1.36192510686947,-4.3039215815969,0.130939066092095,-0.124527339486815,3.11056015131094,-0.632997549276633,-0.00208663374749715,-0.218880308043774,0.788110178429097,-0.0201362393489015,1.4324127535133
-0.439920879566248,2.03870419893489,8.46337650821546,1.1807899964616,-1.80907873936544,-2.26389832768461,-0.457752402102878,-0.328095950018148,-1.95683373683952,-0.0547336926877366,-0.119378583300783,-2.62551323222537
0.265794367598001,0.891445884932519,-7.05907420934173,-0.625325950345029,-0.110729685660131,2.22050266062576,-0.645338687427911,-0.806247380512609,1.9662394710636,-0.0942018283256854,-0.00146889166044825,2.84278231425618
-0.450660381505848,-0.066980048196983,2.43533143137694,0.726044292002096,0.013223057414054,-0.435906940101739,-0.228367474297656,-0.367409221858475,-0.467605200471136,0.0565870745981554,-0.175192641526229,-1.9133321378957
2.8574383265014,-1.49923153574067,6.92145570195817,-1.02539882040732,0.0887346660580309,1.16311721653369,-0.372091331129906,0.292436012039256,-3.22679345515511,0.0281747179004488,0.104601471536762,-3.92953190680862
0.75961582003862,1.64681719549358,-2.15382903043596,0.561842807237378,-1.2162295562675,2.12060982853147,-0.855192174784995,0.124192756377763,-0.291849911599617,-0.269345433927103,-0.447130767779505,0.515766093882919
-0.844636005800197,-1.41180374864593,-7.76440303982548,0.199497597054901,-0.18578471968953,3.32448296432348,-0.322920722566293,-0.707459758864782,2.12147310686374,1.90452146227838,1.617991378668,0.754406443505998
0.85454098938735,0.425211381494786,4.25753479560458,0.53465427790623,-0.0535309759736272,-0.951755017213201,-0.460404247859446,1.41716111853995,-1.05132294455775,-0.353060055560466,-0.0801475790755784,-3.20980274611578
-0.950916214851271,0.0631136153433461,2.95171013823335,0.606172983201107,-0.442125257110854,-3.23680717285553,0.0039990494529893,-0.169666389435002,-0.438909415387617,2.22724420197923,1.44756780695288,-0.402217693255889
1.46329954793792,-2.86549042030695,3.32389767152533,-1.33107038666652,-0.813416822616721,-1.23787504235101,-0.796965232092192,0.429762260745487,-2.9605772539678,0.342786001820488,2.17017003362519,-1.49659967299016
